Entry	AlphaFoldDB	PDB	Ensembl
A0A075F5C6			ENSMUST00000228371.2;
A0A087WPF7	A0A087WPF7;		ENSMUST00000161226.11 [A0A087WPF7-1];ENSMUST00000161374.8 [A0A087WPF7-3];
A0A087WPT2	A0A087WPT2;		ENSMUST00000190784.2;
A0A087WRK1			ENSMUST00000185240.2;ENSMUST00000185245.2;ENSMUST00000185338.7;ENSMUST00000185565.2;ENSMUST00000185636.2;ENSMUST00000186004.2;ENSMUST00000186110.3;ENSMUST00000186493.2;ENSMUST00000186578.2;ENSMUST00000186996.7;ENSMUST00000187293.7;ENSMUST00000187477.2;ENSMUST00000188585.7;ENSMUST00000188672.2;ENSMUST00000188864.2;ENSMUST00000188958.2;ENSMUST00000189315.2;ENSMUST00000189346.2;ENSMUST00000189543.7;ENSMUST00000190173.2;ENSMUST00000190292.2;ENSMUST00000190782.2;ENSMUST00000192892.2;ENSMUST00000249276.1;
A0A087WRT4			ENSMUST00000189017.8;
A0A087WSP5	A0A087WSP5;		ENSMUST00000186057.7;
A0A088MLT8	A0A088MLT8;		ENSMUST00000182006.4 [A0A088MLT8-1];
A0A0A6YWF9	A0A0A6YWF9;		ENSMUST00000193002.6;
A0A0A6YWL7	A0A0A6YWL7;		ENSMUST00000195262.6;
A0A0A6YXR0	A0A0A6YXR0;		ENSMUST00000192438.6;
A0A0A6YXU9	A0A0A6YXU9;		ENSMUST00000195201.2;
A0A0B4J1F4	A0A0B4J1F4;		ENSMUST00000048068.15 [A0A0B4J1F4-1];ENSMUST00000118110.3 [A0A0B4J1F4-2];
A0A0B4J1G0	A0A0B4J1G0;		ENSMUST00000078825.5;
A0A0B4J1N3	A0A0B4J1N3;		ENSMUST00000179488.3;
A0A0G2JDV3	A0A0G2JDV3;		
A0A0G2JGI9	A0A0G2JGI9;		ENSMUST00000159742.8;
A0A0G2JGS4	A0A0G2JGS4;		ENSMUST00000200171.5;
A0A0R4IZW4	A0A0R4IZW4;		ENSMUST00000000500.8;
A0A0R4IZW5	A0A0R4IZW5;		ENSMUST00000000312.12;
A0A0R4IZY3	A0A0R4IZY3;		ENSMUST00000005452.6;
A0A0R4J008	A0A0R4J008;		ENSMUST00000019911.14;
A0A0R4J049	A0A0R4J049;		ENSMUST00000023873.12;
A0A0R4J083	A0A0R4J083;		ENSMUST00000027153.6;
A0A0R4J097	A0A0R4J097;		ENSMUST00000031224.15;
A0A0R4J0A4			ENSMUST00000031653.12;
A0A0R4J0A9			ENSMUST00000032322.15;
A0A0R4J0B3	A0A0R4J0B3;		ENSMUST00000031490.11;
A0A0R4J0B6			ENSMUST00000031822.13;ENSMUST00000114294.8;
A0A0R4J0N8	A0A0R4J0N8;		ENSMUST00000052172.7;
A0A0R4J0P2	A0A0R4J0P2;		ENSMUST00000052140.3;
A0A0R4J104	A0A0R4J104;		ENSMUST00000080880.12;
A0A0R4J115			ENSMUST00000034880.10;ENSMUST00000085677.9;ENSMUST00000167479.8;ENSMUST00000170397.8;
A0A0R4J136	A0A0R4J136;		ENSMUST00000091514.6;
A0A0R4J1M7			ENSMUST00000117911.8;
A0A0R4J1Q7	A0A0R4J1Q7;		ENSMUST00000135846.2;
A0A0U1RNJ1			ENSMUST00000206589.2;
A0A0U1RNR0	A0A0U1RNR0;		ENSMUST00000205923.2;
A0A0U1RPR8	A0A0U1RPR8;		ENSMUST00000206435.2;
A0A140LHU0	A0A140LHU0;		ENSMUST00000208247.3;
A0A140LI88	A0A140LI88;	6NXF;	
A0A140LIF8	A0A140LIF8;		ENSMUST00000058704.9;ENSMUST00000108836.2;
A0A1B0GR13	A0A1B0GR13;		ENSMUST00000210720.3;
A0A1B0GRJ9	A0A1B0GRJ9;		ENSMUST00000209537.2;
A0A1B0GSQ5	A0A1B0GSQ5;		ENSMUST00000209750.2;
A0A1D5RLQ9			ENSMUST00000212756.2;
A0A1D9BZF0	A0A1D9BZF0;		
A0A1L1SQU7			ENSMUST00000215588.2;
A0A1L1SSL9			ENSMUST00000215311.2;
A0A1L1STC6			ENSMUST00000215295.2;
A0A1L1SUI3	A0A1L1SUI3;		ENSMUST00000213268.2;
A0A1L1SUV7	A0A1L1SUV7;		ENSMUST00000215121.2;
A0A1L1SV42	A0A1L1SV42;		ENSMUST00000215001.2;
A0A1W2P872	A0A1W2P872;		ENSMUST00000032571.10 [A0A1W2P872-2];ENSMUST00000220302.2 [A0A1W2P872-1];
A0A1Y7VMN0			ENSMUST00000220688.2;
A0A1Y7VMP7	A0A1Y7VMP7;		ENSMUST00000220854.2;
A0A1Y7VNZ6	A0A1Y7VNZ6;		ENSMUST00000221753.2;
A0A286YE25	A0A286YE25;		ENSMUST00000224711.2;
A0A2I3BQE0	A0A2I3BQE0;		ENSMUST00000226555.2;
A0A2R3XZC4	A0A2R3XZC4;		
A0A2R8VHR8	A0A2R8VHR8;		ENSMUST00000230446.2 [A0A2R8VHR8-1];
A0A385KNU8	A0A385KNU8;		
A0A3B2WC92	A0A3B2WC92;		ENSMUST00000233611.2;
A0A3Q4EGQ9	A0A3Q4EGQ9;		ENSMUST00000234133.2;
A0A3Q4EGR2	A0A3Q4EGR2;		ENSMUST00000234610.2;
A0A494B9E3	A0A494B9E3;		ENSMUST00000236590.2;
A0A494B9X3	A0A494B9X3;		ENSMUST00000235234.2;
A0A494BA31	A0A494BA31;		ENSMUST00000236124.2;
A0A494BAW1	A0A494BAW1;		ENSMUST00000237546.2;
A0A494BBH5	A0A494BBH5;		ENSMUST00000237694.2;
A0A494BBP6	A0A494BBP6;		ENSMUST00000236727.2;
A0A571BDN7	A0A571BDN7;		ENSMUST00000238315.2;
A0A571BEE2	A0A571BEE2;		ENSMUST00000156384.4 [A0A571BEE2-2];
A0A5F8MP90			ENSMUST00000239100.2;
A0A5F8MPH8			ENSMUST00000238967.2;
A0A5F8MPM8	A0A5F8MPM8;		ENSMUST00000238976.3;
A0A5F8MPU3	A0A5F8MPU3;		ENSMUST00000097080.4 [A0A5F8MPU3-2];ENSMUST00000238949.2 [A0A5F8MPU3-1];
A0A5F8MPX1			ENSMUST00000238975.2;
A0A5F8MQ39			ENSMUST00000238837.2;
A0A5K7RLP0	A0A5K7RLP0;		ENSMUST00000141380.3 [A0A5K7RLP0-2];
A0A654ICD2	A0A654ICD2;		
A0A6G6A824	A0A6G6A824;		
A0A6G7SEK5	A0A6G7SEK5;		
A0A6G7SF19	A0A6G7SF19;		
A0A7R8GUQ3	A0A7R8GUQ3;		
A0A9Y0B4B2			
A0AA74KSS6			ENSMUST00000249615.1;
A0AA74KT59			ENSMUST00000249436.1;
A0AUV4	A0AUV4;		
A0JNT9	A0JNT9;	6F1T;6F1U;6ZNM;7Z8F;7Z8I;7Z8J;7Z8K;7Z8M;	ENSMUST00000055408.13 [A0JNT9-1];
A0JNU3	A0JNU3;		ENSMUST00000079400.6;
A1A546	A1A546;		ENSMUST00000034034.10 [A1A546-1];ENSMUST00000174427.2 [A1A546-2];
A1A547	A1A547;		ENSMUST00000047660.5;
A1E960	A1E960;		ENSMUST00000113274.3;ENSMUST00000129757.9;
A1KXC4	A1KXC4;		
A1L314	A1L314;	6SB1;6SB3;6SB4;6SB5;8A1D;8A1S;	
A1L3P4	A1L3P4;		ENSMUST00000077741.12;
A1Y9I9	A1Y9I9;		ENSMUST00000106969.9;ENSMUST00000106970.3;
A1YYM3	A1YYM3;		
A1YYM4	A1YYM4;		
A1YYM5	A1YYM5;		
A1YYM6	A1YYM6;		
A1YYM7	A1YYM7;		
A1YYM8	A1YYM8;		
A1YYM9	A1YYM9;		
A1YYN0	A1YYN0;		
A1YYN1	A1YYN1;		
A1YYN2	A1YYN2;		
A1YYN5	A1YYN5;		
A1YYN6	A1YYN6;		
A1YYN7	A1YYN7;		
A1YYN9	A1YYN9;		
A1YYP0	A1YYP0;		
A1YYP1	A1YYP1;		
A1Z198	A1Z198;		ENSMUST00000094046.5 [A1Z198-2];ENSMUST00000108514.10 [A1Z198-1];ENSMUST00000108515.9 [A1Z198-1];ENSMUST00000108516.9 [A1Z198-2];ENSMUST00000136493.8 [A1Z198-3];
A2A259	A2A259;	5Z1W;7D7E;7D7F;	ENSMUST00000042026.5;
A2A432	A2A432;		ENSMUST00000050083.6 [A2A432-1];ENSMUST00000115118.8 [A2A432-1];
A2A4P0	A2A4P0;		ENSMUST00000039152.14;
A2A5K6	A2A5K6;		ENSMUST00000041361.14;
A2A5N8	A2A5N8;		ENSMUST00000035751.12;
A2A5R2	A2A5R2;		ENSMUST00000099078.10;
A2A5Z6	A2A5Z6;		ENSMUST00000092517.9 [A2A5Z6-1];ENSMUST00000103067.10 [A2A5Z6-2];
A2A6C4	A2A6C4;		ENSMUST00000059448.8 [A2A6C4-2];ENSMUST00000107000.2 [A2A6C4-1];
A2A6Q5	A2A6Q5;		ENSMUST00000093923.9 [A2A6Q5-1];ENSMUST00000106962.9 [A2A6Q5-3];
A2A7Q9	A2A7Q9;		ENSMUST00000030584.11;
A2A813	A2A813;		ENSMUST00000105676.8;
A2A815	A2A815;		ENSMUST00000128075.8;
A2A825	A2A825;	7Q3E;	ENSMUST00000097813.3;
A2A848	A2A848;		ENSMUST00000148601.2;
A2A863	A2A863;		ENSMUST00000068981.13 [A2A863-2];ENSMUST00000106458.2 [A2A863-1];ENSMUST00000106460.9 [A2A863-3];ENSMUST00000106461.8 [A2A863-1];
A2A884	A2A884;		ENSMUST00000106307.9;ENSMUST00000166542.3;
A2A8L1	A2A8L1;		ENSMUST00000005175.5;
A2A8L5	A2A8L5;	3PXH;6X39;	ENSMUST00000049074.13;
A2A8U2	A2A8U2;		ENSMUST00000054459.11 [A2A8U2-3];ENSMUST00000103208.2 [A2A8U2-2];ENSMUST00000105687.9 [A2A8U2-1];
A2A935	A2A935;		ENSMUST00000030902.13 [A2A935-1];ENSMUST00000070313.14 [A2A935-2];
A2A974	A2A974;		ENSMUST00000094887.4;
A2A9A2	A2A9A2;		ENSMUST00000061187.4;
A2A9C3			ENSMUST00000075406.12 [A2A9C3-1];
A2A9F4	A2A9F4;		ENSMUST00000042919.16;ENSMUST00000105901.2;
A2AA28	A2AA28;		ENSMUST00000106370.10;
A2AAE1			ENSMUST00000057272.15 [A2AAE1-1];ENSMUST00000152564.8 [A2AAE1-1];
A2AAJ9			ENSMUST00000238536.2 [A2AAJ9-1];
A2AAY5	A2AAY5;		ENSMUST00000038753.6;
A2ABV5	A2ABV5;	6W1S;8T1I;8T1L;	ENSMUST00000096495.11 [A2ABV5-1];
A2AC93	A2AC93;		ENSMUST00000069325.14 [A2AC93-1];ENSMUST00000092469.11 [A2AC93-1];
A2AD83	A2AD83;		ENSMUST00000060650.7;
A2AF47	A2AF47;		ENSMUST00000033419.13;
A2AG06	A2AG06;		ENSMUST00000100378.4 [A2AG06-1];
A2AG68			ENSMUST00000055941.7;
A2AGH6	A2AGH6;		ENSMUST00000087948.11 [A2AGH6-1];ENSMUST00000087956.6 [A2AGH6-2];
A2AGL3			ENSMUST00000080673.13 [A2AGL3-1];ENSMUST00000208151.2 [A2AGL3-2];
A2AGT5	A2AGT5;		
A2AH22	A2AH22;		ENSMUST00000045699.8 [A2AH22-7];ENSMUST00000045705.14 [A2AH22-1];ENSMUST00000099712.10 [A2AH22-2];ENSMUST00000111316.9 [A2AH22-6];ENSMUST00000111317.9 [A2AH22-7];
A2AHL1	A2AHL1;		ENSMUST00000099623.10 [A2AHL1-1];
A2AI05	A2AI05;		ENSMUST00000100329.10 [A2AI05-2];ENSMUST00000114349.9 [A2AI05-1];
A2AI08	A2AI08;		ENSMUST00000114336.4;
A2AI21	A2AI21;		ENSMUST00000114310.10;
A2AI57			ENSMUST00000028843.12;
A2AIP0	A2AIP0;	8TO0;	ENSMUST00000052829.10 [A2AIP0-5];ENSMUST00000107928.9 [A2AIP0-2];ENSMUST00000107929.10 [A2AIP0-1];
A2AIR5	A2AIR5;		ENSMUST00000076674.4 [A2AIR5-2];ENSMUST00000093859.11 [A2AIR5-1];
A2AIV2	A2AIV2;		ENSMUST00000055372.14 [A2AIV2-2];ENSMUST00000059914.13 [A2AIV2-1];
A2AIV8	A2AIV8;		ENSMUST00000028294.7;ENSMUST00000100303.10;
A2AIW0	A2AIW0;		ENSMUST00000028293.12 [A2AIW0-2];ENSMUST00000077983.13 [A2AIW0-3];ENSMUST00000114102.10 [A2AIW0-1];
A2AJ15	A2AJ15;		ENSMUST00000042390.5;
A2AJ76			ENSMUST00000113532.9 [A2AJ76-1];
A2AJ88	A2AJ88;		ENSMUST00000045295.14 [A2AJ88-1];
A2AJB7	A2AJB7;		ENSMUST00000028306.13 [A2AJB7-1];ENSMUST00000100312.10 [A2AJB7-2];ENSMUST00000100313.4 [A2AJB7-3];
A2AJK6			ENSMUST00000039267.10 [A2AJK6-1];ENSMUST00000051558.10 [A2AJK6-1];
A2AJN7	A2AJN7;		ENSMUST00000099362.11;
A2AJX4	A2AJX4;		ENSMUST00000146205.3;
A2AKK5	A2AKK5;		ENSMUST00000095086.3 [A2AKK5-1];ENSMUST00000107697.2 [A2AKK5-2];
A2AKQ0	A2AKQ0;		ENSMUST00000150285.8 [A2AKQ0-2];
A2AKX3	A2AKX3;		ENSMUST00000061578.9 [A2AKX3-1];
A2AL36	A2AL36;		ENSMUST00000028235.11 [A2AL36-2];ENSMUST00000028237.15 [A2AL36-1];ENSMUST00000156933.8 [A2AL36-1];
A2ALS5	A2ALS5;		ENSMUST00000047243.12 [A2ALS5-2];ENSMUST00000097837.11 [A2ALS5-3];
A2ALU4	A2ALU4;		ENSMUST00000062317.5 [A2ALU4-1];
A2ALV5	A2ALV5;		ENSMUST00000107547.2;
A2AM05	A2AM05;		ENSMUST00000047023.13 [A2AM05-1];ENSMUST00000102819.10 [A2AM05-2];ENSMUST00000107190.2 [A2AM05-3];ENSMUST00000169371.9 [A2AM05-4];
A2AM29	A2AM29;		ENSMUST00000078090.12;
A2AM78	A2AM78;		ENSMUST00000105817.4;
A2AMM0	A2AMM0;		ENSMUST00000030033.5;
A2AMT1	A2AMT1;		ENSMUST00000028907.14 [A2AMT1-2];ENSMUST00000099296.4 [A2AMT1-1];
A2AN08			ENSMUST00000097822.10 [A2AN08-1];ENSMUST00000165860.8 [A2AN08-3];
A2ANU3	A2ANU3;		ENSMUST00000109934.2;ENSMUST00000109935.8;
A2AP18	A2AP18;		ENSMUST00000105631.9 [A2AP18-1];ENSMUST00000135665.9 [A2AP18-4];ENSMUST00000145662.9 [A2AP18-5];
A2APB8	A2APB8;		ENSMUST00000028969.9;ENSMUST00000109816.8;ENSMUST00000164120.8;ENSMUST00000178997.8;
A2APC3	A2APC3;		ENSMUST00000099197.9 [A2APC3-1];ENSMUST00000103155.10 [A2APC3-2];
A2APF3	A2APF3;		ENSMUST00000094287.10 [A2APF3-1];
A2APM2	A2APM2;		ENSMUST00000005218.15;
A2APX8	A2APX8;		ENSMUST00000077489.12 [A2APX8-2];ENSMUST00000094951.10 [A2APX8-3];ENSMUST00000112366.8 [A2APX8-1];ENSMUST00000138910.4 [A2APX8-2];
A2AQ07	A2AQ07;		ENSMUST00000016399.6;
A2AQ19	A2AQ19;		ENSMUST00000028767.9;
A2AQ25	A2AQ25;		ENSMUST00000045555.11 [A2AQ25-3];ENSMUST00000066509.10 [A2AQ25-1];ENSMUST00000114606.8 [A2AQ25-6];ENSMUST00000114607.8 [A2AQ25-5];ENSMUST00000114608.3 [A2AQ25-2];ENSMUST00000114614.8 [A2AQ25-4];
A2AQ92	A2AQ92;	6WXR;6WXU;6WXV;	ENSMUST00000099461.4;
A2AQ99			ENSMUST00000053734.6;
A2AQL0	A2AQL0;		
A2AR95	A2AR95;	7N1H;	ENSMUST00000058790.12 [A2AR95-1];ENSMUST00000111222.2 [A2AR95-3];
A2ARA8	A2ARA8;		ENSMUST00000028106.11 [A2ARA8-1];
A2ARI4	A2ARI4;		ENSMUST00000046548.14 [A2ARI4-1];ENSMUST00000111037.3 [A2ARI4-2];
A2ARP1	A2ARP1;		ENSMUST00000052029.10 [A2ARP1-1];ENSMUST00000110625.8 [A2ARP1-3];ENSMUST00000110626.8 [A2ARP1-1];ENSMUST00000110627.8 [A2ARP1-3];ENSMUST00000110628.8 [A2ARP1-2];
A2ARP9	A2ARP9;	7EEB;	
A2ARV4		8EM4;8EM7;	ENSMUST00000080953.12;
A2AS55	A2AS55;		ENSMUST00000056108.12 [A2AS55-1];
A2AS89	A2AS89;		ENSMUST00000038161.5;
A2ASI5	A2ASI5;		ENSMUST00000100069.9 [A2ASI5-1];
A2ASQ1	A2ASQ1;	3PVE;	ENSMUST00000105575.9 [A2ASQ1-1];
A2ASS6		6YJ0;8Q6T;	ENSMUST00000099980.10 [A2ASS6-3];
A2ASZ8	A2ASZ8;		ENSMUST00000028160.15 [A2ASZ8-3];ENSMUST00000052119.14 [A2ASZ8-5];ENSMUST00000113307.9 [A2ASZ8-1];ENSMUST00000113308.8 [A2ASZ8-4];ENSMUST00000113310.9 [A2ASZ8-2];
A2AT37	A2AT37;		ENSMUST00000060092.13;
A2ATU9	A2ATU9;		ENSMUST00000112122.9;
A2AU37	A2AU37;		ENSMUST00000180195.8;
A2AU72	A2AU72;		ENSMUST00000114640.9 [A2AU72-1];
A2AUC9	A2AUC9;		ENSMUST00000100050.4;
A2AUM0			ENSMUST00000005233.12;
A2AUM9	A2AUM9;		ENSMUST00000089776.3;
A2AUU0	A2AUU0;		ENSMUST00000112179.9 [A2AUU0-5];ENSMUST00000112186.9 [A2AUU0-3];ENSMUST00000121586.8 [A2AUU0-1];ENSMUST00000148876.8 [A2AUU0-2];
A2AVA0			ENSMUST00000042850.9 [A2AVA0-1];
A2AVZ9	A2AVZ9;		ENSMUST00000090726.6 [A2AVZ9-1];
A2AWL7			ENSMUST00000046717.13 [A2AWL7-1];ENSMUST00000110773.9 [A2AWL7-3];ENSMUST00000156510.2 [A2AWL7-2];
A2AWP0	A2AWP0;		ENSMUST00000108875.2;
A2AX52	A2AX52;		ENSMUST00000121963.3;
A2BDX3	A2BDX3;		ENSMUST00000099071.5;
A2BH40	A2BH40;		ENSMUST00000008024.7 [A2BH40-4];ENSMUST00000105897.10 [A2BH40-1];
A2CG49		1WFW;7UR2;	ENSMUST00000076810.12 [A2CG49-1];ENSMUST00000089655.12 [A2CG49-8];ENSMUST00000114949.8 [A2CG49-10];ENSMUST00000114953.8 [A2CG49-5];ENSMUST00000114954.8 [A2CG49-5];ENSMUST00000114960.9 [A2CG49-9];ENSMUST00000232157.2 [A2CG49-4];
A2CG63	A2CG63;		ENSMUST00000039538.15 [A2CG63-2];ENSMUST00000110534.8 [A2CG63-1];ENSMUST00000110536.8 [A2CG63-2];
A2KF29	A2KF29;		
A2RSS9	A2RSS9;		
A2RST1	A2RST1;		ENSMUST00000099106.10;
A2RSY6	A2RSY6;		
A2RT67	A2RT67;	6B3Y;	ENSMUST00000043414.12;
A2RTF1	A2RTF1;	7EEB;	ENSMUST00000055156.5;
A3FIN4	A3FIN4;		ENSMUST00000102953.4 [A3FIN4-2];ENSMUST00000107942.9 [A3FIN4-1];
A3KFM7			ENSMUST00000039782.14 [A3KFM7-1];
A3KFX0	A3KFX0;		ENSMUST00000068262.6;
A3KG59	A3KG59;		ENSMUST00000098181.9 [A3KG59-1];ENSMUST00000119167.2 [A3KG59-2];
A3KG93	A3KG93;		ENSMUST00000105847.8;
A3KGF7	A3KGF7;		ENSMUST00000102524.8 [A3KGF7-1];
A3KGS3	A3KGS3;		ENSMUST00000131824.8 [A3KGS3-1];
A3KGV1	A3KGV1;		ENSMUST00000028128.13 [A3KGV1-6];ENSMUST00000046571.14 [A3KGV1-3];ENSMUST00000113755.8 [A3KGV1-5];ENSMUST00000113756.8 [A3KGV1-3];ENSMUST00000113757.8 [A3KGV1-2];ENSMUST00000113759.9 [A3KGV1-4];ENSMUST00000113763.8 [A3KGV1-6];ENSMUST00000113764.4 [A3KGV1-6];ENSMUST00000113765.8 [A3KGV1-1];
A3KMN0	A3KMN0;		
A4FUV6			
A4FUV7			
A4Q9E5	A4Q9E5;		ENSMUST00000032414.11 [A4Q9E5-1];ENSMUST00000204026.3 [A4Q9E5-2];
A4Q9E8	A4Q9E8;	6VZQ;6VZR;6VZS;6VZT;6VZU;6VZV;6VZW;8T42;8U3Z;	ENSMUST00000107680.2 [A4Q9E8-2];ENSMUST00000167258.8 [A4Q9E8-1];
A4Q9F0	A4Q9F0;		
A4Q9F1	A4Q9F1;		ENSMUST00000109371.8;
A4Q9F3	A4Q9F3;		
A4Q9F4	A4Q9F4;		ENSMUST00000028248.11 [A4Q9F4-1];ENSMUST00000112976.9 [A4Q9F4-2];
A4QPC6	A4QPC6;		ENSMUST00000110432.2 [A4QPC6-1];ENSMUST00000110433.10 [A4QPC6-1];
A4UUI3	A4UUI3;		ENSMUST00000100962.8 [A4UUI3-1];
A5D6P3			
A6H630	A6H630;		ENSMUST00000095893.11 [A6H630-1];ENSMUST00000117489.8 [A6H630-4];ENSMUST00000118544.8 [A6H630-2];
A6H687	A6H687;		
A6H6A9	A6H6A9;		ENSMUST00000028049.13 [A6H6A9-1];ENSMUST00000028052.12 [A6H6A9-3];ENSMUST00000195442.6 [A6H6A9-2];
A6H6E2	A6H6E2;		ENSMUST00000111908.3 [A6H6E2-1];
A6H8H2	A6H8H2;		ENSMUST00000082026.14 [A6H8H2-2];ENSMUST00000142837.3 [A6H8H2-1];
A6H8H5	A6H8H5;		ENSMUST00000170146.3;ENSMUST00000175681.3;
A6PWV3	A6PWV3;		ENSMUST00000107108.8 [A6PWV3-1];
A6X8Z5	A6X8Z5;		ENSMUST00000023487.5;
A6X935	A6X935;		ENSMUST00000120269.11 [A6X935-1];
A7L9Z8	A7L9Z8;		ENSMUST00000095171.5;
A7M7C7	A7M7C7;		ENSMUST00000166956.2;
A7MCT6	A7MCT6;		ENSMUST00000135222.9 [A7MCT6-1];
A7RDN6	A7RDN6;		
A7TZE6	A7TZE6;	2N4I;	ENSMUST00000117379.9 [A7TZE6-3];ENSMUST00000161389.8 [A7TZE6-2];ENSMUST00000162158.2 [A7TZE6-1];ENSMUST00000162885.8 [A7TZE6-4];
A8VU90	A8VU90;		ENSMUST00000119976.8 [A8VU90-1];ENSMUST00000120725.2 [A8VU90-2];
A9Q751	A9Q751;		ENSMUST00000037840.12;ENSMUST00000174370.8;
B0F2B4	B0F2B4;		
B0V2N1	B0V2N1;	3SR9;	ENSMUST00000067538.6 [B0V2N1-1];ENSMUST00000086828.10 [B0V2N1-3];ENSMUST00000223859.2 [B0V2N1-4];
B1AQJ2	B1AQJ2;		ENSMUST00000092382.10;ENSMUST00000106296.9;
B1AR17	B1AR17;		ENSMUST00000108661.8;
B1AS29	B1AS29;		ENSMUST00000030676.8;
B1ASB6	B1ASB6;	8OU1;	
B1ASP2	B1ASP2;		ENSMUST00000102781.10;
B1ATI0	B1ATI0;		ENSMUST00000066277.10;
B1AUH1	B1AUH1;		ENSMUST00000030741.9 [B1AUH1-1];ENSMUST00000105987.9 [B1AUH1-2];
B1AVY7	B1AVY7;		ENSMUST00000043589.8;
B1AWC8	B1AWC8;		ENSMUST00000106904.9;
B1AWC9	B1AWC9;		ENSMUST00000106911.8;
B1AWD0	B1AWD0;		ENSMUST00000097950.9;
B1AWD1	B1AWD1;		ENSMUST00000106901.2;
B1AWL2	B1AWL2;		ENSMUST00000098070.10;
B1AWN4	B1AWN4;		ENSMUST00000077659.6;
B1AWN6	B1AWN6;		ENSMUST00000028377.14;ENSMUST00000100067.7;
B1AWS8	B1AWS8;		ENSMUST00000102798.8;
B1AXD8	B1AXD8;		ENSMUST00000084299.6;
B1AXV0	B1AXV0;		ENSMUST00000053681.6;
B1AY10	B1AY10;		ENSMUST00000030133.15 [B1AY10-3];ENSMUST00000091614.7 [B1AY10-2];ENSMUST00000098143.11 [B1AY10-1];
B1AY15	B1AY15;		ENSMUST00000095755.4;
B1AYL1	B1AYL1;		ENSMUST00000042792.7;
B1AZ99	B1AZ99;		ENSMUST00000097830.4;
B1AZI6	B1AZI6;		ENSMUST00000047037.15;
B1AZP2	B1AZP2;		ENSMUST00000070782.13 [B1AZP2-2];ENSMUST00000099145.6 [B1AZP2-3];ENSMUST00000109567.10 [B1AZP2-2];ENSMUST00000169464.9 [B1AZP2-1];
B1B0V2	B1B0V2;		ENSMUST00000101698.4 [B1B0V2-2];ENSMUST00000117544.2 [B1B0V2-1];
B1GX80	B1GX80;		
B1GX81	B1GX81;		
B2KF05	B2KF05;		ENSMUST00000004985.11 [B2KF05-1];ENSMUST00000233701.2 [B2KF05-2];
B2MWM9	B2MWM9;		
B2RPW6	B2RPW6;		
B2RPY5	B2RPY5;		ENSMUST00000178700.8 [B2RPY5-1];
B2RQC6	B2RQC6;		ENSMUST00000013773.12 [B2RQC6-1];ENSMUST00000201182.4 [B2RQC6-2];
B2RQL2	B2RQL2;		ENSMUST00000133371.8;
B2RQQ7			
B2RQR8	B2RQR8;		ENSMUST00000003898.12 [B2RQR8-1];ENSMUST00000133344.8 [B2RQR8-2];
B2RR30	B2RR30;		
B2RR83	B2RR83;		ENSMUST00000037763.11;
B2RRD7	B2RRD7;		ENSMUST00000113122.8;
B2RRE7	B2RRE7;		ENSMUST00000173078.8;
B2RS91	B2RS91;		ENSMUST00000023363.8;
B2RSH2	B2RSH2;	7TD0;7TD1;7TD2;7TD3;7TD4;8FX5;	ENSMUST00000074694.7;
B2RU80	B2RU80;		ENSMUST00000092167.7;
B2RUG9			ENSMUST00000079362.13;
B2RUJ5	B2RUJ5;	6LNM;	ENSMUST00000025830.9 [B2RUJ5-1];ENSMUST00000237688.2 [B2RUJ5-2];
B2RUP2	B2RUP2;		ENSMUST00000075036.9 [B2RUP2-2];ENSMUST00000106450.8 [B2RUP2-1];ENSMUST00000106451.8 [B2RUP2-1];ENSMUST00000174822.8 [B2RUP2-2];
B2RUR8	B2RUR8;		ENSMUST00000035519.12;ENSMUST00000090785.9;ENSMUST00000098849.3;
B2RUS7			ENSMUST00000033123.8;
B2RVY9	B2RVY9;		ENSMUST00000114765.4;
B2RW38	B2RW38;		ENSMUST00000066308.9;
B2RWS6	B2RWS6;		ENSMUST00000068387.11;
B2RX12	B2RX12;		ENSMUST00000021231.8 [B2RX12-2];ENSMUST00000178136.8 [B2RX12-1];
B2RX14	B2RX14;		ENSMUST00000043368.12;
B2RX88	B2RX88;		ENSMUST00000071087.12 [B2RX88-4];ENSMUST00000117415.8 [B2RX88-6];ENSMUST00000118263.8 [B2RX88-6];ENSMUST00000119714.8 [B2RX88-6];ENSMUST00000122156.8 [B2RX88-5];ENSMUST00000186294.7 [B2RX88-2];
B2RXA7	B2RXA7;		ENSMUST00000073391.5;
B2RXC2		2AQX;	ENSMUST00000070181.7;
B2RXE2	B2RXE2;		ENSMUST00000073149.7;
B2RXS4	B2RXS4;	5E6P;7KDC;	ENSMUST00000060808.10;ENSMUST00000109331.9;
B2RXV4	B2RXV4;		ENSMUST00000085635.6 [B2RXV4-1];
B2RXX8			
B2RXZ1	B2RXZ1;		ENSMUST00000163394.3;
B2RY04	B2RY04;		ENSMUST00000039135.6;
B2RY50	B2RY50;		ENSMUST00000081275.5;ENSMUST00000234788.2;
B5KM66	B5KM66;	4R3Q;6H86;	ENSMUST00000109314.9;ENSMUST00000167959.2;
B5TVM2	B5TVM2;		ENSMUST00000111416.7 [B5TVM2-1];ENSMUST00000192638.6 [B5TVM2-4];ENSMUST00000192732.6 [B5TVM2-3];ENSMUST00000193860.2 [B5TVM2-5];ENSMUST00000194964.6 [B5TVM2-2];
B5X0E4	B5X0E4;		ENSMUST00000035515.5 [B5X0E4-1];
B6VGH4	B6VGH4;		
B7XGA6	B7XGA6;		
B7ZDF5	B7ZDF5;		ENSMUST00000008999.12;
B7ZNG0	B7ZNG0;		
B7ZP16	B7ZP16;		
B7ZWM4			
B7ZWP2	B7ZWP2;		
B8JK39	B8JK39;		ENSMUST00000044165.14;
B8ZXI1	B8ZXI1;	6FV5;7B2I;7OV9;7OVO;7OVS;7OWZ;	
B9EHT4	B9EHT4;	1WHH;	ENSMUST00000014065.16;
B9EHX4			ENSMUST00000118282.9;
B9EIE9	B9EIE9;		
B9EIW1	B9EIW1;		
B9EJ80	B9EJ80;		ENSMUST00000099274.4;
B9EJ86	B9EJ86;		ENSMUST00000105275.9;
B9EJA2	B9EJA2;		ENSMUST00000090601.12 [B9EJA2-1];ENSMUST00000148602.8 [B9EJA2-2];
B9EJV3	B9EJV3;		ENSMUST00000048977.16;
B9EK83			
B9EKI3	B9EKI3;		ENSMUST00000095664.6;
B9EKR1	B9EKR1;		ENSMUST00000090568.7;
B9EKY4	B9EKY4;		
C0HKC8	C0HKC8;		ENSMUST00000085886.3;ENSMUST00000100537.3;ENSMUST00000166206.9;ENSMUST00000171498.3;
C0HKC9	C0HKC9;		ENSMUST00000085886.3;ENSMUST00000100537.3;ENSMUST00000166206.9;ENSMUST00000171498.3;
C0HKE1	C0HKE1;	5B1L;5B1M;5XM0;5XM1;7DBH;7VBM;8PKJ;	ENSMUST00000070124.5;ENSMUST00000078369.3;ENSMUST00000081342.7;ENSMUST00000090776.7;ENSMUST00000091741.6;ENSMUST00000091745.6;ENSMUST00000091751.3;ENSMUST00000102969.6;ENSMUST00000171127.4;
C0HKE2	C0HKE2;		ENSMUST00000070124.5;ENSMUST00000078369.3;ENSMUST00000081342.7;ENSMUST00000090776.7;ENSMUST00000091741.6;ENSMUST00000091745.6;ENSMUST00000091751.3;ENSMUST00000102969.6;ENSMUST00000171127.4;
C0HKE3	C0HKE3;	8PKI;	ENSMUST00000070124.5;ENSMUST00000078369.3;ENSMUST00000081342.7;ENSMUST00000090776.7;ENSMUST00000091741.6;ENSMUST00000091745.6;ENSMUST00000091751.3;ENSMUST00000102969.6;ENSMUST00000171127.4;
C0HKE4	C0HKE4;		ENSMUST00000070124.5;ENSMUST00000078369.3;ENSMUST00000081342.7;ENSMUST00000090776.7;ENSMUST00000091741.6;ENSMUST00000091745.6;ENSMUST00000091751.3;ENSMUST00000102969.6;ENSMUST00000171127.4;
C0HKE5	C0HKE5;		ENSMUST00000070124.5;ENSMUST00000078369.3;ENSMUST00000081342.7;ENSMUST00000090776.7;ENSMUST00000091741.6;ENSMUST00000091745.6;ENSMUST00000091751.3;ENSMUST00000102969.6;ENSMUST00000171127.4;
C0HKE6	C0HKE6;		ENSMUST00000070124.5;ENSMUST00000078369.3;ENSMUST00000081342.7;ENSMUST00000090776.7;ENSMUST00000091741.6;ENSMUST00000091745.6;ENSMUST00000091751.3;ENSMUST00000102969.6;ENSMUST00000171127.4;
C0HKE7	C0HKE7;		ENSMUST00000070124.5;ENSMUST00000078369.3;ENSMUST00000081342.7;ENSMUST00000090776.7;ENSMUST00000091741.6;ENSMUST00000091745.6;ENSMUST00000091751.3;ENSMUST00000102969.6;ENSMUST00000171127.4;
C0HKE8	C0HKE8;		ENSMUST00000070124.5;ENSMUST00000078369.3;ENSMUST00000081342.7;ENSMUST00000090776.7;ENSMUST00000091741.6;ENSMUST00000091745.6;ENSMUST00000091751.3;ENSMUST00000102969.6;ENSMUST00000171127.4;
C0HKE9	C0HKE9;		ENSMUST00000070124.5;ENSMUST00000078369.3;ENSMUST00000081342.7;ENSMUST00000090776.7;ENSMUST00000091741.6;ENSMUST00000091745.6;ENSMUST00000091751.3;ENSMUST00000102969.6;ENSMUST00000171127.4;
C0LLJ0	C0LLJ0;		ENSMUST00000110672.8 [C0LLJ0-1];ENSMUST00000110673.8 [C0LLJ0-2];ENSMUST00000116454.10 [C0LLJ0-1];
C3VD30	C3VD30;		ENSMUST00000118769.2;
C3VPR6	C3VPR6;	2MJM;	ENSMUST00000053085.12 [C3VPR6-1];ENSMUST00000211816.2 [C3VPR6-1];
C6KI89	C6KI89;	7EEB;	ENSMUST00000061193.4;ENSMUST00000209126.2;
C9K101	C9K101;		
D0G895	D0G895;		ENSMUST00000190995.2;
D0QMC3	D0QMC3;		ENSMUST00000188804.7;
D0VYS2	D0VYS2;		
D2EAC2	D2EAC2;		ENSMUST00000179598.4 [D2EAC2-1];
D2J0Y4	D2J0Y4;		ENSMUST00000094002.10;
D3KU66	D3KU66;		
D3YU89			ENSMUST00000102560.7;
D3YUB6	D3YUB6;		ENSMUST00000211896.2 [D3YUB6-2];
D3YUJ3	D3YUJ3;		ENSMUST00000094898.5 [D3YUJ3-2];ENSMUST00000114077.8 [D3YUJ3-1];ENSMUST00000187170.7 [D3YUJ3-2];
D3YVF0	D3YVF0;		ENSMUST00000154078.3;
D3YVL2	D3YVL2;		ENSMUST00000022348.15 [D3YVL2-2];ENSMUST00000022349.14 [D3YVL2-3];ENSMUST00000056073.14 [D3YVL2-1];
D3YWH8	D3YWH8;		ENSMUST00000152572.2;
D3YWP0	D3YWP0;		ENSMUST00000116231.4;
D3YWQ0	D3YWQ0;		ENSMUST00000090314.11 [D3YWQ0-2];ENSMUST00000101532.10 [D3YWQ0-1];
D3YX12	D3YX12;		ENSMUST00000148269.2;
D3YXG0			ENSMUST00000074783.12 [D3YXG0-1];ENSMUST00000137197.9 [D3YXG0-2];
D3YXJ0	D3YXJ0;		ENSMUST00000074729.6 [D3YXJ0-2];
D3YXK1	D3YXK1;		ENSMUST00000095228.5;
D3YXK2	D3YXK2;		ENSMUST00000095224.11;
D3YYI7	D3YYI7;		ENSMUST00000081989.8;
D3YYM4	D3YYM4;		ENSMUST00000055879.9;
D3YYN8			ENSMUST00000097453.9;
D3YZ49	D3YZ49;		ENSMUST00000110541.8;
D3YZU1	D3YZU1;		ENSMUST00000107938.8;
D3Z120	D3Z120;		ENSMUST00000069634.6;
D3Z1Q2	D3Z1Q2;		ENSMUST00000049457.14;ENSMUST00000113149.8;ENSMUST00000179313.3;
D3Z1U0			ENSMUST00000112008.9;
D3Z291	D3Z291;		ENSMUST00000111813.3;
D3Z2R5			ENSMUST00000060435.8;
D3Z3K2	D3Z3K2;		ENSMUST00000095932.5;
D3Z423	D3Z423;		ENSMUST00000218311.2;
D3Z4I3	D3Z4I3;		ENSMUST00000037923.5;
D3Z4R1	D3Z4R1;		ENSMUST00000112690.10;ENSMUST00000117588.8;
D3Z4R4			ENSMUST00000097974.9;ENSMUST00000106095.3;
D3Z5L6	D3Z5L6;		
D3Z5M8	D3Z5M8;		ENSMUST00000120715.8;
D3Z5S8	D3Z5S8;		ENSMUST00000034802.15;
D3Z649	D3Z649;		ENSMUST00000120709.8 [D3Z649-2];ENSMUST00000120796.8 [D3Z649-1];
D3Z6P0	D3Z6P0;		ENSMUST00000039113.14 [D3Z6P0-1];ENSMUST00000120333.8 [D3Z6P0-2];
D3Z6Q4	D3Z6Q4;		ENSMUST00000113324.9;
D3Z752	D3Z752;		ENSMUST00000211094.2;
D3Z7P3	D3Z7P3;	3SS3;3SS4;3SS5;4JKT;5W2J;8EC6;	ENSMUST00000114510.8 [D3Z7P3-2];ENSMUST00000114513.9 [D3Z7P3-1];
D6MZJ6	D6MZJ6;		ENSMUST00000163991.4;
D6RFA9	D6RFA9;		ENSMUST00000127828.8;
D6RFN1	D6RFN1;		ENSMUST00000135070.8;
D6RHQ2	D6RHQ2;		ENSMUST00000156598.2;
D7PDD4	D7PDD4;		ENSMUST00000174190.2;
E0CXC2	E0CXC2;		ENSMUST00000130871.2;
E0CYR6	E0CYR6;		ENSMUST00000160534.2;ENSMUST00000179613.2;
E0CZ16	E0CZ16;		ENSMUST00000160860.9 [E0CZ16-1];
E1AZ71	E1AZ71;		ENSMUST00000119870.9;
E1U8D0	E1U8D0;		ENSMUST00000069098.7 [E1U8D0-1];
E2JF22	E2JF22;	3JAC;4RAX;5Z10;6B3R;6BPZ;6LQI;7WLT;7WLU;8IMZ;	
E7FJU2	E7FJU2;		
E9PUL5	E9PUL5;		ENSMUST00000159916.5;
E9PUN2	E9PUN2;		ENSMUST00000113458.8 [E9PUN2-1];
E9PUN6	E9PUN6;		ENSMUST00000113438.8;
E9PUQ8	E9PUQ8;		ENSMUST00000027517.14;
E9PV24	E9PV24;		ENSMUST00000029630.15 [E9PV24-2];ENSMUST00000166581.4 [E9PV24-1];
E9PV87	E9PV87;		ENSMUST00000149564.8;
E9PVA8	E9PVA8;		ENSMUST00000064454.12;
E9PVB6	E9PVB6;		ENSMUST00000111233.8;
E9PVD3			ENSMUST00000078482.13;
E9PVD7			ENSMUST00000115406.2;
E9PVU6	E9PVU6;		ENSMUST00000117089.8;
E9PVX6			ENSMUST00000033310.9 [E9PVX6-1];
E9PVY0			ENSMUST00000111117.8;
E9PWL1			ENSMUST00000021234.15;
E9PX29	E9PX29;	6M3Q;6M3R;	ENSMUST00000011895.14;
E9PX67	E9PX67;		ENSMUST00000117858.8;
E9PX95	E9PX95;		ENSMUST00000039324.7;ENSMUST00000121226.8;
E9PXF8	E9PXF8;		ENSMUST00000033058.14 [E9PXF8-1];ENSMUST00000164759.8 [E9PXF8-2];
E9PXU2	E9PXU2;		ENSMUST00000101551.10;
E9PXV8	E9PXV8;		ENSMUST00000118296.8;
E9PY46	E9PY46;		ENSMUST00000024983.12;
E9PY61	E9PY61;		ENSMUST00000093942.5;
E9PYH6	E9PYH6;		ENSMUST00000047075.14;ENSMUST00000047157.13;
E9PYI1	E9PYI1;	5V3J;5V3M;5WJQ;	ENSMUST00000074322.12 [E9PYI1-1];ENSMUST00000146074.8 [E9PYI1-2];ENSMUST00000148442.8 [E9PYI1-1];ENSMUST00000177931.2 [E9PYI1-2];
E9PYK3	E9PYK3;		ENSMUST00000161553.2;
E9PYV8			ENSMUST00000167391.2;
E9PYW4	E9PYW4;		ENSMUST00000171474.2;
E9PYY5	E9PYY5;		ENSMUST00000106868.4 [E9PYY5-1];ENSMUST00000116316.10 [E9PYY5-2];
E9PZ19	E9PZ19;		
E9PZ36			ENSMUST00000088448.12;
E9PZ97			ENSMUST00000170315.3;
E9PZC2			ENSMUST00000108362.8;ENSMUST00000108363.8;ENSMUST00000108364.8;
E9PZI6	E9PZI6;	5OW5;	ENSMUST00000165806.8;
E9PZJ8	E9PZJ8;		ENSMUST00000035606.10 [E9PZJ8-1];
E9PZM4	E9PZM4;		ENSMUST00000169922.9;
E9PZQ0		8VJJ;8VJK;8VK3;8VK4;	ENSMUST00000179893.9;
E9PZZ1	E9PZZ1;		ENSMUST00000076206.11 [E9PZZ1-2];ENSMUST00000095141.4 [E9PZZ1-1];
E9Q0N2	E9Q0N2;		ENSMUST00000049113.14;ENSMUST00000166650.3;ENSMUST00000206999.2;
E9Q0S6	E9Q0S6;		ENSMUST00000169786.8;
E9Q236	E9Q236;		ENSMUST00000036554.14 [E9Q236-1];ENSMUST00000166646.2 [E9Q236-2];
E9Q238	E9Q238;	5YAY;5YAZ;7DDX;	ENSMUST00000049400.15;
E9Q2M9			ENSMUST00000130509.10;
E9Q2T3			ENSMUST00000168533.8;
E9Q2Z1	E9Q2Z1;		ENSMUST00000100993.9 [E9Q2Z1-1];ENSMUST00000112686.8 [E9Q2Z1-2];
E9Q394			ENSMUST00000166315.7 [E9Q394-1];
E9Q3E1	E9Q3E1;		ENSMUST00000143380.3;
E9Q3M5	E9Q3M5;		ENSMUST00000113900.8;
E9Q3P4			ENSMUST00000171929.8;
E9Q3S4	E9Q3S4;		ENSMUST00000061512.5;
E9Q3T6	E9Q3T6;	5ECJ;	ENSMUST00000047577.7;
E9Q401		2MC2;3IM5;3IM6;3IM7;3QR5;4ETV;4KEI;4KEJ;4KEK;4L4H;4L4I;4P9I;4P9L;5C33;5VSN;6J6L;6MM5;6MM6;6MM7;6MM8;6WOU;6WOV;7VML;7VMM;7VMN;7VMO;7VMP;7VMQ;7VMR;7VMS;8DTY;8DTZ;8DVV;8RRS;	ENSMUST00000021750.15;
E9Q414			ENSMUST00000037811.13;
E9Q418	E9Q418;		ENSMUST00000126171.9;
E9Q4F7	E9Q4F7;		ENSMUST00000098334.13;
E9Q4M2	E9Q4M2;		ENSMUST00000149349.2;
E9Q4N7	E9Q4N7;		
E9Q4S1	E9Q4S1;		ENSMUST00000067082.14;
E9Q4Z2	E9Q4Z2;		ENSMUST00000031583.15;ENSMUST00000102582.8;
E9Q555		6TAX;6TAY;7OIK;7OIM;	
E9Q557			ENSMUST00000124830.3;
E9Q5C2	E9Q5C2;		ENSMUST00000117872.8;
E9Q5C9	E9Q5C9;		ENSMUST00000165017.2 [E9Q5C9-1];ENSMUST00000235620.2 [E9Q5C9-1];
E9Q5F9	E9Q5F9;		ENSMUST00000153838.8 [E9Q5F9-1];
E9Q5G3	E9Q5G3;		ENSMUST00000034815.9;
E9Q5G7	E9Q5G7;		ENSMUST00000095509.6;
E9Q5K4	E9Q5K4;		ENSMUST00000026211.10 [E9Q5K4-1];ENSMUST00000211830.2 [E9Q5K4-2];
E9Q5K9	E9Q5K9;		ENSMUST00000038384.8 [E9Q5K9-1];ENSMUST00000119339.8 [E9Q5K9-3];ENSMUST00000120498.8 [E9Q5K9-2];
E9Q5M6	E9Q5M6;		ENSMUST00000099742.9;ENSMUST00000120049.8;
E9Q5R7	E9Q5R7;		ENSMUST00000108653.4;
E9Q612	E9Q612;		ENSMUST00000077115.13;
E9Q634	E9Q634;	2XMF;	ENSMUST00000034745.9;
E9Q696	E9Q696;		ENSMUST00000167288.8;
E9Q6B2	E9Q6B2;		ENSMUST00000222310.2;
E9Q708	E9Q708;		ENSMUST00000120141.8;
E9Q784	E9Q784;		ENSMUST00000022577.6;
E9Q7C7	E9Q7C7;		ENSMUST00000120187.9;
E9Q7D5	E9Q7D5;		ENSMUST00000031750.14;
E9Q7E2	E9Q7E2;		ENSMUST00000096250.5;
E9Q7E8	E9Q7E8;		ENSMUST00000117691.8;
E9Q7F2	E9Q7F2;		ENSMUST00000080817.6;
E9Q7G0	E9Q7G0;		ENSMUST00000084852.13;
E9Q7N9			ENSMUST00000084806.7;
E9Q7P8	E9Q7P8;		ENSMUST00000139951.8;
E9Q7R9	E9Q7R9;		ENSMUST00000160247.3;
E9Q7T0	E9Q7T0;		ENSMUST00000119260.8;
E9Q7X6	E9Q7X6;		ENSMUST00000126532.2 [E9Q7X6-1];
E9Q7X7	E9Q7X7;		ENSMUST00000137166.8 [E9Q7X7-1];
E9Q876	E9Q876;		ENSMUST00000087268.7;
E9Q8I9			ENSMUST00000087204.9 [E9Q8I9-1];
E9Q8Q6	E9Q8Q6;		ENSMUST00000049544.14 [E9Q8Q6-2];ENSMUST00000164114.9 [E9Q8Q6-1];
E9Q8Q8	E9Q8Q8;		ENSMUST00000172097.9 [E9Q8Q8-1];
E9Q8T2	E9Q8T2;		ENSMUST00000095849.10 [E9Q8T2-1];ENSMUST00000121584.8 [E9Q8T2-2];
E9Q8T7			ENSMUST00000048603.8 [E9Q8T7-1];
E9Q912	E9Q912;		ENSMUST00000029796.11 [E9Q912-3];ENSMUST00000098574.9 [E9Q912-1];ENSMUST00000196280.5 [E9Q912-2];
E9Q956	E9Q956;		ENSMUST00000052843.12 [E9Q956-2];ENSMUST00000171802.8 [E9Q956-1];
E9Q9A6	E9Q9A6;		ENSMUST00000098458.4;
E9Q9A9	E9Q9A9;		ENSMUST00000053909.13 [E9Q9A9-1];ENSMUST00000081491.13 [E9Q9A9-2];
E9Q9D5	E9Q9D5;		ENSMUST00000023294.15 [E9Q9D5-2];ENSMUST00000094056.12 [E9Q9D5-3];
E9Q9F6	E9Q9F6;	7EEB;	ENSMUST00000112979.4 [E9Q9F6-1];
E9Q9F7	E9Q9F7;		ENSMUST00000115245.8;
E9Q9H8	E9Q9H8;		ENSMUST00000115149.3;
E9Q9K5	E9Q9K5;		ENSMUST00000095762.5 [E9Q9K5-1];ENSMUST00000217779.2 [E9Q9K5-3];ENSMUST00000219931.2 [E9Q9K5-4];ENSMUST00000219982.2 [E9Q9K5-2];
E9Q9M1	E9Q9M1;		ENSMUST00000172239.3;
E9Q9M8	E9Q9M8;		ENSMUST00000172136.9;
E9Q9R9	E9Q9R9;		ENSMUST00000090398.11;
E9Q9U0	E9Q9U0;		ENSMUST00000076501.2 [E9Q9U0-1];ENSMUST00000106814.3 [E9Q9U0-2];
E9Q9W4	E9Q9W4;		ENSMUST00000025500.7;
E9Q9W7	E9Q9W7;	7DE7;7WEG;	ENSMUST00000145391.9 [E9Q9W7-2];ENSMUST00000169459.4 [E9Q9W7-1];ENSMUST00000237077.2 [E9Q9W7-4];ENSMUST00000237227.2 [E9Q9W7-3];ENSMUST00000237833.2 [E9Q9W7-5];ENSMUST00000237962.2 [E9Q9W7-4];
E9QA28	E9QA28;		ENSMUST00000014830.8;
E9QA62	E9QA62;		ENSMUST00000095655.4;
E9QAG8	E9QAG8;		ENSMUST00000112540.8;ENSMUST00000187241.3;
E9QAM5			ENSMUST00000108831.8;
E9QAQ5	E9QAQ5;		ENSMUST00000114750.2;
E9QAS8	E9QAS8;		ENSMUST00000114655.8;
E9QAT4	E9QAT4;		ENSMUST00000091252.5 [E9QAT4-1];ENSMUST00000114082.9 [E9QAT4-2];
E9QAU8	E9QAU8;		ENSMUST00000026494.14;
E9QK53	E9QK53;		ENSMUST00000122054.8;
E9QL53			ENSMUST00000051704.15;
E9QMP6	E9QMP6;		ENSMUST00000165965.8;
E9QN12	E9QN12;		ENSMUST00000115274.2;
E9QNE9	E9QNE9;		ENSMUST00000112389.9;
E9QNF7			ENSMUST00000114641.8;
E9QNJ9			ENSMUST00000114411.9;ENSMUST00000171509.9;
E9QNN1			ENSMUST00000042141.12;
E9QNX9			ENSMUST00000005671.10;
F2YMG0	F2YMG0;		ENSMUST00000044533.9;
F2Z4A3			ENSMUST00000098796.10;ENSMUST00000191428.7;
F6Q8A4	F6Q8A4;		ENSMUST00000137486.3;
F6QCP8			ENSMUST00000132280.8;
F6SBR5			ENSMUST00000141101.5;
F6SEU4	F6SEU4;	5JXC;	ENSMUST00000194598.6;
F6TK14	F6TK14;		ENSMUST00000164207.10;
F6TQD1	F6TQD1;		ENSMUST00000196652.5 [F6TQD1-2];ENSMUST00000212212.2 [F6TQD1-1];
F6VAN0	F6VAN0;		ENSMUST00000027974.7;
F6VJC5	F6VJC5;		ENSMUST00000165873.8;
F6XRE6			ENSMUST00000132164.2;
F6YIN5	F6YIN5;		ENSMUST00000168644.3;
F6ZDS4	F6ZDS4;		ENSMUST00000124973.9;
F6ZFB8	F6ZFB8;		ENSMUST00000122885.8;
F7B9M9			ENSMUST00000127268.2;
F7BJB9	F7BJB9;	5IX1;5IX2;	ENSMUST00000202261.5;
F7BWT7	F7BWT7;		ENSMUST00000047883.11 [F7BWT7-1];
F7C376			ENSMUST00000112793.10;
F8VPJ6	F8VPJ6;		ENSMUST00000163401.9;
F8VPK5			ENSMUST00000020904.8;
F8VPN2			ENSMUST00000009772.8 [F8VPN2-1];
F8VPN4			ENSMUST00000040603.14;ENSMUST00000162792.8;
F8VPQ2	F8VPQ2;		ENSMUST00000046305.12;
F8VPR5			ENSMUST00000023165.9;
F8VPT7	F8VPT7;		ENSMUST00000041375.11;
F8VPU2	F8VPU2;		ENSMUST00000026635.8;
F8VPZ5	F8VPZ5;		ENSMUST00000066807.8;
F8VQ03	F8VQ03;		ENSMUST00000033958.15;ENSMUST00000171438.8;
F8VQ29	F8VQ29;		ENSMUST00000071812.11;
F8VQ54			ENSMUST00000041987.8;
F8VQB6	F8VQB6;		ENSMUST00000110457.8 [F8VQB6-1];
F8VQL0			ENSMUST00000080469.12;ENSMUST00000115442.8;ENSMUST00000115443.8;
F8VQN3	F8VQN3;		ENSMUST00000091648.4;
G3UW82	G3UW82;		ENSMUST00000018641.8;ENSMUST00000170159.8;
G3UWT3	G3UWT3;		ENSMUST00000173119.8;
G3UXB3	G3UXB3;		
G3UYC5	G3UYC5;		ENSMUST00000173963.9;
G3UYQ4	G3UYQ4;		ENSMUST00000173494.4;
G3UYX7			ENSMUST00000174421.8;
G3UZ46	G3UZ46;		ENSMUST00000172616.2;
G3UZ78	G3UZ78;		ENSMUST00000045328.14 [G3UZ78-2];ENSMUST00000172530.8 [G3UZ78-1];
G3UZY9	G3UZY9;		ENSMUST00000174186.2;
G3X8Y1	G3X8Y1;		ENSMUST00000029139.9;
G3X8Y8	G3X8Y8;		ENSMUST00000029623.11;
G3X912	G3X912;		ENSMUST00000034467.7;
G3X939	G3X939;		ENSMUST00000036208.7;ENSMUST00000221703.2;
G3X943	G3X943;		ENSMUST00000047726.12;
G3X982	G3X982;	3ZYV;	ENSMUST00000040999.14;
G3X9H5			ENSMUST00000080036.3;
G3X9J0	G3X9J0;		ENSMUST00000085809.11;ENSMUST00000183096.8;
G3X9K3	G3X9K3;		ENSMUST00000088615.11;
G3X9X1	G3X9X1;		ENSMUST00000114321.2;ENSMUST00000114323.8;
G3XA57	G3XA57;		ENSMUST00000051996.13 [G3XA57-2];ENSMUST00000170819.2 [G3XA57-1];
G3XA59	G3XA59;		ENSMUST00000165205.2;ENSMUST00000205956.2;
G5E829	G5E829;		ENSMUST00000020107.8;
G5E845	G5E845;		ENSMUST00000024155.9;
G5E870	G5E870;		ENSMUST00000027421.13;ENSMUST00000186465.7;
G5E884			ENSMUST00000033040.12;ENSMUST00000206984.2;
G5E8A8	G5E8A8;	8I7O;8I7R;8IYJ;8TO0;	ENSMUST00000043415.13 [G5E8A8-1];ENSMUST00000115831.2 [G5E8A8-2];
G5E8I7	G5E8I7;		ENSMUST00000079348.4;ENSMUST00000106892.2;
G5E8K5	G5E8K5;		ENSMUST00000054167.15 [G5E8K5-3];ENSMUST00000092433.12 [G5E8K5-4];ENSMUST00000092434.12 [G5E8K5-1];ENSMUST00000181974.8 [G5E8K5-6];ENSMUST00000182029.8 [G5E8K5-5];ENSMUST00000182155.8 [G5E8K5-2];ENSMUST00000182884.8 [G5E8K5-1];
G5E8P1	G5E8P1;		ENSMUST00000109380.8 [G5E8P1-1];ENSMUST00000109381.9 [G5E8P1-2];
G5E8Q8	G5E8Q8;		ENSMUST00000113599.2;ENSMUST00000226087.2;
G5E8Z2	G5E8Z2;		
H3BLD7			ENSMUST00000176756.9;
H6RXZ1	H6RXZ1;		
H7BWY3	H7BWY3;		ENSMUST00000022858.8;
H7BX38	H7BX38;	6EHZ;	ENSMUST00000073043.5;
H7BX60	H7BX60;		ENSMUST00000086876.7;
I7HJS4	I7HJS4;		ENSMUST00000105884.2;
J3KML8	J3KML8;		ENSMUST00000179443.3;
J3QMI4	J3QMI4;		ENSMUST00000178630.2;
J3QMK6	J3QMK6;		ENSMUST00000179433.8;
J3QMY9	J3QMY9;	7QWV;	ENSMUST00000096325.5 [J3QMY9-2];ENSMUST00000225896.2 [J3QMY9-1];
J3QN31	J3QN31;		ENSMUST00000180015.9;
J3QPC3	J3QPC3;		ENSMUST00000108379.8 [J3QPC3-2];ENSMUST00000179391.8 [J3QPC3-1];
J3S6Y1	J3S6Y1;		ENSMUST00000092366.4 [J3S6Y1-1];
J9SQF3		8DDQ;8DDR;8DDS;8DDT;8DDU;8DDV;8DDW;8DDX;8ED7;8ED8;8ED9;	ENSMUST00000037901.14 [J9SQF3-13];ENSMUST00000074770.13 [J9SQF3-10];ENSMUST00000087576.12 [J9SQF3-9];ENSMUST00000235780.2 [J9SQF3-15];ENSMUST00000236312.2 [J9SQF3-7];ENSMUST00000236372.2 [J9SQF3-6];ENSMUST00000237357.2 [J9SQF3-12];ENSMUST00000237820.2 [J9SQF3-8];ENSMUST00000238066.2 [J9SQF3-14];
K7QD41	K7QD41;		
L0CL36	L0CL36;		
L0N7N1	L0N7N1;	4OZQ;6WWE;6WWF;6WWG;6WWH;6WWI;6WWJ;6WWK;6WWL;6WWM;6WWN;6WWO;6WWP;6WWQ;6WWR;6WWS;6WWT;6WWU;6WWV;7LVQ;7LVR;	ENSMUST00000189413.7;
L7N1X6	L7N1X6;		ENSMUST00000056745.12 [L7N1X6-1];ENSMUST00000198397.5 [L7N1X6-2];
M0QWB7	M0QWB7;		ENSMUST00000180436.2;
O08523	O08523;		ENSMUST00000042190.14 [O08523-1];ENSMUST00000160940.2 [O08523-2];
O08528	O08528;		ENSMUST00000000642.11;
O08529	O08529;		ENSMUST00000068505.10;
O08530	O08530;		ENSMUST00000055676.4;
O08532	O08532;		ENSMUST00000039370.14 [O08532-1];ENSMUST00000078272.13 [O08532-2];ENSMUST00000101581.10 [O08532-5];ENSMUST00000180204.8 [O08532-4];ENSMUST00000199704.5 [O08532-3];
O08537	O08537;		ENSMUST00000101291.11 [O08537-2];ENSMUST00000110421.9 [O08537-1];ENSMUST00000133564.9 [O08537-6];
O08538	O08538;		ENSMUST00000022921.7;
O08539	O08539;		ENSMUST00000025239.9 [O08539-1];ENSMUST00000234857.2 [O08539-2];
O08543	O08543;	1SHW;1SHX;	ENSMUST00000076840.12 [O08543-1];ENSMUST00000078839.5 [O08543-2];
O08545	O08545;		ENSMUST00000029673.10;
O08547	O08547;	1IFQ;5VNE;5VNF;5VNG;5VNH;5VNI;5VNJ;5VNK;5VNL;5VNM;5VNN;5VNO;	ENSMUST00000029476.9;
O08550			ENSMUST00000108154.9;
O08553	O08553;	5UQC;	ENSMUST00000022629.9;
O08573	O08573;	2D6K;2D6L;2D6M;2D6N;2D6O;2D6P;	ENSMUST00000108268.10 [O08573-2];
O08574	O08574;		
O08575	O08575;		ENSMUST00000063433.8 [O08575-1];ENSMUST00000088132.13 [O08575-1];
O08579	O08579;		ENSMUST00000002029.13;
O08580	O08580;	8CEF;	ENSMUST00000025906.12;
O08581	O08581;		ENSMUST00000046765.10;
O08583	O08583;	1NO8;	ENSMUST00000026125.3 [O08583-1];
O08586	O08586;		ENSMUST00000013807.8;
O08599	O08599;		ENSMUST00000050000.16 [O08599-1];ENSMUST00000077458.7 [O08599-2];
O08600	O08600;	6LYF;6M3F;6M3T;6M3U;6NJT;6NJU;	ENSMUST00000015481.6;
O08601	O08601;		ENSMUST00000029805.13 [O08601-1];ENSMUST00000098580.6 [O08601-2];
O08602	O08602;		
O08603	O08603;	1JFM;4PP8;	
O08604	O08604;	4G59;	
O08605	O08605;		
O08608	O08608;		ENSMUST00000153700.9 [O08608-1];
O08609	O08609;		
O08638	O08638;		
O08644	O08644;		ENSMUST00000114732.3 [O08644-1];
O08648	O08648;		ENSMUST00000089058.7 [O08648-1];ENSMUST00000233755.2 [O08648-2];
O08650	O08650;		ENSMUST00000034385.12;ENSMUST00000176144.8;
O08665	O08665;	1Q47;4GZ8;4GZA;7M0R;	
O08674	O08674;		ENSMUST00000017151.2;
O08675	O08675;	2PUX;	ENSMUST00000022182.5;
O08677	O08677;		ENSMUST00000039492.14 [O08677-2];
O08686	O08686;		ENSMUST00000116615.5;
O08689	O08689;	3HH2;3SEK;5JI1;	ENSMUST00000027269.7;
O08691	O08691;		ENSMUST00000021550.7;
O08692	O08692;		ENSMUST00000035061.9;
O08696	O08696;		
O08705	O08705;		ENSMUST00000095572.5 [O08705-1];ENSMUST00000218162.2 [O08705-1];
O08707	O08707;		ENSMUST00000050327.5;ENSMUST00000214340.2;
O08709	O08709;		
O08710			ENSMUST00000065916.14;
O08712	O08712;	4E4D;	ENSMUST00000079772.4;
O08715	O08715;		ENSMUST00000018572.11 [O08715-1];ENSMUST00000107903.8 [O08715-1];ENSMUST00000107904.3 [O08715-4];ENSMUST00000143720.8 [O08715-5];
O08734	O08734;	2VOH;5FMJ;5KTG;6MCY;	ENSMUST00000078691.12;
O08736	O08736;		ENSMUST00000027009.11;
O08738	O08738;		ENSMUST00000029626.9;
O08739	O08739;		ENSMUST00000005829.13;ENSMUST00000170374.8;
O08746	O08746;		ENSMUST00000022947.7 [O08746-2];ENSMUST00000227759.2 [O08746-1];
O08747	O08747;		ENSMUST00000075282.10 [O08747-2];ENSMUST00000106236.9 [O08747-1];ENSMUST00000142762.2 [O08747-2];
O08749	O08749;		ENSMUST00000110857.5;
O08750	O08750;		ENSMUST00000071065.8;
O08755	O08755;	1S7E;	ENSMUST00000056006.11;
O08756	O08756;		
O08759	O08759;		ENSMUST00000107537.5 [O08759-2];ENSMUST00000200758.4 [O08759-1];ENSMUST00000202945.4 [O08759-3];
O08760	O08760;	6G3X;6G3Y;6G40;7AYZ;7AZ0;7PZ1;7QEL;7Z3Y;7Z5B;7Z5R;7ZC7;7ZG3;8BQ7;8BVX;8CEX;8CEY;	ENSMUST00000032406.15;
O08762	O08762;	6H8M;	ENSMUST00000029603.10;
O08785	O08785;	4F3L;5VJI;5VJX;8OSJ;8OSK;8OSL;	ENSMUST00000075159.5 [O08785-1];ENSMUST00000202651.4 [O08785-1];
O08788	O08788;		ENSMUST00000113918.8 [O08788-2];ENSMUST00000113919.10 [O08788-1];
O08789	O08789;		ENSMUST00000000291.9;
O08790	O08790;		ENSMUST00000054871.12;ENSMUST00000115565.2;
O08791	O08791;		ENSMUST00000033378.13 [O08791-2];ENSMUST00000210774.2 [O08791-1];
O08792	O08792;		ENSMUST00000022637.14;ENSMUST00000176029.2;ENSMUST00000176161.8;
O08795	O08795;	5F0E;5H9O;5HJO;5HJR;5IED;5IEE;5IEF;5IEG;7JTY;7K9N;7K9O;7K9Q;7K9T;7KAD;7KB6;7KB8;7KBJ;7KBR;7KRY;7L9E;	ENSMUST00000003493.9 [O08795-1];ENSMUST00000115331.10 [O08795-2];ENSMUST00000216344.2 [O08795-1];
O08796	O08796;		ENSMUST00000047875.16;ENSMUST00000106488.3;ENSMUST00000106489.9;
O08807	O08807;	3VWU;3VWV;3W8J;3WGX;	ENSMUST00000026328.11;
O08808	O08808;	1V9D;1Z2C;2BAP;2BNX;2F31;2V8F;3EG5;3O4X;3OBV;4UWX;8RU2;9B27;9B3D;	ENSMUST00000115634.8;
O08811	O08811;		ENSMUST00000062831.16;
O08832	O08832;		ENSMUST00000161240.4;
O08842	O08842;		ENSMUST00000022699.10 [O08842-1];ENSMUST00000227697.2 [O08842-2];
O08848	O08848;		ENSMUST00000159879.2;
O08849	O08849;		ENSMUST00000127206.8;
O08852			ENSMUST00000035565.5;
O08858	O08858;		ENSMUST00000051864.6;ENSMUST00000165183.11;ENSMUST00000249773.1;ENSMUST00000249774.1;ENSMUST00000249775.1;
O08859	O08859;		ENSMUST00000065927.6;
O08863	O08863;		
O08900	O08900;		ENSMUST00000103141.4;
O08901	O08901;		
O08908	O08908;	2Y3A;	ENSMUST00000034296.15;
O08911	O08911;		ENSMUST00000088827.8;
O08912	O08912;	1XHB;8V9Q;	ENSMUST00000000430.14;ENSMUST00000170243.8;ENSMUST00000178605.2;
O08914	O08914;		ENSMUST00000049095.6;
O08915	O08915;	8H77;	ENSMUST00000025767.14;ENSMUST00000117831.8;
O08917	O08917;		ENSMUST00000001569.15;
O08919	O08919;		ENSMUST00000079258.7;
O08934	O08934;		ENSMUST00000172997.3;
O08966	O08966;		ENSMUST00000024596.10;
O08967	O08967;	1FGY;1FGZ;1FHW;1FHX;1U2B;2R09;2R0D;6BBP;6BBQ;	ENSMUST00000116456.10;
O08969	O08969;		ENSMUST00000010904.5;
O08983	O08983;		
O08992	O08992;		ENSMUST00000029912.11;
O09000	O09000;		
O09005	O09005;		ENSMUST00000035295.6;
O09008	O09008;	2J0A;2J0B;	ENSMUST00000018313.6;
O09009	O09009;		ENSMUST00000026156.8;
O09010	O09010;		ENSMUST00000031555.3;
O09012	O09012;		ENSMUST00000035861.6 [O09012-1];ENSMUST00000080557.12 [O09012-2];ENSMUST00000112531.8 [O09012-2];ENSMUST00000112532.8 [O09012-1];
O09037	O09037;		ENSMUST00000101272.3;
O09039	O09039;	7R8W;7R8X;	ENSMUST00000040308.14;ENSMUST00000086310.8;ENSMUST00000122426.8;
O09043	O09043;		ENSMUST00000002274.10;
O09044	O09044;		ENSMUST00000028743.10;ENSMUST00000110711.9;
O09046	O09046;		
O09047	O09047;		ENSMUST00000042081.9;
O09049	O09049;		ENSMUST00000032089.3;
O09051	O09051;		ENSMUST00000044426.8;
O09053	O09053;	2E6L;2E6M;	ENSMUST00000033990.7;ENSMUST00000033991.13;
O09061	O09061;	3UNB;3UNE;3UNF;3UNH;5L65;5L66;5L67;5L68;5L69;5L6A;5L6B;5L6C;8YPK;8YVP;	ENSMUST00000014913.11;
O09100	O09100;		ENSMUST00000015197.9;ENSMUST00000170089.8;
O09102	O09102;		
O09105	O09105;		ENSMUST00000061571.5;
O09106	O09106;		ENSMUST00000102597.5;
O09110	O09110;	1LEZ;	ENSMUST00000019076.10 [O09110-1];
O09112	O09112;		ENSMUST00000039926.10;
O09113	O09113;		ENSMUST00000022195.13;
O09114	O09114;	2CZT;2CZU;2E4J;2KTD;2RQ0;	ENSMUST00000015234.13 [O09114-1];ENSMUST00000114251.8 [O09114-1];ENSMUST00000114259.3 [O09114-1];
O09118	O09118;	4OVE;8SNP;	ENSMUST00000021284.4;ENSMUST00000108674.9;
O09126	O09126;		ENSMUST00000021900.14;ENSMUST00000110039.2;ENSMUST00000110040.9;
O09127	O09127;	8J1I;	ENSMUST00000030420.9;
O09130	O09130;	3A4R;3A4S;	ENSMUST00000075671.5;
O09131	O09131;		ENSMUST00000026050.8;
O09159	O09159;		ENSMUST00000034121.11;
O09160	O09160;		ENSMUST00000008605.6;
O09161	O09161;		ENSMUST00000029454.12;
O09164	O09164;		ENSMUST00000101208.6;
O09165	O09165;		ENSMUST00000003554.11;
O09167	O09167;	6SWA;7CPU;7CPV;7LS1;7LS2;	ENSMUST00000035983.12;ENSMUST00000075453.9;ENSMUST00000099272.3;
O09172	O09172;		ENSMUST00000029769.14;
O09173	O09173;		ENSMUST00000160847.2;
O09174	O09174;		ENSMUST00000070877.7;
O09198	O09198;		ENSMUST00000028853.7 [O09198-2];ENSMUST00000028854.15 [O09198-1];
O35047	O35047;	2MH2;	ENSMUST00000019447.15;
O35054	O35054;		ENSMUST00000051401.4;
O35074	O35074;		ENSMUST00000018113.8;
O35082	O35082;		ENSMUST00000078856.8 [O35082-1];
O35083	O35083;		
O35084	O35084;		ENSMUST00000165764.8;
O35085	O35085;		ENSMUST00000046565.13;ENSMUST00000113947.6;
O35089	O35089;	7LDD;7LDE;7LEP;	ENSMUST00000025805.8;
O35099	O35099;		ENSMUST00000095806.10;
O35111	O35111;		ENSMUST00000066295.5;
O35114	O35114;		ENSMUST00000031377.9;
O35118	O35118;		ENSMUST00000025224.9;
O35125	O35125;		ENSMUST00000032218.10;ENSMUST00000112475.9;
O35126	O35126;		ENSMUST00000088357.12;ENSMUST00000129411.7;
O35129	O35129;		ENSMUST00000004375.16;
O35130	O35130;		ENSMUST00000004379.8;
O35134	O35134;		ENSMUST00000055296.11;
O35136	O35136;		ENSMUST00000037785.14 [O35136-2];ENSMUST00000067602.5 [O35136-1];
O35137	O35137;		ENSMUST00000042078.10;
O35143	O35143;		ENSMUST00000067496.7;
O35144	O35144;		ENSMUST00000068421.13 [O35144-1];ENSMUST00000116425.3 [O35144-2];
O35149	O35149;		ENSMUST00000005952.11;
O35160	O35160;		ENSMUST00000026259.16;
O35161			ENSMUST00000016172.10;
O35173	O35173;		ENSMUST00000045196.4;
O35174	O35174;		ENSMUST00000072868.5;ENSMUST00000228725.2;
O35177	O35177;		ENSMUST00000021794.14;
O35181	O35181;		ENSMUST00000166968.9;
O35182	O35182;		ENSMUST00000041029.6;
O35185	O35185;		ENSMUST00000032194.11;
O35188	O35188;		ENSMUST00000034230.7;
O35206	O35206;	1DY2;	ENSMUST00000102917.11;
O35216	O35216;		ENSMUST00000144742.6;
O35219	O35219;		
O35226	O35226;		ENSMUST00000071664.12 [O35226-2];ENSMUST00000107237.8 [O35226-1];ENSMUST00000117355.2 [O35226-3];
O35227	O35227;		ENSMUST00000022640.8;
O35231	O35231;		ENSMUST00000034240.15 [O35231-1];ENSMUST00000169353.3 [O35231-2];
O35235	O35235;	1IQA;1JTZ;1S55;3ME2;3QBQ;4E4D;4GIQ;	ENSMUST00000022592.8 [O35235-1];
O35245	O35245;		ENSMUST00000086831.4 [O35245-1];
O35250	O35250;	2PFT;	ENSMUST00000021147.14 [O35250-1];ENSMUST00000106411.10 [O35250-2];
O35253	O35253;	7CD1;	ENSMUST00000026999.10 [O35253-1];
O35261	O35261;		ENSMUST00000102948.11;
O35280	O35280;		ENSMUST00000034625.12 [O35280-1];ENSMUST00000172702.9 [O35280-1];
O35284	O35284;		ENSMUST00000040536.6;
O35286	O35286;		ENSMUST00000031061.12;
O35295	O35295;		ENSMUST00000179343.3;
O35298	O35298;	5W7D;5W7E;5W7F;	ENSMUST00000021757.5;
O35304	O35304;		
O35305	O35305;	3ME2;3ME4;3QBQ;4GIQ;5BNQ;	ENSMUST00000027559.9;
O35309	O35309;		ENSMUST00000028314.9;ENSMUST00000112705.9;ENSMUST00000145481.8;
O35310	O35310;	1VKJ;3UAN;	ENSMUST00000053116.7;ENSMUST00000117944.2;
O35316	O35316;		ENSMUST00000032185.9;
O35317	O35317;		ENSMUST00000040638.15 [O35317-1];ENSMUST00000113132.9 [O35317-2];
O35324	O35324;	1I3Z;	
O35343	O35343;		ENSMUST00000194558.6;
O35345	O35345;		ENSMUST00000102590.11;
O35350	O35350;		ENSMUST00000025891.11;ENSMUST00000164843.10;
O35375	O35375;		ENSMUST00000027112.13 [O35375-6];ENSMUST00000063594.13 [O35375-4];ENSMUST00000075144.12 [O35375-3];ENSMUST00000102822.9 [O35375-2];ENSMUST00000114155.8 [O35375-5];ENSMUST00000114157.3 [O35375-1];
O35379	O35379;		ENSMUST00000100167.10;
O35381	O35381;	2JQD;	ENSMUST00000085519.13;
O35382	O35382;		ENSMUST00000052266.15;
O35385	O35385;		ENSMUST00000031359.9;ENSMUST00000201130.4;
O35386	O35386;		ENSMUST00000027975.8;
O35387	O35387;		ENSMUST00000079724.9;
O35393	O35393;	3D12;	ENSMUST00000004036.6;
O35400	O35400;		ENSMUST00000075571.16 [O35400-1];
O35405	O35405;	8V05;8V06;8V07;	ENSMUST00000117095.8;ENSMUST00000117611.8;
O35409	O35409;		ENSMUST00000001824.7;
O35423	O35423;	3KGW;3KGX;	ENSMUST00000027491.7 [O35423-1];
O35425	O35425;		ENSMUST00000027499.13 [O35425-1];ENSMUST00000201863.4 [O35425-1];
O35426	O35426;		ENSMUST00000063084.16 [O35426-1];ENSMUST00000239150.3 [O35426-2];
O35435	O35435;		ENSMUST00000123605.9;
O35437	O35437;		ENSMUST00000049930.9;
O35445	O35445;		ENSMUST00000015622.8;
O35449	O35449;		ENSMUST00000015620.7;
O35451	O35451;		
O35452			ENSMUST00000087399.5;
O35453	O35453;		ENSMUST00000108102.9 [O35453-1];
O35454	O35454;		ENSMUST00000030879.12 [O35454-1];
O35457	O35457;		ENSMUST00000111888.3;ENSMUST00000199839.5;
O35464	O35464;	3AFC;3AL8;3OKW;3OKY;	ENSMUST00000019791.14 [O35464-1];ENSMUST00000076043.13 [O35464-3];ENSMUST00000156422.8 [O35464-1];
O35465	O35465;		ENSMUST00000075491.14 [O35465-2];ENSMUST00000119353.9 [O35465-1];ENSMUST00000119698.8 [O35465-2];
O35468	O35468;		ENSMUST00000018630.3;
O35473	O35473;		ENSMUST00000000594.9;
O35484	O35484;	3BTN;	ENSMUST00000065308.13;ENSMUST00000110329.8;
O35488	O35488;		ENSMUST00000061491.14;
O35491	O35491;		ENSMUST00000121212.9;
O35492	O35492;		ENSMUST00000065330.8;
O35493	O35493;		ENSMUST00000093132.13 [O35493-1];ENSMUST00000109111.2 [O35493-2];ENSMUST00000109113.8 [O35493-2];
O35495	O35495;		ENSMUST00000030763.13 [O35495-1];ENSMUST00000115450.8 [O35495-2];ENSMUST00000115451.8 [O35495-2];
O35516	O35516;		ENSMUST00000079812.8 [O35516-1];
O35526	O35526;		ENSMUST00000005509.11;
O35544	O35544;		ENSMUST00000005490.10;
O35551	O35551;		ENSMUST00000076270.13 [O35551-1];ENSMUST00000081362.13 [O35551-3];ENSMUST00000100928.11 [O35551-5];ENSMUST00000108533.10 [O35551-6];ENSMUST00000178245.2 [O35551-2];
O35565	O35565;		ENSMUST00000022246.9;
O35566	O35566;		ENSMUST00000058746.7;ENSMUST00000106000.10;ENSMUST00000177840.9;
O35593	O35593;		ENSMUST00000028278.14;
O35594	O35594;		ENSMUST00000031426.14 [O35594-1];
O35595	O35595;		ENSMUST00000030443.12;
O35598	O35598;		ENSMUST00000067880.13;
O35599	O35599;		ENSMUST00000033771.11;
O35600	O35600;		ENSMUST00000013995.13;
O35601	O35601;		ENSMUST00000090461.12 [O35601-1];
O35604	O35604;		ENSMUST00000025279.6;
O35607	O35607;		ENSMUST00000087435.7;
O35608	O35608;		ENSMUST00000033846.7;
O35613	O35613;		
O35615	O35615;	1SRK;2MPL;	ENSMUST00000054052.15;
O35618	O35618;		ENSMUST00000067429.10 [O35618-1];ENSMUST00000188090.7 [O35618-1];
O35621	O35621;		ENSMUST00000023112.12;
O35622	O35622;		ENSMUST00000033389.7;
O35625	O35625;	3UTM;8VME;8VMF;	ENSMUST00000074370.11 [O35625-1];ENSMUST00020183805.1 [O35625-2];
O35627	O35627;	1XLS;1XNX;	ENSMUST00000005820.11 [O35627-1];ENSMUST00000075469.12 [O35627-2];
O35632	O35632;		ENSMUST00000010191.13;ENSMUST00000195752.6;
O35633	O35633;		ENSMUST00000045738.5 [O35633-1];
O35638	O35638;		ENSMUST00000069619.14;ENSMUST00000115072.8;
O35639	O35639;		ENSMUST00000031447.12;
O35643	O35643;		ENSMUST00000009234.16;
O35646	O35646;		ENSMUST00000087316.6;
O35648	O35648;		ENSMUST00000022009.10;
O35655	O35655;		ENSMUST00000071204.12;
O35657	O35657;	8DU5;	ENSMUST00000007253.6;
O35658	O35658;		
O35659	O35659;		ENSMUST00000114574.3;ENSMUST00000236038.2;
O35664	O35664;		ENSMUST00000023693.14 [O35664-1];ENSMUST00000089042.7 [O35664-2];ENSMUST00000117836.8 [O35664-3];
O35668	O35668;		ENSMUST00000103124.11 [O35668-2];ENSMUST00000138603.9 [O35668-1];
O35671	O35671;		ENSMUST00000076260.12;ENSMUST00000173729.8;ENSMUST00000232072.2;
O35674	O35674;		ENSMUST00000011400.8;
O35678	O35678;		ENSMUST00000089449.5 [O35678-1];ENSMUST00000113585.9 [O35678-1];ENSMUST00000150180.4 [O35678-2];
O35681	O35681;		
O35685	O35685;	1WFI;2CR0;	ENSMUST00000030665.7;
O35690	O35690;		ENSMUST00000012664.11;
O35696	O35696;		ENSMUST00000026896.10;
O35701	O35701;		ENSMUST00000020899.5;
O35704	O35704;		ENSMUST00000021920.8;
O35710	O35710;		ENSMUST00000023849.15 [O35710-1];ENSMUST00000144826.2 [O35710-2];
O35714	O35714;	7E57;7KHX;7RFP;	ENSMUST00000040274.13 [O35714-4];ENSMUST00000103173.10 [O35714-1];
O35716	O35716;		ENSMUST00000038099.6;ENSMUST00000229866.2;
O35717	O35717;		ENSMUST00000020215.16;ENSMUST00000119917.2;ENSMUST00000170690.8;ENSMUST00000172070.8;
O35718	O35718;	2BBU;2HMH;2JZ3;4GL9;	ENSMUST00000054002.4;
O35719	O35719;		ENSMUST00000079533.12 [O35719-2];ENSMUST00000171210.3 [O35719-1];ENSMUST00000218039.3 [O35719-1];
O35728	O35728;		ENSMUST00000030487.3;
O35730	O35730;		ENSMUST00000025183.9 [O35730-1];
O35732	O35732;		ENSMUST00000069333.8 [O35732-1];ENSMUST00000114309.8 [O35732-2];ENSMUST00000114313.8 [O35732-1];
O35738	O35738;		ENSMUST00000097079.5;ENSMUST00000228216.2;
O35739	O35739;		
O35740	O35740;		ENSMUST00000038107.9 [O35740-1];ENSMUST00000219558.2 [O35740-1];
O35744	O35744;	1E9L;1VF8;8P8Q;8P8R;	ENSMUST00000063062.9;
O35855	O35855;		ENSMUST00000033098.16;
O35864	O35864;		ENSMUST00000027050.10;
O35874	O35874;		ENSMUST00000109594.8;
O35885	O35885;		ENSMUST00000009392.6;
O35902	O35902;		
O35903	O35903;		ENSMUST00000024004.9;
O35904	O35904;	2WXF;2WXG;2WXH;2WXI;2WXJ;2WXK;2WXL;2WXM;2WXN;2WXO;2WXP;2WXQ;2WXR;2X38;4AJW;4V0I;4XE0;5AE8;5AE9;5I4U;5I6U;5IS5;5L72;5NCY;5NCZ;5NGB;5O83;5T27;5T28;5T2B;5T2D;5T2G;5T2I;5T2L;5T2M;5T7F;5T8I;6DGT;6EYZ;6EZ6;6GY0;6HI9;6MUL;6MUM;	ENSMUST00000105689.8 [O35904-1];
O35906	O35906;		ENSMUST00000035323.6 [O35906-1];
O35914	O35914;		
O35926	O35926;		ENSMUST00000160379.4;
O35927	O35927;		
O35929	O35929;		ENSMUST00000000369.4;
O35930	O35930;	6EJX;	ENSMUST00000055184.7;ENSMUST00000108551.3;
O35936	O35936;		ENSMUST00000021262.10;
O35942	O35942;		ENSMUST00000027931.8;
O35943	O35943;		ENSMUST00000081333.11;
O35945	O35945;		ENSMUST00000025656.4;
O35949	O35949;		ENSMUST00000237098.2;
O35954	O35954;		ENSMUST00000049658.14;ENSMUST00000100022.4;
O35955	O35955;	3UNF;3UNH;	ENSMUST00000034369.10;
O35963	O35963;	1Z06;2G77;6SUR;	ENSMUST00000054387.8;
O35969	O35969;		ENSMUST00000020359.7 [O35969-2];ENSMUST00000105363.8 [O35969-1];
O35973	O35973;	4DJ2;	ENSMUST00000021271.14;ENSMUST00000166748.8;
O35975	O35975;		ENSMUST00000063920.3;
O35980	O35980;		ENSMUST00000047611.4;
O35988	O35988;		ENSMUST00000017153.4;
O54689	O54689;		ENSMUST00000097418.8;ENSMUST00000164411.10;ENSMUST00000166348.10;ENSMUST00000167956.10;ENSMUST00000177568.9;ENSMUST00000180103.3;ENSMUST00000231545.2;
O54693	O54693;		ENSMUST00000113778.8 [O54693-3];ENSMUST00000113779.8 [O54693-1];ENSMUST00000113780.8 [O54693-6];
O54709	O54709;	1HQ8;4PP8;	ENSMUST00000032252.8 [O54709-1];ENSMUST00000095412.10 [O54709-2];
O54714	O54714;		ENSMUST00000064900.16 [O54714-1];ENSMUST00000107076.10 [O54714-2];ENSMUST00000107077.4 [O54714-3];
O54724	O54724;	4QKV;	ENSMUST00000060792.6;
O54732	O54732;		ENSMUST00000034243.7;
O54743	O54743;		ENSMUST00000042054.3;
O54751	O54751;		ENSMUST00000044434.13;
O54752	O54752;		
O54754	O54754;		
O54774	O54774;		ENSMUST00000020420.9;
O54775	O54775;		ENSMUST00000005255.9;
O54781	O54781;		
O54784	O54784;		ENSMUST00000047665.7;ENSMUST00000178422.9;ENSMUST00000219850.2;
O54785	O54785;	2YUB;	ENSMUST00000101638.4 [O54785-1];ENSMUST00000101642.10 [O54785-2];ENSMUST00000110029.9 [O54785-3];
O54786	O54786;	1F2R;	ENSMUST00000030816.4 [O54786-1];ENSMUST00000103216.10 [O54786-2];
O54788	O54788;	1C9F;1F2R;1V0D;	ENSMUST00000030893.3;
O54790	O54790;	1K1V;3A5T;	ENSMUST00000058162.14;ENSMUST00000106180.2;ENSMUST00000106181.8;ENSMUST00000106182.8;
O54794	O54794;		ENSMUST00000030136.13;ENSMUST00000054945.8;
O54799	O54799;		ENSMUST00000020015.10;
O54803	O54803;		ENSMUST00000023441.11;
O54804	O54804;		ENSMUST00000025760.13 [O54804-1];ENSMUST00000072055.13 [O54804-2];
O54824	O54824;		ENSMUST00000001792.12 [O54824-1];ENSMUST00000145610.8 [O54824-2];
O54825	O54825;		ENSMUST00000024783.9;
O54827	O54827;		ENSMUST00000168747.3;
O54828	O54828;	2PBI;	ENSMUST00000020920.10 [O54828-1];ENSMUST00000106706.8 [O54828-2];
O54829	O54829;		ENSMUST00000027812.11;ENSMUST00000192227.6;
O54833	O54833;		ENSMUST00000056919.9;ENSMUST00000212214.2;
O54834	O54834;		ENSMUST00000033721.13 [O54834-1];ENSMUST00000112127.2 [O54834-4];ENSMUST00000112131.9 [O54834-3];
O54839	O54839;		ENSMUST00000035020.15 [O54839-1];ENSMUST00000111763.8 [O54839-2];
O54851	O54851;		ENSMUST00000090275.5;
O54863	O54863;		ENSMUST00000055374.8;
O54864	O54864;		ENSMUST00000115636.4 [O54864-3];ENSMUST00000115638.10 [O54864-1];
O54879	O54879;		ENSMUST00000015361.11;ENSMUST00000072699.13;ENSMUST00000088874.10;ENSMUST00000114582.9;
O54885	O54885;		ENSMUST00000032800.10;
O54890	O54890;	5XQ1;6VGU;	ENSMUST00000021028.5;
O54901	O54901;	4BFI;	
O54904	O54904;		ENSMUST00000042456.4;ENSMUST00000112346.3;
O54905	O54905;		ENSMUST00000038252.4;
O54907	O54907;		ENSMUST00000181810.8;
O54908	O54908;		ENSMUST00000025803.9;
O54909	O54909;		ENSMUST00000071646.2;
O54915	O54915;		ENSMUST00000023504.5 [O54915-1];
O54916	O54916;	1FI6;	ENSMUST00000126390.8 [O54916-1];
O54917	O54917;		ENSMUST00000020908.9;
O54918	O54918;	1PQ1;	ENSMUST00000103210.2 [O54918-2];ENSMUST00000103211.8 [O54918-3];ENSMUST00000110341.9 [O54918-1];
O54926	O54926;		ENSMUST00000021728.12 [O54926-1];ENSMUST00000109755.5 [O54926-2];
O54928	O54928;	2N34;	ENSMUST00000041369.8;
O54931	O54931;		ENSMUST00000043456.12 [O54931-1];ENSMUST00000098064.9 [O54931-2];ENSMUST00000102902.4 [O54931-3];ENSMUST00000102903.8 [O54931-3];ENSMUST00000102904.10 [O54931-7];ENSMUST00000102905.8 [O54931-7];ENSMUST00000107598.9 [O54931-2];
O54940	O54940;		ENSMUST00000034754.12;
O54941	O54941;		ENSMUST00000103133.4;
O54942	O54942;		ENSMUST00000043577.3;
O54943	O54943;	3GDI;4CT0;4U8H;8OKF;	
O54946	O54946;		ENSMUST00000008733.15 [O54946-1];ENSMUST00000114839.8 [O54946-2];
O54949	O54949;		ENSMUST00000142739.8;
O54950	O54950;		ENSMUST00000168846.3;
O54951	O54951;		ENSMUST00000001256.11;ENSMUST00000167545.3;
O54957	O54957;		ENSMUST00000032997.8;
O54962	O54962;		ENSMUST00000025762.16;ENSMUST00000170010.3;ENSMUST00000237167.2;
O54965	O54965;		ENSMUST00000041826.14 [O54965-1];ENSMUST00000199041.2 [O54965-2];
O54967	O54967;		
O54972	O54972;		ENSMUST00000006525.14 [O54972-2];
O54982	O54982;		ENSMUST00000098858.11 [O54982-1];ENSMUST00000120653.8 [O54982-2];
O54984	O54984;		ENSMUST00000064314.10;
O54988	O54988;		ENSMUST00000026043.12 [O54988-2];ENSMUST00000051691.8 [O54988-1];
O54990	O54990;		
O54991	O54991;		ENSMUST00000103109.4;
O54992	O54992;		ENSMUST00000031410.14 [O54992-1];ENSMUST00000111782.8 [O54992-4];ENSMUST00000111783.8 [O54992-5];ENSMUST00000111786.9 [O54992-3];
O54998	O54998;		ENSMUST00000002809.14;
O55003	O55003;		ENSMUST00000106112.2;
O55013	O55013;	1WC8;1WC9;2J3R;2J3T;2J3W;2PWN;	ENSMUST00000030660.9;
O55017	O55017;		ENSMUST00000041342.12 [O55017-1];
O55022	O55022;		ENSMUST00000073339.7;
O55023	O55023;	4AS5;	
O55026	O55026;		ENSMUST00000028328.3 [O55026-1];
O55028	O55028;		ENSMUST00000071056.14;
O55029	O55029;	5A1U;5A1V;5A1W;5A1X;5A1Y;5NZR;5NZS;5NZT;5NZU;5NZV;	ENSMUST00000035033.7;
O55033	O55033;		ENSMUST00000086421.9;
O55038	O55038;	5IZB;5L7M;	ENSMUST00000023840.7;
O55042	O55042;	8UIE;	ENSMUST00000114268.5 [O55042-1];ENSMUST00000163779.8 [O55042-1];
O55047	O55047;		ENSMUST00000015107.13 [O55047-1];ENSMUST00000092537.10 [O55047-2];ENSMUST00000106939.9 [O55047-1];
O55055	O55055;		ENSMUST00000124488.7;
O55070	O55070;		ENSMUST00000026315.8;
O55074	O55074;		ENSMUST00000100012.3 [O55074-1];
O55082	O55082;		ENSMUST00000022508.8 [O55082-1];ENSMUST00000226512.2 [O55082-2];
O55087	O55087;		
O55091	O55091;		ENSMUST00000025290.7;
O55098	O55098;		ENSMUST00000102821.4;
O55100	O55100;		ENSMUST00000009727.12 [O55100-1];ENSMUST00000009728.13 [O55100-2];
O55102	O55102;		ENSMUST00000026405.10;
O55103	O55103;		ENSMUST00000108355.2 [O55103-2];
O55111	O55111;		ENSMUST00000059787.15;
O55112	O55112;		ENSMUST00000033532.7;
O55123	O55123;		ENSMUST00000034488.4;
O55127	O55127;		
O55128	O55128;	4A6Q;4A8X;4A90;	
O55131	O55131;		
O55134	O55134;		ENSMUST00000025311.8;
O55135	O55135;		ENSMUST00000029142.15;
O55137	O55137;		ENSMUST00000168120.3;
O55142	O55142;	6SWA;7CPU;7CPV;7LS1;7LS2;	ENSMUST00000078804.12;ENSMUST00000115075.2;ENSMUST00000115076.8;ENSMUST00000115078.8;ENSMUST00000115079.8;
O55143	O55143;		ENSMUST00000031423.10 [O55143-1];ENSMUST00000177974.8 [O55143-2];ENSMUST00000179939.8 [O55143-1];
O55144	O55144;		ENSMUST00000037746.8;
O55176	O55176;		ENSMUST00000036354.7 [O55176-3];ENSMUST00000113792.2 [O55176-3];ENSMUST00000167246.2 [O55176-3];
O55183	O55183;		ENSMUST00000014957.10;
O55186	O55186;		ENSMUST00000040423.12;ENSMUST00000168176.8;
O55187	O55187;		ENSMUST00000026665.8 [O55187-1];
O55188	O55188;		ENSMUST00000066708.7;
O55192	O55192;		ENSMUST00000072939.8;ENSMUST00000165470.9;
O55201	O55201;		ENSMUST00000003527.10 [O55201-1];ENSMUST00000209141.2 [O55201-1];
O55203	O55203;		ENSMUST00000070748.10 [O55203-1];ENSMUST00000199256.5 [O55203-3];ENSMUST00000199534.5 [O55203-2];
O55208	O55208;		ENSMUST00000032070.4;
O55222	O55222;		ENSMUST00000033182.10;ENSMUST00000163389.9;
O55225			ENSMUST00000164538.2 [O55225-1];
O55229	O55229;		ENSMUST00000023289.13;
O55230	O55230;		ENSMUST00000018985.15 [O55230-1];
O55233	O55233;		ENSMUST00000048430.4;
O55234	O55234;	3UNB;3UNE;8YPK;8YVP;	ENSMUST00000022803.6;
O55236	O55236;	1I9S;1I9T;3RTX;	ENSMUST00000108153.9;
O55237	O55237;		ENSMUST00000019633.8;
O55239	O55239;	2I62;5XVK;5YJI;	ENSMUST00000034808.12;
O55240	O55240;		ENSMUST00000026406.14;
O55241	O55241;		ENSMUST00000055083.4;
O55242	O55242;		ENSMUST00000059354.15 [O55242-1];ENSMUST00000071561.7 [O55242-2];
O70126	O70126;		ENSMUST00000021277.6;ENSMUST00000108666.8;
O70131	O70131;	9BIA;	ENSMUST00000049022.15;
O70133	O70133;	1UIL;1WHQ;2RS6;2RS7;	
O70138	O70138;		ENSMUST00000018765.4;
O70145	O70145;		ENSMUST00000027754.7;ENSMUST00000186568.7;
O70146	O70146;		ENSMUST00000060864.13;
O70152	O70152;		ENSMUST00000138667.2;ENSMUST00000154111.8;
O70157	O70157;		ENSMUST00000002891.11;
O70161	O70161;	1Y19;2H7D;2H7E;	ENSMUST00000105327.10 [O70161-1];ENSMUST00000163075.8 [O70161-3];
O70165	O70165;		ENSMUST00000028307.9;
O70166	O70166;		ENSMUST00000103045.4;
O70167	O70167;		
O70172	O70172;		ENSMUST00000006912.12;
O70174	O70174;		ENSMUST00000067120.14;
O70176	O70176;		ENSMUST00000064775.8;ENSMUST00000234081.2;
O70191	O70191;		ENSMUST00000047356.11;ENSMUST00000107893.9;
O70194	O70194;		ENSMUST00000100484.6;
O70200	O70200;	1WY9;	ENSMUST00000025257.12;ENSMUST00000172693.8;ENSMUST00000173324.8;
O70201	O70201;	1M4M;	ENSMUST00000081387.11 [O70201-1];ENSMUST00000093906.5 [O70201-2];
O70228	O70228;		ENSMUST00000029060.11;ENSMUST00000178504.8;
O70237	O70237;		ENSMUST00000028156.8;
O70250	O70250;		ENSMUST00000020768.4;
O70255	O70255;		
O70258	O70258;		ENSMUST00000115577.9 [O70258-2];ENSMUST00000115579.8 [O70258-1];
O70263	O70263;	3VQF;3VQG;	ENSMUST00000039744.13 [O70263-2];ENSMUST00000087161.10 [O70263-1];ENSMUST00000117388.8 [O70263-1];ENSMUST00000117525.8 [O70263-2];
O70274	O70274;	5K24;	ENSMUST00000030578.14;ENSMUST00000165853.2;
O70281	O70281;		ENSMUST00000040721.9;ENSMUST00000118993.8;
O70283	O70283;		ENSMUST00000029429.6;
O70293	O70293;		ENSMUST00000001115.16 [O70293-2];ENSMUST00000224118.2 [O70293-1];
O70299	O70299;		ENSMUST00000075422.6;
O70302	O70302;		ENSMUST00000025404.10;
O70303	O70303;		ENSMUST00000001497.9;
O70305	O70305;		
O70306	O70306;		ENSMUST00000029462.10;
O70309	O70309;		
O70310	O70310;		ENSMUST00000021314.8;
O70318	O70318;		ENSMUST00000053748.16;ENSMUST00000092645.7;
O70324	O70324;		ENSMUST00000042664.10;
O70325		5L71;	ENSMUST00000097227.11 [O70325-3];ENSMUST00000105372.9 [O70325-1];
O70326	O70326;		ENSMUST00000099575.4;
O70337	O70337;		ENSMUST00000016902.5;ENSMUST00000230912.2;
O70342	O70342;		ENSMUST00000070810.8;ENSMUST00000211920.2;ENSMUST00000212563.2;
O70343	O70343;	3F7D;	ENSMUST00000132734.8 [O70343-1];ENSMUST00000151104.8 [O70343-4];
O70348	O70348;	3FQI;3FQJ;4J7L;4J7M;4J7N;5ULI;6AIX;6AIY;6WRE;6WUF;6WUK;	
O70361	O70361;	4DJ3;	ENSMUST00000103204.11;
O70362	O70362;		
O70370	O70370;	4BPV;4BQV;4BS5;4BS6;4BSQ;4MZO;4MZS;	ENSMUST00000116304.3;
O70372	O70372;		ENSMUST00000022104.9;
O70373	O70373;		
O70374	O70374;	5ECJ;	ENSMUST00000045270.15 [O70374-1];
O70394	O70394;	7Z0L;7ZG0;	ENSMUST00000005601.9;
O70400	O70400;		ENSMUST00000068439.13;
O70404	O70404;	3ZYM;	
O70405	O70405;		
O70421	O70421;		ENSMUST00000054294.7;
O70423	O70423;		ENSMUST00000103105.10 [O70423-1];
O70433	O70433;		ENSMUST00000008280.14;ENSMUST00000185893.2;
O70435	O70435;	3UNB;3UNE;3UNF;3UNH;8YPK;8YVP;	ENSMUST00000160027.8;
O70443	O70443;		ENSMUST00000037813.5;ENSMUST00000159991.2;
O70445	O70445;		ENSMUST00000027393.8;
O70451	O70451;		ENSMUST00000063318.10;ENSMUST00000105257.4;ENSMUST00000210780.2;ENSMUST00000211781.2;
O70456	O70456;		ENSMUST00000057311.4;
O70458	O70458;		
O70460	O70460;		ENSMUST00000102957.6;
O70468	O70468;	4EDQ;	
O70469	O70469;		ENSMUST00000022698.8;
O70475	O70475;		ENSMUST00000031103.14;
O70477	O70477;		ENSMUST00000097352.11;ENSMUST00000175806.9;ENSMUST00000176701.4;
O70480	O70480;	2NPS;	ENSMUST00000135241.8;ENSMUST00000150040.8;ENSMUST00000155003.2;
O70481	O70481;		ENSMUST00000028728.6;
O70491	O70491;		
O70492	O70492;		
O70494	O70494;		ENSMUST00000066003.7 [O70494-2];ENSMUST00000102689.10 [O70494-1];
O70496	O70496;		ENSMUST00000040729.9;
O70497	O70497;		ENSMUST00000028179.15;
O70503	O70503;		ENSMUST00000028619.5 [O70503-1];
O70507	O70507;		ENSMUST00000034889.10;
O70514	O70514;		ENSMUST00000061299.9;ENSMUST00000199481.2;ENSMUST00000199894.2;
O70546	O70546;		ENSMUST00000044484.13 [O70546-1];ENSMUST00000052368.9 [O70546-2];
O70548	O70548;		ENSMUST00000008021.3;
O70551	O70551;		ENSMUST00000130643.9;
O70552	O70552;		ENSMUST00000114431.4;ENSMUST00000213680.2;
O70566	O70566;		ENSMUST00000113320.3;
O70571	O70571;		ENSMUST00000019721.7;
O70572	O70572;		ENSMUST00000019965.13;
O70576	O70576;		ENSMUST00000048028.15;ENSMUST00000162245.8;
O70577	O70577;		ENSMUST00000046959.9 [O70577-1];ENSMUST00000233066.2 [O70577-2];
O70578	O70578;		ENSMUST00000021065.6;
O70579	O70579;		ENSMUST00000023040.9;
O70582	O70582;		ENSMUST00000036424.3;
O70583	O70583;		ENSMUST00000036753.12 [O70583-1];ENSMUST00000112104.8 [O70583-1];ENSMUST00000112105.8 [O70583-1];ENSMUST00000163810.9 [O70583-1];
O70584	O70584;		ENSMUST00000072631.6;
O70585	O70585;		ENSMUST00000101637.11 [O70585-2];ENSMUST00000164578.9 [O70585-1];
O70589	O70589;	1Y74;6Y9O;	ENSMUST00000033321.11 [O70589-4];ENSMUST00000115436.9 [O70589-3];ENSMUST00000115438.10 [O70589-5];
O70622	O70622;		ENSMUST00000032559.17 [O70622-1];ENSMUST00000108468.5 [O70622-2];
O70624	O70624;	5VR2;6NAX;	ENSMUST00000028020.11;
O70628	O70628;		ENSMUST00000047168.13 [O70628-1];ENSMUST00000127929.8 [O70628-1];
O88174	O88174;		ENSMUST00000162650.8 [O88174-1];
O88188	O88188;	3M7O;3T6Q;	ENSMUST00000021860.7;
O88196	O88196;		
O88199	O88199;		ENSMUST00000068690.7;ENSMUST00000167915.3;
O88207	O88207;		ENSMUST00000028280.14 [O88207-1];
O88271	O88271;		ENSMUST00000034432.7;
O88273	O88273;	4JPH;5HK5;	ENSMUST00000055294.4;
O88282	O88282;		ENSMUST00000000326.12;
O88286	O88286;		ENSMUST00000064694.14 [O88286-2];
O88291	O88291;		
O88307	O88307;		ENSMUST00000060989.9;
O88310	O88310;		ENSMUST00000043094.13;
O88312	O88312;		ENSMUST00000020898.12;
O88319	O88319;		ENSMUST00000029084.9;ENSMUST00000170448.2;
O88322	O88322;		ENSMUST00000022340.5;
O88325			ENSMUST00000001802.10;
O88329	O88329;		ENSMUST00000079590.7;
O88335	O88335;		ENSMUST00000047334.10 [O88335-1];ENSMUST00000213393.2 [O88335-1];
O88342	O88342;		ENSMUST00000005234.13;
O88343	O88343;		ENSMUST00000113216.9 [O88343-3];ENSMUST00000130041.8 [O88343-2];ENSMUST00000148750.8 [O88343-1];
O88351	O88351;		
O88379	O88379;		
O88384	O88384;	1GL2;2QYW;	
O88393	O88393;	4AJV;	
O88398	O88398;		ENSMUST00000026500.12;ENSMUST00000129173.2;
O88410	O88410;		ENSMUST00000056614.7;
O88413	O88413;		ENSMUST00000001562.9;
O88427	O88427;		
O88428	O88428;		ENSMUST00000025833.7;
O88444	O88444;		ENSMUST00000020706.5;
O88445	O88445;		ENSMUST00000086248.8;ENSMUST00000207711.2;ENSMUST00000208049.2;
O88447	O88447;	6FUZ;6FV0;	
O88448	O88448;	3ZFW;5FJY;6EJN;	
O88452	O88452;		ENSMUST00000020546.3;
O88454	O88454;	6PIS;	ENSMUST00000025908.8 [O88454-1];ENSMUST00000237484.2 [O88454-2];
O88455	O88455;		ENSMUST00000073878.12;ENSMUST00000124340.8;ENSMUST00000141916.8;
O88466	O88466;		
O88470	O88470;		ENSMUST00000051312.5;
O88477	O88477;	7WW3;	ENSMUST00000013559.3;
O88485	O88485;		ENSMUST00000115554.4 [O88485-2];ENSMUST00000115559.10 [O88485-1];
O88487	O88487;		ENSMUST00000081710.12;ENSMUST00000112138.8;
O88491	O88491;	2NAA;8FBG;8FBH;	
O88495	O88495;		ENSMUST00000070449.6;
O88502	O88502;		ENSMUST00000026672.8;
O88507	O88507;		ENSMUST00000102961.10;ENSMUST00000102962.10;
O88508	O88508;	3SW9;3SWC;	ENSMUST00000020991.15 [O88508-1];ENSMUST00000172689.8 [O88508-2];ENSMUST00000174817.8 [O88508-1];
O88509	O88509;	1KHC;	ENSMUST00000072997.10 [O88509-1];ENSMUST00000081628.13 [O88509-2];ENSMUST00000088976.12 [O88509-4];ENSMUST00000103150.10 [O88509-3];ENSMUST00000103151.8 [O88509-3];ENSMUST00000109772.8 [O88509-4];ENSMUST00000109773.8 [O88509-2];ENSMUST00000109774.9 [O88509-1];
O88513	O88513;	2ZXX;	ENSMUST00000006898.10;ENSMUST00000110382.9;
O88516	O88516;		ENSMUST00000108315.4 [O88516-2];
O88522	O88522;	2V4H;2ZVN;2ZVO;3F89;3JSV;4OWF;	ENSMUST00000114127.8;ENSMUST00000114128.8;ENSMUST00000114133.9;ENSMUST00000164101.8;
O88531	O88531;		ENSMUST00000030412.11;
O88533	O88533;		ENSMUST00000066237.10;ENSMUST00000109659.9;ENSMUST00000178704.8;
O88536	O88536;		ENSMUST00000064068.5;
O88543	O88543;		ENSMUST00000019517.10;
O88551	O88551;		ENSMUST00000023154.3;
O88552	O88552;	4P5H;	ENSMUST00000054889.4;
O88554	O88554;	1GS0;	ENSMUST00000036126.7;
O88559	O88559;		ENSMUST00000056391.15 [O88559-1];ENSMUST00000078137.12 [O88559-2];ENSMUST00000079327.12 [O88559-1];ENSMUST00000113500.8 [O88559-1];ENSMUST00000113504.10 [O88559-1];
O88561	O88561;		
O88566	O88566;		ENSMUST00000052915.14;
O88569	O88569;		ENSMUST00000069949.13 [O88569-3];ENSMUST00000114459.8 [O88569-1];ENSMUST00000203220.3 [O88569-2];ENSMUST00000203954.3 [O88569-1];ENSMUST00000204158.3 [O88569-3];ENSMUST00000204188.3 [O88569-3];
O88572	O88572;		
O88574	O88574;	2LD7;	ENSMUST00000034022.4;
O88576	O88576;		ENSMUST00000109679.4 [O88576-4];ENSMUST00000109680.10 [O88576-3];ENSMUST00000220650.2 [O88576-5];ENSMUST00000222029.2 [O88576-1];ENSMUST00000223026.2 [O88576-6];ENSMUST00000223074.2 [O88576-2];
O88587	O88587;	4P58;4P7F;	ENSMUST00000000335.12 [O88587-1];ENSMUST00000115609.10 [O88587-1];ENSMUST00000165430.8 [O88587-1];
O88593	O88593;		ENSMUST00000032573.8;
O88597	O88597;	3BL2;5YR0;	ENSMUST00000130916.8;
O88602	O88602;	3JXT;4X3H;5KBS;5KBT;5KBU;5WEO;8FP4;8FP9;8FPG;8FPS;8FQ1;8FQ5;8FQB;8FQF;9B5Z;9B60;9B61;9B63;9B64;9B67;9B6A;	ENSMUST00000019290.3;
O88609	O88609;		
O88621	O88621;		ENSMUST00000037824.6 [O88621-1];
O88622	O88622;	4FC2;4N9Y;4N9Z;4NA0;4NA4;4NA5;4NA6;	ENSMUST00000163350.8 [O88622-2];
O88623	O88623;		ENSMUST00000034508.14 [O88623-3];ENSMUST00000065461.9 [O88623-2];ENSMUST00000114830.9 [O88623-3];ENSMUST00000176416.8 [O88623-4];ENSMUST00000177054.8 [O88623-3];
O88632	O88632;		ENSMUST00000080560.9 [O88632-2];ENSMUST00000192727.6 [O88632-1];
O88634	O88634;	2PV9;	ENSMUST00000058099.9;
O88643	O88643;		
O88653	O88653;	1VET;1VEU;	ENSMUST00000168345.6;ENSMUST00000197064.5;
O88662	O88662;		ENSMUST00000078357.5;
O88665	O88665;		ENSMUST00000034085.8;
O88667	O88667;		
O88668	O88668;		ENSMUST00000111432.10;
O88673	O88673;		ENSMUST00000026414.9;
O88676	O88676;		ENSMUST00000030937.2 [O88676-1];
O88689	O88689;	1WUZ;5DZW;	ENSMUST00000115661.5 [O88689-3];ENSMUST00000192295.2 [O88689-2];ENSMUST00000192512.6 [O88689-1];
O88693	O88693;		ENSMUST00000030074.8;
O88696	O88696;		ENSMUST00000002735.9;
O88697	O88697;		ENSMUST00000027401.11;
O88700	O88700;		ENSMUST00000081314.11;
O88703	O88703;	1Q3E;1Q43;1Q5O;2Q0A;3BPZ;3ETQ;3FFQ;4EQF;5JON;5KHG;5KHH;5KHI;5KHJ;5KHK;	ENSMUST00000099513.8;
O88704	O88704;	3U0Z;	ENSMUST00000006991.9;
O88705	O88705;		ENSMUST00000029686.4;
O88708	O88708;		ENSMUST00000028098.11;
O88712	O88712;		ENSMUST00000079746.10 [O88712-1];ENSMUST00000201575.4 [O88712-3];
O88713	O88713;	3FF8;3FF9;	ENSMUST00000032207.9;
O88721	O88721;		ENSMUST00000033765.8;
O88728	O88728;		ENSMUST00000026562.6;
O88735	O88735;		
O88736	O88736;		ENSMUST00000027989.13;
O88737			ENSMUST00000035208.14 [O88737-1];
O88738		8IVQ;	ENSMUST00000180037.8 [O88738-2];ENSMUST00000182133.8 [O88738-3];ENSMUST00000182597.8 [O88738-1];
O88741	O88741;	8EXZ;	ENSMUST00000026879.8 [O88741-1];
O88746	O88746;		ENSMUST00000165630.3 [O88746-1];
O88783	O88783;		ENSMUST00000086040.6;
O88786	O88786;		ENSMUST00000033646.9 [O88786-1];ENSMUST00000112827.2 [O88786-1];
O88792	O88792;	1F97;	ENSMUST00000043839.5;
O88809	O88809;		ENSMUST00000033642.10;ENSMUST00000087313.10;
O88811	O88811;	1UJ0;	ENSMUST00000102759.8 [O88811-1];ENSMUST00000127316.8 [O88811-2];
O88816	O88816;		ENSMUST00000153476.8;
O88819	O88819;		ENSMUST00000084770.5;ENSMUST00000108199.2;
O88824	O88824;		ENSMUST00000029546.15;
O88829	O88829;		ENSMUST00000069994.11 [O88829-1];
O88833	O88833;		ENSMUST00000058785.10;
O88838	O88838;	2AFJ;3EK9;	ENSMUST00000047760.10 [O88838-1];ENSMUST00000052727.5 [O88838-1];ENSMUST00000112473.2 [O88838-2];
O88839	O88839;		ENSMUST00000029676.12 [O88839-1];ENSMUST00000074582.7 [O88839-3];ENSMUST00000107446.8 [O88839-4];ENSMUST00000107448.9 [O88839-2];ENSMUST00000184651.8 [O88839-1];
O88844	O88844;	5YZH;5YZI;8KIB;8W49;	ENSMUST00000097709.11;ENSMUST00000169032.8;
O88845	O88845;		ENSMUST00000058173.12 [O88845-2];ENSMUST00000102650.10 [O88845-1];ENSMUST00000108710.2 [O88845-3];
O88848	O88848;		ENSMUST00000023405.16 [O88848-1];ENSMUST00000099646.10 [O88848-2];ENSMUST00000118438.8 [O88848-2];
O88856	O88856;		ENSMUST00000031287.12;ENSMUST00000071455.7;
O88866	O88866;		ENSMUST00000065856.8;
O88870	O88870;		ENSMUST00000117346.2;
O88874	O88874;		
O88875	O88875;		ENSMUST00000047702.8;ENSMUST00000107074.8;
O88876	O88876;		ENSMUST00000105744.8 [O88876-2];ENSMUST00000154208.8 [O88876-1];
O88878	O88878;	1WFL;	ENSMUST00000025659.12;ENSMUST00000237651.2;
O88879	O88879;	3SFZ;3SHF;	ENSMUST00000020157.13 [O88879-1];ENSMUST00000159110.8 [O88879-1];
O88890	O88890;		ENSMUST00000005839.11 [O88890-1];ENSMUST00000115070.8 [O88890-2];ENSMUST00000189753.7 [O88890-1];
O88895	O88895;		ENSMUST00000043498.9 [O88895-1];
O88898	O88898;	5N2O;	ENSMUST00000040231.13 [O88898-2];ENSMUST00000065523.12 [O88898-3];ENSMUST00000115308.9 [O88898-5];ENSMUST00000115310.9 [O88898-1];
O88904	O88904;		ENSMUST00000029438.15 [O88904-1];ENSMUST00000106845.9 [O88904-2];ENSMUST00000118317.8 [O88904-1];
O88907	O88907;		ENSMUST00000098651.6;
O88908	O88908;		ENSMUST00000023806.14;
O88909	O88909;		ENSMUST00000010251.11;ENSMUST00000170817.2;
O88932	O88932;		ENSMUST00000113854.8;ENSMUST00000113855.8;ENSMUST00000113856.8;ENSMUST00000113858.3;
O88935	O88935;		ENSMUST00000081893.7 [O88935-2];ENSMUST00000115345.8 [O88935-1];
O88939	O88939;		ENSMUST00000048128.15 [O88939-1];ENSMUST00000117956.2 [O88939-1];ENSMUST00000119606.8 [O88939-1];
O88940	O88940;		ENSMUST00000027062.7;
O88942	O88942;		
O88947	O88947;		ENSMUST00000063820.12;
O88951	O88951;	1Y74;3UIT;	ENSMUST00000003971.10;
O88952	O88952;		ENSMUST00000028583.8;
O88962	O88962;		
O88967	O88967;		ENSMUST00000028117.4;
O88974	O88974;		
O88978	O88978;		ENSMUST00000023006.7;
O88983	O88983;		ENSMUST00000021285.14;
O88987	O88987;		ENSMUST00000095440.9;ENSMUST00000202574.2;ENSMUST00000202878.4;
O88990	O88990;		ENSMUST00000006626.5;
O88992	O88992;	4D7Y;4QQ2;	ENSMUST00000057849.6;
O88998	O88998;	5AMO;6QM3;	ENSMUST00000102879.4 [O88998-2];
O89017	O89017;	4NOJ;4NOK;4NOL;4NOM;	ENSMUST00000021607.9;ENSMUST00000110020.8;
O89019	O89019;		
O89020	O89020;		ENSMUST00000113179.9 [O89020-1];ENSMUST00000128740.2 [O89020-2];
O89023	O89023;		ENSMUST00000033184.6;
O89026	O89026;		
O89032	O89032;		ENSMUST00000081619.10 [O89032-1];ENSMUST00000111800.4 [O89032-2];
O89050	O89050;	4PQQ;	ENSMUST00000026699.15;
O89051	O89051;		ENSMUST00000022704.9;
O89053	O89053;	2AKF;2AQ5;2B4E;	ENSMUST00000032949.14;ENSMUST00000106364.8;
O89084	O89084;		ENSMUST00000003395.10 [O89084-2];ENSMUST00000039413.15 [O89084-1];ENSMUST00000115458.9 [O89084-3];
O89086	O89086;		ENSMUST00000115615.9;ENSMUST00000115619.8;ENSMUST00000115621.9;
O89090	O89090;		ENSMUST00000163709.8 [O89090-2];
O89091	O89091;		ENSMUST00000074043.7;
O89093	O89093;	1HA6;	ENSMUST00000113437.9 [O89093-1];ENSMUST00000186832.2 [O89093-2];
O89094	O89094;		ENSMUST00000005488.9 [O89094-1];ENSMUST00000219237.2 [O89094-1];
O89098	O89098;		ENSMUST00000089200.3;
O89100	O89100;	1H3H;1OEB;1R1P;1R1Q;1R1S;1UTI;2D0N;2W10;	ENSMUST00000043149.9;ENSMUST00000229980.2;
O89101	O89101;		ENSMUST00000020507.8;
O89103	O89103;		ENSMUST00000099269.4;
O89106	O89106;		ENSMUST00000161302.8;ENSMUST00000162278.8;ENSMUST00000179394.8;
O89109	O89109;		ENSMUST00000171904.3;ENSMUST00000205428.2;
O89110	O89110;		ENSMUST00000027189.15;ENSMUST00000165549.8;
O89112	O89112;		ENSMUST00000027149.12;ENSMUST00000113979.10;ENSMUST00000119559.8;
P00015	P00015;	2AIU;	ENSMUST00000028430.6;
P00158	P00158;	7O37;7O3C;7O3E;7O3H;8IAO;8IAR;8IB4;8IB7;8IB9;8IBC;8IBD;8IBG;8IC2;8IC5;8PW5;8PW6;8PW7;	ENSMUST00000082421.1;
P00184	P00184;		ENSMUST00000034865.6;ENSMUST00000216433.2;
P00186	P00186;		ENSMUST00000034860.5;
P00329	P00329;		ENSMUST00000004232.10;
P00342	P00342;	2LDX;	ENSMUST00000014545.11;
P00375	P00375;	1U70;2FZJ;3D80;3D84;3K45;3K47;	ENSMUST00000022218.6;
P00397	P00397;	7O37;7O3C;7O3E;8PW5;8PW6;8PW7;	ENSMUST00000082402.1;
P00405	P00405;	7O37;7O3C;7O3E;8PW5;8PW6;8PW7;	ENSMUST00000082405.1;
P00416	P00416;	7O37;7O3C;7O3E;8PW5;8PW6;8PW7;	ENSMUST00000082409.1;
P00493	P00493;		ENSMUST00000026723.9;
P00520	P00520;	1ABO;1ABQ;1FPU;1IEP;1M52;1OPJ;1OPK;2HZN;2QOH;2Z60;3DK3;3DK6;3DK7;3IK3;3K5V;3KF4;3KFA;3MS9;3MSS;3OXZ;3OY3;5IH2;6HD4;6HD6;	ENSMUST00000028190.13 [P00520-1];ENSMUST00000075759.13 [P00520-4];
P00536	P00536;		ENSMUST00000105158.2;
P00687	P00687;		ENSMUST00000067980.12;ENSMUST00000106540.8;
P00688	P00688;		ENSMUST00000098667.5;ENSMUST00000098673.5;ENSMUST00000179314.3;ENSMUST00000179568.3;
P00755	P00755;		ENSMUST00000078835.3;
P00756	P00756;	1SGF;	ENSMUST00000085450.4;
P00757	P00757;	1SGF;	ENSMUST00000077354.5;
P00796	P00796;	1SMR;	
P00860	P00860;	7ODC;	ENSMUST00000171737.3;
P00920	P00920;		ENSMUST00000029078.9;
P01027	P01027;	6XZU;	ENSMUST00000024988.15 [P01027-1];
P01029	P01029;		ENSMUST00000069507.9;
P01101	P01101;	2WT7;	ENSMUST00000021674.7;
P01108	P01108;		ENSMUST00000159327.2 [P01108-2];ENSMUST00000160009.2 [P01108-2];ENSMUST00000161976.8 [P01108-2];
P01132	P01132;	1A3P;1EGF;1EPG;1EPH;1EPI;1EPJ;1GK5;3EGF;	ENSMUST00000029653.7;
P01139	P01139;	1BET;1BTG;1SGF;3IJ2;4EAX;4XPJ;5LSD;6FFY;	ENSMUST00000035952.5;
P01193	P01193;		ENSMUST00000020990.7;ENSMUST00000218089.2;ENSMUST00000219543.2;
P01216	P01216;		ENSMUST00000029975.10;ENSMUST00000108130.2;
P01325	P01325;	3WS3;7QHP;	ENSMUST00000039652.6;
P01326	P01326;		ENSMUST00000000220.3;ENSMUST00000105932.2;ENSMUST00000105933.8;ENSMUST00000105934.8;ENSMUST00000210288.2;
P01572	P01572;		ENSMUST00000094972.2;
P01575	P01575;	1IFA;1WU3;3WCY;	ENSMUST00000055671.5;
P01580	P01580;		ENSMUST00000068592.5;
P01582	P01582;		ENSMUST00000028882.2;
P01586	P01586;	2L3O;	ENSMUST00000019058.6;
P01587	P01587;		ENSMUST00000019060.6;
P01590	P01590;		ENSMUST00000028111.6;
P01592	P01592;	7JG1;7JG2;	ENSMUST00000087033.6;
P01731	P01731;	1BQH;1NEZ;2ARJ;2ATP;3B9K;3DMM;	ENSMUST00000066747.14 [P01731-1];
P01831	P01831;		ENSMUST00000114840.2;
P01865	P01865;	1AXT;1DQJ;1E4W;1EGJ;1FLR;1FPT;1GGB;1GGC;1KB5;1LO0;1NBY;1NCA;1NCB;1NCC;1NCD;1NCW;1ND0;1NDG;1NDM;1ORQ;1PLG;1RU9;1RUA;1RUK;1RUL;1RUM;1RUP;1YEE;3FO9;3J3P;4FAB;4ZXB;6UQC;8AQT;8AQU;8AQV;	
P01867	P01867;	1CBV;1CF8;1CIC;1ETZ;1FJ1;1FL3;1HQ4;1MAM;1NBV;1OSP;1UB5;1UB6;1YNK;1YNL;1ZTX;2GJZ;2GK0;2Q8A;2Q8B;2RGS;3CFD;3CFE;5UBX;6KRU;6KRV;	
P01868	P01868;	1AHW;1AI1;1BM3;1CLO;1CT8;1DBA;1DBB;1DBJ;1DBK;1DBM;1EMT;1FBI;1FDL;1FNS;1GPO;1K4D;1KEL;1KEM;1MF2;1MLC;1N5Y;1N6Q;1NTL;1OAK;1OPG;1P2C;1P7K;1R0A;1R3I;1R3J;1R3K;1R3L;1RIH;1SEQ;1YED;2ATY;2B2X;2DBL;3ZO0;	
P01869	P01869;	15C8;1A0Q;1A3L;1ACY;1AE6;1C12;1CIC;1CK0;1CL7;1F11;1F58;1IGY;1JRH;1KC5;1KCR;1KCU;1KEN;1ORS;1QFU;1S5I;25C8;2AJS;2AJU;2AJV;2AJX;2AJY;2AJZ;2AK1;	
P01872	P01872;	4BA8;4JVU;4JVW;8E4C;8EMA;	
P01878	P01878;	7JG1;7JG2;	
P01887	P01887;	1BII;1BQH;1BZ9;1CD1;1DDH;1FFN;1FFO;1FFP;1FG2;1FO0;1FZJ;1FZK;1FZM;1FZO;1G6R;1G7P;1G7Q;1HOC;1INQ;1JPF;1JPG;1JUF;1K8D;1KBG;1KJ2;1KJ3;1KPU;1KPV;1LD9;1LDP;1LEG;1LEK;1LK2;1MHC;1MWA;1N3N;1N59;1N5A;1NAM;1NAN;1NEZ;1OSZ;1P1Z;1P4L;1PQZ;1QO3;1RJY;1RJZ;1RK0;1RK1;1S7Q;1S7R;1S7S;1S7T;1S7U;1S7V;1S7W;1S7X;1T0M;1T0N;1U58;1VAC;1VAD;1WBX;1WBY;1WBZ;1YN6;1YN7;1Z5L;1ZHB;1ZHN;1ZT1;1ZT7;2AKR;2CKB;2CLV;2CLZ;2FIK;2FO4;2FWO;2GAZ;2MHA;2OL3;2Q7Y;2QRI;2QRS;2QRT;2VAA;2VAB;2VE6;2ZOK;2ZOL;2ZSV;2ZSW;3ARB;3ARD;3ARE;3ARF;3ARG;3AU1;3BUY;3C8K;3CC5;3CCH;3CH1;3CPL;3CVH;3DMM;3E6F;3E6H;3ECB;3FOL;3FOM;3FON;3FTG;3G08;3GML;3GMM;3GMN;3GMO;3GMP;3GMQ;3GMR;3HE6;3HE7;3ILP;3ILQ;3L3H;3MA7;3NWM;3O8X;3O9W;3P4M;3P4N;3P4O;3P9L;3P9M;3PAB;3PQY;3PWU;3QI9;3QUK;3QUL;3QUX;3QUY;3QUZ;3RGV;3ROL;3ROO;3RTQ;3RUG;3RZC;3SCM;3SDA;3SDC;3SDD;3T1F;3TA3;3TBS;3TBT;3TBV;3TBW;3TBY;3TN0;3TO4;3TVM;3UBX;3VJ6;3WS3;3WS6;4APQ;4EI5;4ELM;4HS3;4HUU;4HUV;4HUW;4HUX;4HV8;4IHO;4IRJ;4IRS;4L8B;4L8C;4L8D;4MNG;4MQ7;4MX7;4NSK;4PG2;4PG9;4PGB;4PGC;4PGD;4PGE;4PV8;4PV9;4Y16;4Y2D;4Y4F;4Y4H;4Y4K;4ZAK;4ZUS;4ZUT;4ZUU;4ZUV;4ZUW;5E8N;5E8O;5E8P;5EFI;5FKP;5IVX;5J6G;5J6H;5JWD;5JWE;5KD4;5KD7;5M00;5M02;5MZM;5OQF;5OQG;5OQH;5OQI;5SWS;5SWZ;5T7G;5TIL;5TJE;5TW2;5TW5;5VCJ;5VCL;5WES;5WET;5WEU;5WLG;5WLI;6A97;6BMH;6BMK;6BNK;6BNL;6C5M;6C69;6C6A;6C6C;6C6E;6C6F;6C6H;6C6J;6CW6;6CW9;6CWB;6CWE;6CX5;6CX7;6CX9;6CXA;6CXE;6CXF;6CYW;6E1I;6G9Q;6G9R;6GB5;6GB6;6GB7;6H6D;6H6H;6I8C;6JQ2;6JQ3;6L9M;6L9N;6MIV;6MIY;6MJ4;6MJ6;6MJA;6MJI;6MJJ;6MJQ;6MP0;6MP1;6MSS;6OJP;6OMG;6OOR;6XNG;7JI2;7JWJ;7LFI;7LFJ;7LFK;7LFL;7LFM;7M72;7P0A;7P0T;7WCY;8D5E;8D5F;8D5J;8D5K;8D5N;8FHL;8FHU;8JHV;8JHW;8P43;8T4Z;8TQ7;8TQ8;8TQ9;8TQA;8UMO;8VZ8;8VZ9;	ENSMUST00000102476.5;
P01895	P01895;		
P01897	P01897;	1LD9;1LDP;2E7L;2OI9;3E2H;3E3Q;3ERY;3TF7;3TFK;3TJH;3TPU;3UO1;3UYR;3V4U;3V52;3VJ6;4MS8;4MVB;4MXQ;4N0C;4N5E;4NHU;5VCL;6L9K;6L9L;6L9M;6L9N;8D5N;8D5Q;8UMO;	
P01898	P01898;	5J6G;5J6H;	ENSMUST00000068291.7;ENSMUST00000174525.8;
P01899	P01899;	1BZ9;1CE6;1FFN;1FFO;1FFP;1FG2;1HOC;1INQ;1JPF;1JPG;1JUF;1N3N;1N5A;1QLF;1S7U;1S7V;1S7W;1S7X;1WBX;1WBY;1YN6;1YN7;1ZHB;2CII;2F74;2VE6;2ZOK;2ZOL;3BUY;3CC5;3CCH;3CH1;3CPL;3FTG;3L3H;3PQY;3QUK;3QUL;3TBS;3TBT;3TBV;3TBW;3TBY;3WS3;3WS6;4HUU;4HUV;4HUW;4HUX;4HV8;4IHO;4L8B;4L8C;4L8D;4NSK;4PG2;5E8N;5E8O;5E8P;5JWD;5JWE;5M00;5M01;5M02;5MZM;5OPI;5SWS;5SWZ;5TIL;5TJE;5WLG;5WLI;6G9Q;6G9R;6GB5;6GB7;6H6D;6MP0;6MP1;6WZY;6X00;7JWI;7JWJ;7N4K;7N5C;7N5P;7N5Q;7N9J;7NA5;7P0A;7P0T;7QNG;8TQA;	ENSMUST00000172785.8;
P01900	P01900;	1BII;1DDH;1QO3;3DMM;3E6F;3E6H;3ECB;5IVX;5KD4;5KD7;5T7G;5WER;5WES;5WET;5WEU;6NPR;8D5E;8D5F;8FHL;8FHU;8TQ7;8TQ8;8TQ9;	
P01901	P01901;	1BQH;1FO0;1FZJ;1FZK;1FZM;1FZO;1G6R;1G7P;1G7Q;1KBG;1KJ2;1KJ3;1KPU;1KPV;1LEG;1LEK;1LK2;1MWA;1N59;1NAM;1NAN;1OSZ;1P1Z;1P4L;1RJY;1RJZ;1RK0;1RK1;1S7Q;1S7R;1S7S;1S7T;1T0M;1T0N;1VAC;1VAD;1WBZ;2CKB;2CLV;2CLZ;2FO4;2MHA;2OL3;2QRI;2QRS;2QRT;2VAA;2VAB;2ZSV;2ZSW;3C8K;3CVH;3P4M;3P4N;3P4O;3P9L;3P9M;3PAB;3RGV;3ROL;3ROO;3TID;3TIE;4HKJ;4HS3;4PG9;4PGB;4PGC;4PGD;4PGE;4PV8;4PV9;5OQF;5OQG;5OQH;5OQI;6GB6;6JQ2;6JQ3;6WL2;6WL3;6WL4;7JI2;7WCY;8JHV;8JHW;	ENSMUST00000025181.18;
P01902	P01902;	1VGK;2FWO;3NWM;4WDI;4Z76;4Z77;4Z78;5GR7;5GSB;5GSR;5GSV;5GSX;5TRZ;5TS1;8D5J;8D5K;	
P01910	P01910;	1D9K;1IAK;1JL4;	
P01921	P01921;	1IAO;2IAD;7RDV;	
P01942	P01942;	3HRW;	
P02088	P02088;	1JEB;3HRW;	
P02089	P02089;	1FNE;1FNG;1I3R;	
P02301	P02301;		
P02319	P02319;		ENSMUST00000023144.6;ENSMUST00000230568.2;
P02340	P02340;	1HU8;2GEQ;2IOI;2IOM;2IOO;2P52;3EXJ;3EXL;	ENSMUST00000108658.10;
P02463	P02463;		ENSMUST00000033898.10;
P02468	P02468;	1KLO;1NPE;1TLE;4AQT;5MC9;	
P02469	P02469;	4AQS;5MC9;	ENSMUST00000002979.16;ENSMUST00000169088.8;
P02535	P02535;		
P02716	P02716;		ENSMUST00000073252.9;
P02762	P02762;	1I04;1I05;1I06;1MUP;2LB6;2NND;2NNE;	ENSMUST00000080606.9;ENSMUST00000095051.6;ENSMUST00000107483.8;ENSMUST00000107506.9;ENSMUST00000122381.8;
P02772	P02772;		ENSMUST00000042755.7;
P02802	P02802;	1DFS;1DFT;	ENSMUST00000034215.8;
P02830	P02830;		ENSMUST00000048715.9;
P02831	P02831;		ENSMUST00000114434.9;
P03888	P03888;	6G2J;6G72;6ZR2;6ZTQ;7AK5;7AK6;7B93;7LFI;7LFJ;7LFK;7LFL;7LFM;7PSA;8C2S;8CA3;8CA5;8IAO;8IAP;8IB4;8IB5;8IB9;8IBA;8IBD;8IBE;8IC2;8IC3;8OLT;8OM1;8PW5;8PW6;8PW7;8RGP;8RGQ;8RGR;8RGT;	ENSMUST00000082392.1;
P03911	P03911;	6G2J;6G72;6ZR2;6ZTQ;7AK5;7AK6;7B93;7PSA;8C2S;8CA3;8CA5;8IAO;8IAQ;8IB4;8IB6;8IB9;8IBB;8IBD;8IBF;8IC2;8IC4;8OLT;8OM1;8PW5;8PW6;8PW7;8RGP;8RGQ;8RGR;8RGT;	ENSMUST00000082414.1;
P03925	P03925;	6G2J;6G72;6ZR2;6ZTQ;7AK5;7AK6;7B93;7PSA;8C2S;8CA3;8CA5;8IAO;8IAQ;8IB4;8IB6;8IB9;8IBB;8IBD;8IBF;8IC2;8IC4;8OLT;8OM1;8PW5;8PW6;8PW7;8RGP;8RGQ;8RGR;8RGT;	ENSMUST00000082419.1;
P03953	P03953;	5FCR;	ENSMUST00000061653.9 [P03953-1];ENSMUST00000217837.2 [P03953-2];
P03958	P03958;	1A4L;1A4M;1ADD;1FKW;1FKX;1UIO;1UIP;2ADA;3KM8;3MVI;3MVT;3T1G;	ENSMUST00000017841.4;
P03966	P03966;		ENSMUST00000043396.15;ENSMUST00000130990.2;
P03991	P03991;		
P03995	P03995;		ENSMUST00000067444.10 [P03995-1];ENSMUST00000077902.5 [P03995-2];
P04095	P04095;		ENSMUST00000110594.4 [P04095-1];ENSMUST00000221612.2 [P04095-2];
P04104	P04104;		ENSMUST00000023790.5;
P04117	P04117;	1A18;1A2D;1AB0;1ACD;1ADL;1ALB;1G74;1G7N;1LIB;1LIC;1LID;1LIE;1LIF;2ANS;2Q9S;2QM9;3HK1;3JS1;3JSQ;5C0N;5D8J;7FWT;7FZG;	ENSMUST00000029041.6;
P04184	P04184;		ENSMUST00000026661.4 [P04184-1];
P04186	P04186;		ENSMUST00000128767.8;
P04187	P04187;		ENSMUST00000015581.6;
P04202	P04202;		ENSMUST00000002678.10;
P04223	P04223;	1ZT1;1ZT7;	
P04227	P04227;		
P04228	P04228;	1ES0;1F3J;1IAO;2IAD;3CUP;3MBE;5DMK;6BLQ;6BLR;6BLX;6DFS;6DFW;7QHP;7RDV;7Z50;	
P04235	P04235;		ENSMUST00000034602.9;
P04247	P04247;		ENSMUST00000019037.10;ENSMUST00000166179.9;ENSMUST00000169226.9;ENSMUST00000229423.2;
P04351	P04351;	4YQX;4YUE;	ENSMUST00000029275.6;
P04370	P04370;	1U3H;2LUG;	ENSMUST00000047865.14 [P04370-1];ENSMUST00000062446.15 [P04370-11];ENSMUST00000075372.13 [P04370-14];ENSMUST00000091789.11 [P04370-2];ENSMUST00000102812.12 [P04370-10];ENSMUST00000114674.11 [P04370-13];ENSMUST00000123251.9 [P04370-4];ENSMUST00000132369.3 [P04370-7];ENSMUST00000133193.9 [P04370-8];ENSMUST00000142850.9 [P04370-5];ENSMUST00000143506.8 [P04370-3];ENSMUST00000152071.9 [P04370-6];ENSMUST00000153478.9 [P04370-9];
P04401	P04401;	3B5K;	ENSMUST00000048605.3 [P04401-1];
P04426	P04426;		ENSMUST00000023734.8;
P04441	P04441;		ENSMUST00000050487.16 [P04441-2];ENSMUST00000097563.9 [P04441-1];
P04627	P04627;		ENSMUST00000001155.11;
P04756	P04756;	2QC1;5HBV;	ENSMUST00000028515.4;
P04760	P04760;		
P04768	P04768;		ENSMUST00000099805.3;
P04919	P04919;		ENSMUST00000006749.10 [P04919-1];
P04925	P04925;	1AG2;1XYX;1Y15;1Y16;2K5O;2KFM;2KFO;2KU5;2KU6;2L1D;2L1E;2L1H;2L1K;2L39;2L40;3NVG;3NVH;4H88;4J8R;4MA7;4MA8;6AQ7;6HER;6HHD;7QIG;7RVD;7TD6;8A00;8DJA;8EFU;	ENSMUST00000091288.13;
P04938	P04938;	2LB6;	ENSMUST00000098040.4;ENSMUST00000098046.10;
P04939	P04939;		
P05017	P05017;		ENSMUST00000095360.11 [P05017-1];ENSMUST00000122386.8 [P05017-1];
P05063	P05063;		ENSMUST00000017534.15;ENSMUST00000102478.4;
P05064	P05064;		ENSMUST00000032934.12;ENSMUST00000106348.8;
P05125	P05125;		ENSMUST00000103230.5;
P05132	P05132;	1APM;1ATP;1BKX;1BX6;1FMO;1J3H;1JBP;1JLU;1L3R;1RDQ;1RE8;1REJ;1REK;1SYK;2CPK;2ERZ;2QCS;2QUR;2QVS;3FHI;3FJQ;3IDB;3IDC;3J4Q;3J4R;3O7L;3OW3;3PVB;3QAL;3QAM;3TNP;3TNQ;3X2U;3X2V;3X2W;4DFX;4DFY;4DFZ;4DG0;4DG2;4DG3;4DH1;4DH3;4DH5;4DH7;4DH8;4DIN;4HPT;4HPU;4IAC;4IAD;4IAF;4IAI;4IAK;4IAY;4IAZ;4IB0;4IB1;4IB3;4NTS;4NTT;4O21;4O22;4WBB;4X6Q;4X6R;4XW4;4XW5;4XW6;5JR7;5X3F;6E21;6MM5;6MM6;6MM7;6MM8;7E0Z;7E11;7E12;7UJX;7V0G;	ENSMUST00000005606.8 [P05132-1];ENSMUST00000211558.2 [P05132-2];
P05201	P05201;		ENSMUST00000026196.14;
P05202	P05202;	3HLM;3PD6;3PDB;	ENSMUST00000034097.8;
P05208	P05208;		ENSMUST00000102481.4;
P05213	P05213;		ENSMUST00000077577.8;
P05214	P05214;	8I7O;8I7R;8IYJ;	ENSMUST00000087445.7;ENSMUST00000088246.6;
P05480	P05480;	6F3F;8XN8;	ENSMUST00000029175.14 [P05480-2];ENSMUST00000092576.11 [P05480-1];ENSMUST00000109529.2 [P05480-1];ENSMUST00000109531.8 [P05480-2];ENSMUST00000109533.8 [P05480-2];
P05524	P05524;		
P05532	P05532;	2O26;	ENSMUST00000005815.7 [P05532-1];ENSMUST00000144270.8 [P05532-2];
P05533	P05533;		ENSMUST00000023248.13;ENSMUST00000186526.7;ENSMUST00000187171.2;ENSMUST00000187994.7;ENSMUST00000189068.7;
P05555	P05555;	6RHV;	
P05622	P05622;	1AYA;1AYC;	ENSMUST00000025522.11 [P05622-2];ENSMUST00000249931.1 [P05622-1];
P05627	P05627;		ENSMUST00000107094.2;
P05784	P05784;		ENSMUST00000023803.8;
P06151	P06151;		ENSMUST00000005051.6;ENSMUST00000048209.16;
P06240	P06240;		ENSMUST00000067240.11;ENSMUST00000102596.8;
P06281	P06281;	5MKT;	ENSMUST00000094556.3;
P06332	P06332;		ENSMUST00000024044.7 [P06332-1];
P06339	P06339;	3VJ6;8UMO;	ENSMUST00000102678.5;
P06342	P06342;		
P06343	P06343;	1D9K;1IAK;1JL4;	
P06345	P06345;		
P06346	P06346;		
P06537	P06537;	3MNE;3MNO;3MNP;	ENSMUST00000025300.13 [P06537-1];ENSMUST00000097592.9 [P06537-2];ENSMUST00000115567.8 [P06537-1];ENSMUST00000115571.8 [P06537-1];
P06683	P06683;	6CXO;	ENSMUST00000022749.17;
P06684	P06684;	4P3A;4P3B;4WB2;4WB3;	ENSMUST00000028233.7;
P06728	P06728;		ENSMUST00000034585.7;
P06745	P06745;	1U0E;1U0F;1U0G;2CVP;2CXN;2CXO;2CXP;2CXQ;2CXR;2CXS;2CXT;2CXU;	ENSMUST00000038027.6;
P06795	P06795;		ENSMUST00000009058.10;
P06797	P06797;		ENSMUST00000021933.8;ENSMUST00000222517.2;
P06800	P06800;		ENSMUST00000182283.8 [P06800-6];ENSMUST00000183301.8 [P06800-4];
P06801	P06801;		ENSMUST00000034989.15;
P06802	P06802;	4B56;4GTW;4GTX;4GTY;4GTZ;6AEK;6AEL;6XKD;	
P06803	P06803;		ENSMUST00000024811.9 [P06803-1];
P06804	P06804;	2TNF;7KP7;7KP8;	ENSMUST00000025263.15;
P06837	P06837;	4E53;	ENSMUST00000102817.5;
P06869	P06869;	3LAQ;5LHN;5LHP;5LHQ;5LHR;5LHS;6A8G;6A8N;	ENSMUST00000022368.4;
P06876	P06876;	1GUU;1GV2;1GV5;1GVD;1H88;1H89;1IDY;1IDZ;1MBE;1MBF;1MBG;1MBH;1MBJ;1MBK;1MSE;1MSF;1SB0;2AGH;6DMX;6DNQ;	ENSMUST00000020158.9;
P06879	P06879;		ENSMUST00000224228.2;
P06880	P06880;		ENSMUST00000103071.4;
P06909	P06909;	2YBY;	ENSMUST00000066859.13;
P07091	P07091;		ENSMUST00000001046.7;
P07141	P07141;	3EJJ;3UF5;4ADQ;	ENSMUST00000014743.10 [P07141-1];ENSMUST00000118593.8 [P07141-2];ENSMUST00000120243.8 [P07141-1];
P07146	P07146;		ENSMUST00000070380.5;
P07147	P07147;	6MP0;6MP1;	ENSMUST00000006151.13;ENSMUST00000102831.8;
P07214	P07214;		ENSMUST00000018737.13;ENSMUST00000214685.2;
P07321	P07321;		ENSMUST00000031723.14;ENSMUST00000111038.8;
P07356	P07356;	4HRE;	ENSMUST00000034756.15;
P07607	P07607;	3IHI;4E5O;4EB4;4EIN;4EZ8;5FCT;6F6Z;6GKO;6GYJ;6Y08;	ENSMUST00000026846.11;
P07724	P07724;		ENSMUST00000031314.10;
P07742	P07742;		ENSMUST00000033283.10;
P07750	P07750;		ENSMUST00000000889.7;
P07758	P07758;		ENSMUST00000085056.8;
P07759	P07759;		
P07901	P07901;	5H22;7D1V;7D22;7D24;7D25;7D26;	ENSMUST00000021698.13;ENSMUST00000094361.11;
P07903	P07903;		ENSMUST00000003645.9;
P07934	P07934;		ENSMUST00000026617.13;
P07978	P07978;		ENSMUST00000037996.7;ENSMUST00000189593.2;
P08003	P08003;	2DJ1;2DJ2;2DJ3;	
P08030	P08030;		ENSMUST00000006764.9;
P08032	P08032;		ENSMUST00000027817.8;
P08046	P08046;	1A1F;1A1G;1A1H;1A1I;1A1J;1A1K;1A1L;1AAY;1F2I;1G2D;1G2F;1JK1;1JK2;1LLM;1P47;1ZAA;	ENSMUST00000064795.6;
P08071	P08071;		ENSMUST00000035077.8;
P08074	P08074;	1CYD;	ENSMUST00000026148.9;
P08101	P08101;		
P08103	P08103;		ENSMUST00000109799.8 [P08103-2];ENSMUST00000189688.2 [P08103-2];
P08113	P08113;		ENSMUST00000020238.14;
P08121	P08121;		ENSMUST00000087883.13;
P08122	P08122;		ENSMUST00000033899.14;
P08152	P08152;		ENSMUST00000048289.14 [P08152-1];ENSMUST00000105438.9 [P08152-2];
P08207	P08207;		ENSMUST00000045756.14;ENSMUST00000170612.2;
P08226	P08226;	1YA9;	ENSMUST00000003066.16;ENSMUST00000173739.8;ENSMUST00000174064.9;ENSMUST00000174355.8;
P08228	P08228;	3GTT;3GTV;3LTV;	ENSMUST00000023707.11;
P08249	P08249;		ENSMUST00000019323.11;
P08414	P08414;		
P08505	P08505;	2L3Y;	ENSMUST00000026845.12;
P08508	P08508;		
P08551	P08551;		ENSMUST00000022639.8;
P08553	P08553;		
P08556	P08556;		
P08680	P08680;	1H7D;1H7J;	ENSMUST00000066337.13;
P08730	P08730;		ENSMUST00000007275.3 [P08730-1];
P08752	P08752;		ENSMUST00000055704.12;ENSMUST00000192615.6;
P08775	P08775;		ENSMUST00000058470.16;
P08905	P08905;	1IVM;	ENSMUST00000092163.9;
P08920	P08920;		ENSMUST00000029456.5;
P08923	P08923;		ENSMUST00000028759.13 [P08923-1];ENSMUST00000082130.13 [P08923-4];
P09021	P09021;		ENSMUST00000048794.7;
P09022	P09022;		
P09024	P09024;		ENSMUST00000049352.8;
P09025	P09025;		ENSMUST00000001703.8;
P09026	P09026;		ENSMUST00000055334.3;ENSMUST00000093944.10;
P09027	P09027;		ENSMUST00000047830.8;ENSMUST00000111982.8;ENSMUST00000111983.9;
P09036	P09036;		ENSMUST00000025381.4;
P09041	P09041;	2P9Q;2P9T;2PAA;	ENSMUST00000033585.7;
P09055	P09055;	5XQ0;8TEC;8TEE;	ENSMUST00000090006.12 [P09055-1];
P09056	P09056;	1A7M;1LKI;	ENSMUST00000066283.12;
P09065	P09065;		ENSMUST00000079721.9;
P09066	P09066;		ENSMUST00000036177.9;
P09079	P09079;		ENSMUST00000049272.5;
P09084	P09084;		ENSMUST00000109968.3;
P09103	P09103;		ENSMUST00000026122.11;
P09174	P09174;		ENSMUST00000026452.3;
P09225	P09225;		ENSMUST00000025266.6;
P09240	P09240;		ENSMUST00000035120.6;ENSMUST00000215228.2;
P09242	P09242;		ENSMUST00000030551.11;
P09405	P09405;		ENSMUST00000027438.8;
P09411	P09411;	4O3F;	ENSMUST00000081593.13;
P09450	P09450;		ENSMUST00000064922.7;
P09470	P09470;		ENSMUST00000001963.14 [P09470-1];ENSMUST00000001964.8 [P09470-2];
P09528	P09528;	3WNW;5OBA;5OBB;6S61;6SHT;6V21;7A4M;7KOD;7TB3;7TBH;8BK9;8BKA;8BKB;8EMQ;8EN7;8J5A;8PVC;8RQB;8T4Q;8TUE;9IUY;	ENSMUST00000025563.8;ENSMUST00000235196.2;
P09535	P09535;		ENSMUST00000000033.12 [P09535-1];ENSMUST00000105935.8 [P09535-1];ENSMUST00000105936.8 [P09535-1];ENSMUST00000121128.8 [P09535-2];
P09542	P09542;	8Q6T;	ENSMUST00000079784.12;
P09581	P09581;	3EJJ;4EXP;	ENSMUST00000025523.13;ENSMUST00000115268.4;
P09631	P09631;	1PUF;	ENSMUST00000048680.8 [P09631-1];ENSMUST00000114425.3 [P09631-2];
P09632	P09632;		ENSMUST00000052650.4;
P09671	P09671;		ENSMUST00000007012.6;
P09690	P09690;		ENSMUST00000045971.9;
P09803	P09803;	1EDH;1FF5;1I7W;1I7X;1Q1P;1SUH;2OMW;2QVF;3IFQ;3LNE;3LNF;3LNG;3LNH;3LNI;3Q2L;3Q2N;3Q2V;3QRB;4QD2;7AR4;	
P09813	P09813;	8OQ4;8OQ5;	ENSMUST00000005824.12;ENSMUST00000111319.2;ENSMUST00000111320.8;ENSMUST00000111321.8;
P09838	P09838;	1JMS;1KDH;1KEJ;4I27;4I28;4I29;4I2A;4I2B;4I2C;4I2D;4I2E;4I2F;4I2G;4I2H;4I2I;4I2J;4IQT;4IQU;4IQV;4IQW;4QZ8;4QZ9;4QZA;4QZB;4QZC;4QZD;4QZE;4QZF;4QZG;4QZH;4QZI;5D46;5D49;5D4B;6GO3;6GO4;6GO5;6GO6;6GO7;	ENSMUST00000051806.12 [P09838-1];ENSMUST00000112200.3 [P09838-2];
P09920	P09920;		ENSMUST00000038886.3;
P09922	P09922;		
P0C090	P0C090;		ENSMUST00000100143.10;ENSMUST00000112936.4;
P0C092	P0C092;		
P0C0A3	P0C0A3;		ENSMUST00000026434.13;
P0C0S6	P0C0S6;	7M1X;8UXQ;9B3P;	ENSMUST00000041045.14;
P0C191	P0C191;		ENSMUST00000206928.2;
P0C192	P0C192;	3ZYN;3ZYO;	ENSMUST00000058667.15;
P0C1Q2	P0C1Q2;		ENSMUST00000099992.10;
P0C1T1	P0C1T1;		ENSMUST00000100523.7;
P0C5E4	P0C5E4;		ENSMUST00000050702.9;
P0C5K0	P0C5K0;		ENSMUST00000133272.2 [P0C5K0-1];ENSMUST00000144863.8 [P0C5K0-2];
P0C5K1	P0C5K1;		ENSMUST00000032598.14;ENSMUST00000182214.8;
P0C605	P0C605;		ENSMUST00000065067.14 [P0C605-1];ENSMUST00000073581.6 [P0C605-2];
P0C673	P0C673;		ENSMUST00000023478.8;
P0C6F1			ENSMUST00000035539.12;
P0C7A3	P0C7A3;		ENSMUST00000095345.5;
P0C7L0	P0C7L0;		
P0C7T6	P0C7T6;		ENSMUST00000093162.4;ENSMUST00000212605.2;
P0C871	P0C871;		
P0CB42	P0CB42;	6IMA;6IMC;6KSF;6L94;	ENSMUST00000162961.8;
P0CG49	P0CG49;		ENSMUST00000019649.4;
P0CL69	P0CL69;		ENSMUST00000154256.3;
P0CW70	P0CW70;		ENSMUST00000133010.4;
P0DI97	P0DI97;		ENSMUST00000174337.8 [P0DI97-1];
P0DJF3	P0DJF3;		ENSMUST00000178597.3;
P0DJI6	P0DJI6;		ENSMUST00000159364.3;
P0DMC4	P0DMC4;		ENSMUST00000124790.8;ENSMUST00000142822.4;
P0DN83	P0DN83;		ENSMUST00000192926.2;
P0DOV1	P0DOV1;	2YU0;8IDX;	ENSMUST00000009340.10 [P0DOV1-1];
P0DOV2	P0DOV2;	5YZP;5YZW;5Z7D;6OE9;	ENSMUST00000111214.4;
P0DOY1	P0DOY1;	8TCI;	ENSMUST00000119996.3;
P0DP26	P0DP26;	1UP5;2DFS;2IX7;3WFN;4E50;4E53;4HEX;4ZLK;7B1G;7CQP;7YV9;8OF8;8W41;	ENSMUST00000019514.10;ENSMUST00000040440.7;ENSMUST00000110082.11;
P0DP27	P0DP27;		ENSMUST00000019514.10;ENSMUST00000040440.7;ENSMUST00000110082.11;
P0DP28	P0DP28;		ENSMUST00000019514.10;ENSMUST00000040440.7;ENSMUST00000110082.11;
P0DP43	P0DP43;	7EEB;	
P0DP60	P0DP60;		ENSMUST00000023259.15;
P0DP99	P0DP99;		ENSMUST00000152147.8;
P0DPB4	P0DPB4;		ENSMUST00000029346.13 [P0DPB4-1];ENSMUST00000169909.10 [P0DPB4-4];ENSMUST00000170788.9 [P0DPB4-3];ENSMUST00000182532.8 [P0DPB4-2];ENSMUST00000182719.8 [P0DPB4-2];
P0DPD9	P0DPD9;		ENSMUST00000079600.12 [P0DPD9-1];ENSMUST00000120394.8 [P0DPD9-2];
P0DW27			
P10085	P10085;	1MDY;7WZ6;	ENSMUST00000072514.3;
P10107	P10107;		ENSMUST00000025561.8;ENSMUST00000235280.2;
P10126	P10126;		ENSMUST00000042235.15;
P10146	P10146;		ENSMUST00000108189.9 [P10146-1];
P10148	P10148;		ENSMUST00000000193.6;
P10168	P10168;		ENSMUST00000194279.6;
P10284	P10284;		ENSMUST00000049241.9;
P10287	P10287;	4NQQ;	ENSMUST00000080797.8;
P10300	P10300;	2ATP;3B9K;3DMM;	ENSMUST00000065248.9;
P10404	P10404;	4JGS;	
P10417	P10417;		ENSMUST00000112751.2 [P10417-1];ENSMUST00000189999.2 [P10417-2];
P10493	P10493;	1GL4;1H4U;1NPE;	ENSMUST00000005532.9;
P10518	P10518;	2Z0I;2Z1B;	ENSMUST00000030090.4;ENSMUST00000107444.8;
P10605	P10605;		ENSMUST00000006235.9;
P10628	P10628;		ENSMUST00000047904.4;ENSMUST00000111980.4;
P10630	P10630;		ENSMUST00000023599.13 [P10630-1];
P10637	P10637;	6H0E;8Q96;	ENSMUST00000100347.11 [P10637-2];ENSMUST00000106992.10 [P10637-5];
P10639	P10639;		ENSMUST00000030051.6;
P10648	P10648;	1ML6;	ENSMUST00000034902.12;
P10649	P10649;		ENSMUST00000004140.11;
P10711	P10711;		ENSMUST00000081551.14 [P10711-1];
P10749	P10749;	2MIB;8I1B;	ENSMUST00000028881.14;
P10754	P10754;		ENSMUST00000057029.5 [P10754-2];ENSMUST00000115516.11 [P10754-1];
P10761	P10761;	3D4C;3D4G;3EF7;5OSQ;	ENSMUST00000005073.13;
P10810	P10810;	1WWL;	ENSMUST00000061829.8;
P10820	P10820;	3NSJ;4Y1S;4Y1T;5UG6;5UG7;7PAG;	ENSMUST00000035419.7;ENSMUST00000219375.2;
P10833	P10833;		ENSMUST00000044111.10;
P10852	P10852;	6I9Q;6SUA;	ENSMUST00000010239.6 [P10852-1];ENSMUST00000170157.8 [P10852-2];
P10853	P10853;		ENSMUST00000091709.3;ENSMUST00000091756.2;ENSMUST00000105106.2;ENSMUST00000110452.2;ENSMUST00000110467.2;ENSMUST00000110469.2;
P10854	P10854;		ENSMUST00000224651.2;
P10855	P10855;	4ZLT;	ENSMUST00000001008.6;
P10856	P10856;		ENSMUST00000027374.7;
P10889	P10889;	1MI2;3N52;	ENSMUST00000075433.8;
P10922	P10922;		ENSMUST00000180086.3;
P10923	P10923;		ENSMUST00000031243.15;ENSMUST00000112747.2;ENSMUST00000112748.8;
P11031	P11031;		ENSMUST00000022816.15;ENSMUST00000110504.2;
P11032	P11032;		ENSMUST00000023897.7 [P11032-1];ENSMUST00000224282.2 [P11032-2];
P11087	P11087;		ENSMUST00000001547.8 [P11087-1];
P11103	P11103;		
P11152	P11152;		ENSMUST00000015712.15;ENSMUST00000168401.2;
P11157	P11157;	1AFT;1H0N;1H0O;1W68;1W69;1XSM;	ENSMUST00000020980.12;
P11214	P11214;		ENSMUST00000033941.7;
P11247	P11247;		ENSMUST00000020779.11;ENSMUST00000121303.8;
P11260	P11260;	2JRB;	
P11276	P11276;	1MFN;2MFN;	ENSMUST00000055226.13 [P11276-1];
P11344	P11344;		ENSMUST00000004770.7;
P11352			ENSMUST00000082429.8;
P11378	P11378;		ENSMUST00000051297.9;
P11403	P11403;		ENSMUST00000060336.5;
P11404	P11404;	7YF1;	ENSMUST00000070532.8;
P11416	P11416;		ENSMUST00000068133.10 [P11416-1];ENSMUST00000107473.3 [P11416-2];ENSMUST00000107474.8 [P11416-1];ENSMUST00000107475.9 [P11416-1];ENSMUST00000164748.8 [P11416-1];
P11438	P11438;	5GV0;	ENSMUST00000033824.8;
P11440	P11440;		ENSMUST00000020099.13;ENSMUST00000119827.8;
P11477	P11477;		
P11499	P11499;	7Y04;8H77;	ENSMUST00000024739.14;
P11531			ENSMUST00000114000.8 [P11531-1];
P11588	P11588;	1QY0;1QY1;1QY2;1YP6;1YP7;2DM5;	ENSMUST00000117932.2;
P11589	P11589;	1DF3;1JV4;1ZND;1ZNE;1ZNG;1ZNH;1ZNK;1ZNL;2DM5;2NND;2NNE;2OZQ;	
P11590	P11590;	3KFF;3KFG;3KFH;3KFI;	ENSMUST00000075973.3;
P11609	P11609;	1CD1;1Z5L;1ZHN;2AKR;2FIK;2GAZ;2Q7Y;3ARB;3ARD;3ARE;3ARF;3ARG;3AU1;3G08;3GML;3GMM;3GMN;3GMO;3GMP;3GMQ;3GMR;3HE6;3HE7;3ILP;3ILQ;3MA7;3O8X;3O9W;3QI9;3QUX;3QUY;3QUZ;3RTQ;3RUG;3RZC;3SCM;3SDA;3SDC;3SDD;3T1F;3TA3;3TN0;3TO4;3TVM;3UBX;4APQ;4EI5;4ELM;4IRJ;4IRS;4MNG;4MQ7;4MX7;4Y16;4Y2D;4Y4F;4Y4H;4Y4K;4ZAK;5EFI;5FKP;5TW2;5TW5;5VCJ;6BNK;6BNL;6C5M;6C69;6C6A;6C6C;6C6E;6C6F;6C6H;6C6J;6CW6;6CW9;6CWB;6CWE;6CX5;6CX7;6CX9;6CXA;6CXE;6CXF;6CYW;6MIV;6MIY;6MJ4;6MJ6;6MJA;6MJI;6MJJ;6MJQ;6MSS;6OJP;6OMG;6OOR;6XNG;7M72;8T4Z;	
P11610	P11610;	6BMH;6BMK;	
P11627	P11627;		
P11672	P11672;	3S26;3U9P;	ENSMUST00000050785.14;
P11679	P11679;		ENSMUST00000023952.10;
P11688	P11688;		ENSMUST00000023128.8;
P11725	P11725;		ENSMUST00000049910.13;
P11798	P11798;	1HKX;4X3I;6TS3;7B55;7B56;7B57;	ENSMUST00000102888.10 [P11798-1];ENSMUST00000115295.9 [P11798-2];
P11835	P11835;	8FSE;8FTB;8T0D;	
P11859	P11859;	2WXX;2WXY;2WY0;	
P11862	P11862;	1V5R;	ENSMUST00000051912.13;ENSMUST00000107591.9;ENSMUST00000208711.2;
P11881		1N4K;1XZZ;5GUG;5X9Z;5XA0;5XA1;	ENSMUST00000032192.9 [P11881-1];ENSMUST00000203615.3 [P11881-3];
P11911	P11911;	8E4C;8EMA;	ENSMUST00000003469.8;
P11928	P11928;		ENSMUST00000080322.8;
P11930	P11930;		ENSMUST00000040962.6;
P11942	P11942;	1JBJ;	ENSMUST00000002101.12;
P11983	P11983;		ENSMUST00000089024.13 [P11983-2];ENSMUST00000151287.8 [P11983-1];
P11985	P11985;		ENSMUST00000097398.12 [P11985-2];ENSMUST00000097399.6 [P11985-1];ENSMUST00000231584.2 [P11985-2];
P12023	P12023;	2ROZ;2YSZ;2YT0;2YT1;4YN0;5MYK;7MRN;8BG9;8S4Y;	ENSMUST00000005406.12 [P12023-2];ENSMUST00000227723.2 [P12023-1];
P12025	P12025;		ENSMUST00000028672.13;ENSMUST00000069423.13;ENSMUST00000090602.6;ENSMUST00000111309.8;
P12032	P12032;		ENSMUST00000009530.5;ENSMUST00000115342.10;
P12242	P12242;		ENSMUST00000034146.5;
P12246	P12246;		ENSMUST00000027824.7;
P12265	P12265;		ENSMUST00000026613.14;
P12367	P12367;	1L6E;1R2A;2IZY;2QVS;3J4Q;3J4R;	
P12382	P12382;		ENSMUST00000020522.9;
P12388	P12388;		ENSMUST00000009356.11;ENSMUST00000064916.9;
P12657	P12657;		ENSMUST00000035444.10;ENSMUST00000163785.2;
P12658	P12658;		ENSMUST00000029876.2;
P12672	P12672;		ENSMUST00000050323.6;
P12710	P12710;		ENSMUST00000067492.8;
P12791	P12791;		
P12804	P12804;		ENSMUST00000035799.6;
P12813	P12813;		ENSMUST00000023779.8;ENSMUST00000228985.2;
P12815	P12815;	1HQV;5JJG;	ENSMUST00000022060.7 [P12815-1];ENSMUST00000222759.2 [P12815-2];
P12849	P12849;		ENSMUST00000026973.14;ENSMUST00000110890.8;
P12850	P12850;		ENSMUST00000031327.9;
P12960	P12960;	7OL2;7OL4;	ENSMUST00000000109.11;ENSMUST00000068378.6;ENSMUST00000169825.8;
P12961	P12961;		ENSMUST00000024005.8;
P12968	P12968;		ENSMUST00000041993.3;
P12970	P12970;	6SWA;7CPU;7CPV;7LS1;7LS2;	ENSMUST00000102898.5;
P12979	P12979;		ENSMUST00000027730.6;
P13011	P13011;		ENSMUST00000026221.7;
P13020	P13020;	1NPH;4CBU;4CBW;4CBX;5MVV;6I4D;6I4E;6I4F;6I4G;6I4H;6I4I;6I4J;6I4K;6I4L;6I4M;	ENSMUST00000028239.8 [P13020-1];ENSMUST00000201185.4 [P13020-2];
P13297	P13297;	1IG7;	ENSMUST00000063116.10;
P13346	P13346;		ENSMUST00000003640.4 [P13346-1];ENSMUST00000208446.2 [P13346-2];
P13372	P13372;		ENSMUST00000075017.5;
P13379	P13379;		ENSMUST00000025571.9;
P13405	P13405;		ENSMUST00000022701.7;
P13439	P13439;		ENSMUST00000023510.7;
P13504	P13504;		ENSMUST00000027241.11 [P13504-1];
P13516	P13516;	4YMK;6WF2;	ENSMUST00000041331.4;
P13541	P13541;		ENSMUST00000108689.8;
P13542	P13542;		ENSMUST00000019625.12;
P13562	P13562;		ENSMUST00000111095.4;ENSMUST00000223951.2;
P13595	P13595;	2NCM;3NCM;	
P13597	P13597;		ENSMUST00000086399.6 [P13597-1];
P13609	P13609;		ENSMUST00000020271.13;ENSMUST00000160987.8;ENSMUST00000162161.2;
P13707	P13707;		ENSMUST00000023760.13;
P13745	P13745;	1F3A;1F3B;	ENSMUST00000098537.4;
P13808	P13808;		
P13864	P13864;	3AV4;3AV5;3AV6;3PT6;3PT9;4DA4;5GUT;5GUV;5WY1;6W8V;6W8W;	ENSMUST00000004202.17 [P13864-1];ENSMUST00000216540.2 [P13864-2];
P14069	P14069;	4P2Y;	ENSMUST00000001051.9;ENSMUST00000198128.2;ENSMUST00000200289.2;
P14094	P14094;		ENSMUST00000027863.13;
P14106	P14106;		ENSMUST00000046384.9;
P14115	P14115;	6SWA;7CPU;7CPV;7LS1;7LS2;	ENSMUST00000143107.2;
P14131	P14131;	7CPU;7CPV;7LS1;7LS2;	ENSMUST00000082134.6;
P14142	P14142;		ENSMUST00000018710.13;
P14148	P14148;	6SWA;7CPU;7CPV;7LS1;7LS2;	ENSMUST00000058437.14;
P14152	P14152;		ENSMUST00000102874.11;ENSMUST00000239073.2;
P14206	P14206;	7CPU;7CPV;7LS1;7LS2;	ENSMUST00000035105.7;ENSMUST00000217317.2;
P14211	P14211;	3O0V;3O0W;3O0X;3RG0;	ENSMUST00000003912.7;
P14231	P14231;		ENSMUST00000047889.13;
P14234	P14234;		ENSMUST00000030693.13;ENSMUST00000171223.2;
P14246	P14246;		ENSMUST00000029240.14;
P14404	P14404;	6XAU;	ENSMUST00000108270.10 [P14404-1];
P14426	P14426;		
P14427	P14427;		
P14428	P14428;		
P14429	P14429;	1K8D;	ENSMUST00000071951.14;
P14431	P14431;		
P14432	P14432;	1NEZ;	
P14434	P14434;	1LNU;1MUJ;3C5Z;3C60;3C6L;3RDT;4P23;4P46;4P5T;6MKD;6MKR;6MNG;6MNM;6MNN;6MNO;9CYL;9CYM;	ENSMUST00000040655.14;
P14435	P14435;		
P14436	P14436;		
P14437	P14437;		
P14438	P14438;	1K2D;1U3H;2P24;2PXY;2Z31;	
P14483	P14483;	1LNU;1MUJ;3C5Z;3C60;3C6L;3RDT;4P23;4P46;4P5T;6MKD;6MKR;6MNG;6MNM;6MNN;6MNO;9CYL;9CYM;	ENSMUST00000040828.7;
P14602	P14602;		ENSMUST00000005077.7 [P14602-1];
P14719	P14719;	5VI4;	ENSMUST00000053043.8 [P14719-1];ENSMUST00000097772.10 [P14719-1];ENSMUST00000173514.8 [P14719-2];ENSMUST00000174335.8 [P14719-2];
P14733	P14733;		ENSMUST00000025486.9;
P14753	P14753;	2MXB;	ENSMUST00000006397.7 [P14753-1];
P14824	P14824;		ENSMUST00000108883.10;
P14847	P14847;		ENSMUST00000038495.5;
P14869	P14869;	7LS1;7LS2;	ENSMUST00000086519.12;
P14873	P14873;		ENSMUST00000064762.6;
P14901	P14901;		ENSMUST00000005548.8;
P15066	P15066;		ENSMUST00000095267.8;
P15105	P15105;		ENSMUST00000086199.12;ENSMUST00000140685.5;
P15116	P15116;	1NCG;1NCH;1NCI;1NCJ;1OP4;2QVI;3Q2W;4NUM;4NUP;4NUQ;	ENSMUST00000025166.14;
P15208	P15208;	1LK2;7SL1;7SL2;7SL3;7SL4;7SL6;7SL7;7STH;7STI;7STJ;7STK;8DTL;8DTM;8EYX;8EYY;8EZ0;	ENSMUST00000091291.5;
P15209	P15209;		ENSMUST00000079828.7 [P15209-1];ENSMUST00000109838.10 [P15209-2];ENSMUST00000224259.2 [P15209-2];ENSMUST00000225488.2 [P15209-1];
P15247	P15247;	7OX4;7XCB;	ENSMUST00000022019.4;
P15261	P15261;		ENSMUST00000020188.13;
P15306	P15306;		ENSMUST00000099270.5;
P15314	P15314;	1IF1;	ENSMUST00000019043.13;ENSMUST00000108920.10;
P15327	P15327;		ENSMUST00000045372.6;
P15331	P15331;		
P15375	P15375;		ENSMUST00000044210.5;
P15379	P15379;	2JCP;2JCQ;2JCR;2ZPY;4MRD;4MRE;4MRF;4MRG;4MRH;4NP2;4NP3;5BZC;5BZE;5BZF;5BZG;5BZH;5BZI;5BZJ;5BZK;5BZL;5BZM;5BZN;5BZO;5BZP;5BZQ;5BZR;5BZS;5BZT;5SBK;5SBL;5SBM;5SBN;5SBO;5SBP;5SBQ;5SBR;5SBS;5SBT;5SBU;5SBV;5SBW;5SBX;5SBY;5SBZ;5SC0;5SC1;5SC2;5SC3;5SC4;5SC5;5SC6;5SC7;	
P15388	P15388;		ENSMUST00000025202.8 [P15388-1];ENSMUST00000160433.3 [P15388-3];
P15409	P15409;		ENSMUST00000032471.9;
P15499	P15499;		ENSMUST00000024773.6;
P15508	P15508;		
P15530	P15530;	3KHO;3KHQ;8E4C;8EMA;	ENSMUST00000167143.2;
P15532	P15532;	7ZL8;7ZLW;7ZTK;	ENSMUST00000135884.8;
P15533	P15533;	2ECW;	ENSMUST00000076922.6 [P15533-1];
P15535	P15535;		ENSMUST00000030121.13 [P15535-1];
P15539	P15539;		ENSMUST00000238900.3;
P15626	P15626;		ENSMUST00000012348.9;
P15655	P15655;		ENSMUST00000138563.9;ENSMUST00000200585.5;
P15702	P15702;	2EMS;	ENSMUST00000049931.6;ENSMUST00000143713.2;
P15806	P15806;	2QL2;7WZ6;	ENSMUST00000105345.10 [P15806-2];ENSMUST00000105346.10 [P15806-1];
P15864	P15864;		ENSMUST00000040914.3;
P15919	P15919;	1RMD;3GNA;3GNB;4WWX;5ZDZ;5ZE0;5ZE1;5ZE2;6CG0;6CIJ;6CIK;6CIL;6CIM;6OEM;6OEN;6OEO;6OEP;6OEQ;6OER;6OES;6OET;6V0V;6XNX;6XNY;6XNZ;	ENSMUST00000078494.6;
P15920	P15920;	2LX4;	ENSMUST00000037865.13 [P15920-1];
P15948	P15948;		ENSMUST00000077528.7;
P15949	P15949;		ENSMUST00000081399.4;
P15975	P15975;		ENSMUST00000090379.7 [P15975-1];ENSMUST00000197314.5 [P15975-2];
P16043	P16043;		ENSMUST00000029172.2;ENSMUST00000109536.8;
P16045	P16045;	4LBQ;	ENSMUST00000089377.6;
P16054	P16054;		ENSMUST00000097274.3;ENSMUST00000097275.9;
P16056	P16056;		
P16092	P16092;	2CKN;	ENSMUST00000084027.13 [P16092-1];ENSMUST00000117179.9 [P16092-6];ENSMUST00000119398.10 [P16092-2];ENSMUST00000167764.2 [P16092-5];
P16110	P16110;	7CXB;7CXC;7DF6;8ILU;8IU1;	
P16277	P16277;	1BLJ;1BLK;	ENSMUST00000014597.5;
P16283	P16283;		ENSMUST00000124341.8 [P16283-1];
P16294	P16294;		ENSMUST00000033477.5;
P16297	P16297;	6DG5;	ENSMUST00000089398.9;ENSMUST00000163494.3;
P16301	P16301;		ENSMUST00000038896.8;
P16305	P16305;		ENSMUST00000020703.13 [P16305-2];ENSMUST00000109286.4 [P16305-3];ENSMUST00000155218.9 [P16305-1];
P16330	P16330;	2XMI;2Y1P;2Y3X;2YDB;2YDC;2YDD;2YOZ;2YP0;2YPC;2YPE;2YPH;2YQ9;3ZBR;3ZBS;3ZBZ;4WBI;4WBL;4WC9;4WCA;4WCB;4WCC;4WDA;4WDB;4WDD;4WDE;4WDF;4WDG;4WDH;4WEX;4WFR;5AE0;7QZK;7QZS;	ENSMUST00000103120.5 [P16330-1];
P16332	P16332;		ENSMUST00000169611.4;
P16381	P16381;		ENSMUST00000045108.2;
P16382	P16382;		ENSMUST00000033004.8 [P16382-1];ENSMUST00000206846.2 [P16382-2];
P16388	P16388;		ENSMUST00000055168.5;ENSMUST00000203094.2;
P16390	P16390;		ENSMUST00000052718.5;
P16406	P16406;		ENSMUST00000029658.14;
P16460	P16460;		ENSMUST00000102840.5;
P16546	P16546;		ENSMUST00000046257.14 [P16546-2];ENSMUST00000095083.11 [P16546-1];
P16646	P16646;		
P16675	P16675;	7KDV;	ENSMUST00000103093.10;
P16858	P16858;	6LGJ;6LGK;6LGM;	ENSMUST00000073605.15;ENSMUST00000118875.8;
P16872	P16872;	4NN5;4NN6;4NN7;5J12;8DDC;	ENSMUST00000003981.6;
P16879	P16879;		ENSMUST00000080932.8;
P16882	P16882;		ENSMUST00000110697.9 [P16882-2];ENSMUST00000110698.9 [P16882-2];
P16951	P16951;		ENSMUST00000055833.12 [P16951-1];ENSMUST00000090802.11 [P16951-3];ENSMUST00000100009.11 [P16951-1];ENSMUST00000112007.8 [P16951-3];ENSMUST00000112010.9 [P16951-3];ENSMUST00000112016.9 [P16951-2];ENSMUST00000112017.8 [P16951-1];
P17012	P17012;		ENSMUST00000088102.12;ENSMUST00000113926.8;ENSMUST00000113927.8;
P17047	P17047;	5GV3;	ENSMUST00000016678.14 [P17047-1];ENSMUST00000061755.9 [P17047-3];ENSMUST00000074913.12 [P17047-2];
P17095	P17095;		ENSMUST00000105046.4 [P17095-2];ENSMUST00000114888.11 [P17095-1];ENSMUST00000118570.2 [P17095-1];ENSMUST00000118599.9 [P17095-2];ENSMUST00000119486.9 [P17095-2];ENSMUST00000231358.2 [P17095-1];ENSMUST00000231825.2 [P17095-1];ENSMUST00000231874.2 [P17095-2];ENSMUST00000232013.2 [P17095-2];ENSMUST00000232265.2 [P17095-2];ENSMUST00000232552.2 [P17095-1];
P17125	P17125;		
P17156	P17156;		ENSMUST00000080449.7;ENSMUST00000219555.2;
P17182	P17182;		ENSMUST00000076155.6;ENSMUST00000080926.13;ENSMUST00000235307.2;
P17183	P17183;		ENSMUST00000004378.15;
P17208	P17208;		ENSMUST00000053016.10 [P17208-1];
P17225	P17225;		ENSMUST00000165704.8 [P17225-2];ENSMUST00000172282.8 [P17225-1];
P17426	P17426;		ENSMUST00000107857.11 [P17426-2];ENSMUST00000166972.9 [P17426-1];
P17427	P17427;	1B9K;1KY6;1KY7;1KYD;1KYF;1KYU;1QTP;1QTS;1W80;2JKR;2JKT;2VJ0;3HS8;6OWO;6OXL;7OHI;7RW8;7RW9;7RWA;7RWB;7RWC;8T1O;	ENSMUST00000003038.12;
P17433	P17433;	1PUE;5W3G;8EVH;8EVI;8EVJ;8SMH;8SMJ;8SP1;	ENSMUST00000002180.8;
P17439	P17439;		ENSMUST00000077367.11;ENSMUST00000167998.2;
P17515	P17515;	2R3Z;	ENSMUST00000038816.13;
P17532	P17532;		ENSMUST00000049298.15;ENSMUST00000107669.9;
P17553	P17553;		ENSMUST00000000127.6;
P17563	P17563;		ENSMUST00000090839.12;
P17564	P17564;		ENSMUST00000042105.11 [P17564-1];ENSMUST00000167273.2 [P17564-1];
P17665	P17665;	7O37;7O3C;7O3E;8PW5;8PW6;8PW7;	ENSMUST00000131011.2;
P17679	P17679;	1GNF;1Y0J;2L5E;2L6Y;2L6Z;3VD6;3VEK;	ENSMUST00000033502.14 [P17679-1];
P17710	P17710;		ENSMUST00000072357.14 [P17710-2];ENSMUST00000099691.11 [P17710-3];ENSMUST00000116238.9 [P17710-2];
P17742	P17742;	6FK1;	ENSMUST00000132846.2;
P17751	P17751;		ENSMUST00000172132.10 [P17751-1];ENSMUST00000239432.2 [P17751-2];
P17809	P17809;		ENSMUST00000030398.10;
P17879	P17879;		ENSMUST00000172753.2;
P17892	P17892;		ENSMUST00000026081.5;
P17897	P17897;		ENSMUST00000092162.7;
P17918	P17918;		ENSMUST00000028817.7;
P17919	P17919;		ENSMUST00000019117.3;
P17981	P17981;		
P18052	P18052;	1P15;1YFO;	ENSMUST00000077303.4 [P18052-1];
P18111	P18111;		ENSMUST00000025521.9;
P18155	P18155;		ENSMUST00000005810.9;
P18181	P18181;	2PTT;2PTV;	ENSMUST00000068584.7;
P18242	P18242;		ENSMUST00000151120.9;
P18293	P18293;		ENSMUST00000029540.13;
P18337	P18337;		ENSMUST00000027871.13;
P18340	P18340;		ENSMUST00000113093.5;
P18406	P18406;		ENSMUST00000029846.5;
P18572	P18572;	7Y1B;7Y1Q;	ENSMUST00000067036.12 [P18572-1];ENSMUST00000179781.8 [P18572-2];
P18581	P18581;		ENSMUST00000057784.15 [P18581-1];ENSMUST00000098816.10 [P18581-2];ENSMUST00000117077.8 [P18581-2];
P18608	P18608;		ENSMUST00000050884.16;
P18653	P18653;		ENSMUST00000003741.16;
P18654	P18654;	2QR7;2QR8;3G51;3UBD;4EL9;4GUE;4M8T;4MAO;5O1S;	ENSMUST00000033671.13;
P18760	P18760;		ENSMUST00000209469.2;
P18761	P18761;		ENSMUST00000030817.5;
P18762	P18762;		ENSMUST00000053640.5;
P18826	P18826;		ENSMUST00000052012.14 [P18826-1];ENSMUST00000113611.3 [P18826-2];
P18828	P18828;		ENSMUST00000020911.14 [P18828-1];
P18872	P18872;	3C7K;	ENSMUST00000034198.15 [P18872-1];ENSMUST00000125716.8 [P18872-1];ENSMUST00000138659.9 [P18872-2];
P18893	P18893;	4X51;	ENSMUST00000016673.6;
P18894	P18894;		ENSMUST00000112292.9;ENSMUST00000161610.6;
P18911	P18911;		ENSMUST00000043172.15 [P18911-1];ENSMUST00000063339.14 [P18911-2];
P19001	P19001;		ENSMUST00000007317.8;
P19070	P19070;		
P19091	P19091;	2QPY;	ENSMUST00000052837.9;
P19096	P19096;	5MY0;5MY2;6ROP;	ENSMUST00000055655.9;
P19137		2JD4;5MC9;8DMK;	ENSMUST00000035471.9;
P19157	P19157;	1BAY;1GLP;1GLQ;1GSY;1GTI;2GLR;2OA7;2OAC;2OAD;3O76;8C5D;	ENSMUST00000169613.4;
P19182	P19182;		ENSMUST00000001672.12;
P19221	P19221;	2OCV;2PUX;2PV9;3EDX;3HK3;3HK6;3HKI;	ENSMUST00000028681.15;
P19246	P19246;		ENSMUST00000093369.5;
P19253	P19253;	6SWA;7CPU;7CPV;7LS1;7LS2;	ENSMUST00000150350.9;
P19258	P19258;		ENSMUST00000154241.8;ENSMUST00000200864.4;ENSMUST00000201353.4;
P19324	P19324;		ENSMUST00000094154.6;ENSMUST00000169437.9;ENSMUST00000207849.2;ENSMUST00000208119.2;
P19426	P19426;		ENSMUST00000097343.11 [P19426-2];ENSMUST00000165953.3 [P19426-2];ENSMUST00000173357.8 [P19426-2];
P19437	P19437;		ENSMUST00000169159.3;
P19639	P19639;		ENSMUST00000004136.10;
P19783	P19783;	7O37;7O3C;7O3E;8PW5;8PW6;8PW7;	ENSMUST00000034276.13;ENSMUST00000181586.8;
P19785	P19785;		ENSMUST00000067086.14;ENSMUST00000105589.2;ENSMUST00000105590.8;
P19973	P19973;		ENSMUST00000018963.11 [P19973-1];ENSMUST00000038946.9 [P19973-2];ENSMUST00000105968.8 [P19973-1];
P20029	P20029;		ENSMUST00000028222.13;ENSMUST00000100171.3;
P20033	P20033;		ENSMUST00000046901.14 [P20033-1];ENSMUST00000076095.14 [P20033-2];ENSMUST00000110896.2 [P20033-2];ENSMUST00000110897.8 [P20033-2];
P20060	P20060;		ENSMUST00000022169.10;
P20065	P20065;	1T44;3M3N;	ENSMUST00000112172.4 [P20065-2];ENSMUST00000112175.2 [P20065-1];ENSMUST00000112176.8 [P20065-1];
P20067	P20067;	6MGM;6MGN;6U2U;	ENSMUST00000038368.9 [P20067-2];
P20108	P20108;		ENSMUST00000025961.7;
P20109	P20109;		ENSMUST00000020650.2;
P20152	P20152;		ENSMUST00000028062.8;
P20181	P20181;		ENSMUST00000050484.9;
P20239	P20239;	5BUP;5II6;8RKH;	ENSMUST00000033207.6;
P20263	P20263;	1OCP;3L1P;6HT5;8BX1;8BX2;	ENSMUST00000025271.17;
P20293	P20293;		ENSMUST00000074667.9;
P20334	P20334;	1D0J;5WI8;5WIW;5WJF;6MKZ;	ENSMUST00000030808.10;ENSMUST00000105671.8;ENSMUST00000116257.8;
P20357	P20357;		ENSMUST00000114013.8;
P20443	P20443;	4ZWJ;5DGY;5W0P;	ENSMUST00000077772.12;
P20444	P20444;		
P20489	P20489;	8K7T;8YRJ;	ENSMUST00000049706.11;
P20490	P20490;	8K7T;8YRJ;	ENSMUST00000164792.8;
P20491	P20491;	8K7T;8YRJ;	ENSMUST00000079957.12;
P20612	P20612;		ENSMUST00000010205.9;
P20615	P20615;		ENSMUST00000000010.9;
P20664	P20664;		ENSMUST00000026461.8;
P20693	P20693;		ENSMUST00000005678.6 [P20693-1];ENSMUST00000208145.2 [P20693-3];ENSMUST00000208492.2 [P20693-2];
P20722	P20722;		ENSMUST00000171970.3;
P20782	P20782;		ENSMUST00000102556.10;
P20826	P20826;	2O26;2O27;	ENSMUST00000020129.8 [P20826-2];ENSMUST00000105283.9 [P20826-1];
P20852	P20852;		
P20917	P20917;	5LF5;5LFR;5LFU;5LFV;6GZJ;6GZL;	ENSMUST00000040548.14 [P20917-2];ENSMUST00000187137.7 [P20917-2];ENSMUST00000191081.7 [P20917-1];
P20918	P20918;		ENSMUST00000014578.7;
P20937	P20937;	1QO3;	
P21107	P21107;		ENSMUST00000029549.16 [P21107-2];
P21180	P21180;		ENSMUST00000025230.15 [P21180-1];
P21237	P21237;		ENSMUST00000053317.12 [P21237-2];ENSMUST00000111043.9 [P21237-1];ENSMUST00000111044.3 [P21237-1];ENSMUST00000111045.9 [P21237-1];ENSMUST00000111046.9 [P21237-1];ENSMUST00000111047.9 [P21237-1];ENSMUST00000111049.9 [P21237-1];ENSMUST00000111050.10 [P21237-1];ENSMUST00000111051.10 [P21237-1];ENSMUST00000176893.8 [P21237-1];
P21271	P21271;		
P21274	P21274;		ENSMUST00000028836.7;
P21275	P21275;		ENSMUST00000074077.12;ENSMUST00000100676.3;
P21278	P21278;		ENSMUST00000043604.6;
P21279	P21279;	2BCJ;2RGN;3AH8;4EKC;4EKD;4GNK;4QJ3;4QJ4;4QJ5;5DO9;7SQ2;	ENSMUST00000025541.6;
P21440	P21440;		ENSMUST00000003717.13;
P21447	P21447;	3G5U;3G60;3G61;4KSB;4KSC;4KSD;4LSG;4M1M;4M2S;4M2T;4Q9H;4Q9I;4Q9J;4Q9K;4Q9L;4XWK;5KO2;5KOY;5KPD;5KPI;5KPJ;6GDI;6Q81;6UJN;6UJP;6UJR;6UJS;6UJT;6UJW;7OTG;7OTI;7ZK4;7ZK5;7ZK6;7ZK8;7ZK9;7ZKA;7ZKB;8AVY;8PEE;	ENSMUST00000047753.5;
P21550	P21550;		ENSMUST00000072841.12;ENSMUST00000108548.8;ENSMUST00000170716.8;
P21552	P21552;		ENSMUST00000010941.6;
P21570	P21570;	2BWK;2BWL;	ENSMUST00000069011.9;ENSMUST00000171688.9;
P21619	P21619;		ENSMUST00000105332.3 [P21619-2];ENSMUST00000179022.8 [P21619-1];
P21661	P21661;		ENSMUST00000028905.10;
P21729	P21729;		ENSMUST00000033730.3;
P21784	P21784;	2JWO;2V83;2V85;2V86;2V87;2V88;2V89;4WWX;5ZDZ;5ZE0;5ZE1;5ZE2;6CG0;6CIJ;6CIK;6CIL;6CIM;6OEM;6OEN;6OEO;6OEP;6OEQ;6OER;6OES;6OET;6V0V;6XNX;6XNY;6XNZ;	ENSMUST00000044031.4;ENSMUST00000111227.2;
P21803	P21803;	4HWU;	
P21812	P21812;		
P21836	P21836;	1C2B;1C2O;1J06;1J07;1KU6;1MAA;1MAH;1N5M;1N5R;1Q83;1Q84;2C0P;2C0Q;2GYU;2GYV;2GYW;2H9Y;2HA0;2HA2;2HA3;2HA4;2HA5;2HA6;2HA7;2JEY;2JEZ;2JF0;2JGE;2JGF;2JGI;2JGJ;2JGK;2JGL;2JGM;2WHP;2WHQ;2WHR;2WLS;2WU3;2WU4;2XUD;2XUF;2XUG;2XUH;2XUI;2XUJ;2XUK;2XUO;2XUP;2XUQ;2Y2U;2Y2V;3DL4;3DL7;3ZLT;3ZLU;3ZLV;4A16;4A23;4ARA;4ARB;4B7Z;4B80;4B81;4B82;4B83;4B84;4B85;4BC0;4BC1;4BTL;5DTI;5DTJ;5EHN;5EHQ;5EHZ;5EIA;5EIE;5EIH;5FKJ;5FPP;5FUM;5HCU;5OV9;6FSD;6FSE;6TD2;7QAK;7QB4;7QYN;7R02;7R0A;7R2F;7R3C;7R4E;8ORC;	ENSMUST00000024099.11 [P21836-1];ENSMUST00000085934.4 [P21836-1];
P21844	P21844;		ENSMUST00000226280.2;
P21845	P21845;		
P21855	P21855;	5B1R;	ENSMUST00000107926.8;
P21952	P21952;	2XSD;	ENSMUST00000053491.9;
P21956	P21956;	2L9L;	ENSMUST00000032825.14 [P21956-1];ENSMUST00000107409.5 [P21956-2];
P21958	P21958;		ENSMUST00000170086.8;
P21981	P21981;		ENSMUST00000103122.10;
P21995	P21995;		ENSMUST00000022242.9;
P22005	P22005;		ENSMUST00000070375.8;
P22091	P22091;		ENSMUST00000030489.9;ENSMUST00000161601.8;ENSMUST00000162489.2;
P22227	P22227;		
P22272	P22272;		ENSMUST00000029559.7;
P22315	P22315;		ENSMUST00000236586.3;
P22361	P22361;	1F93;1G2Y;1G2Z;1G39;1JB6;	ENSMUST00000031535.12;
P22366	P22366;		ENSMUST00000035092.7 [P22366-1];
P22387	P22387;		ENSMUST00000021796.9;
P22389	P22389;		ENSMUST00000030384.5;
P22437	P22437;		ENSMUST00000062069.6;
P22518	P22518;		ENSMUST00000034868.14 [P22518-1];ENSMUST00000148330.8 [P22518-2];ENSMUST00000151338.8 [P22518-2];
P22561	P22561;		
P22599	P22599;		ENSMUST00000095450.11;ENSMUST00000164454.3;ENSMUST00000186166.7;
P22605	P22605;	1XDK;	ENSMUST00000063750.8 [P22605-3];
P22646	P22646;	1JBJ;1XMW;2K4F;3R08;	ENSMUST00000102832.3;
P22682	P22682;	2D9S;	ENSMUST00000206720.2;
P22723	P22723;	7CDB;8FOI;8G4N;8G4O;8G4X;8G5F;8G5G;8G5H;	ENSMUST00000070725.11 [P22723-2];ENSMUST00000070735.10 [P22723-1];
P22724	P22724;		ENSMUST00000045747.5;
P22725	P22725;		ENSMUST00000063465.12 [P22725-1];ENSMUST00000112272.2 [P22725-2];
P22726	P22726;		ENSMUST00000117171.8;ENSMUST00000178696.8;
P22727	P22727;		ENSMUST00000006716.8;
P22777	P22777;	3LW2;	
P22858	P22858;		
P22892	P22892;	1GYU;1GYV;1GYW;1W63;2A7B;3ZY7;4HMY;4P6Z;6CM9;6CRI;6D83;6D84;6DFF;7R4H;7UX3;8D4C;8D4D;8D4E;8D4F;8D4G;8D9R;8D9S;8D9T;8D9U;8D9V;8D9W;	ENSMUST00000034171.9;
P22893	P22893;	1M9O;	ENSMUST00000051241.7;
P22907	P22907;		ENSMUST00000077353.15 [P22907-1];ENSMUST00000097558.5 [P22907-2];
P22933	P22933;		ENSMUST00000030925.3;
P22935	P22935;		ENSMUST00000005019.6;
P23116	P23116;		ENSMUST00000025955.8;
P23150	P23150;		
P23188	P23188;	1P8J;	ENSMUST00000107362.10;ENSMUST00000120753.3;ENSMUST00000122232.8;
P23198	P23198;		
P23204	P23204;		ENSMUST00000057979.6;ENSMUST00000109422.8;ENSMUST00000109423.8;
P23242	P23242;		ENSMUST00000068581.9;ENSMUST00000220069.2;
P23249	P23249;		ENSMUST00000168015.8;
P23275	P23275;		ENSMUST00000080917.2;ENSMUST00000214238.2;ENSMUST00000214590.2;
P23298	P23298;		ENSMUST00000021527.15;
P23299	P23299;		ENSMUST00000051705.7;ENSMUST00000166707.3;
P23359	P23359;		ENSMUST00000009143.8;
P23440	P23440;		ENSMUST00000031456.8 [P23440-1];
P23475	P23475;		
P23492	P23492;		
P23506	P23506;		ENSMUST00000159917.8 [P23506-1];ENSMUST00000162606.8 [P23506-2];ENSMUST00000163085.8 [P23506-1];
P23578	P23578;		ENSMUST00000023295.3;
P23589	P23589;	1DMX;1DMY;1KEQ;1URT;	ENSMUST00000057653.8;
P23591	P23591;		ENSMUST00000023231.7;ENSMUST00000229641.2;
P23611	P23611;		ENSMUST00000047737.10;ENSMUST00000162001.8;
P23683	P23683;		ENSMUST00000031787.8;
P23708	P23708;		ENSMUST00000078800.13 [P23708-1];ENSMUST00000162460.8 [P23708-2];
P23772	P23772;	3DFV;3DFX;	ENSMUST00000102976.4;
P23780	P23780;	7KDV;	ENSMUST00000063042.11;
P23798	P23798;		ENSMUST00000018681.14;ENSMUST00000103148.8;ENSMUST00000169807.8;ENSMUST00000179765.8;
P23804	P23804;		ENSMUST00000020408.16 [P23804-1];ENSMUST00000105263.9 [P23804-2];
P23813	P23813;		
P23818	P23818;	7LDD;7LDE;	ENSMUST00000036315.16;
P23819	P23819;	7LDD;7LDE;7LEP;	
P23927	P23927;		ENSMUST00000034562.9;ENSMUST00000214962.2;ENSMUST00000216755.2;ENSMUST00000217475.2;
P23949	P23949;		ENSMUST00000060366.7;
P23950	P23950;		ENSMUST00000021552.3;
P23953	P23953;		ENSMUST00000034189.17;
P23979	P23979;	4PIR;6BE1;6DG7;6DG8;6HIN;6HIO;6HIQ;6NP0;6W1J;6W1M;6W1Y;6Y1Z;8FRW;8FRX;8FRZ;8FSB;8FSP;8FSZ;	ENSMUST00000003826.8 [P23979-1];ENSMUST00000217289.2 [P23979-2];
P24063	P24063;		ENSMUST00000106306.9 [P24063-1];ENSMUST00000117762.8 [P24063-2];
P24161	P24161;		ENSMUST00000005907.12 [P24161-1];ENSMUST00000027849.11 [P24161-2];ENSMUST00000086002.11 [P24161-2];ENSMUST00000187313.7 [P24161-2];
P24270	P24270;		ENSMUST00000028610.10;
P24288	P24288;		ENSMUST00000111742.8;
P24369	P24369;		ENSMUST00000034947.7;
P24383	P24383;		ENSMUST00000032180.7;
P24452	P24452;		
P24472	P24472;	1B48;1GUK;	ENSMUST00000034903.7;
P24527	P24527;		ENSMUST00000016033.9;
P24529	P24529;		ENSMUST00000000219.10;
P24547	P24547;		ENSMUST00000081111.14;
P24549	P24549;	7YOB;	ENSMUST00000087638.4;ENSMUST00000225337.3;
P24604	P24604;	1GL5;	
P24610	P24610;		ENSMUST00000087086.7;
P24622	P24622;		ENSMUST00000019192.8 [P24622-1];ENSMUST00000228716.3 [P24622-2];
P24668	P24668;		ENSMUST00000007602.15;ENSMUST00000112610.2;
P24699	P24699;		ENSMUST00000000445.2;
P24721	P24721;		ENSMUST00000102572.8;
P24788	P24788;		ENSMUST00000067081.10 [P24788-1];ENSMUST00000105600.8 [P24788-1];
P24807	P24807;		ENSMUST00000058714.10;
P24815	P24815;		ENSMUST00000029465.10;ENSMUST00000107016.10;
P24822	P24822;		
P24823	P24823;		ENSMUST00000027455.13;ENSMUST00000188310.2;
P24860	P24860;		ENSMUST00000072119.15;
P25085	P25085;		ENSMUST00000114482.3 [P25085-1];ENSMUST00000114487.9 [P25085-2];
P25118	P25118;		ENSMUST00000032491.15;
P25119	P25119;		ENSMUST00000030336.11;
P25206	P25206;		ENSMUST00000053266.11;
P25233	P25233;		ENSMUST00000038775.6;
P25318	P25318;		ENSMUST00000070132.7 [P25318-1];
P25322	P25322;		ENSMUST00000093962.5;
P25425	P25425;		ENSMUST00000069609.12 [P25425-5];ENSMUST00000111429.11 [P25425-2];ENSMUST00000184643.8 [P25425-3];
P25444	P25444;	7CPU;7CPV;7LS1;7LS2;	ENSMUST00000054289.13;ENSMUST00000170715.8;
P25446	P25446;	2NA6;3OQ9;	ENSMUST00000025691.13;
P25688	P25688;		ENSMUST00000029837.14;
P25785	P25785;		
P25799	P25799;	1BFS;1IKN;1LE5;1LE9;1LEI;1NFK;1OOA;1U36;1U3J;1U3Y;1U3Z;1U41;1U42;1VKX;2I9T;2V2T;3JV4;8TKL;8TKM;8TKN;9BOR;	ENSMUST00000029812.14 [P25799-1];ENSMUST00000164430.7 [P25799-1];
P25801	P25801;	1J2O;2L6Y;2L6Z;2LXD;	ENSMUST00000123437.8;ENSMUST00000170926.8;
P25911	P25911;	2ZV7;2ZV8;2ZV9;2ZVA;4TZI;	ENSMUST00000041377.13 [P25911-1];ENSMUST00000103010.4 [P25911-2];
P25916	P25916;	2CKL;	ENSMUST00000028071.13;ENSMUST00000051929.13;
P25918	P25918;		ENSMUST00000206325.2;
P25962	P25962;		ENSMUST00000081438.10 [P25962-1];ENSMUST00000117565.2 [P25962-2];ENSMUST00000121838.2 [P25962-1];
P25976	P25976;	1V63;1V64;1WGF;	
P26011	P26011;		ENSMUST00000001327.11;
P26039	P26039;	1SJ7;1SJ8;1T01;1U89;1Y19;1ZW3;2B0H;2G35;2JSW;2KBB;2KC1;2KC2;2KGX;2KMA;2KVP;2L10;2L7A;2L7N;2LQG;2QDQ;2X0C;3DYJ;3IVF;3S90;4F7G;4W8P;5FZT;5IC0;5IC1;5NL1;6BA6;6MFS;6TWN;6VGU;7V1A;7ZW4;8AS9;8FSE;8FSO;8FTB;8IVZ;8T0D;8VDO;8VDP;8VDQ;8VDR;	ENSMUST00000030187.14;
P26040	P26040;		ENSMUST00000064234.7;
P26041	P26041;	4YL8;	ENSMUST00000117399.2;
P26043	P26043;	1GC6;1GC7;1J19;2D10;2D11;2D2Q;2EMS;2EMT;2YVC;2ZPY;3X23;	ENSMUST00000000590.16;ENSMUST00000163153.9;
P26048	P26048;		ENSMUST00000197284.5;
P26049	P26049;	8G4X;8G5F;8G5G;8G5H;	ENSMUST00000055966.13;
P26151	P26151;		ENSMUST00000029748.8;
P26187	P26187;		ENSMUST00000081510.4;
P26231	P26231;	1DOV;1DOW;1L7C;4E17;4E18;4K1N;5Y04;6DV1;6O3E;6WVT;	ENSMUST00000042345.8;
P26262	P26262;	5GVT;6A8O;	ENSMUST00000026907.6;
P26323	P26323;		ENSMUST00000016231.14;
P26339	P26339;	5DMK;	ENSMUST00000021610.7;
P26361	P26361;	1Q3H;1R0W;1R0X;1R0Y;1R0Z;1R10;1XF9;1XFA;3SI7;	ENSMUST00000045706.12 [P26361-1];ENSMUST00000115405.9 [P26361-3];ENSMUST00000140407.8 [P26361-2];
P26369	P26369;	2M52;3V4M;4RU2;4Z2X;5CXT;	ENSMUST00000209099.2;
P26443	P26443;		ENSMUST00000022322.17;
P26450	P26450;		ENSMUST00000055518.13;
P26618	P26618;		ENSMUST00000000476.15 [P26618-1];ENSMUST00000168162.5 [P26618-1];ENSMUST00000201711.4 [P26618-2];ENSMUST00000202681.4 [P26618-2];
P26638	P26638;		ENSMUST00000090553.12;
P26645	P26645;	1IWQ;	ENSMUST00000092584.6;
P26687	P26687;		ENSMUST00000049089.7;
P26883	P26883;	8VJJ;8VJK;8VK3;8VK4;	ENSMUST00000044011.12;
P26928	P26928;		ENSMUST00000035211.14;
P26952	P26952;		ENSMUST00000090591.4 [P26952-1];ENSMUST00000224163.2 [P26952-1];ENSMUST00000224877.2 [P26952-3];
P26954	P26954;	4QQV;	ENSMUST00000096356.5;
P26955	P26955;		ENSMUST00000096355.4;ENSMUST00000230264.3;
P27005	P27005;		ENSMUST00000069927.10;
P27038	P27038;	1BTE;1LX5;2GOO;	ENSMUST00000063886.4;
P27040	P27040;	1S4Y;2H64;	ENSMUST00000035093.15 [P27040-3];ENSMUST00000165044.3 [P27040-1];ENSMUST00000215746.2 [P27040-2];
P27046	P27046;		ENSMUST00000086723.10;
P27048	P27048;		ENSMUST00000103199.9;
P27090	P27090;	5TX2;5TX6;	ENSMUST00000045288.14;
P27106	P27106;		
P27467	P27467;		ENSMUST00000010044.8;
P27512	P27512;		ENSMUST00000017799.12 [P27512-1];ENSMUST00000073707.9 [P27512-5];ENSMUST00000081310.11 [P27512-2];ENSMUST00000184221.2 [P27512-3];
P27545	P27545;		ENSMUST00000140239.4;
P27546	P27546;		ENSMUST00000035055.15 [P27546-1];ENSMUST00000165876.8 [P27546-2];
P27548	P27548;		ENSMUST00000033466.2;
P27573	P27573;		
P27577	P27577;	1K78;1K79;1K7A;1MD0;1MDM;1R36;2JV3;2KMD;6DA1;6DAT;	ENSMUST00000034534.13 [P27577-1];
P27600	P27600;	1ZCA;	ENSMUST00000000153.9;
P27601	P27601;	1SHZ;1ZCB;3AB3;3CX6;3CX7;3CX8;	ENSMUST00000020930.14;
P27612	P27612;		ENSMUST00000107107.9;
P27641	P27641;		ENSMUST00000027379.10;
P27656	P27656;		ENSMUST00000034731.10;
P27659	P27659;	6SWA;7CPU;7CPV;7LS1;7LS2;	ENSMUST00000081650.15;
P27661	P27661;		ENSMUST00000052686.4;
P27664	P27664;		
P27671	P27671;	2IJE;	ENSMUST00000034912.6;
P27681	P27681;		ENSMUST00000068911.13;
P27699	P27699;		ENSMUST00000025069.11 [P27699-5];ENSMUST00000082141.12 [P27699-6];ENSMUST00000150235.8 [P27699-1];ENSMUST00000154135.8 [P27699-2];ENSMUST00000154470.8 [P27699-8];ENSMUST00000165086.8 [P27699-7];
P27773	P27773;		ENSMUST00000028683.14;
P27782	P27782;	2LEF;3OUW;3OUX;	ENSMUST00000029611.14 [P27782-1];
P27786	P27786;		ENSMUST00000026012.8;
P27808	P27808;		ENSMUST00000081794.7;ENSMUST00000101293.11;ENSMUST00000109194.2;ENSMUST00000167400.8;
P27812	P27812;		
P27814	P27814;		ENSMUST00000167691.9 [P27814-2];ENSMUST00000174404.8 [P27814-1];
P27870	P27870;	1F5X;1GCP;1GCQ;1K1Z;2KBT;2VRW;	ENSMUST00000005889.16;
P27889	P27889;		ENSMUST00000021016.10 [P27889-1];ENSMUST00000108113.3 [P27889-3];ENSMUST00000108114.9 [P27889-2];
P27931	P27931;		ENSMUST00000027243.13;
P28028	P28028;		ENSMUST00000002487.15 [P28028-1];
P28033	P28033;	1CI6;	ENSMUST00000070642.4 [P28033-1];
P28047	P28047;		ENSMUST00000109424.4;
P28063	P28063;	3UNF;3UNH;5L65;5L66;5L67;5L68;5L69;5L6A;5L6B;5L6C;	ENSMUST00000025196.9;
P28076	P28076;	3UNF;3UNH;	
P28078	P28078;	1K8I;	
P28184	P28184;	1JI9;	ENSMUST00000034211.10;
P28229	P28229;		ENSMUST00000068933.12;ENSMUST00000092567.11;ENSMUST00000107075.9;
P28230	P28230;		ENSMUST00000052130.14;ENSMUST00000119080.8;ENSMUST00000119190.2;
P28231	P28231;		ENSMUST00000046532.4;ENSMUST00000106091.9;
P28236	P28236;		ENSMUST00000062944.7;
P28271	P28271;		ENSMUST00000102973.4;
P28293	P28293;		ENSMUST00000015583.2;
P28301	P28301;		ENSMUST00000025409.9;ENSMUST00000171470.8;
P28309	P28309;		
P28310	P28310;		ENSMUST00000079528.6;ENSMUST00000098893.4;
P28311	P28311;	1TV0;2GW9;2GWP;2LEW;2LEY;7RC7;7RC8;	
P28322	P28322;		ENSMUST00000164750.8 [P28322-1];
P28334	P28334;		ENSMUST00000051005.5;ENSMUST00000183482.2;
P28352	P28352;	7CD5;7CD6;	ENSMUST00000049411.12;
P28357	P28357;		ENSMUST00000059272.10;
P28359	P28359;		ENSMUST00000061745.5;
P28474	P28474;		ENSMUST00000005964.7;
P28481	P28481;	2W65;4BKL;5MU0;5MUB;5MV3;5MV4;	ENSMUST00000023123.15 [P28481-3];ENSMUST00000088355.12 [P28481-7];
P28563	P28563;		ENSMUST00000025025.7;
P28571	P28571;		ENSMUST00000030269.14 [P28571-1];ENSMUST00000063857.11 [P28571-1];
P28574	P28574;	1A93;2A93;3U5V;	ENSMUST00000082136.7 [P28574-2];ENSMUST00000110395.11 [P28574-1];
P28649	P28649;		ENSMUST00000034811.8;
P28650	P28650;	1IWE;1J4B;1LNY;1LON;1LOO;1MEZ;1MF0;1MF1;2DGN;	ENSMUST00000021726.8 [P28650-1];
P28651	P28651;		ENSMUST00000066674.8;
P28652	P28652;		ENSMUST00000109813.9;
P28653	P28653;		ENSMUST00000033741.15;
P28654	P28654;		ENSMUST00000105287.11;ENSMUST00000163448.4;
P28656	P28656;		ENSMUST00000065917.16;ENSMUST00000217908.2;ENSMUST00000218828.2;
P28658	P28658;		ENSMUST00000163242.3;
P28659	P28659;		ENSMUST00000005643.14 [P28659-4];ENSMUST00000068747.14 [P28659-1];ENSMUST00000111448.2 [P28659-3];ENSMUST00000111449.8 [P28659-1];ENSMUST00000111451.10 [P28659-1];ENSMUST00000111452.8 [P28659-4];ENSMUST00000111455.9 [P28659-4];ENSMUST00000177642.8 [P28659-1];
P28660	P28660;		ENSMUST00000028386.12 [P28660-1];
P28661	P28661;		ENSMUST00000018544.12 [P28661-1];ENSMUST00000060360.7 [P28661-7];ENSMUST00000063156.11 [P28661-4];ENSMUST00000107960.8 [P28661-3];ENSMUST00000107962.8 [P28661-2];ENSMUST00000122067.8 [P28661-5];
P28665	P28665;		ENSMUST00000032228.9;
P28667	P28667;		ENSMUST00000062356.7;
P28700	P28700;	1DKF;1XDK;3A9E;7AOS;7PDQ;7PDT;7QAA;8J54;	ENSMUST00000077257.12;
P28704	P28704;		ENSMUST00000116612.3 [P28704-2];ENSMUST00000174299.9 [P28704-1];
P28705	P28705;		ENSMUST00000015987.10;ENSMUST00000111384.8;ENSMUST00000111386.8;
P28738	P28738;	1VFV;1VFW;1VFX;1VFZ;3J6H;3WRD;3X2T;	ENSMUST00000028102.14;
P28740	P28740;		ENSMUST00000022204.16 [P28740-3];ENSMUST00000117423.9 [P28740-2];ENSMUST00000122233.8 [P28740-1];
P28741	P28741;	5JVR;5JX1;	ENSMUST00000120613.9;
P28776	P28776;		ENSMUST00000033956.7;
P28798	P28798;		ENSMUST00000239431.2;
P28825	P28825;		ENSMUST00000117137.8;
P28828	P28828;		ENSMUST00000223982.2;
P28843	P28843;		ENSMUST00000047812.8;
P28862	P28862;		ENSMUST00000034497.9;
P28867	P28867;	1PTQ;1PTR;3UEJ;3UEY;3UFF;3UGD;3UGI;3UGL;	ENSMUST00000022521.13 [P28867-2];ENSMUST00000112210.11 [P28867-1];ENSMUST00000112211.9 [P28867-2];
P29037	P29037;		ENSMUST00000014911.12;ENSMUST00000117593.8;ENSMUST00000162505.8;
P29121	P29121;		ENSMUST00000020340.15 [P29121-1];
P29268	P29268;		ENSMUST00000020171.12;
P29319	P29319;		
P29341	P29341;		ENSMUST00000001809.15;
P29351	P29351;		ENSMUST00000004377.15 [P29351-2];ENSMUST00000112484.10 [P29351-1];ENSMUST00000171549.9 [P29351-2];ENSMUST00000174265.2 [P29351-3];
P29352	P29352;	1JEG;	ENSMUST00000029433.9;
P29416	P29416;		ENSMUST00000026262.8;
P29452	P29452;		ENSMUST00000027015.7;
P29477	P29477;	1DD7;1DF1;1DWV;1DWW;1DWX;1JWJ;1JWK;1M8D;1M8E;1M8H;1M8I;1M9T;1N2N;1NOC;1NOD;1NOS;1QOM;1QW4;1QW5;1R35;1VAF;2BHJ;2NOD;2NOS;2ORO;2ORP;2ORQ;2ORR;2ORS;2ORT;2Y37;3DWJ;3E65;3E67;3E68;3E6L;3E6N;3E6O;3E6T;3E7I;3E7M;3E7T;3EAI;3EBD;3EBF;3GOF;3NOD;3NQS;3NW2;4JS9;4UX6;	ENSMUST00000018610.7;
P29533	P29533;		ENSMUST00000196449.5 [P29533-2];
P29594	P29594;		ENSMUST00000031895.13;
P29595	P29595;		ENSMUST00000010520.10;
P29699	P29699;		ENSMUST00000023583.7;
P29752	P29752;	1NF5;1NHE;1NKH;1NMM;1NQI;1NWG;1O23;1OQM;1PZY;1YRO;2FYC;2FYD;	ENSMUST00000023726.5;
P29754	P29754;		ENSMUST00000066412.8;
P29755	P29755;		ENSMUST00000068316.8;
P29788	P29788;		ENSMUST00000017488.5;
P29812	P29812;		ENSMUST00000022725.4;
P29974	P29974;		ENSMUST00000087213.12;ENSMUST00000169997.6;ENSMUST00000201463.4;
P30051	P30051;		
P30115	P30115;		ENSMUST00000027067.15;ENSMUST00000121676.8;
P30204	P30204;	6J02;	ENSMUST00000026021.14 [P30204-1];ENSMUST00000170091.3 [P30204-2];
P30275	P30275;		ENSMUST00000000317.13;ENSMUST00000078222.9;
P30276	P30276;		ENSMUST00000034742.8;
P30280	P30280;		ENSMUST00000000188.12;
P30282	P30282;		ENSMUST00000037333.17;ENSMUST00000171031.8;ENSMUST00000182209.8;ENSMUST00000183044.8;ENSMUST00000183177.8;
P30285	P30285;		ENSMUST00000006911.12;
P30306	P30306;		ENSMUST00000028804.15;
P30355	P30355;		ENSMUST00000071130.5;
P30416	P30416;		ENSMUST00000032508.11;
P30545	P30545;		ENSMUST00000071902.5;
P30548	P30548;		ENSMUST00000032122.11;ENSMUST00000203775.2;
P30549	P30549;		ENSMUST00000020278.6;
P30554	P30554;		ENSMUST00000089015.10;ENSMUST00000161747.8;ENSMUST00000162333.8;ENSMUST00000165020.8;ENSMUST00000167152.8;ENSMUST00000233607.2;
P30557	P30557;		
P30558	P30558;		ENSMUST00000059193.7;
P30561	P30561;	4M4X;5V0L;7Y04;8H77;	
P30658	P30658;		ENSMUST00000026662.8;
P30681	P30681;		ENSMUST00000067925.8;
P30728	P30728;		ENSMUST00000023390.5 [P30728-1];
P30730	P30730;		ENSMUST00000024916.7;
P30731	P30731;		ENSMUST00000034408.12 [P30731-1];ENSMUST00000115624.3 [P30731-2];
P30873	P30873;		ENSMUST00000110671.3;
P30875	P30875;		ENSMUST00000067591.3 [P30875-2];ENSMUST00000106630.2 [P30875-2];ENSMUST00000146390.3 [P30875-1];
P30882	P30882;	5YAM;	ENSMUST00000035938.3;
P30935	P30935;		ENSMUST00000053239.4;
P30966	P30966;		ENSMUST00000036227.7;
P30987	P30987;		ENSMUST00000105325.4;ENSMUST00000220312.2;
P30993	P30993;	8HPT;8HQC;	ENSMUST00000050770.6;ENSMUST00000168818.2;
P30999	P30999;		ENSMUST00000036811.13 [P30999-3];ENSMUST00000066177.10 [P30999-2];ENSMUST00000067232.10 [P30999-1];ENSMUST00000111691.2 [P30999-1];ENSMUST00000111697.9 [P30999-3];ENSMUST00000189772.2 [P30999-1];
P31001	P31001;		ENSMUST00000027409.10;
P31041	P31041;	2NAE;	ENSMUST00000027165.3;
P31230	P31230;		ENSMUST00000198513.6;
P31240	P31240;		
P31245	P31245;		ENSMUST00000014848.11;
P31257	P31257;		ENSMUST00000001699.8;
P31266	P31266;	3BRG;3IAG;4J2X;5EG6;6DKS;6WQU;7RTE;7RTI;	ENSMUST00000037618.13 [P31266-1];ENSMUST00000113865.5 [P31266-2];
P31310	P31310;		ENSMUST00000121043.2 [P31310-2];ENSMUST00000125581.2 [P31310-1];
P31311	P31311;		ENSMUST00000048026.10;
P31313	P31313;		ENSMUST00000001701.4;
P31315	P31315;		ENSMUST00000065382.6;
P31316	P31316;	8EML;	ENSMUST00000040477.4;
P31324	P31324;	3TNP;3TNQ;4WBB;4X6Q;	ENSMUST00000003079.12;ENSMUST00000036497.16;
P31360	P31360;		ENSMUST00000178174.3;
P31361	P31361;		ENSMUST00000054883.4;ENSMUST00000239323.2;
P31362	P31362;		ENSMUST00000176636.5;
P31428	P31428;		ENSMUST00000019422.6;
P31482	P31482;		
P31648	P31648;		ENSMUST00000032454.8;
P31649	P31649;		ENSMUST00000064580.14;
P31650	P31650;		ENSMUST00000032451.9;
P31651	P31651;		
P31695	P31695;		ENSMUST00000015612.14;
P31725	P31725;	6ZDY;6ZFE;7YF3;	ENSMUST00000069960.12;ENSMUST00000117167.2;
P31750	P31750;		ENSMUST00000001780.10;
P31786	P31786;		ENSMUST00000027634.13;
P31809	P31809;	1L6Z;3R4D;5VST;6VSJ;	ENSMUST00000098666.9 [P31809-2];ENSMUST00000206171.2 [P31809-2];ENSMUST00000206687.2 [P31809-4];
P31938	P31938;		ENSMUST00000005066.9;
P31955	P31955;		ENSMUST00000031325.6;
P31996	P31996;		ENSMUST00000018918.12 [P31996-1];
P32020	P32020;		ENSMUST00000030340.15 [P32020-1];ENSMUST00000106701.2 [P32020-2];
P32037	P32037;		ENSMUST00000032476.11;
P32082	P32082;		ENSMUST00000063578.6;
P32114	P32114;		
P32115	P32115;		ENSMUST00000031718.14 [P32115-1];ENSMUST00000164519.9 [P32115-2];
P32233	P32233;		ENSMUST00000020741.12;
P32240	P32240;		ENSMUST00000047379.15;
P32299	P32299;		ENSMUST00000001652.7 [P32299-1];
P32300	P32300;	4EJ4;	ENSMUST00000056336.2;
P32442	P32442;		ENSMUST00000057054.8;
P32443	P32443;		ENSMUST00000041183.7;
P32507	P32507;	4FMK;4FN0;4FS0;	ENSMUST00000075447.14 [P32507-1];ENSMUST00000108450.5 [P32507-2];
P32848	P32848;		ENSMUST00000005860.16;ENSMUST00000120592.2;
P32883	P32883;		ENSMUST00000032399.12 [P32883-2];ENSMUST00000111710.8 [P32883-1];
P32921	P32921;		ENSMUST00000109848.10 [P32921-2];ENSMUST00000161154.2 [P32921-1];ENSMUST00000161410.8 [P32921-2];
P32958	P32958;		ENSMUST00000096242.5;
P32972	P32972;		ENSMUST00000030047.3;
P33173	P33173;	1I5S;1I6I;1IA0;1VFV;1VFW;1VFX;1VFZ;2HXF;2HXH;2ZFI;2ZFJ;2ZFK;2ZFL;2ZFM;7EO9;7EOB;	
P33174	P33174;	3ZFC;3ZFD;	ENSMUST00000048962.4;
P33175	P33175;		ENSMUST00000099172.5;ENSMUST00000217895.2;
P33215	P33215;		ENSMUST00000020163.7 [P33215-1];
P33242	P33242;	1YMT;1YP0;2FF0;3F7D;	ENSMUST00000028084.5 [P33242-1];ENSMUST00000112883.8 [P33242-1];
P33434	P33434;		ENSMUST00000034187.9 [P33434-1];
P33435	P33435;	1CXV;	ENSMUST00000015394.10;
P33534	P33534;		ENSMUST00000027038.11;ENSMUST00000160339.2;ENSMUST00000160777.8;
P33587	P33587;		ENSMUST00000171765.2;ENSMUST00000234651.2;
P33609	P33609;		ENSMUST00000006856.3;
P33622	P33622;		
P33766	P33766;		ENSMUST00000061516.8;
P33896	P33896;	3WCY;	ENSMUST00000023689.11;ENSMUST00000117748.8;
P34022	P34022;		ENSMUST00000115645.10;
P34056	P34056;		
P34057	P34057;		ENSMUST00000021290.2;
P34152	P34152;	1K40;5F28;6BZ3;	ENSMUST00000110036.11 [P34152-3];ENSMUST00000226988.3 [P34152-4];ENSMUST00000228180.3 [P34152-8];
P34821	P34821;		ENSMUST00000040496.6 [P34821-2];ENSMUST00000102641.10 [P34821-1];
P34884	P34884;	1MFF;1MFI;2GDG;	ENSMUST00000038169.8;
P34902	P34902;	6DG5;8DDC;8DDD;	ENSMUST00000033664.14;
P34914	P34914;	1CQZ;1CR6;1EK1;1EK2;	ENSMUST00000070515.2 [P34914-1];ENSMUST00000224698.2 [P34914-2];
P34927	P34927;		ENSMUST00000018699.13;ENSMUST00000092959.11;ENSMUST00000146411.9;
P34928	P34928;		ENSMUST00000045035.12;ENSMUST00000108451.4;
P34960	P34960;		ENSMUST00000005950.12;
P34968	P34968;		ENSMUST00000036303.9;ENSMUST00000096299.9;
P34971	P34971;		ENSMUST00000038949.6;
P35123	P35123;	3JYU;	ENSMUST00000035237.12;
P35230	P35230;		ENSMUST00000096904.6;
P35235	P35235;	1AYA;1AYB;1AYC;1AYD;	ENSMUST00000054547.9 [P35235-1];ENSMUST00000100770.9 [P35235-2];
P35276	P35276;		ENSMUST00000115351.10;ENSMUST00000122211.8;
P35278	P35278;	1HUQ;1Z07;1Z0D;	ENSMUST00000107364.8;
P35279	P35279;		ENSMUST00000032946.10 [P35279-1];ENSMUST00000098252.5 [P35279-2];
P35282	P35282;		ENSMUST00000020343.9;
P35283	P35283;		
P35285	P35285;	1YVD;1Z0J;	ENSMUST00000029024.10;
P35288	P35288;	1Z22;1Z2A;	
P35290	P35290;		ENSMUST00000035242.9;
P35292	P35292;		ENSMUST00000027529.12;ENSMUST00000131428.8;
P35329	P35329;		ENSMUST00000019248.13 [P35329-1];ENSMUST00000108125.9 [P35329-1];ENSMUST00000186154.7 [P35329-1];ENSMUST00000189718.7 [P35329-1];ENSMUST00000190617.7 [P35329-1];
P35330	P35330;	1J19;	ENSMUST00000001055.15;
P35343	P35343;		ENSMUST00000106899.4;
P35347	P35347;		ENSMUST00000093925.5;
P35363	P35363;		ENSMUST00000036653.5;
P35374	P35374;		ENSMUST00000089188.9;
P35377	P35377;		ENSMUST00000071585.10 [P35377-1];ENSMUST00000108766.2 [P35377-6];ENSMUST00000108767.2 [P35377-1];ENSMUST00000108768.8 [P35377-1];ENSMUST00000183693.8 [P35377-4];ENSMUST00000184127.2 [P35377-3];
P35378	P35378;		ENSMUST00000035701.6;
P35383	P35383;		
P35396	P35396;		ENSMUST00000002320.16;
P35413	P35413;		ENSMUST00000052090.9;ENSMUST00000105911.2;
P35419	P35419;		ENSMUST00000021005.15;
P35428	P35428;		ENSMUST00000023171.8;
P35436	P35436;		ENSMUST00000032331.8;ENSMUST00000115835.8;ENSMUST00000199708.5;
P35438	P35438;		ENSMUST00000028335.13 [P35438-1];ENSMUST00000114312.2 [P35438-2];
P35441	P35441;		
P35454	P35454;		ENSMUST00000028764.6;
P35455	P35455;		ENSMUST00000046001.7;
P35456	P35456;	3LAQ;6AEX;	ENSMUST00000002284.11 [P35456-1];
P35486	P35486;		ENSMUST00000033662.9;
P35505	P35505;	1HYO;1QCN;1QCO;1QQJ;2HZY;	ENSMUST00000032865.17;
P35546	P35546;	1UEF;	ENSMUST00000032201.8 [P35546-1];ENSMUST00000088790.9 [P35546-2];
P35550	P35550;		ENSMUST00000042405.8;
P35561	P35561;	1U4F;2GIX;2XKY;	ENSMUST00000042970.3;
P35564	P35564;		ENSMUST00000020637.9;ENSMUST00000179865.8;
P35569	P35569;	1AYB;5AXI;	
P35576	P35576;		ENSMUST00000019469.3;
P35582	P35582;		ENSMUST00000044380.8;
P35583	P35583;		ENSMUST00000047315.10;
P35584	P35584;		ENSMUST00000036018.6;
P35585	P35585;	1W63;4EMZ;4EN2;4HMY;4P6Z;6CM9;6CRI;6D83;6D84;6DFF;7R4H;7UX3;8D4C;8D4D;8D4E;8D4F;8D4G;8D9R;8D9S;8D9T;8D9U;8D9V;8D9W;	ENSMUST00000003117.15;
P35601	P35601;		
P35639	P35639;		ENSMUST00000026475.15 [P35639-1];
P35689	P35689;		
P35700	P35700;		ENSMUST00000106470.8;ENSMUST00000135573.8;
P35710	P35710;	1I11;	ENSMUST00000111748.8 [P35710-3];
P35737	P35737;		
P35761	P35761;		ENSMUST00000070326.14 [P35761-2];
P35762	P35762;	3X0F;	ENSMUST00000037941.10;
P35802	P35802;		ENSMUST00000033915.9;
P35803	P35803;		ENSMUST00000060210.14 [P35803-3];ENSMUST00000112224.8 [P35803-4];ENSMUST00000112226.3 [P35803-4];ENSMUST00000112228.8 [P35803-8];ENSMUST00000112233.8 [P35803-5];ENSMUST00000112235.8 [P35803-5];ENSMUST00000143263.8 [P35803-7];
P35821	P35821;		ENSMUST00000029053.8;
P35822	P35822;		ENSMUST00000166468.2;
P35831	P35831;		ENSMUST00000030556.8;
P35846	P35846;		ENSMUST00000106981.8;ENSMUST00000106982.8;ENSMUST00000106983.8;ENSMUST00000106985.8;ENSMUST00000106986.9;
P35917	P35917;		ENSMUST00000020617.3;
P35918	P35918;		ENSMUST00000113516.2 [P35918-1];
P35922	P35922;		
P35951	P35951;		ENSMUST00000034713.9;
P35969	P35969;		
P35979	P35979;	1WIB;7LS1;7LS2;	ENSMUST00000126610.2;
P35991	P35991;	4XI2;6MNY;8FD9;8FF0;8GMB;8S93;8S9F;	ENSMUST00000033617.13;
P36363	P36363;		ENSMUST00000064794.14;ENSMUST00000110442.2;
P36368	P36368;	1AO5;	
P36369	P36369;		ENSMUST00000048945.6;
P36371	P36371;		ENSMUST00000025197.6;
P36423	P36423;		ENSMUST00000003017.13;
P36536	P36536;		
P36552	P36552;		ENSMUST00000060077.7;
P36895	P36895;		ENSMUST00000049005.15;
P36898	P36898;	3EVS;	ENSMUST00000029948.15;ENSMUST00000098568.8;ENSMUST00000106230.2;ENSMUST00000106232.8;
P36993	P36993;		ENSMUST00000112304.10 [P36993-1];ENSMUST00000112305.10 [P36993-4];ENSMUST00000112307.4 [P36993-3];ENSMUST00000234332.2 [P36993-4];ENSMUST00000234540.2 [P36993-3];ENSMUST00000234851.2 [P36993-5];
P37172	P37172;		ENSMUST00000056376.12;ENSMUST00000090935.9;ENSMUST00000112599.8;ENSMUST00000112601.9;
P37217	P37217;		ENSMUST00000032259.6;
P37237	P37237;		ENSMUST00000026241.12 [P37237-1];ENSMUST00000111927.8 [P37237-3];ENSMUST00000111928.8 [P37237-2];
P37238	P37238;		
P37242	P37242;		ENSMUST00000022303.17 [P37242-1];ENSMUST00000022304.12 [P37242-2];ENSMUST00000091471.12 [P37242-1];
P37889	P37889;	8R5W;	ENSMUST00000041544.8 [P37889-1];ENSMUST00000113498.9 [P37889-2];
P37913	P37913;		
P38060	P38060;		ENSMUST00000030432.8;
P38532	P38532;		ENSMUST00000072838.6 [P38532-2];ENSMUST00000227478.2 [P38532-1];
P38533	P38533;	7N9J;7NA5;	ENSMUST00000079833.6 [P38533-2];
P38647	P38647;		ENSMUST00000025217.11;
P38649	P38649;		ENSMUST00000102900.2;
P39038	P39038;		ENSMUST00000000314.13;
P39039	P39039;		ENSMUST00000225792.2 [P39039-1];
P39053	P39053;		ENSMUST00000078352.12 [P39053-3];ENSMUST00000091089.12 [P39053-6];ENSMUST00000113350.8 [P39053-5];ENSMUST00000113352.9 [P39053-5];ENSMUST00000113365.8 [P39053-4];ENSMUST00000139624.8 [P39053-1];ENSMUST00000202578.4 [P39053-3];
P39054	P39054;		ENSMUST00000091087.13 [P39054-2];ENSMUST00000172482.8 [P39054-1];
P39061	P39061;	1DY0;1DY1;1KOE;	ENSMUST00000081654.13 [P39061-2];ENSMUST00000105409.8 [P39061-1];
P39087	P39087;		ENSMUST00000079751.9 [P39087-2];ENSMUST00000105484.10 [P39087-1];ENSMUST00000218441.2 [P39087-2];ENSMUST00000218823.2 [P39087-1];
P39098	P39098;		ENSMUST00000008907.14 [P39098-1];
P39428	P39428;		ENSMUST00000028234.12;ENSMUST00000113064.8;ENSMUST00000172159.8;
P39429	P39429;		ENSMUST00000028311.13 [P39429-1];ENSMUST00000114234.2 [P39429-2];
P39447	P39447;	2RRM;	ENSMUST00000102592.10;
P39654	P39654;		ENSMUST00000019068.7;
P39655	P39655;		ENSMUST00000000329.9;
P39688	P39688;	3UF4;	ENSMUST00000063091.13 [P39688-2];ENSMUST00000099967.10 [P39688-1];ENSMUST00000126486.8 [P39688-2];ENSMUST00000135242.8 [P39688-2];ENSMUST00000146287.8 [P39688-2];
P39689	P39689;		ENSMUST00000023829.8;ENSMUST00000119901.9;ENSMUST00000122348.3;ENSMUST00000233296.2;
P39749	P39749;		
P40124	P40124;	6FM2;6RSQ;6RSW;	ENSMUST00000069533.12;ENSMUST00000106255.8;ENSMUST00000106257.10;
P40142	P40142;		ENSMUST00000022529.8;
P40201	P40201;		ENSMUST00000024627.14;
P40223	P40223;	1CD9;1CTO;1GCF;1PGR;	ENSMUST00000030673.7;ENSMUST00000106162.8;
P40224	P40224;		ENSMUST00000112866.8 [P40224-1];ENSMUST00000112871.8 [P40224-2];
P40226	P40226;	8U18;8VU5;	ENSMUST00000076422.13 [P40226-1];ENSMUST00000115437.4 [P40226-1];
P40237	P40237;		ENSMUST00000028644.11;ENSMUST00000099696.8;ENSMUST00000111257.8;ENSMUST00000116457.9;
P40240	P40240;		ENSMUST00000032492.9;
P40336	P40336;	4P2A;6VAC;7U6F;	ENSMUST00000092473.5 [P40336-2];ENSMUST00000105447.11 [P40336-1];
P40338	P40338;	1HV2;	ENSMUST00000035673.8;
P40630	P40630;		ENSMUST00000092430.11 [P40630-1];ENSMUST00000105432.10 [P40630-2];
P40645	P40645;		ENSMUST00000072804.11 [P40645-1];ENSMUST00000166207.3 [P40645-1];
P40646	P40646;		ENSMUST00000079652.7;
P40694	P40694;		
P40749	P40749;		ENSMUST00000025110.5;
P40753	P40753;		ENSMUST00000103231.5 [P40753-1];
P40764	P40764;		ENSMUST00000024159.8;
P40935	P40935;		ENSMUST00000041301.8;
P40936	P40936;		ENSMUST00000003569.6;
P41047	P41047;		ENSMUST00000000834.4 [P41047-1];ENSMUST00000193648.2 [P41047-2];
P41105	P41105;	6SWA;7CPU;7CPV;7LS1;7LS2;	ENSMUST00000032597.12;ENSMUST00000078432.5;
P41133	P41133;		ENSMUST00000008016.3;
P41136	P41136;		ENSMUST00000020974.7;ENSMUST00000221761.2;
P41139	P41139;		ENSMUST00000021810.3;
P41155	P41155;		ENSMUST00000025262.6;
P41160	P41160;	7Z3P;7Z3R;8AVB;8AVC;8AVD;8B7Q;8DH8;8DH9;8DHA;	ENSMUST00000069789.12;
P41163	P41163;		ENSMUST00000108147.3;
P41164	P41164;		ENSMUST00000095767.11;ENSMUST00000162563.8;
P41183	P41183;		ENSMUST00000023151.6;
P41209	P41209;	5D43;	ENSMUST00000062769.7;ENSMUST00000234003.2;ENSMUST00000234590.2;
P41216	P41216;		ENSMUST00000034046.13;ENSMUST00000110372.9;
P41230	P41230;		ENSMUST00000082177.13 [P41230-3];ENSMUST00000112584.8 [P41230-1];ENSMUST00000112588.9 [P41230-2];
P41233	P41233;		ENSMUST00000030010.4;
P41234	P41234;		
P41241	P41241;	1JEG;	ENSMUST00000034863.8;ENSMUST00000215396.2;ENSMUST00000217314.2;
P41242	P41242;		
P41245	P41245;		ENSMUST00000017881.3;
P41251	P41251;		ENSMUST00000027368.6;
P41272	P41272;		ENSMUST00000032486.13;
P41274	P41274;	6MKB;6MKZ;	ENSMUST00000039490.9;
P41317	P41317;		ENSMUST00000025797.7;
P41438	P41438;		ENSMUST00000105410.10 [P41438-1];ENSMUST00000144234.8 [P41438-1];
P41539	P41539;		ENSMUST00000184986.2 [P41539-2];ENSMUST00000185187.8 [P41539-1];
P41593	P41593;		ENSMUST00000006005.12;ENSMUST00000166716.8;ENSMUST00000198865.5;
P41731	P41731;		ENSMUST00000026407.9;ENSMUST00000105229.9;ENSMUST00000219317.2;
P41778	P41778;	1DU6;1LFU;	ENSMUST00000072863.6 [P41778-2];ENSMUST00000176540.8 [P41778-1];ENSMUST00000176790.8 [P41778-2];ENSMUST00000188912.7 [P41778-2];
P41969	P41969;		ENSMUST00000009550.14;
P41971	P41971;		ENSMUST00000008542.12;
P42082	P42082;		ENSMUST00000089620.11 [P42082-1];
P42125	P42125;		ENSMUST00000234304.2;
P42128	P42128;	2A3S;2D2W;	ENSMUST00000072837.7;
P42208	P42208;	3FTQ;	ENSMUST00000027495.15;
P42209	P42209;		ENSMUST00000106314.8;
P42225	P42225;		
P42227	P42227;	1BG1;3CWG;4E68;4ZIA;	ENSMUST00000092671.12 [P42227-3];ENSMUST00000103114.8 [P42227-2];ENSMUST00000127638.8 [P42227-1];
P42228	P42228;	1BGF;	
P42230	P42230;	1Y1U;	ENSMUST00000004145.14;ENSMUST00000107356.8;
P42232	P42232;		ENSMUST00000004143.3;ENSMUST00000107358.9;
P42337	P42337;	4A55;	ENSMUST00000029201.14;ENSMUST00000108243.8;
P42567	P42567;	1KYF;1KYU;1QJT;	ENSMUST00000102729.10 [P42567-1];
P42581	P42581;		ENSMUST00000046093.6;
P42582	P42582;	5FLV;	ENSMUST00000015723.5;
P42586	P42586;		ENSMUST00000067075.7;
P42669	P42669;		ENSMUST00000051301.6;
P42682	P42682;		ENSMUST00000113604.10 [P42682-1];ENSMUST00000198464.3 [P42682-2];
P42703	P42703;	2Q7N;	ENSMUST00000067190.12 [P42703-1];ENSMUST00000164529.9 [P42703-2];ENSMUST00000171588.2 [P42703-1];ENSMUST00000226471.2 [P42703-1];ENSMUST00000226934.2 [P42703-2];ENSMUST00000227727.2 [P42703-2];
P42859			
P42866	P42866;	4DKL;5C1M;6DDE;6DDF;7SBF;7SCG;7T2G;7T2H;7U2K;7U2L;7UL4;8E0G;8QOT;9BJK;9BQJ;	ENSMUST00000000783.13 [P42866-6];ENSMUST00000052751.14 [P42866-9];ENSMUST00000056385.14 [P42866-1];ENSMUST00000063036.14 [P42866-16];ENSMUST00000092729.11 [P42866-7];ENSMUST00000092731.11 [P42866-5];ENSMUST00000092734.11 [P42866-1];ENSMUST00000105602.8 [P42866-2];ENSMUST00000105605.8 [P42866-3];ENSMUST00000105607.8 [P42866-1];ENSMUST00000105611.8 [P42866-8];ENSMUST00000105615.9 [P42866-15];ENSMUST00000135502.8 [P42866-12];ENSMUST00000144264.8 [P42866-19];ENSMUST00000147171.8 [P42866-14];ENSMUST00000154906.8 [P42866-4];
P42867	P42867;	6JQ2;	ENSMUST00000054708.5;
P42932	P42932;		ENSMUST00000026704.14;
P43006	P43006;		ENSMUST00000005220.11 [P43006-3];ENSMUST00000080210.10 [P43006-1];ENSMUST00000111212.8 [P43006-2];
P43021	P43021;		ENSMUST00000049339.7;
P43023	P43023;	7O37;7O3C;7O3E;8PW5;8PW6;8PW7;	ENSMUST00000033049.9;
P43027	P43027;		ENSMUST00000040162.3;
P43028	P43028;		ENSMUST00000057613.3;
P43029	P43029;		ENSMUST00000037313.6 [P43029-1];ENSMUST00000220073.2 [P43029-2];
P43081	P43081;		ENSMUST00000059348.9;
P43120	P43120;		ENSMUST00000025944.9;
P43135	P43135;		ENSMUST00000032768.15;
P43136	P43136;		ENSMUST00000002466.9;
P43137	P43137;		ENSMUST00000079926.6;ENSMUST00000204601.3;ENSMUST00000204687.3;
P43241	P43241;		ENSMUST00000031650.4;
P43247	P43247;		ENSMUST00000024967.14;
P43252	P43252;	4F8K;	ENSMUST00000144408.2;
P43267	P43267;		ENSMUST00000047373.6;
P43274	P43274;		ENSMUST00000062045.4;
P43275	P43275;		ENSMUST00000055770.4;
P43276	P43276;		ENSMUST00000080511.3;
P43277	P43277;		ENSMUST00000045301.9;
P43300	P43300;		ENSMUST00000225200.2;
P43345	P43345;		
P43346	P43346;		ENSMUST00000031311.10;
P43404	P43404;		ENSMUST00000027291.7 [P43404-1];
P43406	P43406;		ENSMUST00000028499.11;
P43407	P43407;		ENSMUST00000022871.7;
P43431	P43431;	8CR6;8ODZ;8OE0;8PB1;	ENSMUST00000107816.5;
P43432	P43432;	6SFF;6SMC;6SP3;7PUR;7R3N;8CR5;8CR6;8ODZ;8OE0;8PB1;	ENSMUST00000102796.10;ENSMUST00000170513.3;
P43488	P43488;	2HEW;2HEY;	ENSMUST00000028024.5;
P43680	P43680;	4Y60;	ENSMUST00000054491.6;
P43687	P43687;		ENSMUST00000051997.9;ENSMUST00000183219.8;
P43688	P43688;		ENSMUST00000062437.10;
P43883	P43883;		ENSMUST00000000466.13;
P45376	P45376;		ENSMUST00000102980.11;
P45448	P45448;	1PK5;1ZH7;3F5C;	ENSMUST00000027649.14;
P45481	P45481;	1F81;1JJS;1KBH;1KDX;1L8C;1R8U;1SB0;1TOT;1U2N;2AGH;2C52;2KA4;2KA6;2KKJ;2L14;2LQH;2LQI;2LWW;4I9O;5HOU;5HP0;5HPD;5U4K;5U7G;5W0I;6DMX;6DNQ;7LVS;8CMZ;8CN0;8CNA;8CNB;8CND;8OG2;	
P45591	P45591;		ENSMUST00000078124.8;
P45700	P45700;	1NXC;5KKB;	ENSMUST00000003843.16;ENSMUST00000105470.9;
P45952	P45952;		ENSMUST00000072697.13;
P46061	P46061;	1KPS;	ENSMUST00000052374.13;ENSMUST00000170134.9;ENSMUST00000171115.3;
P46062	P46062;		
P46096	P46096;	5T0R;5T0S;5VFE;5VFF;5VFG;	ENSMUST00000064054.14;ENSMUST00000105276.8;
P46097	P46097;	2NP0;4KBB;	
P46099	P46099;		
P46412			ENSMUST00000082430.11;
P46414	P46414;		ENSMUST00000003115.9;ENSMUST00000067327.11;ENSMUST00000204807.2;
P46460	P46460;		ENSMUST00000103075.11;
P46467	P46467;	2ZAM;2ZAN;2ZAO;	ENSMUST00000094646.6;ENSMUST00000112736.8;
P46638	P46638;		ENSMUST00000057373.14;
P46660	P46660;		ENSMUST00000037636.4;
P46662	P46662;	1ISN;3WA0;4P7I;4ZRK;	ENSMUST00000053079.13 [P46662-2];ENSMUST00000056290.13 [P46662-2];ENSMUST00000109910.9 [P46662-1];
P46664	P46664;		ENSMUST00000016105.9;
P46684	P46684;		ENSMUST00000034927.13;ENSMUST00000065360.5;
P46694	P46694;		ENSMUST00000003635.7;
P46735	P46735;		ENSMUST00000046390.14 [P46735-1];
P46737	P46737;	6GVW;	ENSMUST00000033544.14 [P46737-1];ENSMUST00000114074.8 [P46737-1];ENSMUST00000118428.8 [P46737-2];
P46935	P46935;	3M7F;	ENSMUST00000034740.15;
P46938	P46938;	3JUA;6JK0;6JK1;	ENSMUST00000065353.13 [P46938-1];ENSMUST00000086580.12 [P46938-2];
P46978	P46978;		ENSMUST00000120381.9;
P47239	P47239;		ENSMUST00000030508.14;
P47242	P47242;		ENSMUST00000001538.10;ENSMUST00000153250.9;
P47708	P47708;	2K3H;	ENSMUST00000079204.9;ENSMUST00000202326.4;ENSMUST00000202406.4;
P47713	P47713;		ENSMUST00000070200.15;
P47738	P47738;		ENSMUST00000031411.15;
P47739	P47739;		ENSMUST00000019246.4;ENSMUST00000108716.8;
P47740	P47740;		ENSMUST00000074127.14;
P47741	P47741;		
P47743	P47743;		ENSMUST00000090512.10;
P47746	P47746;		ENSMUST00000057188.7;ENSMUST00000084736.3;
P47750	P47750;		ENSMUST00000021346.14;
P47757	P47757;	7PDZ;8P94;	ENSMUST00000030518.16 [P47757-4];ENSMUST00000102507.10 [P47757-1];ENSMUST00000102508.10 [P47757-2];
P47759	P47759;		ENSMUST00000020537.9;
P47774	P47774;		ENSMUST00000103134.4;
P47791	P47791;		ENSMUST00000033992.9 [P47791-1];
P47806	P47806;		ENSMUST00000026474.5;
P47809	P47809;		ENSMUST00000046963.10;
P47810	P47810;		ENSMUST00000033326.10;
P47811	P47811;	1LEW;1LEZ;1YW2;1YWR;2EWA;2GHL;2GHM;2GTM;2GTN;2OZA;2PUU;3P4K;3P5K;3P78;3P79;3P7A;3P7B;3P7C;3PY3;3TG1;4KA3;4LOO;4LOP;4LOQ;4TYH;5LAR;5NZZ;5O90;5R8U;5R8V;5R8W;5R8X;5R8Y;5R8Z;5R90;5R91;5R92;5R93;5R94;5R95;5R96;5R97;5R98;5R99;5R9A;5R9B;5R9C;5R9D;5R9E;5R9F;5R9G;5R9H;5R9I;5R9J;5R9K;5R9L;5R9M;5R9N;5R9O;5R9P;5R9Q;5R9R;5R9S;5R9T;5R9U;5R9V;5R9W;5R9X;5R9Y;5R9Z;5RA0;5RA1;5RA2;5RA3;5RA4;5RA5;5RA6;5RA7;5RA8;5RA9;5UOJ;6SO1;6SO2;6SO4;6SOD;6SOI;6SOT;6SOU;6SOV;6SP9;6SPL;6Y4T;6Y4U;6Y4V;6Y4W;6Y4X;6Y6V;6Y7W;6Y7X;6Y7Y;6Y7Z;6Y80;6Y81;6Y82;6Y85;6Y8H;6YCU;6YCW;6YJC;6YK7;6ZWR;7BDO;7BDQ;7BE4;7BE5;7PVU;7Z6I;7Z9T;8ACM;8ACO;8EFJ;	ENSMUST00000004990.14 [P47811-3];ENSMUST00000062694.16 [P47811-1];ENSMUST00000114752.3 [P47811-4];ENSMUST00000114754.8 [P47811-4];ENSMUST00000114758.9 [P47811-2];
P47856	P47856;		ENSMUST00000032057.8 [P47856-1];ENSMUST00000113658.8 [P47856-2];
P47857	P47857;		ENSMUST00000051226.8 [P47857-1];ENSMUST00000163507.8 [P47857-1];ENSMUST00000230445.2 [P47857-1];
P47873	P47873;		ENSMUST00000094892.12;
P47877	P47877;		ENSMUST00000047328.11;
P47878	P47878;		ENSMUST00000020702.11;ENSMUST00000135887.3;
P47879	P47879;		ENSMUST00000017637.13;
P47911	P47911;	6SWA;7CPU;7CPV;7LS1;7LS2;	ENSMUST00000031617.13;
P47915	P47915;	6SWA;7CPU;7CPV;7LS1;7LS2;	ENSMUST00000059802.7;ENSMUST00000098994.7;ENSMUST00000150576.8;
P47930	P47930;		ENSMUST00000031017.11 [P47930-1];
P47931	P47931;		ENSMUST00000022287.8 [P47931-1];ENSMUST00000231252.2 [P47931-2];
P47932	P47932;		
P47934	P47934;	1NDB;1NDF;1NDI;1T7N;1T7O;1T7Q;2H3P;2H3U;2H3W;	ENSMUST00000028207.13;ENSMUST00000102855.8;
P47937	P47937;		ENSMUST00000029822.6;
P47941	P47941;		ENSMUST00000006293.5;
P47955	P47955;		ENSMUST00000008036.9;
P47962	P47962;	6SWA;7CPU;7CPV;7LS1;7LS2;	ENSMUST00000082223.13;
P47963	P47963;	6SWA;7CPU;7CPV;7LS1;7LS2;	ENSMUST00000000756.6;
P47964	P47964;	6SWA;7CPU;7CPV;7LS1;7LS2;	ENSMUST00000080492.7;
P47993	P47993;		ENSMUST00000027860.8;
P48025	P48025;	2LCT;2MC1;	ENSMUST00000055087.7;ENSMUST00000120135.8;
P48026	P48026;	3BJ7;3BJ8;	ENSMUST00000026318.15;
P48030	P48030;		ENSMUST00000032066.13;
P48031	P48031;		ENSMUST00000036954.9;
P48036	P48036;		ENSMUST00000029266.14;
P48168	P48168;		ENSMUST00000029654.15;
P48193	P48193;		ENSMUST00000030739.11 [P48193-1];ENSMUST00000054917.12 [P48193-2];ENSMUST00000084253.10 [P48193-2];ENSMUST00000105972.8 [P48193-1];ENSMUST00000105981.9 [P48193-1];
P48281	P48281;		ENSMUST00000023119.15;
P48298	P48298;		ENSMUST00000000342.3;
P48299	P48299;		ENSMUST00000029030.9;
P48301	P48301;		ENSMUST00000033060.14;ENSMUST00000107801.10;
P48302	P48302;		ENSMUST00000022718.11;ENSMUST00000172237.2;ENSMUST00000227824.2;
P48316	P48316;		ENSMUST00000043098.9;
P48318	P48318;		ENSMUST00000094934.11;
P48320	P48320;		ENSMUST00000028123.4;
P48346	P48346;	2PSM;	ENSMUST00000034148.7;ENSMUST00000209363.2;ENSMUST00000209573.3;
P48356	P48356;	7Z3P;7Z3R;8AV2;8AVB;8AVC;8AVD;8B7Q;8DH8;8DH9;8DHA;	ENSMUST00000037552.10 [P48356-1];ENSMUST00000102777.10 [P48356-3];ENSMUST00000106921.9 [P48356-2];
P48379	P48379;		ENSMUST00000002444.15 [P48379-1];ENSMUST00000086801.7 [P48379-2];
P48381	P48381;		ENSMUST00000165566.8 [P48381-1];ENSMUST00000172907.8 [P48381-1];ENSMUST00000174850.8 [P48381-1];
P48410	P48410;		ENSMUST00000002084.14;
P48432	P48432;	1GT0;6HT5;8BX1;8BX2;	
P48437	P48437;		ENSMUST00000010319.14;ENSMUST00000175916.8;ENSMUST00000177288.4;
P48441	P48441;		
P48453	P48453;		ENSMUST00000159027.8 [P48453-1];
P48455	P48455;		ENSMUST00000078434.8;
P48540	P48540;		ENSMUST00000022744.5 [P48540-3];
P48542	P48542;	2E4F;3AGW;3AT8;3AT9;3ATA;3ATB;3ATD;3ATE;3ATF;3AUW;3SYA;3SYC;3SYO;3SYP;3SYQ;3VSQ;4KFM;6XEU;6XEV;6XIS;6XIT;	
P48543	P48543;		ENSMUST00000062387.8;ENSMUST00000194204.2;
P48545	P48545;		ENSMUST00000034533.7;ENSMUST00000214223.2;
P48614	P48614;		ENSMUST00000023732.12 [P48614-1];ENSMUST00000166022.2 [P48614-1];ENSMUST00000226610.2 [P48614-1];ENSMUST00000226846.2 [P48614-2];ENSMUST00000228594.2 [P48614-1];
P48615	P48615;		ENSMUST00000067495.9;ENSMUST00000167303.8;
P48678	P48678;	1UFG;	ENSMUST00000029699.13 [P48678-1];ENSMUST00000036252.7 [P48678-3];ENSMUST00000120377.8 [P48678-2];
P48725			
P48744	P48744;		ENSMUST00000040134.8;
P48754	P48754;	7K3S;	ENSMUST00000017290.11;
P48755	P48755;		ENSMUST00000025850.7;
P48756	P48756;		ENSMUST00000103156.2;ENSMUST00000103157.10;
P48758	P48758;		ENSMUST00000039659.9;
P48759	P48759;		ENSMUST00000029421.6;
P48760	P48760;		ENSMUST00000028148.11 [P48760-1];
P48772	P48772;	7O37;7O3C;7O3E;8PW5;8PW6;8PW7;	ENSMUST00000026561.10;
P48774	P48774;		ENSMUST00000004134.11;
P48787	P48787;	2JPW;6KLT;6KLU;	ENSMUST00000098859.10;
P48794	P48794;		ENSMUST00000031693.3;ENSMUST00000202331.4;ENSMUST00000202569.4;
P48962	P48962;		ENSMUST00000034049.5;
P48964	P48964;		ENSMUST00000094324.8;
P48967	P48967;		ENSMUST00000060710.9;
P48985	P48985;		ENSMUST00000101351.6;
P48986	P48986;		ENSMUST00000044767.10;
P48999	P48999;		ENSMUST00000026795.13;
P49003	P49003;		ENSMUST00000012281.8 [P49003-2];
P49025	P49025;		
P49070	P49070;		ENSMUST00000021963.5;
P49117	P49117;		ENSMUST00000113460.8;
P49135	P49135;		ENSMUST00000025241.7;
P49138	P49138;		ENSMUST00000016672.11;
P49182	P49182;		ENSMUST00000023450.15;ENSMUST00000231884.2;
P49183	P49183;		ENSMUST00000006136.11;ENSMUST00000120009.8;
P49222	P49222;		ENSMUST00000102490.10;
P49282	P49282;		ENSMUST00000023774.12 [P49282-1];ENSMUST00000138843.8 [P49282-2];
P49290	P49290;		ENSMUST00000049768.4;
P49312	P49312;		ENSMUST00000087351.9 [P49312-1];ENSMUST00000230171.2 [P49312-1];ENSMUST00000231141.2 [P49312-2];
P49429	P49429;		ENSMUST00000031398.14;
P49443	P49443;		ENSMUST00000021514.10;
P49446	P49446;		ENSMUST00000073961.8 [P49446-1];ENSMUST00000209979.2 [P49446-2];ENSMUST00000210833.2 [P49446-1];ENSMUST00000211140.2 [P49446-1];
P49452	P49452;		ENSMUST00000031170.10;
P49582	P49582;		ENSMUST00000032738.7;
P49586	P49586;		ENSMUST00000079791.11;ENSMUST00000104893.10;ENSMUST00000115140.2;
P49615	P49615;		ENSMUST00000030814.11;
P49650	P49650;		ENSMUST00000029331.7;ENSMUST00000193201.2;ENSMUST00000193943.2;
P49698	P49698;		ENSMUST00000018094.13 [P49698-1];
P49710	P49710;		ENSMUST00000023531.15;
P49717	P49717;		ENSMUST00000023353.4;
P49718	P49718;		ENSMUST00000164309.3;ENSMUST00000212426.2;ENSMUST00000212811.2;
P49722	P49722;	3UNB;3UNE;3UNF;3UNH;8YPK;8YVP;	ENSMUST00000170836.4;
P49764	P49764;		ENSMUST00000004913.7;
P49766	P49766;		ENSMUST00000025914.7 [P49766-1];ENSMUST00000130048.8 [P49766-2];
P49769	P49769;		ENSMUST00000041806.13 [P49769-1];ENSMUST00000101225.2 [P49769-1];
P49772	P49772;		ENSMUST00000146760.7 [P49772-1];ENSMUST00000209238.2 [P49772-1];ENSMUST00000211246.2 [P49772-2];
P49813	P49813;		ENSMUST00000107773.3;
P49817	P49817;		ENSMUST00000007799.13 [P49817-1];ENSMUST00000115453.2 [P49817-2];ENSMUST00000115454.2 [P49817-2];ENSMUST00000115456.6 [P49817-1];
P49891	P49891;	1AQU;1AQY;1BO6;	
P49919	P49919;		ENSMUST00000037287.8 [P49919-2];ENSMUST00000167912.9 [P49919-1];
P49935	P49935;		ENSMUST00000034915.15;
P50096	P50096;		ENSMUST00000078155.12;ENSMUST00000159124.8;ENSMUST00000162099.8;
P50114	P50114;		ENSMUST00000036387.8;
P50149	P50149;		ENSMUST00000058669.15;
P50171	P50171;		ENSMUST00000045467.14 [P50171-1];ENSMUST00000237759.2 [P50171-2];
P50172	P50172;	1Y5M;1Y5R;3GMD;4K26;4NMH;5PGZ;5QIJ;	ENSMUST00000016338.15;ENSMUST00000161737.8;
P50207	P50207;		ENSMUST00000001700.7;
P50220	P50220;		ENSMUST00000001536.9;ENSMUST00000178477.9;
P50228	P50228;		ENSMUST00000031318.6;
P50247	P50247;	5AXA;5AXB;5AXC;5AXD;8COD;	ENSMUST00000054607.16;ENSMUST00000059524.7;
P50284	P50284;		ENSMUST00000032489.8;
P50285	P50285;		ENSMUST00000046049.14;
P50396	P50396;		ENSMUST00000015435.11;
P50404	P50404;		ENSMUST00000077136.5;
P50427	P50427;		
P50428	P50428;		ENSMUST00000165199.8;
P50429	P50429;		
P50431	P50431;	1EJI;	ENSMUST00000018744.15;
P50446	P50446;		ENSMUST00000023788.8;
P50462	P50462;		ENSMUST00000032658.14;ENSMUST00000167786.4;
P50481	P50481;	2JTN;2RGT;	ENSMUST00000028302.8 [P50481-2];ENSMUST00000054099.16 [P50481-1];
P50516	P50516;	9BRA;9BRQ;9BRR;9BRS;9BRT;9BRU;	ENSMUST00000063661.13 [P50516-1];ENSMUST00000114666.9 [P50516-1];
P50518	P50518;	9BRA;9BRQ;9BRR;9BRS;9BRT;9BRU;	ENSMUST00000019354.11;
P50544	P50544;	8CA1;	ENSMUST00000102574.10;
P50571	P50571;		ENSMUST00000031122.9;
P50580	P50580;	2V6C;6SWA;	ENSMUST00000026425.13 [P50580-1];ENSMUST00000131728.4 [P50580-1];
P50586	P50586;	1C8Z;1I7E;	ENSMUST00000033341.12 [P50586-1];
P50592	P50592;	8SLR;	ENSMUST00000046383.12;
P50636	P50636;		ENSMUST00000022890.10;
P50637	P50637;	2MGY;2N02;	ENSMUST00000047419.8;
P50652	P50652;		ENSMUST00000163091.8;
P50704	P50704;		
P50752	P50752;	6KLT;6KLU;	ENSMUST00000027671.12 [P50752-3];ENSMUST00000112087.9 [P50752-1];ENSMUST00000178854.8 [P50752-4];ENSMUST00000189355.7 [P50752-3];ENSMUST00000189732.7 [P50752-4];
P51125	P51125;		ENSMUST00000223206.2 [P51125-1];ENSMUST00000223309.2 [P51125-5];
P51141	P51141;	1FSH;1MC7;2KAW;2MX6;3PZ8;	ENSMUST00000030948.16;ENSMUST00000168552.2;
P51150	P51150;	5Z2M;	ENSMUST00000095048.6;ENSMUST00000113596.8;ENSMUST00000113597.8;ENSMUST00000113598.8;ENSMUST00000113600.10;
P51163	P51163;		ENSMUST00000033276.11;ENSMUST00000106145.10;ENSMUST00000106146.8;
P51174	P51174;		
P51175	P51175;		ENSMUST00000073120.11;
P51180	P51180;		ENSMUST00000026455.8;
P51410	P51410;	6SWA;7CPU;7CPV;7LS1;7LS2;	ENSMUST00000057885.13;ENSMUST00000120094.5;
P51432	P51432;		ENSMUST00000025912.10;
P51436	P51436;	6IQL;	ENSMUST00000026569.6;
P51437	P51437;		ENSMUST00000112022.5;
P51448	P51448;		ENSMUST00000034766.14 [P51448-1];ENSMUST00000113624.3 [P51448-2];
P51450	P51450;	7XVN;	ENSMUST00000200009.2 [P51450-3];
P51480	P51480;		ENSMUST00000060501.5 [P51480-1];
P51491	P51491;		ENSMUST00000080428.13;
P51557	P51557;		ENSMUST00000033979.6;
P51569	P51569;		ENSMUST00000033621.8;
P51576	P51576;		ENSMUST00000021141.14;
P51612	P51612;		ENSMUST00000032182.5;
P51637	P51637;		ENSMUST00000075477.8;
P51642	P51642;		ENSMUST00000112933.2;
P51655	P51655;		ENSMUST00000033450.3;
P51656	P51656;		ENSMUST00000019445.6;
P51660	P51660;		ENSMUST00000025385.7;
P51661	P51661;		ENSMUST00000034363.7;
P51667	P51667;	8Q6T;	ENSMUST00000014080.13;ENSMUST00000111751.8;
P51670	P51670;		ENSMUST00000019266.6;
P51675	P51675;		ENSMUST00000026911.6;
P51680	P51680;		ENSMUST00000054414.5;ENSMUST00000215425.2;
P51682	P51682;		ENSMUST00000111442.3;
P51683	P51683;		ENSMUST00000055918.7;ENSMUST00000165984.3;ENSMUST00000168841.3;ENSMUST00000171719.8;
P51791	P51791;	8JEV;8JGJ;8JGK;8JGL;8JGS;8JGV;	ENSMUST00000004430.14 [P51791-3];
P51807	P51807;	5WI4;	ENSMUST00000092966.5;ENSMUST00000169415.3;ENSMUST00000179554.3;ENSMUST00000179569.3;
P51827	P51827;		ENSMUST00000238906.2 [P51827-1];
P51829	P51829;		ENSMUST00000098521.4;ENSMUST00000168545.8;ENSMUST00000169037.9;ENSMUST00000171456.9;
P51830	P51830;		ENSMUST00000005719.4;ENSMUST00000117801.8;
P51859	P51859;		ENSMUST00000005017.15;
P51863	P51863;	9BRA;9BRQ;9BRR;9BRS;9BRT;9BRU;9BRY;9BRZ;	ENSMUST00000013304.8;
P51865	P51865;	2J5H;	ENSMUST00000035075.13;
P51880	P51880;		ENSMUST00000020024.12;
P51881	P51881;		ENSMUST00000016463.4;
P51885	P51885;		ENSMUST00000038160.6;
P51906	P51906;		ENSMUST00000025875.5;
P51908	P51908;		ENSMUST00000112585.8;ENSMUST00000112586.8;ENSMUST00000112587.11;
P51910	P51910;		ENSMUST00000115230.2;ENSMUST00000130560.8;
P51912	P51912;		
P51943	P51943;	3QHR;3QHW;4I3Z;4II5;	ENSMUST00000029270.10;
P51944	P51944;		ENSMUST00000115390.5 [P51944-1];
P51949	P51949;		ENSMUST00000021523.7;
P51954	P51954;		ENSMUST00000034065.14;
P51960	P51960;		
P52187	P52187;		ENSMUST00000089184.11;ENSMUST00000108717.3;
P52189	P52189;		
P52194	P52194;		ENSMUST00000002259.13;ENSMUST00000109831.3;
P52196	P52196;		ENSMUST00000058659.9;
P52293	P52293;	1EJL;1EJY;1IAL;1IQ1;1PJM;1PJN;1Q1S;1Q1T;1Y2A;2C1M;2YNR;3BTR;3KND;3L3Q;3OQS;3Q5U;3RZ9;3RZX;3TPM;3TPO;3UKW;3UKX;3UKY;3UKZ;3UL0;3UL1;3UVU;3VE6;3ZIN;3ZIO;3ZIP;3ZIQ;3ZIR;4BA3;4HTV;4MZ5;4MZ6;4OIH;4U54;4U58;4U5L;4U5N;4U5O;4U5S;4U5U;4U5V;4UAF;4YI0;4ZDU;5B56;5CTT;5D5K;5E6Q;5EKF;5EKG;5FC8;5GXW;5HHG;5HUW;5HUY;5K9S;5KLR;5KLT;5SVZ;5U5P;5U5R;5UMZ;5V5O;5V5P;5W41;5W4E;5W4F;5W4G;5WUM;5WUN;5X8N;6BVT;6BW0;6BW1;6D7M;6D7N;6IU7;6IUA;6IW8;6IWA;6K06;6MJL;6P6A;6P6E;6WBA;6WBB;6WBC;6WX7;7JJM;7JK7;7JVO;7L04;7LEQ;7LET;7LEU;7M60;7RFX;7RFZ;7RG0;7RG1;7RG2;7RG3;7RG4;7RG6;7TMX;7TMY;7UMI;8ECH;8F2Q;8FK3;8FUA;8FUC;8G8Q;8G8R;8G8S;8HE0;8HE3;8Q8K;8QXW;8QXX;8SG7;8SUD;8SV0;8TUQ;8TUR;8TUS;8TUT;8TUU;8TUV;8U36;8VPR;8VPU;	ENSMUST00000018506.13;ENSMUST00000086423.6;
P52332	P52332;	7T6F;8EWY;	
P52430	P52430;		ENSMUST00000002663.12;
P52431	P52431;		ENSMUST00000049343.15;
P52479	P52479;		ENSMUST00000108988.9 [P52479-1];ENSMUST00000144458.8 [P52479-2];
P52480	P52480;		ENSMUST00000034834.16 [P52480-1];ENSMUST00000163694.4 [P52480-2];
P52482	P52482;		ENSMUST00000022296.7;
P52483	P52483;		ENSMUST00000028398.14;ENSMUST00000121433.2;
P52503	P52503;	6G2J;6G72;6ZR2;6ZTQ;7AK5;7AK6;7B93;7PSA;8C2S;8CA3;8IAO;8IAP;8IB4;8IB5;8IB9;8IBA;8IBD;8IBE;8IC2;8IC3;8OLT;8OM1;8PW5;8PW6;8PW7;8RGP;8RGQ;8RGR;8RGT;	ENSMUST00000022097.6;
P52592	P52592;		ENSMUST00000054197.7;
P52624	P52624;		ENSMUST00000020677.8;ENSMUST00000101525.9;ENSMUST00000164791.8;
P52633	P52633;		ENSMUST00000092074.12;
P52651	P52651;		
P52734	P52734;		ENSMUST00000026296.8;
P52760	P52760;		ENSMUST00000022946.6;
P52785	P52785;		ENSMUST00000021259.9;ENSMUST00000108664.2;ENSMUST00000108665.8;
P52792	P52792;		ENSMUST00000102920.4 [P52792-1];ENSMUST00000109822.8 [P52792-2];ENSMUST00000109823.9 [P52792-2];
P52793	P52793;		ENSMUST00000029566.9;
P52795	P52795;	6P7S;	ENSMUST00000052839.7;
P52800	P52800;	1IKO;1KGY;	ENSMUST00000001319.15;
P52801	P52801;		ENSMUST00000003154.7;
P52825	P52825;		ENSMUST00000030345.15;
P52840	P52840;		
P52843	P52843;		ENSMUST00000108522.5;
P52850	P52850;		ENSMUST00000047490.6;ENSMUST00000223679.2;ENSMUST00000225000.2;
P52875	P52875;		ENSMUST00000031144.14;
P52912	P52912;	2DGO;2RNE;	ENSMUST00000095753.9;
P52927	P52927;		ENSMUST00000072777.14;
P52946	P52946;		ENSMUST00000085591.7;
P52955	P52955;		ENSMUST00000099401.6;
P53026	P53026;	7LS1;7LS2;	
P53347	P53347;		ENSMUST00000075221.3;
P53349	P53349;		
P53351	P53351;		ENSMUST00000022212.9;
P53368	P53368;	5MZE;5MZG;6EHH;	ENSMUST00000050205.12;ENSMUST00000071881.10;ENSMUST00000110826.8;ENSMUST00000110827.8;
P53564	P53564;		
P53566	P53566;		ENSMUST00000042985.11 [P53566-1];
P53568	P53568;		ENSMUST00000070191.10;ENSMUST00000130491.3;
P53612	P53612;	3PZ1;3PZ2;3PZ3;	ENSMUST00000167111.6;
P53657	P53657;		
P53668	P53668;		ENSMUST00000015137.10;
P53690	P53690;		ENSMUST00000089688.6;
P53762	P53762;	4ZP4;4ZPH;4ZPK;4ZPR;4ZQD;5NJ8;5SY5;5SY7;6E3S;6E3T;6E3U;7V7L;7V7W;7VNI;7W80;7XHV;7XI4;	ENSMUST00000102749.11 [P53762-1];
P53783	P53783;		ENSMUST00000180353.2;
P53784	P53784;		
P53798	P53798;		ENSMUST00000054963.10;ENSMUST00000224625.2;
P53810	P53810;	1KCM;	ENSMUST00000143219.8;
P53986	P53986;	7Y1Q;	ENSMUST00000046212.2;
P53994	P53994;		ENSMUST00000060232.8;
P53996	P53996;		ENSMUST00000032138.15 [P53996-1];ENSMUST00000113617.3 [P53996-3];ENSMUST00000113619.8 [P53996-2];ENSMUST00000204653.3 [P53996-3];
P54071	P54071;	5H3E;5H3F;	ENSMUST00000107384.10;
P54099	P54099;		
P54103	P54103;		ENSMUST00000030771.12;
P54116	P54116;	4FVF;4FVG;4FVJ;	ENSMUST00000028241.7;
P54130	P54130;		ENSMUST00000022545.14;
P54227	P54227;		ENSMUST00000030636.11;ENSMUST00000105868.2;
P54254	P54254;		ENSMUST00000091628.11;ENSMUST00000167708.4;
P54265	P54265;		ENSMUST00000032568.14 [P54265-1];ENSMUST00000108473.10 [P54265-5];ENSMUST00000238982.2 [P54265-9];
P54276	P54276;		ENSMUST00000005503.5;
P54279	P54279;		ENSMUST00000148011.8;
P54285	P54285;		ENSMUST00000230490.2 [P54285-1];
P54310	P54310;		ENSMUST00000003207.11 [P54310-2];ENSMUST00000054301.14 [P54310-1];ENSMUST00000206861.2 [P54310-1];
P54320	P54320;		ENSMUST00000015138.13;
P54726	P54726;		ENSMUST00000109761.9;
P54728	P54728;	2F4M;2F4O;	ENSMUST00000030134.9;
P54731	P54731;		ENSMUST00000102724.5;
P54751	P54751;		ENSMUST00000092640.6;ENSMUST00000229028.2;ENSMUST00000229213.2;
P54754	P54754;		ENSMUST00000006112.7;
P54761	P54761;		ENSMUST00000061244.15;ENSMUST00000144296.8;ENSMUST00000166239.8;
P54763	P54763;	1JPA;1KGY;1NUK;1SHW;2HEN;3ETP;7S7K;	ENSMUST00000059287.14 [P54763-4];ENSMUST00000105845.9 [P54763-3];ENSMUST00000105846.9 [P54763-2];
P54818	P54818;	3ZR5;3ZR6;4CCC;4CCD;4CCE;4UFH;4UFI;4UFJ;4UFK;4UFL;4UFM;5NXB;6Y6S;6Y6T;	ENSMUST00000021390.9;
P54822	P54822;		ENSMUST00000023043.10;
P54823	P54823;		ENSMUST00000170489.2;ENSMUST00000217034.2;
P54830	P54830;	6H8S;	ENSMUST00000033142.13 [P54830-1];ENSMUST00000102626.10 [P54830-1];
P54841	P54841;	2WT7;2WTY;4AUW;	ENSMUST00000099126.5;
P54843	P54843;		ENSMUST00000069009.7 [P54843-3];ENSMUST00000109104.2 [P54843-1];
P54846	P54846;		ENSMUST00000062232.15;ENSMUST00000111404.8;ENSMUST00000178694.3;
P54869	P54869;		ENSMUST00000090746.3;ENSMUST00000120541.8;
P54987	P54987;	6R6T;7BR9;	
P55002	P55002;		ENSMUST00000071977.10;ENSMUST00000166376.10;
P55012	P55012;		
P55014	P55014;		
P55041	P55041;		ENSMUST00000029868.7;ENSMUST00000108304.9;
P55065	P55065;		ENSMUST00000059954.14;ENSMUST00000109316.8;
P55066	P55066;		
P55086	P55086;		ENSMUST00000022185.10;
P55088	P55088;		ENSMUST00000234053.2 [P55088-2];ENSMUST00000234391.2 [P55088-2];ENSMUST00000234466.2 [P55088-2];ENSMUST00000234473.2 [P55088-2];ENSMUST00000234518.2 [P55088-2];ENSMUST00000234643.2 [P55088-2];ENSMUST00000235044.2 [P55088-2];
P55095	P55095;		ENSMUST00000102733.10;
P55096	P55096;		ENSMUST00000029770.8;
P55097	P55097;	5T6U;6BKI;8V57;8V58;	ENSMUST00000015664.5;
P55098	P55098;		
P55105	P55105;		ENSMUST00000002457.2;
P55144	P55144;	3QUP;4FEQ;4FF8;	ENSMUST00000028763.10 [P55144-1];ENSMUST00000110783.8 [P55144-3];
P55194	P55194;	1ABO;	ENSMUST00000001226.11;
P55200			ENSMUST00000002095.11 [P55200-2];ENSMUST00000114689.8 [P55200-1];
P55249	P55249;		ENSMUST00000019051.3;
P55258	P55258;	2FU5;	ENSMUST00000003121.9;
P55264	P55264;	5KB5;5KB6;	ENSMUST00000045376.11 [P55264-1];ENSMUST00000224069.2 [P55264-2];
P55284	P55284;	2KOH;	ENSMUST00000034339.10;
P55288	P55288;	2A4C;2A4E;6CGB;	ENSMUST00000075190.5;
P55292	P55292;		ENSMUST00000039247.11 [P55292-2];ENSMUST00000075214.9 [P55292-1];
P55302	P55302;		ENSMUST00000030986.15;
P55772	P55772;		ENSMUST00000112231.9;
P55821	P55821;		ENSMUST00000029002.9;
P55849	P55849;		ENSMUST00000224432.2 [P55849-1];
P55850	P55850;		ENSMUST00000115848.5 [P55850-2];ENSMUST00000225110.2 [P55850-1];
P56198	P56198;	4IKG;4MAC;	ENSMUST00000032416.11;ENSMUST00000113089.8;
P56213	P56213;		ENSMUST00000046839.10;ENSMUST00000234197.2;ENSMUST00000234520.2;
P56280	P56280;	1JNP;	ENSMUST00000041316.15;
P56371	P56371;		ENSMUST00000117702.2;ENSMUST00000118535.9;
P56383	P56383;		ENSMUST00000075630.10;ENSMUST00000185641.7;
P56384	P56384;		ENSMUST00000018914.3;ENSMUST00000111996.8;
P56388	P56388;		ENSMUST00000022150.8 [P56388-1];ENSMUST00000224142.2 [P56388-2];
P56389	P56389;	1ZAB;2FR5;2FR6;	ENSMUST00000030535.4;
P56392	P56392;		ENSMUST00000098594.4;
P56393	P56393;	7O37;7O3C;7O3E;8PW5;8PW6;8PW7;	ENSMUST00000033582.5;
P56394	P56394;		ENSMUST00000050273.9;ENSMUST00000120495.2;ENSMUST00000249256.1;
P56395	P56395;		ENSMUST00000160180.9;
P56399	P56399;		ENSMUST00000047510.10;
P56402	P56402;		ENSMUST00000023752.6;
P56404	P56404;		ENSMUST00000098056.6;
P56450	P56450;		ENSMUST00000057942.4;
P56473	P56473;		ENSMUST00000005849.11;ENSMUST00000194091.6;
P56475	P56475;		ENSMUST00000029947.6;
P56476	P56476;		ENSMUST00000024035.9 [P56476-2];ENSMUST00000108162.8 [P56476-1];
P56477	P56477;		ENSMUST00000004392.12;ENSMUST00000163511.7;
P56480	P56480;		ENSMUST00000026459.6;
P56481	P56481;		ENSMUST00000033189.6;
P56485	P56485;		ENSMUST00000065587.5;
P56501	P56501;		ENSMUST00000032958.14;ENSMUST00000107059.2;
P56528	P56528;	2EG9;	ENSMUST00000030964.6;
P56542	P56542;		ENSMUST00000003910.13;
P56546	P56546;		ENSMUST00000033269.15 [P56546-1];ENSMUST00000169570.8 [P56546-2];
P56563	P56563;		ENSMUST00000004732.7;
P56564	P56564;		ENSMUST00000005493.14;
P56565	P56565;		
P56581	P56581;		ENSMUST00000092266.11 [P56581-2];ENSMUST00000151390.8 [P56581-1];
P56656	P56656;		ENSMUST00000025968.5;
P56671	P56671;		
P56677	P56677;		ENSMUST00000034478.3;
P56695	P56695;		ENSMUST00000043964.13;
P56716	P56716;		ENSMUST00000027032.6;
P56726	P56726;	6O3C;	ENSMUST00000001812.5;
P56818	P56818;		ENSMUST00000034591.11;
P56857	P56857;		ENSMUST00000035048.12 [P56857-1];ENSMUST00000112882.9 [P56857-3];ENSMUST00000131922.2 [P56857-4];ENSMUST00000136429.8 [P56857-2];
P56931	P56931;		ENSMUST00000061721.6;
P56959	P56959;		ENSMUST00000106251.10;
P56960	P56960;		ENSMUST00000017408.14;
P56974	P56974;		
P57080	P57080;	1VDL;	ENSMUST00000023580.8 [P57080-1];
P57680	P57680;		ENSMUST00000031005.11 [P57680-1];
P57716	P57716;		ENSMUST00000003550.11;
P57725	P57725;	1V38;	ENSMUST00000114239.9;
P57748	P57748;		ENSMUST00000034487.4;
P57757	P57757;		ENSMUST00000006103.9;ENSMUST00000108476.8;
P57774	P57774;		ENSMUST00000031843.7;
P57776	P57776;		
P57780	P57780;		ENSMUST00000068045.14;
P57787	P57787;		ENSMUST00000070653.13;ENSMUST00000100130.10;ENSMUST00000168579.8;
P57791	P57791;		ENSMUST00000025823.6;
P58006	P58006;		ENSMUST00000041438.7;
P58022	P58022;		ENSMUST00000022660.14 [P58022-1];ENSMUST00000100420.4 [P58022-1];
P58043	P58043;		ENSMUST00000030724.9;
P58137	P58137;		ENSMUST00000103094.11;
P58158	P58158;		ENSMUST00000096243.7;
P58242	P58242;	5KAR;5KAS;	ENSMUST00000030709.9;
P58252	P58252;	7LS1;7LS2;	ENSMUST00000047864.11;
P58269	P58269;		ENSMUST00000177959.8 [P58269-3];ENSMUST00000178756.8 [P58269-1];
P58281	P58281;		ENSMUST00000038867.13 [P58281-3];ENSMUST00000160597.8 [P58281-1];ENSMUST00000161186.8 [P58281-2];
P58283	P58283;		ENSMUST00000053498.13 [P58283-1];ENSMUST00000200607.5 [P58283-2];
P58308	P58308;		ENSMUST00000063140.15 [P58308-1];ENSMUST00000184757.2 [P58308-2];
P58334	P58334;		ENSMUST00000038558.9;
P58355	P58355;		ENSMUST00000117100.4;
P58389	P58389;		ENSMUST00000042055.10;
P58390	P58390;		
P58391	P58391;		ENSMUST00000000811.8;
P58404	P58404;		ENSMUST00000019220.16 [P58404-1];ENSMUST00000108495.9 [P58404-2];
P58459	P58459;		ENSMUST00000087623.13 [P58459-1];ENSMUST00000234715.2 [P58459-2];
P58462	P58462;		ENSMUST00000074346.12 [P58462-1];ENSMUST00000113322.9 [P58462-1];ENSMUST00000113329.10 [P58462-2];
P58463	P58463;		ENSMUST00000031545.14 [P58463-1];ENSMUST00000115472.8 [P58463-2];ENSMUST00000115477.8 [P58463-1];
P58465	P58465;		ENSMUST00000073109.12;
P58466	P58466;		ENSMUST00000027367.14;
P58467	P58467;		ENSMUST00000023669.14;ENSMUST00000233931.2;
P58501	P58501;		ENSMUST00000118522.8 [P58501-1];
P58681	P58681;		ENSMUST00000060719.12;ENSMUST00000112161.8;ENSMUST00000112164.2;
P58682	P58682;		ENSMUST00000049023.3;ENSMUST00000112170.2;
P58686	P58686;		ENSMUST00000048792.5;
P58735	P58735;		ENSMUST00000051757.14;ENSMUST00000163328.8;
P58742	P58742;		ENSMUST00000041208.9;
P58750	P58750;		ENSMUST00000042818.11;
P58771	P58771;	7NEP;8Q4G;	ENSMUST00000113685.10 [P58771-1];ENSMUST00000113707.9 [P58771-2];
P58774	P58774;		ENSMUST00000107913.10 [P58774-1];ENSMUST00000107914.10 [P58774-2];
P58801	P58801;		ENSMUST00000037035.12;
P59016	P59016;		ENSMUST00000032749.12;
P59017	P59017;		ENSMUST00000009256.4;
P59054	P59054;		ENSMUST00000035101.9;ENSMUST00000214058.2;ENSMUST00000215916.2;
P59055	P59055;		ENSMUST00000053910.10 [P59055-1];ENSMUST00000112394.2 [P59055-2];ENSMUST00000122912.8 [P59055-1];ENSMUST00000145598.9 [P59055-2];ENSMUST00000176109.8 [P59055-2];
P59108	P59108;		ENSMUST00000048653.10;
P59110	P59110;		ENSMUST00000044189.16;
P59113	P59113;	2KMC;4BBK;	ENSMUST00000038280.5;
P59114	P59114;		ENSMUST00000041643.5;
P59158	P59158;		ENSMUST00000034218.5;
P59178	P59178;		ENSMUST00000023029.15;
P59240	P59240;		ENSMUST00000056567.6;ENSMUST00000081393.10;
P59242	P59242;		
P59266	P59266;		ENSMUST00000109418.2;
P59267	P59267;		ENSMUST00000049389.11;ENSMUST00000128166.8;
P59268	P59268;		ENSMUST00000037960.11;ENSMUST00000088935.4;
P59270	P59270;		ENSMUST00000063663.6 [P59270-1];ENSMUST00000140583.2 [P59270-2];
P59279	P59279;		ENSMUST00000022765.14;ENSMUST00000167116.8;
P59326	P59326;		ENSMUST00000037299.15;
P59328	P59328;		ENSMUST00000111790.2 [P59328-2];
P59384	P59384;		ENSMUST00000065112.7;
P59438	P59438;		ENSMUST00000014562.14 [P59438-1];ENSMUST00000107654.8 [P59438-1];ENSMUST00000142663.8 [P59438-3];
P59470	P59470;		ENSMUST00000077175.7;
P59509	P59509;		ENSMUST00000052907.7;
P59511	P59511;		ENSMUST00000035342.11 [P59511-1];ENSMUST00000155907.2 [P59511-2];
P59598	P59598;		ENSMUST00000109790.2;
P59644	P59644;		ENSMUST00000044507.12;
P59648	P59648;		ENSMUST00000073892.6;
P59672	P59672;	5ZRY;	ENSMUST00000088027.7 [P59672-2];ENSMUST00000114842.9 [P59672-1];
P59759	P59759;		
P59764	P59764;		ENSMUST00000037488.8 [P59764-1];
P59823	P59823;	4YH6;4YH7;5Y32;	
P59941	P59941;		ENSMUST00000042923.9;
P59997	P59997;	4QWN;4QX7;4QX8;4QXB;4QXC;4QXH;4TN7;7UVA;	
P60041	P60041;		ENSMUST00000004480.5;
P60122	P60122;		ENSMUST00000032165.16;
P60202	P60202;		ENSMUST00000033800.13 [P60202-1];ENSMUST00000113085.2 [P60202-2];
P60229	P60229;		ENSMUST00000022960.4;
P60322	P60322;		ENSMUST00000063563.9;
P60324	P60324;		ENSMUST00000070102.6;
P60330	P60330;		ENSMUST00000064924.6;ENSMUST00000229050.2;
P60334	P60334;	2ATF;2Q4S;	ENSMUST00000035804.9;
P60335	P60335;		ENSMUST00000053015.7;
P60469	P60469;	4UWX;6KIP;6KR4;	ENSMUST00000003961.16 [P60469-1];ENSMUST00000211067.2 [P60469-1];
P60487	P60487;	4BKM;4BX0;4BX2;4BX3;5AES;8QFW;	ENSMUST00000089378.5;
P60521	P60521;		ENSMUST00000034428.8;
P60605	P60605;	3FSH;	ENSMUST00000174510.8;
P60670	P60670;	2PJH;	ENSMUST00000044271.15 [P60670-1];ENSMUST00000103017.4 [P60670-2];
P60710	P60710;		ENSMUST00000100497.11;
P60755	P60755;		ENSMUST00000223141.2;
P60761	P60761;	4E50;	ENSMUST00000065668.12;
P60762	P60762;		ENSMUST00000085248.12 [P60762-1];ENSMUST00000169860.8 [P60762-2];
P60764	P60764;		ENSMUST00000018156.12;
P60766	P60766;	3EG5;5C2J;	ENSMUST00000030417.10 [P60766-1];ENSMUST00000051477.13 [P60766-2];
P60824	P60824;		ENSMUST00000105365.9;
P60843	P60843;	6XKI;7DDX;	ENSMUST00000163666.3;
P60853	P60853;		ENSMUST00000037049.4;ENSMUST00000185176.8;
P60867	P60867;	7CPU;7CPV;7LS1;7LS2;	ENSMUST00000138502.2;
P60879	P60879;		ENSMUST00000028727.11 [P60879-1];ENSMUST00000110098.4 [P60879-2];
P60882			ENSMUST00000128119.2;
P60904	P60904;	2CTW;	ENSMUST00000072334.12;ENSMUST00000108796.2;ENSMUST00000108797.8;
P61014	P61014;	3O7L;	ENSMUST00000046221.8;ENSMUST00000163319.9;ENSMUST00000218468.2;ENSMUST00000219491.2;ENSMUST00000219921.2;ENSMUST00000220197.2;
P61021	P61021;		ENSMUST00000000727.4;
P61022	P61022;		ENSMUST00000014221.13;
P61027	P61027;		ENSMUST00000021001.10;
P61028	P61028;		ENSMUST00000041139.9;
P61079	P61079;		ENSMUST00000106291.10;ENSMUST00000166033.6;ENSMUST00000196446.5;ENSMUST00000197539.5;ENSMUST00000197859.5;ENSMUST00000199613.5;
P61080	P61080;		ENSMUST00000020085.7;
P61082	P61082;		ENSMUST00000005714.14;
P61087	P61087;		ENSMUST00000142407.8;
P61089	P61089;		ENSMUST00000099329.5;
P61092	P61092;	1K2F;2AN6;	ENSMUST00000045296.6;
P61148	P61148;		ENSMUST00000040647.11;ENSMUST00000115582.8;ENSMUST00000236630.2;
P61161	P61161;	7AQK;	ENSMUST00000000137.8;
P61168	P61168;		ENSMUST00000075764.8 [P61168-1];
P61202	P61202;		ENSMUST00000028635.6 [P61202-1];ENSMUST00000110463.8 [P61202-2];
P61222	P61222;		ENSMUST00000080536.8;
P61226	P61226;		ENSMUST00000049064.4;
P61255	P61255;	6SWA;7CPU;7CPV;7LS1;7LS2;	ENSMUST00000073471.13;ENSMUST00000167436.3;
P61264	P61264;		ENSMUST00000106267.5;
P61290	P61290;		ENSMUST00000019470.14;
P61358	P61358;	6SWA;7CPU;7CPV;7LS1;7LS2;	ENSMUST00000077856.13;ENSMUST00000107249.8;
P61364	P61364;		ENSMUST00000066852.9;
P61372	P61372;	2RGT;4JCJ;	ENSMUST00000036060.13 [P61372-1];ENSMUST00000176044.3 [P61372-2];
P61375	P61375;		ENSMUST00000031591.10;
P61406	P61406;		ENSMUST00000045281.13;
P61407	P61407;		
P61458	P61458;		ENSMUST00000020298.8;
P61460	P61460;		ENSMUST00000119705.8 [P61460-1];ENSMUST00000120902.8 [P61460-2];
P61514	P61514;	6SWA;7CPU;7CPV;7LS1;7LS2;	ENSMUST00000059980.11;
P61588	P61588;	1GWN;	ENSMUST00000017288.9;
P61620	P61620;		ENSMUST00000032168.7;
P61750	P61750;		ENSMUST00000022429.9;
P61793	P61793;		ENSMUST00000055018.11 [P61793-1];ENSMUST00000107570.2 [P61793-2];ENSMUST00000107571.8 [P61793-1];ENSMUST00000107574.8 [P61793-1];ENSMUST00000107575.9 [P61793-1];
P61809	P61809;		ENSMUST00000053413.12;
P61922	P61922;		ENSMUST00000065987.14 [P61922-1];ENSMUST00000115839.9 [P61922-2];
P61957	P61957;	5TVP;5TVQ;	ENSMUST00000153892.2;
P61961	P61961;	1J0G;	ENSMUST00000146598.8;
P61965	P61965;	2XL2;2XL3;8OK1;8OKF;	ENSMUST00000113952.10;
P61967	P61967;	1W63;	ENSMUST00000111080.8;
P61969	P61969;	1M3V;1RUT;2DFY;2L4Z;2MBV;	ENSMUST00000120539.8;ENSMUST00000121112.6;ENSMUST00000121796.8;
P61979	P61979;		ENSMUST00000043269.14 [P61979-1];ENSMUST00000116403.9 [P61979-2];ENSMUST00000176207.8 [P61979-3];ENSMUST00000224182.2 [P61979-2];ENSMUST00000225674.2 [P61979-2];
P61982	P61982;	8XI3;	ENSMUST00000055808.6;ENSMUST00000198270.2;
P62069	P62069;		ENSMUST00000068058.14;
P62082	P62082;	7CPU;7CPV;7LS1;7LS2;7QVP;	ENSMUST00000074267.5;ENSMUST00000221871.2;
P62137	P62137;	5ZQV;5ZT0;	ENSMUST00000046094.6;
P62141	P62141;		ENSMUST00000015100.15;ENSMUST00000201360.4;
P62192	P62192;		ENSMUST00000021595.10;
P62196	P62196;		ENSMUST00000021049.9;
P62242	P62242;	7CPU;7CPV;7LS1;7LS2;	ENSMUST00000102696.5;
P62245	P62245;	7CPU;7CPV;7LS1;7LS2;	ENSMUST00000106588.8;ENSMUST00000131374.8;ENSMUST00000172457.8;
P62257	P62257;		ENSMUST00000102993.10;
P62259	P62259;		ENSMUST00000067664.10;
P62264	P62264;	7CPU;7CPV;7LS1;7LS2;	ENSMUST00000025511.11;ENSMUST00000118551.8;ENSMUST00000122279.2;ENSMUST00000235603.2;ENSMUST00000235966.2;
P62267	P62267;	7CPU;7CPV;7LS1;7LS2;	ENSMUST00000051955.9;
P62270	P62270;	7CPU;7CPV;7LS1;7LS2;	ENSMUST00000008812.9;
P62281	P62281;	7CPU;7CPV;7LS1;7LS2;	ENSMUST00000003521.10;
P62315	P62315;		ENSMUST00000002551.5;
P62320	P62320;		ENSMUST00000020397.11;
P62331	P62331;	3VHX;	ENSMUST00000050063.9;
P62340	P62340;		ENSMUST00000095794.4;ENSMUST00000127698.8;
P62342			ENSMUST00000107924.3;
P62482	P62482;		ENSMUST00000105648.10;ENSMUST00000160884.9;
P62484	P62484;		ENSMUST00000052332.15;
P62492	P62492;		ENSMUST00000172298.8;
P62500	P62500;		ENSMUST00000022587.10 [P62500-2];
P62509	P62509;	1S9P;1S9Q;	ENSMUST00000027906.13 [P62509-1];ENSMUST00000110938.2 [P62509-2];ENSMUST00000110939.8 [P62509-2];
P62515	P62515;		ENSMUST00000078229.5;
P62631	P62631;		ENSMUST00000055990.8;
P62702	P62702;	7CPU;7CPV;7LS1;7LS2;	ENSMUST00000033683.8;
P62715	P62715;		ENSMUST00000009774.11;
P62737	P62737;		ENSMUST00000039631.10;
P62743	P62743;	2JKR;2JKT;2VGL;2XA7;4UQI;6QH5;6QH6;6QH7;6YAE;6YAF;6YAH;7OG1;7OHO;7RW8;7RW9;7RWA;7RWB;7RWC;7Z5C;8T1O;	ENSMUST00000086112.8;
P62746	P62746;		ENSMUST00000067384.6;
P62751	P62751;	6SWA;7CPU;7CPV;7LS1;7LS2;	ENSMUST00000102483.5;
P62754	P62754;	7CPU;7CPV;7LS1;7LS2;	ENSMUST00000102814.5;
P62774	P62774;	2KXP;	ENSMUST00000031866.9;
P62806	P62806;	1F66;1U35;2WP2;4AU7;4DOW;5B1L;5B1M;5XM0;5XM1;7DBH;7VBM;8PKI;8PKJ;	ENSMUST00000087714.6;ENSMUST00000102964.4;ENSMUST00000102965.4;ENSMUST00000102967.3;ENSMUST00000102968.3;ENSMUST00000102971.2;ENSMUST00000102972.6;ENSMUST00000102977.4;ENSMUST00000102979.2;ENSMUST00000102983.2;ENSMUST00000104941.4;ENSMUST00000171473.3;ENSMUST00000179285.3;
P62812	P62812;	5OSA;5OSB;5OSC;8FOI;8G4N;8G4O;8G4X;8G5F;8G5G;8G5H;	ENSMUST00000020707.12;ENSMUST00000205546.2;
P62814	P62814;	9BRA;9BRQ;9BRR;9BRS;9BRT;9BRU;	ENSMUST00000006435.8;
P62821	P62821;		ENSMUST00000163483.2;
P62823	P62823;		ENSMUST00000167824.3;
P62827	P62827;		ENSMUST00000031383.14;ENSMUST00000111343.2;
P62830	P62830;	6SWA;7CPU;7CPV;7LS1;7LS2;	ENSMUST00000103146.5;
P62835	P62835;		ENSMUST00000090678.11;
P62838	P62838;		ENSMUST00000170693.9;
P62843	P62843;	7CPU;7CPV;7LS1;7LS2;	ENSMUST00000068408.14;
P62849	P62849;	7CPU;7CPV;7LS1;7LS2;	ENSMUST00000112384.10 [P62849-2];ENSMUST00000169826.3 [P62849-2];ENSMUST00000223999.2 [P62849-3];ENSMUST00000225023.2 [P62849-1];
P62855	P62855;	7CPU;7CPV;7LS1;7LS2;	ENSMUST00000026420.7;
P62858	P62858;	7CPU;7CPV;7LS1;7LS2;	ENSMUST00000087342.13;ENSMUST00000166693.3;ENSMUST00000173019.8;ENSMUST00000173844.8;
P62862	P62862;	7CPU;7CPV;7LS1;7LS2;	ENSMUST00000043074.14;ENSMUST00000178310.9;ENSMUST00000179142.2;ENSMUST00000236217.2;ENSMUST00000237840.2;
P62869	P62869;	2FNJ;4JGH;	ENSMUST00000069579.7;
P62874	P62874;	6K41;6K42;6RMV;7Y12;7Y15;8IHB;8IHF;8IHH;8IHI;8IHJ;	ENSMUST00000030940.14;ENSMUST00000105616.10;ENSMUST00000165335.8;ENSMUST00000176637.2;
P62878	P62878;	4A0C;4A0K;4A0L;7OPC;7OPD;	ENSMUST00000023036.7;
P62881	P62881;	2PBI;6N9G;7SHF;	ENSMUST00000076889.7 [P62881-1];ENSMUST00000213990.2 [P62881-1];ENSMUST00000215875.2 [P62881-2];
P62889	P62889;	6SWA;7CPU;7CPV;7LS1;7LS2;	ENSMUST00000009039.6;ENSMUST00000079735.12;
P62897	P62897;		ENSMUST00000073080.7;ENSMUST00000161401.2;
P62908	P62908;	7CPU;7CPV;7LS1;7LS2;	ENSMUST00000032998.13;
P62911	P62911;	6SWA;7CPU;7CPV;7LS1;7LS2;	ENSMUST00000081840.6;ENSMUST00000203816.2;
P62915	P62915;	8D5E;8D5F;	ENSMUST00000029938.10;
P62918	P62918;	6SWA;7CPU;7CPV;7LS1;7LS2;	ENSMUST00000004072.10;ENSMUST00000229183.2;
P62960	P62960;		ENSMUST00000079644.13;
P62962	P62962;		ENSMUST00000018437.3;
P62983	P62983;	5GVI;5XIS;5XIT;5XIU;7E62;7LS1;7LS2;	ENSMUST00000102844.4;ENSMUST00000102845.11;
P62984	P62984;	3AI5;6JWI;6SWA;7CPU;7CPV;7LS1;7LS2;	ENSMUST00000081940.11;ENSMUST00000089430.6;ENSMUST00000125184.8;ENSMUST00000129909.8;ENSMUST00000135446.8;ENSMUST00000140679.8;ENSMUST00000165126.9;
P62996	P62996;		ENSMUST00000161286.8 [P62996-1];
P63001	P63001;		ENSMUST00000080537.14;
P63002	P63002;		ENSMUST00000002518.9 [P63002-1];
P63005	P63005;	1UUJ;1VYH;	ENSMUST00000021091.15 [P63005-1];ENSMUST00000102520.9 [P63005-1];
P63006	P63006;		ENSMUST00000018842.14;
P63011	P63011;		ENSMUST00000034301.12;ENSMUST00000110090.8;ENSMUST00000110092.6;ENSMUST00000110093.9;
P63013	P63013;		ENSMUST00000027878.14 [P63013-1];ENSMUST00000075805.13 [P63013-2];
P63015	P63015;		ENSMUST00000090391.13 [P63015-2];ENSMUST00000090397.13 [P63015-1];ENSMUST00000111082.8 [P63015-1];ENSMUST00000111083.10 [P63015-1];ENSMUST00000111085.8 [P63015-2];ENSMUST00000111086.11 [P63015-2];ENSMUST00000111087.10 [P63015-1];ENSMUST00000167211.9 [P63015-2];
P63017	P63017;	3CQX;	ENSMUST00000015800.16;
P63024	P63024;		ENSMUST00000030797.4;
P63032	P63032;		ENSMUST00000132133.2;ENSMUST00000139848.8;
P63034	P63034;	1U27;1U29;	
P63037	P63037;		ENSMUST00000030118.10;ENSMUST00000164233.8;
P63038	P63038;		ENSMUST00000027123.15 [P63038-1];
P63040	P63040;		ENSMUST00000046892.10;
P63044	P63044;		ENSMUST00000021273.13;
P63058	P63058;		ENSMUST00000064187.12 [P63058-1];ENSMUST00000103139.11 [P63058-2];
P63072	P63072;		ENSMUST00000038844.7;
P63073	P63073;	1EJ1;1EJ4;1EJH;1L8B;5BXV;5J5O;5J5Y;5M7V;5M7W;5M7X;5M7Z;5M80;5M81;5M83;5M84;5OSX;6GKJ;6GKK;6GKL;6U06;6U09;6YLR;6YLT;6YLV;	ENSMUST00000029803.12;
P63080	P63080;		ENSMUST00000039697.14;
P63082	P63082;	9BRA;9BRQ;9BRR;9BRS;9BRT;9BRU;9BRY;9BRZ;	ENSMUST00000024932.12;ENSMUST00000098862.9;
P63085	P63085;		ENSMUST00000069107.14;ENSMUST00000115731.10;ENSMUST00000232611.2;
P63087	P63087;	4V0U;4V0V;4V0W;4V0X;	ENSMUST00000086294.11 [P63087-2];ENSMUST00000102528.11 [P63087-1];
P63089	P63089;		ENSMUST00000101534.5;
P63094	P63094;	7XW5;	ENSMUST00000087871.11 [P63094-1];ENSMUST00000109085.8 [P63094-2];ENSMUST00000109087.8 [P63094-1];
P63101	P63101;	7EXE;	ENSMUST00000022894.14;ENSMUST00000110361.8;ENSMUST00000110362.4;
P63115	P63115;		ENSMUST00000001854.12;
P63137	P63137;	8FOI;8G4N;8G4O;8G4X;8G5F;8G5G;8G5H;	ENSMUST00000007797.10 [P63137-2];ENSMUST00000192403.2 [P63137-1];
P63139	P63139;		ENSMUST00000130911.8 [P63139-1];
P63141	P63141;	5WIE;	ENSMUST00000038695.6;ENSMUST00000196403.2;ENSMUST00000197470.5;
P63143	P63143;		ENSMUST00000049230.11;
P63147	P63147;		ENSMUST00000020657.13;ENSMUST00000109086.8;
P63157	P63157;		ENSMUST00000050776.9;ENSMUST00000113847.3;ENSMUST00000113849.8;
P63158	P63158;	5ZDZ;5ZE0;5ZE1;5ZE2;	ENSMUST00000085546.13;ENSMUST00000093196.11;ENSMUST00000110505.8;
P63166	P63166;		ENSMUST00000091374.9;
P63168	P63168;		ENSMUST00000009157.4;ENSMUST00000112090.2;
P63239	P63239;	1KN6;2KDT;2KE3;	ENSMUST00000022075.6;
P63242	P63242;		ENSMUST00000043419.10;ENSMUST00000070996.11;ENSMUST00000071026.10;ENSMUST00000108607.8;ENSMUST00000108608.8;ENSMUST00000108609.8;ENSMUST00000108610.8;ENSMUST00000108611.8;ENSMUST00000108612.8;ENSMUST00000108613.10;ENSMUST00000164359.8;
P63248	P63248;	1APM;1ATP;2CPK;2GNF;2GNG;2QUR;3FJQ;3OW3;3QAL;3QAM;4DFX;4DFZ;4DG0;4DG2;4DG3;4DH1;4DH3;4DH5;4DH7;4DH8;4HPT;4HPU;6F14;6Y05;6Y0B;6Y2O;6Y2U;6Y89;6Y8C;6YNA;6YNB;6YNC;6YNR;6YNT;6YOT;6YPP;6YQI;6YQJ;6YQK;7AXT;7AXV;7AXW;7BAQ;7BB0;7PID;7PIE;7PIF;7PIG;7PIH;7PNS;	ENSMUST00000028999.12;ENSMUST00000193330.2;
P63250	P63250;	1N9P;1U4E;2QKS;3K6N;5UM4;	ENSMUST00000067101.10;ENSMUST00000112633.3;
P63260	P63260;		ENSMUST00000071555.13;ENSMUST00000106215.11;
P63268	P63268;		ENSMUST00000075161.12;ENSMUST00000121731.8;
P63276	P63276;	7CPU;7CPV;7LS1;7LS2;	ENSMUST00000080813.5;
P63277	P63277;		ENSMUST00000112118.8 [P63277-1];ENSMUST00000112119.8 [P63277-4];ENSMUST00000112120.8 [P63277-3];
P63280	P63280;	1U9A;1U9B;2UYZ;2VRR;	ENSMUST00000049911.17;ENSMUST00000172462.3;ENSMUST00000172520.3;ENSMUST00000173084.9;ENSMUST00000173231.3;ENSMUST00000173621.9;ENSMUST00000173713.9;ENSMUST00000174001.9;ENSMUST00000174031.9;ENSMUST00000249681.1;ENSMUST00000249682.1;ENSMUST00000249683.1;ENSMUST00000249684.1;ENSMUST00000249686.1;ENSMUST00000249688.1;ENSMUST00000249689.1;ENSMUST00000249690.1;ENSMUST00000249695.1;ENSMUST00000249698.1;ENSMUST00000249699.1;ENSMUST00000249700.1;ENSMUST00000249701.1;ENSMUST00000249703.1;ENSMUST00000249705.1;ENSMUST00000249707.1;
P63300		2NPB;	ENSMUST00000044355.11;
P63318	P63318;		ENSMUST00000100301.11;
P63321	P63321;		ENSMUST00000009003.9;
P63325	P63325;	7CPU;7CPV;7LS1;7LS2;	ENSMUST00000114881.9;ENSMUST00000114882.9;ENSMUST00000178774.3;
P63328	P63328;	4ORB;	ENSMUST00000056758.9 [P63328-1];ENSMUST00000070198.14 [P63328-2];
P63330	P63330;		ENSMUST00000020608.3;
P67778	P67778;		ENSMUST00000125172.8;
P67871	P67871;		ENSMUST00000025246.13;ENSMUST00000173114.8;
P67984	P67984;	6SWA;7CPU;7CPV;7LS1;7LS2;	ENSMUST00000103191.11;ENSMUST00000139685.8;ENSMUST00000188151.2;
P68033	P68033;	8Q4G;	ENSMUST00000090269.7;
P68037	P68037;		ENSMUST00000090192.12;ENSMUST00000232139.2;
P68040	P68040;	7CPU;7CPV;7LS1;7LS2;	ENSMUST00000020640.8;
P68134	P68134;	4B1U;6KLL;6KLN;7AQK;7NEP;7QIM;7QIN;	ENSMUST00000034453.6;
P68181	P68181;		ENSMUST00000005164.12 [P68181-4];ENSMUST00000102515.10 [P68181-1];ENSMUST00000106137.8 [P68181-2];ENSMUST00000106138.8 [P68181-3];
P68254	P68254;		ENSMUST00000103002.8 [P68254-1];ENSMUST00000135088.9 [P68254-1];ENSMUST00000155480.9 [P68254-2];
P68368	P68368;	8IXF;8IXG;	ENSMUST00000186213.7;
P68369	P68369;	6JZD;8IXA;8IXB;8TO0;	ENSMUST00000097014.7;
P68372	P68372;	8I7O;8I7R;8IYJ;8TO0;	ENSMUST00000043584.5;
P68373	P68373;	8IXD;8IXE;	ENSMUST00000058914.10;
P68404	P68404;		ENSMUST00000064921.5 [P68404-1];ENSMUST00000064989.12 [P68404-2];ENSMUST00000143692.8 [P68404-2];
P68433	P68433;	1GUW;1U35;2V83;2W5Z;2WP1;2XL3;4EZH;5B1L;5B1M;5IX1;5IX2;7OS4;7QPH;7QRD;7VFI;	ENSMUST00000080859.8;ENSMUST00000091701.3;ENSMUST00000188775.2;ENSMUST00000189457.2;
P68500	P68500;	5E4I;7MRN;	ENSMUST00000074133.13;ENSMUST00000160216.8;
P68510	P68510;	5YQG;	ENSMUST00000019109.8;
P69744	P69744;		ENSMUST00000031901.11;
P70120	P70120;		ENSMUST00000049621.7;
P70122	P70122;		ENSMUST00000026387.11;
P70124	P70124;		ENSMUST00000086701.13;ENSMUST00000112729.3;ENSMUST00000112730.8;
P70126	P70126;		ENSMUST00000075290.8 [P70126-1];ENSMUST00000079618.11 [P70126-2];
P70158	P70158;	5FC1;5FC5;5FC6;5FC7;5FCA;5FCB;8W6P;8W6R;	ENSMUST00000020022.8;
P70160	P70160;		ENSMUST00000032907.9 [P70160-1];ENSMUST00000206853.2 [P70160-1];
P70166	P70166;		ENSMUST00000098331.10;
P70168	P70168;	1GCJ;1UKL;	ENSMUST00000001479.5;
P70169	P70169;		ENSMUST00000021209.8;
P70170	P70170;		ENSMUST00000073173.12 [P70170-3];ENSMUST00000087527.11 [P70170-1];ENSMUST00000100827.5 [P70170-2];ENSMUST00000205202.3 [P70170-3];
P70172	P70172;		ENSMUST00000023835.3;
P70174	P70174;		ENSMUST00000088987.3;ENSMUST00000160780.2;ENSMUST00000161220.2;ENSMUST00000161650.3;
P70175	P70175;		ENSMUST00000087984.11;
P70178	P70178;		ENSMUST00000049454.6;
P70180	P70180;		ENSMUST00000066529.5;
P70181	P70181;		ENSMUST00000025800.15 [P70181-1];ENSMUST00000112673.9 [P70181-2];
P70182	P70182;		ENSMUST00000107233.9 [P70182-3];ENSMUST00000107236.9 [P70182-1];
P70186	P70186;		ENSMUST00000020094.8;ENSMUST00000105285.4;
P70188	P70188;		ENSMUST00000027877.7 [P70188-1];ENSMUST00000077642.12 [P70188-2];
P70190	P70190;		ENSMUST00000043797.6;
P70191	P70191;	4GJH;	ENSMUST00000195815.3;
P70193	P70193;		ENSMUST00000032105.11;ENSMUST00000101126.3;ENSMUST00000204645.3;
P70195	P70195;	3UNB;3UNE;8YPK;8YVP;	ENSMUST00000028083.6;
P70196	P70196;		ENSMUST00000004949.8 [P70196-1];
P70206	P70206;	3RYT;5L56;5L59;5L5C;5L7N;	ENSMUST00000163139.8;
P70207	P70207;	3AL8;3AL9;3OKT;3OKY;4GZA;5L5G;5L74;	ENSMUST00000027952.12;
P70208	P70208;	3IG3;	ENSMUST00000004326.4 [P70208-1];
P70210	P70210;	8A0U;8A0V;	ENSMUST00000154873.9;ENSMUST00000156862.3;
P70211	P70211;	3PZD;4PLO;	ENSMUST00000073379.6 [P70211-2];ENSMUST00000114943.11 [P70211-1];
P70217	P70217;		ENSMUST00000001872.5;
P70218	P70218;	1UTI;	ENSMUST00000085835.8;
P70224	P70224;		
P70227	P70227;	3JRR;	ENSMUST00000049308.9;
P70232	P70232;		ENSMUST00000066905.9 [P70232-1];ENSMUST00000203830.3 [P70232-1];ENSMUST00000203912.3 [P70232-2];
P70236	P70236;		ENSMUST00000020949.12;
P70245	P70245;		ENSMUST00000033509.15;
P70248	P70248;		
P70255	P70255;		ENSMUST00000020461.15 [P70255-1];ENSMUST00000078185.14 [P70255-4];ENSMUST00000105321.10 [P70255-3];ENSMUST00000117966.2 [P70255-2];
P70257	P70257;		ENSMUST00000076715.13 [P70257-2];ENSMUST00000099070.10 [P70257-1];
P70259	P70259;		ENSMUST00000026383.4;
P70263	P70263;		ENSMUST00000095959.2;
P70265	P70265;		
P70266	P70266;		ENSMUST00000080884.11 [P70266-2];ENSMUST00000112713.3 [P70266-1];
P70268	P70268;		ENSMUST00000005616.16 [P70268-1];ENSMUST00000144258.8 [P70268-2];
P70269	P70269;		ENSMUST00000073350.13;
P70270	P70270;		ENSMUST00000102704.4;ENSMUST00000102705.10;
P70271	P70271;		ENSMUST00000018755.10;
P70274			ENSMUST00000082424.12;ENSMUST00000159216.10;
P70275	P70275;		ENSMUST00000073957.8;
P70278	P70278;		ENSMUST00000031876.12;ENSMUST00000114999.8;
P70279	P70279;		ENSMUST00000047632.14;
P70280	P70280;	2VX8;4AFI;4B93;	
P70281	P70281;	6DD8;6DD9;	
P70284	P70284;		ENSMUST00000059775.15 [P70284-1];ENSMUST00000118283.8 [P70284-2];ENSMUST00000172229.8 [P70284-2];
P70288	P70288;		
P70289	P70289;		
P70290	P70290;		ENSMUST00000033775.9;
P70297	P70297;		ENSMUST00000102960.11;
P70298	P70298;		ENSMUST00000086317.12;ENSMUST00000111752.10;ENSMUST00000168288.9;
P70302	P70302;		ENSMUST00000033289.6;
P70312	P70312;		ENSMUST00000050544.8;
P70313	P70313;		ENSMUST00000030834.7;
P70314	P70314;		ENSMUST00000021968.7;
P70315	P70315;		ENSMUST00000033505.7;
P70318	P70318;		ENSMUST00000106226.9;
P70323	P70323;		
P70324	P70324;		ENSMUST00000018748.9 [P70324-1];ENSMUST00000079719.11 [P70324-2];ENSMUST00000121021.8 [P70324-2];
P70326	P70326;	5FLV;	ENSMUST00000018407.10;
P70327	P70327;		ENSMUST00000094037.5 [P70327-1];ENSMUST00000172352.8 [P70327-2];
P70331	P70331;		ENSMUST00000035375.14 [P70331-2];ENSMUST00000066368.13 [P70331-2];
P70335	P70335;		ENSMUST00000067947.7 [P70335-1];
P70336	P70336;		
P70338	P70338;		
P70339	P70339;		ENSMUST00000087155.5;
P70340	P70340;	3KMP;	ENSMUST00000066091.14;
P70343	P70343;	6KMT;6KMU;6KMV;6KN1;6NS7;	ENSMUST00000027012.14 [P70343-1];ENSMUST00000160064.8 [P70343-2];
P70345	P70345;		ENSMUST00000022806.10 [P70345-1];ENSMUST00000133397.4 [P70345-2];
P70347	P70347;		ENSMUST00000078074.9 [P70347-1];ENSMUST00000112501.9 [P70347-2];
P70348	P70348;	1ODH;	ENSMUST00000024104.9;
P70349	P70349;		ENSMUST00000020504.6;
P70351	P70351;		ENSMUST00000100417.3 [P70351-2];ENSMUST00000107284.8 [P70351-1];
P70352	P70352;		ENSMUST00000094128.9 [P70352-1];ENSMUST00000106934.2 [P70352-3];ENSMUST00000106935.8 [P70352-2];ENSMUST00000106937.8 [P70352-1];
P70353	P70353;		ENSMUST00000043429.12;ENSMUST00000097906.12;ENSMUST00000118902.8;ENSMUST00000120779.8;
P70354	P70354;		ENSMUST00000172775.4;
P70362	P70362;		ENSMUST00000005394.13;ENSMUST00000115578.10;
P70365	P70365;	1OJ5;2O9I;4DMA;5NWX;5Y7W;	ENSMUST00000085814.5 [P70365-2];ENSMUST00000217794.2 [P70365-4];ENSMUST00000220434.2 [P70365-1];
P70371	P70371;		ENSMUST00000188371.7;
P70372	P70372;		ENSMUST00000098950.6;ENSMUST00000209010.2;
P70375	P70375;	5KXH;5KY2;5KY3;	ENSMUST00000033820.4;
P70377	P70377;		ENSMUST00000033473.12 [P70377-1];ENSMUST00000119306.2 [P70377-2];
P70379	P70379;		
P70380	P70380;		ENSMUST00000180021.2;ENSMUST00000214117.2;
P70385	P70385;		ENSMUST00000166224.8;ENSMUST00000222783.2;
P70387	P70387;		ENSMUST00000091706.14;
P70388	P70388;		
P70390	P70390;		ENSMUST00000029422.14 [P70390-1];
P70392	P70392;		ENSMUST00000151408.9;
P70396	P70396;		ENSMUST00000052609.9 [P70396-1];ENSMUST00000142635.2 [P70396-3];
P70398	P70398;		
P70399	P70399;	1SSF;	ENSMUST00000110648.8 [P70399-1];
P70403	P70403;		
P70406	P70406;	2LCK;	ENSMUST00000126534.8;
P70407	P70407;		
P70412	P70412;		ENSMUST00000046611.9;
P70414	P70414;		
P70419	P70419;		ENSMUST00000028378.4;
P70423	P70423;		ENSMUST00000073927.5;ENSMUST00000101362.8;ENSMUST00000113710.8;
P70424	P70424;		ENSMUST00000058295.6;
P70425	P70425;		ENSMUST00000153060.8;
P70428	P70428;		ENSMUST00000028623.13;
P70429	P70429;	1QC6;	ENSMUST00000021689.14 [P70429-1];ENSMUST00000077735.13 [P70429-2];
P70434	P70434;	3QU3;	ENSMUST00000026571.11;
P70441	P70441;		ENSMUST00000021077.4 [P70441-1];
P70444	P70444;	1DDB;2VOI;	ENSMUST00000004560.12;ENSMUST00000160684.8;
P70445	P70445;		ENSMUST00000020288.15;
P70447	P70447;		
P70451	P70451;		ENSMUST00000000129.14 [P70451-1];ENSMUST00000038080.7 [P70451-4];ENSMUST00000233190.2 [P70451-2];
P70452	P70452;	3PUJ;3PUK;8BBJ;	ENSMUST00000033075.14;ENSMUST00000121705.8;
P70458	P70458;		ENSMUST00000021495.4;
P70459	P70459;		
P70460	P70460;	2V8C;	ENSMUST00000032561.9;
P70658	P70658;		
P70660	P70660;		ENSMUST00000058475.6;
P70661	P70661;		ENSMUST00000050103.2;
P70662	P70662;	1J2O;1M3V;1RUT;2JTN;2L6Y;2L6Z;2LXD;4JCJ;6PTL;	ENSMUST00000026252.14 [P70662-3];ENSMUST00000056931.14 [P70662-3];ENSMUST00000137771.2 [P70662-2];ENSMUST00000156585.9 [P70662-1];ENSMUST00000185355.7 [P70662-1];
P70665	P70665;		ENSMUST00000215474.2 [P70665-1];
P70669	P70669;		ENSMUST00000079945.11;
P70670	P70670;		ENSMUST00000092048.13 [P70670-1];
P70671	P70671;	7JFM;	ENSMUST00000003284.16;ENSMUST00000107834.2;ENSMUST00000209066.2;
P70677	P70677;		ENSMUST00000093517.7;ENSMUST00000211115.2;
P70689	P70689;		ENSMUST00000039380.9;
P70694	P70694;		ENSMUST00000021630.15;
P70695	P70695;		ENSMUST00000021907.9;
P70696	P70696;	3X1T;3X1V;	ENSMUST00000052776.4;
P70697	P70697;		ENSMUST00000030446.15;
P70699	P70699;		ENSMUST00000026666.13;ENSMUST00000106259.9;
P70700	P70700;		ENSMUST00000103205.11;
P70701	P70701;		ENSMUST00000006718.15;
P70704	P70704;		ENSMUST00000037380.15 [P70704-1];ENSMUST00000135930.8 [P70704-2];
P79457	P79457;		
P79621	P79621;		ENSMUST00000023147.8 [P79621-2];ENSMUST00000230395.2 [P79621-1];ENSMUST00000230450.2 [P79621-3];
P80205	P80205;		ENSMUST00000006071.14;
P80206	P80206;	2DMS;	
P80313	P80313;		ENSMUST00000032078.9;
P80314	P80314;		ENSMUST00000047672.9;
P80315	P80315;		ENSMUST00000173867.8;
P80316	P80316;		ENSMUST00000022842.16;
P80318	P80318;	1GML;1GN1;	ENSMUST00000001452.14;
P80560	P80560;		ENSMUST00000070733.9 [P80560-1];
P81067	P81067;		ENSMUST00000093312.6 [P81067-2];ENSMUST00000175795.4 [P81067-1];
P81117	P81117;		ENSMUST00000032895.15;
P81122	P81122;	3BU3;3BU5;3BU6;	ENSMUST00000040514.8;
P81183	P81183;		ENSMUST00000027146.9 [P81183-1];ENSMUST00000187184.7 [P81183-2];
P81269	P81269;		ENSMUST00000023769.11;
P81270	P81270;		ENSMUST00000113848.11 [P81270-2];ENSMUST00000122199.10 [P81270-4];ENSMUST00000233269.2 [P81270-3];ENSMUST00000233881.2 [P81270-1];
P81615	P81615;		ENSMUST00000043475.7;ENSMUST00000201184.2;
P82198	P82198;		ENSMUST00000045173.10;
P82343	P82343;		ENSMUST00000155597.2 [P82343-1];
P82347	P82347;		ENSMUST00000077221.6;
P82348	P82348;		ENSMUST00000077954.13;ENSMUST00000121148.8;
P82349	P82349;		ENSMUST00000081170.9;
P82350	P82350;		ENSMUST00000100551.11;ENSMUST00000103162.8;ENSMUST00000166320.8;
P83510	P83510;		ENSMUST00000159236.9 [P83510-1];
P83714	P83714;		ENSMUST00000076091.4;
P83741	P83741;		ENSMUST00000060043.13 [P83741-1];ENSMUST00000088644.13 [P83741-3];ENSMUST00000088646.12 [P83741-5];ENSMUST00000177761.8 [P83741-2];ENSMUST00000203030.3 [P83741-4];
P83870	P83870;		ENSMUST00000023117.10;
P83882	P83882;	7CPU;7CPV;7LS1;7LS2;	ENSMUST00000054544.7;ENSMUST00000110619.2;ENSMUST00000110620.2;ENSMUST00000113211.8;
P83887	P83887;		ENSMUST00000043680.9;
P83917	P83917;	1AP0;1DZ1;1GUW;1S4Z;	ENSMUST00000093943.10;
P83940	P83940;	2FNJ;2JZ3;4JGH;	ENSMUST00000115352.10;ENSMUST00000185771.7;ENSMUST00000186948.7;ENSMUST00000188641.7;
P84075	P84075;		ENSMUST00000030572.10;ENSMUST00000095807.10;ENSMUST00000116442.9;ENSMUST00000116444.10;ENSMUST00000139450.8;ENSMUST00000164649.8;
P84078	P84078;	1O3Y;2J59;	ENSMUST00000061242.8;ENSMUST00000163300.8;
P84084	P84084;		ENSMUST00000020717.12;
P84086	P84086;		ENSMUST00000026985.9;
P84091	P84091;	6OWO;6OWT;6OXL;7RW8;7RW9;7RWA;7RWB;7RWC;8T1O;	ENSMUST00000007216.9;
P84099	P84099;	1K8D;6SWA;7CPU;7CPV;7LS1;7LS2;	ENSMUST00000017548.7;
P84104	P84104;		ENSMUST00000037776.16 [P84104-2];ENSMUST00000130216.3 [P84104-1];
P84228	P84228;	2V86;2V87;2V88;4QWN;4QX7;4QX8;4QXB;4QXC;4QXH;	ENSMUST00000075558.5;ENSMUST00000091703.3;ENSMUST00000091752.5;ENSMUST00000098843.3;ENSMUST00000105105.4;ENSMUST00000105107.2;ENSMUST00000167403.4;ENSMUST00000176059.2;
P84244	P84244;	2RVN;5XM0;5XM1;8PKI;8PKJ;	ENSMUST00000016703.8;ENSMUST00000106454.8;ENSMUST00000161308.8;ENSMUST00000162814.8;
P84309	P84309;		ENSMUST00000114913.3 [P84309-1];
P84444	P84444;		ENSMUST00000095114.5;
P86044	P86044;		ENSMUST00000067836.9;
P86048	P86048;	7CPV;7LS1;7LS2;	ENSMUST00000081908.8;
P86049	P86049;		ENSMUST00000048647.14;
P86546	P86546;		ENSMUST00000076048.5;
P86547	P86547;		ENSMUST00000098956.3;
P97287	P97287;	1WSX;2JM6;2NL9;2NLA;2ROC;2ROD;3D7V;3IO9;4BPI;4BPJ;4G35;5KU9;5MES;5MEV;5VX2;6DM8;	ENSMUST00000037947.15 [P97287-1];ENSMUST00000178686.2 [P97287-2];
P97288	P97288;		ENSMUST00000027560.8 [P97288-1];ENSMUST00000236691.2 [P97288-4];ENSMUST00000238081.2 [P97288-2];
P97290	P97290;		ENSMUST00000023994.10;
P97291	P97291;	1ZXK;2A62;	ENSMUST00000128860.8;
P97292	P97292;		ENSMUST00000038101.4;
P97295	P97295;		ENSMUST00000029633.5;ENSMUST00000098997.5;ENSMUST00000182831.2;
P97297	P97297;		ENSMUST00000033054.10;
P97298	P97298;	6LOS;	ENSMUST00000000769.14;
P97299	P97299;		ENSMUST00000029625.8;
P97300	P97300;		ENSMUST00000085651.12 [P97300-1];ENSMUST00000176250.2 [P97300-4];ENSMUST00000176557.8 [P97300-3];ENSMUST00000176916.8 [P97300-4];ENSMUST00000177292.8 [P97300-2];
P97302	P97302;	2Z8H;	ENSMUST00000026703.6;
P97303	P97303;		ENSMUST00000037416.13 [P97303-2];ENSMUST00000108180.9 [P97303-1];ENSMUST00000171600.2 [P97303-1];
P97305	P97305;		
P97306	P97306;		ENSMUST00000035083.8;
P97309	P97309;		ENSMUST00000032760.6;
P97310	P97310;		ENSMUST00000058011.8;
P97311	P97311;		ENSMUST00000027601.11;
P97313			ENSMUST00000023352.9 [P97313-1];
P97318	P97318;	1NTV;1NU2;1OQN;	ENSMUST00000106826.8 [P97318-4];ENSMUST00000106827.8 [P97318-5];ENSMUST00000106830.9 [P97318-2];
P97321	P97321;		ENSMUST00000000402.16 [P97321-3];ENSMUST00000102732.10 [P97321-1];ENSMUST00000174448.8 [P97321-2];
P97324	P97324;		
P97325	P97325;		ENSMUST00000030263.9;ENSMUST00000106410.8;
P97326	P97326;	3LND;6CGB;6CGU;	ENSMUST00000036439.6;
P97328	P97328;	6P2D;8OMD;8OMG;	
P97329	P97329;	5LEF;5ND2;5ND3;5ND4;5ND7;8BJS;8F18;8F1A;	ENSMUST00000166044.3;ENSMUST00000167161.9;ENSMUST00000237407.2;
P97333	P97333;	4GZ9;4GZA;7M0R;	ENSMUST00000026917.10;
P97334	P97334;		ENSMUST00000057178.11;
P97343	P97343;		ENSMUST00000027979.14;
P97346	P97346;		ENSMUST00000021204.4 [P97346-1];
P97348	P97348;		ENSMUST00000048197.10;
P97350	P97350;		ENSMUST00000027667.13;ENSMUST00000163260.8;
P97351	P97351;	7CPU;7CPV;7LS1;7LS2;7NWI;	ENSMUST00000029722.7;
P97353	P97353;		
P97358	P97358;		ENSMUST00000075954.9 [P97358-1];
P97360	P97360;	2LF7;2LF8;2MD5;4MHG;8E66;8E67;	ENSMUST00000081028.13;
P97361	P97361;	6BAQ;	ENSMUST00000028985.8;
P97363	P97363;		ENSMUST00000021424.5;
P97367	P97367;		ENSMUST00000028639.13 [P97367-1];ENSMUST00000102538.11 [P97367-4];ENSMUST00000110907.8 [P97367-2];ENSMUST00000110908.9 [P97367-3];
P97368	P97368;		ENSMUST00000002495.18 [P97368-1];ENSMUST00000176506.8 [P97368-2];
P97370	P97370;		ENSMUST00000034983.7;
P97377	P97377;		ENSMUST00000026415.9 [P97377-2];ENSMUST00000026416.15 [P97377-1];
P97378	P97378;	8ODZ;8OE0;8PB1;	ENSMUST00000018485.4;
P97384	P97384;		ENSMUST00000022416.15;
P97386	P97386;		
P97391	P97391;		
P97393	P97393;		ENSMUST00000110725.2;ENSMUST00000219443.2;
P97399	P97399;		
P97401	P97401;	1IJX;	ENSMUST00000028389.4;
P97402	P97402;		ENSMUST00000069958.15;
P97412			
P97414	P97414;		ENSMUST00000009689.11 [P97414-1];
P97427	P97427;	1KCX;	ENSMUST00000031004.11;
P97428	P97428;	3C7K;3C7L;	ENSMUST00000027748.8;
P97430	P97430;		ENSMUST00000109367.10;
P97431	P97431;		ENSMUST00000076521.7;
P97432	P97432;		ENSMUST00000103098.9;ENSMUST00000103099.8;ENSMUST00000107218.10;
P97433	P97433;		ENSMUST00000109426.3 [P97433-1];ENSMUST00000225884.2 [P97433-2];
P97434	P97434;		ENSMUST00000072031.13 [P97434-2];ENSMUST00000108751.8 [P97434-4];ENSMUST00000116371.8 [P97434-1];
P97436	P97436;		ENSMUST00000022646.9;
P97438	P97438;	6CQ6;6CQ8;6CQ9;6V36;6V37;6V3C;6V3I;6W7B;6W7C;6W7D;6W7E;6W82;6W83;6W84;6W85;6W86;6W87;6W88;6W8A;6W8C;6W8F;8UE2;8UE9;8UEC;8UF6;	ENSMUST00000192723.2 [P97438-2];ENSMUST00000193319.6 [P97438-1];
P97440	P97440;		ENSMUST00000057551.14;
P97441	P97441;		ENSMUST00000031037.14;
P97443	P97443;	3N71;	ENSMUST00000074301.10 [P97443-1];ENSMUST00000114186.9 [P97443-2];
P97445	P97445;		ENSMUST00000121390.8;
P97449	P97449;		ENSMUST00000049004.8;ENSMUST00000107392.8;
P97452	P97452;		ENSMUST00000023217.11;
P97454	P97454;	5X6G;5X6H;5X6M;	ENSMUST00000069557.14;ENSMUST00000109874.2;ENSMUST00000109876.8;
P97458	P97458;		ENSMUST00000051159.3;
P97459	P97459;	5SY5;	ENSMUST00000002053.9;ENSMUST00000210748.2;
P97460	P97460;		
P97461	P97461;	7CPU;7CPV;7LS1;7LS2;	ENSMUST00000004554.14;ENSMUST00000108539.8;
P97463	P97463;		ENSMUST00000044752.6;
P97464	P97464;		ENSMUST00000077273.9;
P97465	P97465;	1P5T;1UEF;	ENSMUST00000089651.6;
P97466	P97466;		ENSMUST00000061728.5;
P97467	P97467;		ENSMUST00000058762.15;
P97468	P97468;		ENSMUST00000047936.13;
P97469	P97469;		ENSMUST00000023356.8;
P97470	P97470;		ENSMUST00000032936.8;ENSMUST00000206570.2;
P97471	P97471;	3QSV;	ENSMUST00000025393.14;ENSMUST00000114939.2;
P97473	P97473;	7ZPJ;7ZPK;	ENSMUST00000023813.9;
P97474	P97474;		ENSMUST00000042587.12 [P97474-2];ENSMUST00000106382.11 [P97474-3];ENSMUST00000172645.8 [P97474-4];ENSMUST00000174661.9 [P97474-1];
P97477	P97477;	3D14;3D15;3D2I;3D2K;3DAJ;3DJ5;3DJ6;3DJ7;	ENSMUST00000028997.8 [P97477-2];ENSMUST00000109139.8 [P97477-1];ENSMUST00000109140.10 [P97477-1];
P97478	P97478;		ENSMUST00000032887.4;
P97479	P97479;	3PVL;5WST;5WSU;5WSV;	ENSMUST00000107127.8 [P97479-2];ENSMUST00000107128.8 [P97479-1];
P97480	P97480;		ENSMUST00000020197.14 [P97480-2];ENSMUST00000079157.11 [P97480-1];ENSMUST00000180250.8 [P97480-2];
P97481	P97481;	4ZP4;4ZPH;4ZPK;4ZQD;6E3S;6E3T;6E3U;7W80;	ENSMUST00000024954.11;
P97484	P97484;		ENSMUST00000078451.7;
P97489	P97489;		ENSMUST00000015771.3;
P97490	P97490;		ENSMUST00000023007.7;
P97492	P97492;	1WFY;	ENSMUST00000063771.14;
P97493	P97493;		ENSMUST00000005487.12;ENSMUST00000109748.9;
P97494	P97494;		ENSMUST00000034905.9;
P97496	P97496;		ENSMUST00000088716.12 [P97496-1];ENSMUST00000197984.5 [P97496-2];
P97499	P97499;		ENSMUST00000006444.9;
P97500	P97500;		ENSMUST00000021009.10 [P97500-2];ENSMUST00000049784.17 [P97500-1];ENSMUST00000218198.2 [P97500-3];ENSMUST00000218583.2 [P97500-2];
P97501	P97501;		ENSMUST00000028010.9;
P97503	P97503;		ENSMUST00000060820.8;
P97714	P97714;		
P97717	P97717;		
P97718	P97718;		ENSMUST00000054661.8;ENSMUST00000159068.2;ENSMUST00000161339.2;
P97737	P97737;		ENSMUST00000168727.3;
P97742	P97742;		ENSMUST00000025835.6;
P97765	P97765;		ENSMUST00000074628.13 [P97765-1];ENSMUST00000106444.4 [P97765-2];
P97766	P97766;		ENSMUST00000027298.5;
P97767	P97767;		ENSMUST00000027066.13 [P97767-1];ENSMUST00000190337.7 [P97767-1];
P97769	P97769;		ENSMUST00000050551.10;ENSMUST00000101336.10;
P97772	P97772;		ENSMUST00000044306.13 [P97772-1];ENSMUST00000105560.2 [P97772-2];ENSMUST00000105561.9 [P97772-2];
P97784	P97784;	4CT0;4K0R;5T5X;6KX4;6KX5;6KX6;6KX7;6LUE;6OF7;7D0M;7D19;7D1C;7DLI;7WVA;	ENSMUST00000020227.11;
P97785	P97785;		ENSMUST00000026076.14 [P97785-1];ENSMUST00000129100.8 [P97785-2];ENSMUST00000152507.8 [P97785-1];ENSMUST00000169850.8 [P97785-1];
P97789	P97789;		
P97792	P97792;	3JZ7;3MJ7;	ENSMUST00000023572.15 [P97792-1];ENSMUST00000114229.4 [P97792-2];ENSMUST00000231356.2 [P97792-3];
P97793	P97793;		ENSMUST00000086639.6;
P97794	P97794;		ENSMUST00000203945.3;
P97797	P97797;	2YZ1;	ENSMUST00000049262.14 [P97797-1];ENSMUST00000099113.10 [P97797-3];ENSMUST00000103202.10 [P97797-2];ENSMUST00000103203.8 [P97797-2];ENSMUST00000160276.2 [P97797-4];ENSMUST00000161620.8 [P97797-1];ENSMUST00000179001.8 [P97797-2];
P97798	P97798;	4BQ6;4BQ7;4BQ8;4BQ9;4BQB;4BQC;4PLN;4UI2;6Z3M;	ENSMUST00000068664.7 [P97798-1];
P97801	P97801;		ENSMUST00000022147.15;
P97802	P97802;	3ZBW;	
P97807	P97807;		ENSMUST00000027810.14 [P97807-1];
P97808	P97808;		ENSMUST00000159924.8;ENSMUST00000161684.8;ENSMUST00000161805.8;ENSMUST00000162087.8;ENSMUST00000162116.8;
P97812	P97812;		ENSMUST00000164097.4;
P97813	P97813;		ENSMUST00000018429.12 [P97813-1];
P97814	P97814;		
P97819	P97819;		ENSMUST00000047816.15 [P97819-2];ENSMUST00000166977.9 [P97819-2];ENSMUST00000172403.9 [P97819-2];ENSMUST00000173163.8 [P97819-2];ENSMUST00000174021.8 [P97819-1];
P97820	P97820;		
P97821	P97821;		ENSMUST00000032779.12;
P97822	P97822;		ENSMUST00000015893.13 [P97822-2];ENSMUST00000165307.8 [P97822-1];ENSMUST00000171368.8 [P97822-3];
P97823	P97823;		ENSMUST00000027036.11 [P97823-1];ENSMUST00000150971.8 [P97823-2];
P97855	P97855;		ENSMUST00000018727.4;
P97857	P97857;		ENSMUST00000023610.15;
P97863	P97863;		ENSMUST00000050872.15 [P97863-1];ENSMUST00000064770.9 [P97863-3];
P97864	P97864;		ENSMUST00000026062.10;
P97865	P97865;		ENSMUST00000020182.16;
P97868	P97868;		ENSMUST00000052135.14 [P97868-1];ENSMUST00000071590.6 [P97868-2];
P97872	P97872;		ENSMUST00000029729.15;ENSMUST00000107049.2;ENSMUST00000107050.8;
P97873	P97873;		
P97875	P97875;		ENSMUST00000050687.14;ENSMUST00000171754.3;ENSMUST00000177587.9;
P97926	P97926;		ENSMUST00000053306.8;
P97927	P97927;		ENSMUST00000019992.6;
P97929		1MIU;1MJE;	ENSMUST00000044620.11;ENSMUST00000202313.2;
P97930	P97930;		ENSMUST00000027503.14 [P97930-1];ENSMUST00000112890.3 [P97930-2];
P97931	P97931;		ENSMUST00000031587.13 [P97931-1];ENSMUST00000102584.11 [P97931-2];
P97946	P97946;		ENSMUST00000033751.8;
P97952	P97952;		ENSMUST00000098548.8;ENSMUST00000211945.2;
P97953	P97953;		ENSMUST00000033919.6 [P97953-1];ENSMUST00000210831.2 [P97953-2];
P98063	P98063;		ENSMUST00000022693.9;
P98064	P98064;		ENSMUST00000089883.7 [P98064-1];ENSMUST00000229619.2 [P98064-2];
P98078	P98078;	1M7E;1P3R;	
P98083	P98083;		ENSMUST00000039110.12 [P98083-2];ENSMUST00000094378.10 [P98083-1];ENSMUST00000107417.9 [P98083-3];ENSMUST00000191485.7 [P98083-2];
P98084	P98084;		ENSMUST00000032732.15;
P98086	P98086;		ENSMUST00000046285.6;
P98156	P98156;		ENSMUST00000167487.8;
P98191	P98191;		ENSMUST00000031273.9;
P98192	P98192;		ENSMUST00000034466.10;
P98197	P98197;		ENSMUST00000091237.12;
P98200	P98200;		ENSMUST00000080368.13;
P98203	P98203;		ENSMUST00000239533.1 [P98203-2];ENSMUST00000239534.1 [P98203-1];ENSMUST00000239535.1 [P98203-1];ENSMUST00000239536.1 [P98203-2];ENSMUST00000239538.1 [P98203-4];ENSMUST00000239547.1 [P98203-4];ENSMUST00000239548.1 [P98203-5];
P99024	P99024;		ENSMUST00000001566.10;
P99026	P99026;	3UNB;3UNE;3UNF;3UNH;8YPK;8YVP;	ENSMUST00000005923.7;
P99028	P99028;	7O37;7O3C;7O3E;7O3H;8IAO;8IAR;8IB4;8IB7;8IB9;8IBC;8IBD;8IBG;8IC2;8IC5;8PW5;8PW6;8PW7;	ENSMUST00000078676.6;
P99029	P99029;		ENSMUST00000025904.12 [P99029-1];
Q00175	Q00175;		ENSMUST00000070463.10 [Q00175-1];ENSMUST00000098986.4 [Q00175-2];ENSMUST00000189181.7 [Q00175-1];
Q00196	Q00196;		ENSMUST00000098679.10 [Q00196-7];ENSMUST00000108413.8 [Q00196-4];ENSMUST00000108415.10 [Q00196-2];ENSMUST00000108416.10 [Q00196-6];ENSMUST00000108417.10 [Q00196-3];ENSMUST00000108418.11 [Q00196-5];ENSMUST00000175774.9 [Q00196-1];
Q00262	Q00262;		
Q00286	Q00286;		ENSMUST00000176330.8 [Q00286-1];
Q00288	Q00288;		ENSMUST00000028355.11;
Q00322	Q00322;		ENSMUST00000096232.6;
Q00342	Q00342;		
Q00417	Q00417;		ENSMUST00000086844.10 [Q00417-2];
Q00420	Q00420;	1AWC;	ENSMUST00000089745.11 [Q00420-4];ENSMUST00000103226.10 [Q00420-2];ENSMUST00000103227.8 [Q00420-3];ENSMUST00000110424.9 [Q00420-3];ENSMUST00000110425.9 [Q00420-1];
Q00422	Q00422;	1AWC;1SXD;2JUO;	ENSMUST00000009120.8;ENSMUST00000114184.8;
Q00493	Q00493;		ENSMUST00000048967.9;
Q00519	Q00519;		ENSMUST00000024866.6;
Q00547	Q00547;		ENSMUST00000020579.9 [Q00547-1];
Q00558	Q00558;		ENSMUST00000105111.4;
Q00560	Q00560;	2BBU;2HMH;4GL9;6C5X;7Z0L;8QY4;8QY5;8QY6;	ENSMUST00000070731.11;ENSMUST00000183663.8;ENSMUST00000184311.8;
Q00609	Q00609;	4RWH;	ENSMUST00000099816.3 [Q00609-1];ENSMUST00000231716.2 [Q00609-1];ENSMUST00000232409.2 [Q00609-2];
Q00612	Q00612;		ENSMUST00000004327.11;
Q00623	Q00623;	2LEM;	ENSMUST00000034588.9;
Q00651	Q00651;		
Q00690	Q00690;		ENSMUST00000027874.7;
Q00724	Q00724;		ENSMUST00000112335.4;
Q00731	Q00731;		ENSMUST00000024747.14 [Q00731-3];ENSMUST00000071648.12 [Q00731-6];ENSMUST00000142351.9 [Q00731-7];
Q00780	Q00780;	1O91;	ENSMUST00000089332.5;
Q00896	Q00896;		
Q00899	Q00899;		ENSMUST00000021692.9;
Q00915	Q00915;		ENSMUST00000052068.11;
Q00977	Q00977;		ENSMUST00000055698.8;
Q00993	Q00993;		ENSMUST00000002677.11;
Q00LT2	Q00LT2;		ENSMUST00000116318.3;ENSMUST00000148484.9;
Q01063	Q01063;		ENSMUST00000074103.12 [Q01063-2];ENSMUST00000120664.8 [Q01063-3];ENSMUST00000122041.8 [Q01063-1];ENSMUST00000177907.8 [Q01063-1];
Q01065	Q01065;		ENSMUST00000023132.5;
Q01097	Q01097;		
Q01098	Q01098;		ENSMUST00000003351.13;ENSMUST00000106554.2;
Q01102	Q01102;	4GXB;	ENSMUST00000162746.2;
Q01114	Q01114;	8DDD;	ENSMUST00000145401.8;
Q01147	Q01147;	1DH3;	ENSMUST00000049932.12 [Q01147-1];ENSMUST00000087366.11 [Q01147-2];ENSMUST00000185594.7 [Q01147-2];ENSMUST00000190348.2 [Q01147-1];
Q01149	Q01149;		ENSMUST00000031668.10;
Q01231	Q01231;		ENSMUST00000072600.7;
Q01237	Q01237;		ENSMUST00000022176.15;
Q01279	Q01279;		ENSMUST00000020329.13;
Q01320	Q01320;		ENSMUST00000068031.8;
Q01337	Q01337;		ENSMUST00000049545.7;
Q01338	Q01338;		ENSMUST00000036700.7;ENSMUST00000237285.2;
Q01339	Q01339;		ENSMUST00000000049.6;
Q01341	Q01341;		
Q01405	Q01405;		ENSMUST00000021375.12;
Q01514	Q01514;		
Q01705	Q01705;	1YMP;2QC9;2RQZ;2RR0;2RR2;3P3N;3P3P;5KY0;5KY4;5KY8;5KY9;7ABV;	ENSMUST00000028288.5 [Q01705-1];
Q01721	Q01721;		ENSMUST00000065086.6;
Q01727	Q01727;		ENSMUST00000098324.4;
Q01755	Q01755;		
Q01768	Q01768;		ENSMUST00000021217.11;ENSMUST00000072566.5;
Q01815	Q01815;		ENSMUST00000075591.13 [Q01815-1];ENSMUST00000078320.14 [Q01815-1];ENSMUST00000112825.9 [Q01815-3];
Q01853	Q01853;	1E32;1R7R;1S3S;2PJH;3CF0;3CF1;3CF2;3CF3;	ENSMUST00000030164.8;
Q01887	Q01887;		ENSMUST00000175883.8;
Q01965	Q01965;		ENSMUST00000068878.14;
Q02013	Q02013;		ENSMUST00000004774.4;
Q02053	Q02053;	1Z7L;2LZJ;2V31;	ENSMUST00000001989.9;ENSMUST00000089217.11;
Q02067	Q02067;		ENSMUST00000020243.10;
Q02085	Q02085;		ENSMUST00000052631.8;
Q02105	Q02105;		ENSMUST00000046332.6;
Q02111	Q02111;	4FKD;	ENSMUST00000028118.9;
Q02152	Q02152;		ENSMUST00000027431.7;
Q02242	Q02242;	1NPU;3BIK;3BP5;3BP6;3RNK;3RNQ;3SBW;	ENSMUST00000027507.9;
Q02248	Q02248;	1DOW;1I7W;1I7X;1JPP;1M1E;1V18;2BCT;3BCT;3OUW;3OUX;4EV8;4EV9;4EVA;4EVP;4EVT;4ONS;	ENSMUST00000007130.15;ENSMUST00000178812.9;
Q02257	Q02257;		ENSMUST00000001592.15;ENSMUST00000107403.2;
Q02357	Q02357;		ENSMUST00000033947.15 [Q02357-8];ENSMUST00000110688.9 [Q02357-5];ENSMUST00000121075.8 [Q02357-7];
Q02395	Q02395;	2EQJ;2YT5;	ENSMUST00000081567.11 [Q02395-1];
Q02496	Q02496;		
Q02566	Q02566;		ENSMUST00000081857.14;ENSMUST00000226297.2;
Q02591	Q02591;		ENSMUST00000021513.6;
Q02596	Q02596;		ENSMUST00000023134.5;
Q02650	Q02650;		ENSMUST00000014174.14;
Q02738	Q02738;		ENSMUST00000060419.2;ENSMUST00000106090.8;
Q02780	Q02780;		ENSMUST00000075448.13 [Q02780-7];ENSMUST00000092532.13 [Q02780-5];
Q02788	Q02788;		ENSMUST00000001181.13;
Q02789	Q02789;	4ZW2;	ENSMUST00000112064.8 [Q02789-1];ENSMUST00000112068.10 [Q02789-3];
Q02819	Q02819;		ENSMUST00000211765.2;
Q02844	Q02844;		
Q02853	Q02853;	1HV5;	ENSMUST00000000924.13;ENSMUST00000120281.8;
Q02858	Q02858;		ENSMUST00000071168.6;
Q02956	Q02956;		ENSMUST00000030922.15 [Q02956-1];ENSMUST00000103178.11 [Q02956-2];
Q03059	Q03059;		
Q03137	Q03137;	1B0X;2HEL;2XYU;2Y6M;2Y6O;	ENSMUST00000027451.13 [Q03137-1];ENSMUST00000188797.7 [Q03137-1];ENSMUST00000188952.7 [Q03137-1];
Q03141	Q03141;	1UL7;1V5S;	ENSMUST00000075281.8 [Q03141-2];ENSMUST00000084953.13 [Q03141-3];ENSMUST00000221459.2 [Q03141-1];
Q03142	Q03142;		
Q03145	Q03145;	5ZRX;	ENSMUST00000006614.3;
Q03146	Q03146;		ENSMUST00000003628.13 [Q03146-1];ENSMUST00000097333.10 [Q03146-2];ENSMUST00000117301.8 [Q03146-1];ENSMUST00000119825.8 [Q03146-1];ENSMUST00000166980.9 [Q03146-1];
Q03147	Q03147;		ENSMUST00000091299.8;
Q03157	Q03157;		ENSMUST00000006828.9;
Q03160	Q03160;		ENSMUST00000019456.5;
Q03173	Q03173;	1EVH;4CC3;	ENSMUST00000193703.6 [Q03173-3];
Q03265	Q03265;		ENSMUST00000026495.15;
Q03267	Q03267;		
Q03288	Q03288;		ENSMUST00000029123.3;ENSMUST00000109697.8;
Q03311	Q03311;		ENSMUST00000029367.6;
Q03347	Q03347;	1EAN;1EAO;1EAQ;1HJB;1HJC;1IO4;2J6W;3WTS;3WTT;3WTU;3WTV;3WTW;3WTX;3WTY;3WU1;4L0Y;4L0Z;4L18;	
Q03350	Q03350;		ENSMUST00000170872.3;
Q03358	Q03358;		ENSMUST00000021922.10;
Q03366	Q03366;		ENSMUST00000021011.3;
Q03391	Q03391;		ENSMUST00000002848.10;ENSMUST00000211713.2;
Q03404	Q03404;		
Q03517	Q03517;		ENSMUST00000049972.6;
Q03526	Q03526;	1AWJ;1LUI;1LUK;1LUM;1LUN;2ETZ;2EU0;2K79;2K7A;2RN8;2RNA;3S9K;	ENSMUST00000109237.9;
Q03717	Q03717;		ENSMUST00000059826.10;ENSMUST00000207917.2;
Q03719	Q03719;		ENSMUST00000009875.5;
Q03963	Q03963;	1X48;1X49;	ENSMUST00000024884.5;
Q04207	Q04207;	1BFT;1IKN;1K3Z;1LE5;1LE9;1LEI;1MY5;1MY7;1OY3;1RAM;1VKX;2I9T;2LWW;2RAM;5U01;6GGR;9BDU;9BDV;9BDW;9BDX;	ENSMUST00000025867.6 [Q04207-1];
Q04211	Q04211;	3DJN;	ENSMUST00000020692.7;
Q04447	Q04447;		ENSMUST00000001304.9;
Q04519	Q04519;	5FI9;5FIB;5FIC;5HQN;	ENSMUST00000046983.10;
Q04573	Q04573;		ENSMUST00000039303.7 [Q04573-1];ENSMUST00000212588.2 [Q04573-1];
Q04592	Q04592;		ENSMUST00000025618.16 [Q04592-1];ENSMUST00000050715.10 [Q04592-2];
Q04646	Q04646;		ENSMUST00000041005.6 [Q04646-2];
Q04690			ENSMUST00000071325.9 [Q04690-1];ENSMUST00000108251.9 [Q04690-2];
Q04692	Q04692;		ENSMUST00000031984.9 [Q04692-1];
Q04735	Q04735;		ENSMUST00000033380.7 [Q04735-1];ENSMUST00000115364.8 [Q04735-2];
Q04736	Q04736;	2YT6;5MTJ;	ENSMUST00000072311.13;ENSMUST00000168707.6;ENSMUST00000202543.4;
Q04742	Q04742;		ENSMUST00000045942.9;
Q04744	Q04744;		ENSMUST00000062216.4;
Q04750	Q04750;		ENSMUST00000109468.3;
Q04841	Q04841;		ENSMUST00000020528.14;
Q04857	Q04857;		ENSMUST00000001147.5;
Q04859	Q04859;		ENSMUST00000021792.5 [Q04859-1];ENSMUST00000070193.14 [Q04859-3];ENSMUST00000165087.8 [Q04859-2];ENSMUST00000225084.2 [Q04859-2];
Q04863	Q04863;	1ZK9;1ZKA;2V2T;3DO7;3JSS;3JUZ;3JV0;3JV4;3JV6;4JGM;4JHB;	ENSMUST00000094762.10;
Q04886	Q04886;		ENSMUST00000025003.11;
Q04887	Q04887;	4S2Q;	ENSMUST00000000579.3;
Q04888	Q04888;		ENSMUST00000040019.5;ENSMUST00000230532.2;
Q04890	Q04890;		ENSMUST00000182625.2;
Q04891	Q04891;		ENSMUST00000094551.5;ENSMUST00000153799.8;
Q04997	Q04997;		ENSMUST00000037330.5;
Q04998	Q04998;		ENSMUST00000042603.14;ENSMUST00000164993.2;
Q04999	Q04999;		ENSMUST00000038765.6;
Q05020	Q05020;		ENSMUST00000003074.16;ENSMUST00000127648.4;ENSMUST00000134116.8;ENSMUST00000142352.9;ENSMUST00000150569.9;
Q05117	Q05117;		ENSMUST00000069330.14;ENSMUST00000115315.3;ENSMUST00000165735.9;ENSMUST00000213815.2;ENSMUST00000217643.2;
Q05144	Q05144;		ENSMUST00000043214.8;
Q05306	Q05306;		ENSMUST00000105511.2;
Q05421	Q05421;		ENSMUST00000026552.9;
Q05512	Q05512;		
Q05722	Q05722;		
Q05738	Q05738;		ENSMUST00000091178.2 [Q05738-2];
Q05769	Q05769;	1CVU;1CX2;1DDX;1PXX;3HS5;3HS6;3HS7;3KRK;3LN0;3LN1;3MDL;3MQE;3NT1;3NTB;3NTG;3OLT;3OLU;3PGH;3Q7D;3QH0;3QMO;3RR3;3TZI;4COX;4E1G;4FM5;4M10;4M11;4OTJ;4OTY;4PH9;4RRW;4RRX;4RRY;4RRZ;4RS0;4RUT;4Z0L;5COX;5FDQ;5JVY;5JVZ;5JW1;5W58;6BL3;6BL4;6COX;6OFY;6V3R;8ET0;	ENSMUST00000035065.9;
Q05793		1GL4;	
Q05816	Q05816;	4AZN;4AZO;4AZP;4AZQ;7FYW;	ENSMUST00000029046.9;
Q05860	Q05860;	2JUP;2RLY;2RM0;	ENSMUST00000081349.9 [Q05860-5];ENSMUST00000099576.9 [Q05860-2];ENSMUST00000102547.10 [Q05860-1];
Q05895	Q05895;		ENSMUST00000029682.11;
Q05909	Q05909;	3JXG;3KLD;5E5U;	
Q05910	Q05910;		ENSMUST00000106069.9;
Q05915	Q05915;		ENSMUST00000089959.7;
Q05920	Q05920;		
Q05921	Q05921;		ENSMUST00000086209.10;
Q05922	Q05922;		ENSMUST00000028846.7 [Q05922-1];
Q05928	Q05928;		ENSMUST00000121044.6;
Q059U0	Q059U0;		
Q059U7	Q059U7;	7Q3E;	ENSMUST00000061590.6 [Q059U7-2];ENSMUST00000091186.7 [Q059U7-1];
Q059Y8	Q059Y8;		ENSMUST00000070820.7;
Q05A20	Q05A20;		
Q05A80	Q05A80;		ENSMUST00000072324.12 [Q05A80-2];ENSMUST00000111569.9 [Q05A80-1];
Q05AA6	Q05AA6;		ENSMUST00000113226.2;ENSMUST00000113228.8;ENSMUST00000153424.8;
Q05AC1	Q05AC1;		
Q05BC3	Q05BC3;		ENSMUST00000054955.14 [Q05BC3-2];ENSMUST00000109860.8 [Q05BC3-1];
Q05BQ1	Q05BQ1;		ENSMUST00000052629.13 [Q05BQ1-1];ENSMUST00000111235.8 [Q05BQ1-1];ENSMUST00000127482.8 [Q05BQ1-2];
Q05CL8	Q05CL8;		ENSMUST00000029588.10 [Q05CL8-1];
Q06180	Q06180;		ENSMUST00000025420.14 [Q06180-2];ENSMUST00000122412.2 [Q06180-1];
Q06186	Q06186;		ENSMUST00000025363.7;
Q06194	Q06194;		ENSMUST00000033539.13;
Q06219	Q06219;		ENSMUST00000028166.9 [Q06219-1];ENSMUST00000112629.8 [Q06219-1];
Q06318	Q06318;		ENSMUST00000025554.3;
Q06335	Q06335;		ENSMUST00000079758.9 [Q06335-1];ENSMUST00000217641.2 [Q06335-2];
Q06348	Q06348;		
Q06507	Q06507;	6IRR;	ENSMUST00000109605.5;
Q06806	Q06806;		ENSMUST00000047421.6;
Q06831	Q06831;	3U2B;	ENSMUST00000067230.6;
Q06890	Q06890;		ENSMUST00000022616.14;
Q06986	Q06986;		ENSMUST00000070368.8;
Q07076	Q07076;		ENSMUST00000065504.17;ENSMUST00000224975.2;
Q07079	Q07079;		ENSMUST00000027377.9;
Q07104	Q07104;		ENSMUST00000032211.5;
Q07105	Q07105;		ENSMUST00000018382.7;
Q07113	Q07113;		ENSMUST00000024599.14;
Q07133	Q07133;		
Q07139	Q07139;	2COU;	ENSMUST00000108298.9 [Q07139-2];ENSMUST00000108300.8 [Q07139-1];ENSMUST00000176242.9 [Q07139-2];
Q07174	Q07174;		ENSMUST00000025078.10;
Q07231	Q07231;		ENSMUST00000062350.15;ENSMUST00000080732.10;ENSMUST00000110959.2;ENSMUST00000110960.9;ENSMUST00000110961.9;
Q07235	Q07235;		ENSMUST00000027467.11;
Q07243	Q07243;		ENSMUST00000030723.3;ENSMUST00000106193.8;
Q07279	Q07279;		
Q07440	Q07440;	2VOF;2VOG;2VOH;2VOI;	ENSMUST00000098485.4;
Q07456	Q07456;		ENSMUST00000030041.5;
Q07563	Q07563;		ENSMUST00000026045.14 [Q07563-1];ENSMUST00000086923.6 [Q07563-2];
Q07763	Q07763;	1Z2K;2PTT;2PTU;	ENSMUST00000004829.13 [Q07763-1];
Q07802	Q07802;	3MLN;3MLO;3MLP;	ENSMUST00000081265.12 [Q07802-1];
Q07813	Q07813;	2XA0;5W62;	ENSMUST00000033093.10 [Q07813-1];
Q07832	Q07832;	5DMS;5DMV;5DNJ;5X3S;	ENSMUST00000033154.8;
Q08024	Q08024;	1ILF;1IO4;2JHB;3WTS;3WTT;3WTU;3WTV;3WTW;3WTX;3WTY;	ENSMUST00000052209.9 [Q08024-1];ENSMUST00000109392.9 [Q08024-2];ENSMUST00000109394.3 [Q08024-4];ENSMUST00000109395.8 [Q08024-3];
Q08048	Q08048;	2QJ4;3HMR;4IUA;	ENSMUST00000030683.8 [Q08048-1];ENSMUST00000196645.2 [Q08048-2];ENSMUST00000199581.5 [Q08048-1];
Q08093	Q08093;		ENSMUST00000004784.11;
Q08122	Q08122;		ENSMUST00000160882.8 [Q08122-4];ENSMUST00000162583.8 [Q08122-2];ENSMUST00000162973.8 [Q08122-3];
Q08189	Q08189;		ENSMUST00000110299.3;
Q08288	Q08288;	1WJV;	ENSMUST00000087514.9;ENSMUST00000114106.8;
Q08297	Q08297;		ENSMUST00000028795.10;
Q08351	Q08351;	8U18;8VU5;	ENSMUST00000102671.10 [Q08351-1];
Q08369	Q08369;		ENSMUST00000118022.8;
Q08376	Q08376;		ENSMUST00000062369.14;ENSMUST00000112674.8;ENSMUST00000112676.4;
Q08460	Q08460;		
Q08481	Q08481;		ENSMUST00000080853.11 [Q08481-3];ENSMUST00000103069.10 [Q08481-2];ENSMUST00000106796.9 [Q08481-1];ENSMUST00000183610.8 [Q08481-4];
Q08501	Q08501;		ENSMUST00000124470.8 [Q08501-1];ENSMUST00000128450.8 [Q08501-3];ENSMUST00000137867.8 [Q08501-3];ENSMUST00000148257.8 [Q08501-2];
Q08509	Q08509;	1AOJ;1I07;1I0C;	ENSMUST00000058210.13;ENSMUST00000100841.9;ENSMUST00000111878.8;
Q08535	Q08535;		ENSMUST00000167790.3;
Q08639	Q08639;		ENSMUST00000170909.2;ENSMUST00000209885.2;
Q08642	Q08642;		ENSMUST00000030765.7;
Q08775	Q08775;		ENSMUST00000113571.10 [Q08775-5];ENSMUST00000159943.8 [Q08775-5];ENSMUST00000160673.8 [Q08775-2];ENSMUST00000238400.2 [Q08775-8];
Q08857	Q08857;		ENSMUST00000082367.13;ENSMUST00000165232.8;ENSMUST00000169095.6;ENSMUST00000170051.8;ENSMUST00000197890.5;
Q08874	Q08874;	4ATH;4ATI;4ATK;6FX5;6G1L;	ENSMUST00000043628.13 [Q08874-8];ENSMUST00000043637.14 [Q08874-1];ENSMUST00000101123.10 [Q08874-4];
Q08879	Q08879;		ENSMUST00000057410.14 [Q08879-1];ENSMUST00000109432.4 [Q08879-2];
Q08890	Q08890;		ENSMUST00000101509.9;
Q08943	Q08943;		ENSMUST00000077798.13 [Q08943-1];ENSMUST00000168266.8 [Q08943-1];
Q09014	Q09014;		ENSMUST00000111275.8;ENSMUST00000146354.8;
Q09098	Q09098;		ENSMUST00000034610.4;
Q09143	Q09143;		ENSMUST00000048116.15;
Q09163	Q09163;		
Q09199	Q09199;		ENSMUST00000038343.7;
Q09200	Q09200;		ENSMUST00000006914.11;
Q09324	Q09324;	2GAK;2GAM;3OTK;	ENSMUST00000169897.2;ENSMUST00000174236.8;ENSMUST00000235184.2;ENSMUST00000236139.2;
Q09LZ8	Q09LZ8;		ENSMUST00000080744.13 [Q09LZ8-2];ENSMUST00000097920.9 [Q09LZ8-1];
Q09M02	Q09M02;		ENSMUST00000069705.11 [Q09M02-6];ENSMUST00000114700.9 [Q09M02-7];ENSMUST00000201168.4 [Q09M02-1];ENSMUST00000201225.4 [Q09M02-3];ENSMUST00000201817.4 [Q09M02-4];ENSMUST00000201917.4 [Q09M02-2];ENSMUST00000202060.4 [Q09M02-3];
Q09M05	Q09M05;		ENSMUST00000026854.10 [Q09M05-2];ENSMUST00000107442.3 [Q09M05-3];
Q09PK2	Q09PK2;		
Q09XV5	Q09XV5;		ENSMUST00000089752.11 [Q09XV5-1];ENSMUST00000200169.6 [Q09XV5-1];
Q0GGX2	Q0GGX2;		ENSMUST00000108509.2 [Q0GGX2-1];ENSMUST00000209369.2 [Q0GGX2-1];ENSMUST00000210805.2 [Q0GGX2-2];
Q0GKD5	Q0GKD5;		
Q0GNC1	Q0GNC1;		
Q0GUM3	Q0GUM3;	7C3K;	
Q0HA38	Q0HA38;		ENSMUST00000102718.10;
Q0KK55	Q0KK55;		ENSMUST00000053445.18 [Q0KK55-1];
Q0KL02			ENSMUST00000090247.7 [Q0KL02-4];
Q0MW30	Q0MW30;		ENSMUST00000053020.8;
Q0P543	Q0P543;	6O9H;6O9I;	ENSMUST00000094790.5 [Q0P543-1];
Q0P557	Q0P557;		ENSMUST00000071077.14 [Q0P557-1];
Q0P635	Q0P635;		
Q0PD45	Q0PD45;		
Q0PHV7	Q0PHV7;		ENSMUST00000108493.3;
Q0PMG2	Q0PMG2;		ENSMUST00000171691.9;
Q0QWG9	Q0QWG9;		ENSMUST00000010969.15 [Q0QWG9-2];ENSMUST00000110733.9 [Q0QWG9-1];ENSMUST00000120825.2 [Q0QWG9-3];
Q0VBD0	Q0VBD0;		ENSMUST00000026360.9;
Q0VBE5	Q0VBE5;		
Q0VBL3	Q0VBL3;		ENSMUST00000061772.11 [Q0VBL3-1];
Q0VBL6	Q0VBL6;	7V7L;7V7W;	ENSMUST00000037762.11 [Q0VBL6-1];ENSMUST00000108492.9 [Q0VBL6-3];
Q0VDQ9	Q0VDQ9;		ENSMUST00000031709.7;
Q0VED9	Q0VED9;		
Q0VES5	Q0VES5;		
Q0VFX2	Q0VFX2;		ENSMUST00000102813.2;
Q0VGM9	Q0VGM9;		ENSMUST00000048608.16 [Q0VGM9-4];ENSMUST00000054622.15 [Q0VGM9-2];ENSMUST00000098971.11 [Q0VGM9-3];ENSMUST00000108814.8 [Q0VGM9-1];ENSMUST00000108815.8 [Q0VGM9-5];
Q0VGT2	Q0VGT2;		ENSMUST00000062483.15;
Q0VGU4	Q0VGU4;		ENSMUST00000041543.9;ENSMUST00000186451.2;ENSMUST00000190827.7;
Q0ZLH2	Q0ZLH2;		ENSMUST00000099986.3;
Q10470	Q10470;		
Q10738	Q10738;		ENSMUST00000018767.9;
Q11011	Q11011;		ENSMUST00000001480.14;
Q11127	Q11127;		ENSMUST00000061498.7 [Q11127-1];
Q11131	Q11131;		ENSMUST00000041654.6 [Q11131-2];ENSMUST00000100320.5 [Q11131-1];ENSMUST00000114278.9 [Q11131-2];
Q11204	Q11204;		ENSMUST00000034197.5;
Q148B6	Q148B6;		
Q148R9	Q148R9;		ENSMUST00000069912.6;
Q148W0	Q148W0;		ENSMUST00000025482.10;
Q149C2	Q149C2;	5FMU;	ENSMUST00000047242.9;
Q149L7	Q149L7;		ENSMUST00000180384.3 [Q149L7-1];ENSMUST00000180872.9 [Q149L7-2];ENSMUST00000188848.8 [Q149L7-3];
Q149S1	Q149S1;	8I7O;8I7R;8IYJ;8TO0;	ENSMUST00000025002.4;
Q14A28	Q14A28;		ENSMUST00000049852.10 [Q14A28-1];ENSMUST00000197758.5 [Q14A28-2];
Q14AK4	Q14AK4;		ENSMUST00000091493.6;
Q14AT2	Q14AT2;		ENSMUST00000009814.10 [Q14AT2-1];ENSMUST00000113716.3 [Q14AT2-2];ENSMUST00000113718.8 [Q14AT2-1];
Q14AT5	Q14AT5;		ENSMUST00000058682.11 [Q14AT5-2];ENSMUST00000186641.7 [Q14AT5-1];
Q14AX6	Q14AX6;		ENSMUST00000003203.14 [Q14AX6-2];ENSMUST00000107538.2 [Q14AX6-1];ENSMUST00000107539.8 [Q14AX6-3];
Q14B02	Q14B02;		ENSMUST00000063548.4 [Q14B02-2];ENSMUST00000115354.2 [Q14B02-1];
Q14B62	Q14B62;		ENSMUST00000038665.6 [Q14B62-1];
Q14B80	Q14B80;		ENSMUST00000092175.4;
Q14B83	Q14B83;		
Q14BB9	Q14BB9;		ENSMUST00000040880.9;
Q14BI2	Q14BI2;		ENSMUST00000023959.13;
Q14BI7	Q14BI7;		ENSMUST00000079009.11 [Q14BI7-1];
Q14BU0	Q14BU0;		ENSMUST00000027978.7 [Q14BU0-2];ENSMUST00000115010.9 [Q14BU0-1];ENSMUST00000167607.8 [Q14BU0-3];ENSMUST00000195688.2 [Q14BU0-4];
Q14BX2	Q14BX2;		ENSMUST00000089338.6;
Q14CH7	Q14CH7;		ENSMUST00000024733.9;
Q14DK4	Q14DK4;		ENSMUST00000062211.4 [Q14DK4-1];
Q155P7			
Q18PE0	Q18PE0;	3ML4;	ENSMUST00000101298.9 [Q18PE0-2];ENSMUST00000114270.8 [Q18PE0-1];
Q18PI6	Q18PI6;		
Q1A3B0	Q1A3B0;		ENSMUST00000066475.11 [Q1A3B0-2];ENSMUST00000208521.2 [Q1A3B0-1];
Q1EG27	Q1EG27;	5ET0;5ET1;	ENSMUST00000112243.8 [Q1EG27-1];
Q1ERP8	Q1ERP8;		ENSMUST00000017453.12 [Q1ERP8-5];ENSMUST00000107163.9 [Q1ERP8-2];ENSMUST00000107164.3 [Q1ERP8-3];
Q1HCM0	Q1HCM0;		ENSMUST00000057337.9;
Q1HFZ0	Q1HFZ0;		ENSMUST00000022087.7 [Q1HFZ0-2];ENSMUST00000109699.11 [Q1HFZ0-1];
Q1HKZ5	Q1HKZ5;		ENSMUST00000042065.7;ENSMUST00000231988.2;ENSMUST00000232240.2;
Q1JRP2	Q1JRP2;		ENSMUST00000059424.10;
Q1PSW8	Q1PSW8;	8J72;	ENSMUST00000111816.3;
Q1RNF8	Q1RNF8;		ENSMUST00000217934.2;ENSMUST00000218788.2;
Q1W617	Q1W617;		ENSMUST00000089520.3 [Q1W617-2];ENSMUST00000103005.10 [Q1W617-1];
Q1WG82	Q1WG82;		ENSMUST00000115494.3;
Q1XH17	Q1XH17;	7XV2;7XYY;7XYZ;7XZ0;7XZ1;7XZ2;	ENSMUST00000081042.6;ENSMUST00000106248.8;
Q283N4	Q283N4;		ENSMUST00000100433.5;
Q2EG98	Q2EG98;	7D7E;7D7F;	ENSMUST00000057344.3 [Q2EG98-8];ENSMUST00000109242.8 [Q2EG98-1];ENSMUST00000212537.2 [Q2EG98-2];
Q2EMV9	Q2EMV9;	1X4R;	ENSMUST00000042665.9 [Q2EMV9-1];
Q2HJ10	Q2HJ10;		ENSMUST00000105873.8 [Q2HJ10-2];ENSMUST00000105874.9 [Q2HJ10-1];
Q2HXL6	Q2HXL6;		ENSMUST00000059498.12;
Q2KHI9	Q2KHI9;		ENSMUST00000075540.8 [Q2KHI9-2];ENSMUST00000219838.3 [Q2KHI9-3];ENSMUST00000237608.2 [Q2KHI9-1];
Q2KN98	Q2KN98;		ENSMUST00000218766.2;
Q2LKU9	Q2LKU9;		ENSMUST00000048514.11 [Q2LKU9-2];ENSMUST00000108518.3 [Q2LKU9-1];
Q2LKV5	Q2LKV5;		
Q2LKW6	Q2LKW6;		
Q2M3X8	Q2M3X8;	4B1U;4B1V;4B1W;4B1X;4B1Y;4B1Z;	ENSMUST00000066928.12 [Q2M3X8-2];ENSMUST00000110161.10 [Q2M3X8-4];ENSMUST00000128646.8 [Q2M3X8-1];ENSMUST00000148891.8 [Q2M3X8-3];ENSMUST00000149235.8 [Q2M3X8-1];
Q2MH31	Q2MH31;	8IYJ;	ENSMUST00000030152.13 [Q2MH31-1];
Q2MHN3	Q2MHN3;		ENSMUST00000036328.9;
Q2MV57	Q2MV57;		ENSMUST00000239501.2 [Q2MV57-1];
Q2NKI2	Q2NKI2;		ENSMUST00000172821.4 [Q2NKI2-1];
Q2NL51	Q2NL51;		ENSMUST00000071739.12;
Q2PFD7	Q2PFD7;		ENSMUST00000093468.12 [Q2PFD7-3];ENSMUST00000093469.11 [Q2PFD7-5];
Q2PZL6			ENSMUST00000061260.8 [Q2PZL6-1];
Q2Q5T5	Q2Q5T5;		ENSMUST00000113529.4 [Q2Q5T5-1];ENSMUST00000169137.3 [Q2Q5T5-2];ENSMUST00000178858.3 [Q2Q5T5-1];ENSMUST00000208801.2 [Q2Q5T5-1];
Q2QI47			ENSMUST00000060479.14 [Q2QI47-1];
Q2QKR2	Q2QKR2;		
Q2TB02	Q2TB02;		ENSMUST00000046177.9;ENSMUST00000108175.8;
Q2TB54	Q2TB54;		ENSMUST00000027670.4 [Q2TB54-1];ENSMUST00000112477.9 [Q2TB54-2];
Q2TBA3	Q2TBA3;	3V4L;	ENSMUST00000049248.7 [Q2TBA3-2];ENSMUST00000224056.3 [Q2TBA3-1];
Q2TBE6	Q2TBE6;		ENSMUST00000066778.6;ENSMUST00000235932.2;
Q2TJ95	Q2TJ95;		ENSMUST00000092623.5;
Q2TV84	Q2TV84;	6RMV;	ENSMUST00000085222.12 [Q2TV84-1];ENSMUST00000177102.8 [Q2TV84-3];ENSMUST00000205731.2 [Q2TV84-4];ENSMUST00000206314.2 [Q2TV84-2];ENSMUST00000206706.2 [Q2TV84-5];
Q2UY11	Q2UY11;		ENSMUST00000115537.2 [Q2UY11-1];
Q2VPA6	Q2VPA6;		ENSMUST00000044684.14 [Q2VPA6-1];
Q2VPD4	Q2VPD4;		ENSMUST00000080530.6 [Q2VPD4-1];ENSMUST00000111639.8 [Q2VPD4-1];ENSMUST00000129788.8 [Q2VPD4-2];
Q2VPQ9	Q2VPQ9;		ENSMUST00000055213.11 [Q2VPQ9-2];ENSMUST00000154689.8 [Q2VPQ9-1];
Q2VPU4	Q2VPU4;		
Q2VWQ2	Q2VWQ2;		ENSMUST00000081872.13;
Q2WF71	Q2WF71;	5XWU;	ENSMUST00000055110.11 [Q2WF71-2];ENSMUST00000108288.9 [Q2WF71-1];ENSMUST00000189877.7 [Q2WF71-2];
Q2WG76	Q2WG76;		ENSMUST00000058846.11;
Q2XU92	Q2XU92;		ENSMUST00000043062.5;
Q2YDW7	Q2YDW7;		
Q31093		1MHC;7LFJ;7LFL;7LFM;	ENSMUST00000038580.7;
Q31125	Q31125;		ENSMUST00000025186.16;ENSMUST00000169397.9;
Q32M00	Q32M00;		
Q32M21	Q32M21;		ENSMUST00000017355.12 [Q32M21-2];ENSMUST00000093938.10 [Q32M21-1];
Q32MD9	Q32MD9;		ENSMUST00000042842.6;ENSMUST00000119129.10;
Q32MU0	Q32MU0;		
Q33DR2	Q33DR2;		ENSMUST00000053729.14;
Q33DR3	Q33DR3;		ENSMUST00000095725.11 [Q33DR3-1];ENSMUST00000159139.8 [Q33DR3-2];
Q38HM4	Q38HM4;		
Q3B7Z2	Q3B7Z2;		ENSMUST00000025590.11 [Q3B7Z2-1];
Q3HNM7	Q3HNM7;	3RO3;	ENSMUST00000161800.3 [Q3HNM7-1];
Q3KNI6	Q3KNI6;		ENSMUST00000027230.3;
Q3KNJ2	Q3KNJ2;		ENSMUST00000152855.3 [Q3KNJ2-1];
Q3LHH8	Q3LHH8;	2LMK;	ENSMUST00000161110.2;
Q3LRV9	Q3LRV9;		ENSMUST00000059873.14 [Q3LRV9-1];ENSMUST00000125426.8 [Q3LRV9-2];
Q3LS21	Q3LS21;		ENSMUST00000044624.8;
Q3MI99	Q3MI99;		ENSMUST00000061103.14;ENSMUST00000130300.3;
Q3SYK5	Q3SYK5;		
Q3T9E4	Q3T9E4;	7VES;7VEX;8H4M;8H4O;	ENSMUST00000046745.7;ENSMUST00000068063.4;
Q3T9M1	Q3T9M1;		ENSMUST00000085790.12 [Q3T9M1-3];
Q3T9X0	Q3T9X0;		ENSMUST00000005238.13 [Q3T9X0-4];ENSMUST00000067872.12 [Q3T9X0-2];ENSMUST00000067886.12 [Q3T9X0-1];ENSMUST00000129099.8 [Q3T9X0-2];ENSMUST00000143758.8 [Q3T9X0-3];ENSMUST00000155634.8 [Q3T9X0-2];
Q3TA53	Q3TA53;		
Q3TAQ1	Q3TAQ1;		
Q3TAS6	Q3TAS6;		ENSMUST00000118515.9 [Q3TAS6-2];ENSMUST00000118808.9 [Q3TAS6-1];
Q3TB92	Q3TB92;		ENSMUST00000086353.11 [Q3TB92-1];ENSMUST00000147326.9 [Q3TB92-1];ENSMUST00000182908.8 [Q3TB92-2];ENSMUST00000183111.8 [Q3TB92-2];
Q3TBE0	Q3TBE0;		
Q3TBL6	Q3TBL6;		ENSMUST00000098760.5;
Q3TBT3	Q3TBT3;	4JC5;4KBY;4KC0;4LOJ;4LOK;4LOL;4YP1;6XNN;	ENSMUST00000115728.5 [Q3TBT3-1];ENSMUST00000235495.2 [Q3TBT3-3];ENSMUST00000237919.2 [Q3TBT3-1];
Q3TBV4			ENSMUST00000085818.6;
Q3TCH7	Q3TCH7;		ENSMUST00000016680.14;
Q3TCJ1	Q3TCJ1;		
Q3TCN2	Q3TCN2;	3FBX;3FGR;3FGT;3FGW;	ENSMUST00000031597.7 [Q3TCN2-1];
Q3TCS3	Q3TCS3;		
Q3TCT4	Q3TCT4;		ENSMUST00000081079.6 [Q3TCT4-1];
Q3TD16	Q3TD16;		
Q3TD49	Q3TD49;		ENSMUST00000035597.10 [Q3TD49-1];
Q3TDK6	Q3TDK6;		ENSMUST00000023191.17 [Q3TDK6-2];ENSMUST00000202281.4 [Q3TDK6-1];
Q3TDN0	Q3TDN0;	7RPH;7RPI;7RPJ;7RPK;	ENSMUST00000003035.12 [Q3TDN0-1];ENSMUST00000171366.7 [Q3TDN0-1];ENSMUST00000195372.2 [Q3TDN0-1];
Q3TDN2	Q3TDN2;		ENSMUST00000026991.16 [Q3TDN2-2];ENSMUST00000126071.9 [Q3TDN2-1];
Q3TDQ1	Q3TDQ1;		
Q3TDX8	Q3TDX8;		ENSMUST00000168529.9 [Q3TDX8-4];
Q3TEA8	Q3TEA8;		ENSMUST00000030541.13 [Q3TEA8-1];ENSMUST00000097836.10 [Q3TEA8-3];ENSMUST00000165861.8 [Q3TEA8-1];
Q3TEF1	Q3TEF1;		
Q3TEL6	Q3TEL6;		
Q3TES0	Q3TES0;		ENSMUST00000046373.8;
Q3TEY6	Q3TEY6;		
Q3TF18	Q3TF18;		
Q3TFD2	Q3TFD2;		ENSMUST00000022099.15 [Q3TFD2-1];ENSMUST00000223060.2 [Q3TFD2-2];
Q3TG37	Q3TG37;		
Q3TGR2	Q3TGR2;		
Q3TH73	Q3TH73;	7RTT;7RTU;7RTV;	ENSMUST00000045779.6 [Q3TH73-1];
Q3THE2	Q3THE2;		ENSMUST00000038446.10;ENSMUST00000233004.2;ENSMUST00000233357.2;
Q3THK7	Q3THK7;		ENSMUST00000029405.8;
Q3THS6	Q3THS6;		ENSMUST00000059472.10;
Q3TIR3	Q3TIR3;		ENSMUST00000026558.7;
Q3TIV3	Q3TIV3;		
Q3TIV5	Q3TIV5;		ENSMUST00000081591.7 [Q3TIV5-1];
Q3TIW9	Q3TIW9;		ENSMUST00000106273.3;
Q3TIX9	Q3TIX9;		ENSMUST00000070345.5;
Q3TJ94	Q3TJ94;		
Q3TJD3	Q3TJD3;		
Q3TJD7	Q3TJD7;		ENSMUST00000046246.13 [Q3TJD7-1];ENSMUST00000069929.13 [Q3TJD7-2];ENSMUST00000155098.8 [Q3TJD7-1];
Q3TKT4	Q3TKT4;		ENSMUST00000034707.15 [Q3TKT4-2];ENSMUST00000174008.8 [Q3TKT4-1];
Q3TL44	Q3TL44;		ENSMUST00000034621.16;ENSMUST00000168499.9;ENSMUST00000169651.3;
Q3TLD5	Q3TLD5;		ENSMUST00000085513.6 [Q3TLD5-1];
Q3TLE2	Q3TLE2;		
Q3TLP8			ENSMUST00000100489.4;
Q3TLR7	Q3TLR7;		ENSMUST00000027933.11 [Q3TLR7-1];
Q3TM68	Q3TM68;		
Q3TMJ8	Q3TMJ8;		
Q3TMP8	Q3TMP8;		ENSMUST00000034244.9;
Q3TMQ6	Q3TMQ6;	2J4T;	ENSMUST00000073860.6;
Q3TMR0	Q3TMR0;		
Q3TN34	Q3TN34;		ENSMUST00000044642.14;
Q3TNH5	Q3TNH5;		ENSMUST00000099358.5 [Q3TNH5-3];ENSMUST00000163257.9 [Q3TNH5-1];
Q3TP92	Q3TP92;		ENSMUST00000108593.8;
Q3TPX4	Q3TPX4;		ENSMUST00000162175.9;
Q3TPZ2	Q3TPZ2;		
Q3TQ02	Q3TQ02;		
Q3TQ03	Q3TQ03;		ENSMUST00000036418.10;ENSMUST00000159739.8;
Q3TR08	Q3TR08;		ENSMUST00000041266.11;ENSMUST00000172435.8;
Q3TRM4	Q3TRM4;		ENSMUST00000004681.14 [Q3TRM4-3];ENSMUST00000111070.4 [Q3TRM4-3];
Q3TRR0	Q3TRR0;		ENSMUST00000091014.10 [Q3TRR0-1];ENSMUST00000195640.2 [Q3TRR0-1];
Q3TRU3	Q3TRU3;		
Q3TSG4	Q3TSG4;		ENSMUST00000044250.4;
Q3TTA7	Q3TTA7;	5AXI;	ENSMUST00000226593.2 [Q3TTA7-1];ENSMUST00000227756.2 [Q3TTA7-2];ENSMUST00000227879.2 [Q3TTA7-1];
Q3TTE0	Q3TTE0;		ENSMUST00000050300.15 [Q3TTE0-2];ENSMUST00000118419.2 [Q3TTE0-1];ENSMUST00000209935.2 [Q3TTE0-3];
Q3TTI9			ENSMUST00000030251.13;
Q3TTP0	Q3TTP0;		ENSMUST00000042373.12;
Q3TTY0	Q3TTY0;		ENSMUST00000101376.3 [Q3TTY0-1];ENSMUST00000202201.4 [Q3TTY0-2];ENSMUST00000202220.4 [Q3TTY0-1];
Q3TTY5	Q3TTY5;		ENSMUST00000023712.8;
Q3TU20			
Q3TU81	Q3TU81;		
Q3TUA9	Q3TUA9;	5GZ8;5GZ9;	ENSMUST00000061850.5;
Q3TUF7	Q3TUF7;		ENSMUST00000090052.11 [Q3TUF7-3];ENSMUST00000115560.4 [Q3TUF7-1];
Q3TVA9	Q3TVA9;		
Q3TVI8	Q3TVI8;		ENSMUST00000038942.10;
Q3TVW5	Q3TVW5;		ENSMUST00000094441.11 [Q3TVW5-1];
Q3TWH5	Q3TWH5;		
Q3TWI9	Q3TWI9;	8WG3;8WG4;	ENSMUST00000113523.9;
Q3TWL2	Q3TWL2;		ENSMUST00000160835.9;
Q3TWN3	Q3TWN3;	4P1G;4P1O;5LXQ;5MMZ;6WUS;	ENSMUST00000077666.6 [Q3TWN3-2];ENSMUST00000099373.12 [Q3TWN3-1];
Q3TWW8	Q3TWW8;		ENSMUST00000130411.7;
Q3TX36	Q3TX36;		
Q3TX64	Q3TX64;		
Q3TXT7	Q3TXT7;		
Q3TXU4	Q3TXU4;		
Q3TXX3	Q3TXX3;		ENSMUST00000099443.11 [Q3TXX3-2];ENSMUST00000169536.8 [Q3TXX3-1];
Q3TXX4	Q3TXX4;		ENSMUST00000085374.7;
Q3TY95	Q3TY95;		
Q3TYA6	Q3TYA6;		ENSMUST00000116468.2;
Q3TYB0	Q3TYB0;		
Q3TYD4	Q3TYD4;		ENSMUST00000020928.13 [Q3TYD4-1];ENSMUST00000106696.2 [Q3TYD4-2];ENSMUST00000106697.8 [Q3TYD4-1];
Q3TYD6	Q3TYD6;		ENSMUST00000041804.8;
Q3TYQ9	Q3TYQ9;		ENSMUST00000040442.6;
Q3TYR5	Q3TYR5;		ENSMUST00000097591.5;
Q3TYU0			ENSMUST00000216798.2;
Q3TYX3	Q3TYX3;		ENSMUST00000045693.8;
Q3TZW0	Q3TZW0;		ENSMUST00000097618.10 [Q3TZW0-2];
Q3TZW9	Q3TZW9;		
Q3TZX3	Q3TZX3;		ENSMUST00000105686.3;
Q3TZX8	Q3TZX8;		ENSMUST00000084116.13 [Q3TZX8-1];ENSMUST00000103197.5 [Q3TZX8-2];
Q3TZZ7	Q3TZZ7;		ENSMUST00000100986.4 [Q3TZZ7-1];ENSMUST00000220816.2 [Q3TZZ7-1];
Q3U034	Q3U034;		ENSMUST00000234990.2;
Q3U0B3	Q3U0B3;		ENSMUST00000047560.8;
Q3U0D7	Q3U0D7;		
Q3U0D9	Q3U0D9;		ENSMUST00000037044.13 [Q3U0D9-1];
Q3U0K8	Q3U0K8;		ENSMUST00000093301.9 [Q3U0K8-2];ENSMUST00000109556.9 [Q3U0K8-1];
Q3U0M1	Q3U0M1;		ENSMUST00000023276.16 [Q3U0M1-3];ENSMUST00000089770.11 [Q3U0M1-2];ENSMUST00000228960.2 [Q3U0M1-5];
Q3U0P1	Q3U0P1;	6E4H;7K3S;	ENSMUST00000063587.13 [Q3U0P1-3];ENSMUST00000098068.10 [Q3U0P1-1];ENSMUST00000106469.8 [Q3U0P1-2];
Q3U0P5	Q3U0P5;		ENSMUST00000094467.6;
Q3U0R5	Q3U0R5;		
Q3U0S6	Q3U0S6;		ENSMUST00000057927.10;
Q3U0V1	Q3U0V1;		ENSMUST00000007814.10;
Q3U0V2	Q3U0V2;		ENSMUST00000034359.10;
Q3U0V5	Q3U0V5;		
Q3U0Y6	Q3U0Y6;		
Q3U108	Q3U108;		ENSMUST00000115029.2 [Q3U108-5];ENSMUST00000115031.8 [Q3U108-3];ENSMUST00000115032.8 [Q3U108-1];ENSMUST00000137906.2 [Q3U108-4];
Q3U132	Q3U132;		ENSMUST00000042586.10 [Q3U132-1];ENSMUST00000217702.2 [Q3U132-2];
Q3U133	Q3U133;		ENSMUST00000073124.9;
Q3U145	Q3U145;		ENSMUST00000062684.9;
Q3U182	Q3U182;	5ZK1;5ZKO;	ENSMUST00000029545.15;
Q3U1C4	Q3U1C4;		ENSMUST00000040117.15;
Q3U1F9	Q3U1F9;		ENSMUST00000108384.9;ENSMUST00000161949.8;
Q3U1J0	Q3U1J0;		ENSMUST00000033512.11 [Q3U1J0-1];ENSMUST00000115590.2 [Q3U1J0-2];ENSMUST00000115591.8 [Q3U1J0-2];
Q3U1J1	Q3U1J1;		ENSMUST00000108641.10 [Q3U1J1-1];ENSMUST00000155592.8 [Q3U1J1-2];
Q3U1J4	Q3U1J4;		ENSMUST00000025649.10;
Q3U1N2	Q3U1N2;		ENSMUST00000023100.8 [Q3U1N2-1];ENSMUST00000229336.2 [Q3U1N2-2];
Q3U1T9	Q3U1T9;		ENSMUST00000094505.6 [Q3U1T9-2];ENSMUST00000168527.8 [Q3U1T9-1];ENSMUST00000200533.5 [Q3U1T9-3];
Q3U1U7	Q3U1U7;		
Q3U1X4	Q3U1X4;		
Q3U1Y3	Q3U1Y3;		
Q3U210	Q3U210;		
Q3U213	Q3U213;		ENSMUST00000024570.6 [Q3U213-2];ENSMUST00000097432.10 [Q3U213-1];
Q3U214	Q3U214;		ENSMUST00000166004.3;
Q3U284	Q3U284;		ENSMUST00000034429.9;
Q3U2C5	Q3U2C5;		ENSMUST00000062525.11 [Q3U2C5-1];
Q3U2K5	Q3U2K5;		ENSMUST00000058796.7;
Q3U2P1	Q3U2P1;		ENSMUST00000064297.5 [Q3U2P1-2];ENSMUST00000109097.9 [Q3U2P1-1];
Q3U2P8	Q3U2P8;		
Q3U2S4	Q3U2S4;		ENSMUST00000033494.16 [Q3U2S4-1];ENSMUST00000115668.10 [Q3U2S4-2];
Q3U2S8	Q3U2S8;	3VMX;3VMY;3VMZ;3VN0;3VYI;3WKV;	ENSMUST00000072602.14;ENSMUST00000100747.3;
Q3U2U7	Q3U2U7;		ENSMUST00000047899.13;
Q3U319	Q3U319;		ENSMUST00000205694.2;
Q3U350	Q3U350;		
Q3U3D2	Q3U3D2;		
Q3U3Q1	Q3U3Q1;		ENSMUST00000053230.7 [Q3U3Q1-1];
Q3U3Q7			
Q3U3R3	Q3U3R3;		
Q3U3R4	Q3U3R4;		ENSMUST00000116641.9 [Q3U3R4-1];
Q3U3W0	Q3U3W0;		
Q3U3W5	Q3U3W5;		ENSMUST00000118622.2 [Q3U3W5-1];
Q3U435	Q3U435;		ENSMUST00000024696.9;
Q3U481	Q3U481;		ENSMUST00000044844.9;
Q3U487	Q3U487;		ENSMUST00000050067.10 [Q3U487-1];
Q3U489	Q3U489;		
Q3U492	Q3U492;		ENSMUST00000078112.13 [Q3U492-2];ENSMUST00000101614.10 [Q3U492-1];
Q3U497	Q3U497;		ENSMUST00000239005.2;
Q3U4G3	Q3U4G3;	4WLG;4WLM;4WLZ;4WM0;4WMA;4WMB;4WMI;4WMK;4WN2;4WNH;	ENSMUST00000055389.9;
Q3U4H6	Q3U4H6;		ENSMUST00000038831.15 [Q3U4H6-2];ENSMUST00000106117.8 [Q3U4H6-1];
Q3U4N8	Q3U4N8;		
Q3U4Q8	Q3U4Q8;		
Q3U507	Q3U507;		ENSMUST00000101294.9;ENSMUST00000117310.8;ENSMUST00000118820.8;ENSMUST00000120971.8;ENSMUST00000178838.2;
Q3U566	Q3U566;		
Q3U593	Q3U593;		
Q3U5C7	Q3U5C7;		ENSMUST00000048982.11;ENSMUST00000109255.3;
Q3U5F4	Q3U5F4;		ENSMUST00000102628.11;
Q3U5Q7	Q3U5Q7;		ENSMUST00000020969.5;
Q3U6B2	Q3U6B2;		ENSMUST00000049872.9;
Q3U6G0	Q3U6G0;		
Q3U6K5	Q3U6K5;		ENSMUST00000038868.14 [Q3U6K5-1];ENSMUST00000153746.8 [Q3U6K5-3];
Q3U6Q4	Q3U6Q4;	8AJ8;	ENSMUST00000060441.7 [Q3U6Q4-1];ENSMUST00000102613.8 [Q3U6Q4-2];
Q3U7M4	Q3U7M4;		
Q3U7P6	Q3U7P6;		
Q3U7R1	Q3U7R1;		ENSMUST00000026427.8 [Q3U7R1-1];
Q3U7U3	Q3U7U3;		ENSMUST00000130320.8;
Q3U827	Q3U827;		ENSMUST00000069686.7 [Q3U827-3];ENSMUST00000224011.2 [Q3U827-3];ENSMUST00000224662.2 [Q3U827-1];ENSMUST00000226044.2 [Q3U827-2];
Q3U829	Q3U829;		ENSMUST00000038699.13;
Q3U882	Q3U882;		
Q3U8K7	Q3U8K7;	4BUP;	ENSMUST00000005518.16 [Q3U8K7-4];ENSMUST00000052699.13 [Q3U8K7-2];ENSMUST00000113968.9 [Q3U8K7-4];ENSMUST00000113970.8 [Q3U8K7-2];ENSMUST00000113972.9 [Q3U8K7-1];ENSMUST00000113973.8 [Q3U8K7-1];ENSMUST00000113974.11 [Q3U8K7-3];ENSMUST00000113977.9 [Q3U8K7-3];ENSMUST00000176262.8 [Q3U8K7-3];ENSMUST00000237440.2 [Q3U8K7-4];
Q3U962	Q3U962;		ENSMUST00000086430.5;
Q3U9G9	Q3U9G9;		ENSMUST00000005003.12;
Q3U9N9	Q3U9N9;		ENSMUST00000092566.8 [Q3U9N9-1];ENSMUST00000213488.2 [Q3U9N9-2];
Q3UA06	Q3UA06;		ENSMUST00000022053.11 [Q3UA06-1];
Q3UAI3	Q3UAI3;		
Q3UBG2	Q3UBG2;		ENSMUST00000168574.9 [Q3UBG2-1];ENSMUST00000176559.8 [Q3UBG2-2];
Q3UCQ1	Q3UCQ1;		ENSMUST00000106113.2 [Q3UCQ1-1];
Q3UCV8	Q3UCV8;		ENSMUST00000059662.8;
Q3UDC9	Q3UDC9;		
Q3UDH4	Q3UDH4;		
Q3UDK1	Q3UDK1;		ENSMUST00000042312.14 [Q3UDK1-1];ENSMUST00000120784.8 [Q3UDK1-2];
Q3UDW8	Q3UDW8;		ENSMUST00000037609.8 [Q3UDW8-2];
Q3UEG6	Q3UEG6;		ENSMUST00000110542.8;
Q3UES3	Q3UES3;		ENSMUST00000025729.12;
Q3UEW6			ENSMUST00000049324.13;
Q3UEZ8	Q3UEZ8;		ENSMUST00000031127.11;
Q3UFB7	Q3UFB7;		ENSMUST00000029712.5;
Q3UFD7	Q3UFD7;		ENSMUST00000094583.2;ENSMUST00000185748.2;
Q3UFJ6	Q3UFJ6;		ENSMUST00000110832.8;
Q3UFR4	Q3UFR4;		
Q3UFT4	Q3UFT4;		
Q3UFY8	Q3UFY8;		ENSMUST00000059052.9;
Q3UG07	Q3UG07;		
Q3UG20	Q3UG20;		ENSMUST00000094962.9 [Q3UG20-1];ENSMUST00000115128.8 [Q3UG20-1];
Q3UG39	Q3UG39;		
Q3UGF1	Q3UGF1;		ENSMUST00000041892.13 [Q3UGF1-1];ENSMUST00000203653.3 [Q3UGF1-1];
Q3UGM2	Q3UGM2;		ENSMUST00000112631.9 [Q3UGM2-1];
Q3UGX3	Q3UGX3;		
Q3UGZ4			
Q3UH06			ENSMUST00000037232.8 [Q3UH06-3];ENSMUST00000110237.9 [Q3UH06-4];ENSMUST00000110238.10 [Q3UH06-4];ENSMUST00000128570.9 [Q3UH06-3];ENSMUST00000149745.8 [Q3UH06-4];
Q3UH53	Q3UH53;	5K6U;5K6V;5K6W;5K6Z;5XWX;	ENSMUST00000074546.7 [Q3UH53-2];ENSMUST00000085774.11 [Q3UH53-1];
Q3UH60	Q3UH60;		ENSMUST00000100203.10 [Q3UH60-1];
Q3UH66	Q3UH66;		
Q3UH93	Q3UH93;	5V6R;5V6T;	ENSMUST00000015511.15;
Q3UH99	Q3UH99;		ENSMUST00000066679.7 [Q3UH99-1];
Q3UHA3	Q3UHA3;		ENSMUST00000036450.8 [Q3UHA3-1];
Q3UHC0	Q3UHC0;		
Q3UHC1			ENSMUST00000095087.11;
Q3UHC2	Q3UHC2;		ENSMUST00000015277.14 [Q3UHC2-1];
Q3UHC7	Q3UHC7;		ENSMUST00000091010.12 [Q3UHC7-1];ENSMUST00000112983.8 [Q3UHC7-2];ENSMUST00000112986.9 [Q3UHC7-4];ENSMUST00000112992.9 [Q3UHC7-3];
Q3UHD1	Q3UHD1;	6IDX;7R84;7R85;7R86;	ENSMUST00000042035.16 [Q3UHD1-1];
Q3UHD6	Q3UHD6;		ENSMUST00000029783.16 [Q3UHD6-2];ENSMUST00000107283.8 [Q3UHD6-1];
Q3UHD9	Q3UHD9;		ENSMUST00000039259.7 [Q3UHD9-1];ENSMUST00000217941.2 [Q3UHD9-2];
Q3UHF7			ENSMUST00000015645.11;ENSMUST00000187083.7;ENSMUST00000191138.7;
Q3UHH1	Q3UHH1;		ENSMUST00000022358.9 [Q3UHH1-1];ENSMUST00000223840.2 [Q3UHH1-2];ENSMUST00000224751.2 [Q3UHH1-3];
Q3UHJ0	Q3UHJ0;	7LVH;7LVI;7RJ6;7RJ7;7RJ8;	ENSMUST00000003710.10 [Q3UHJ0-2];ENSMUST00000089519.13 [Q3UHJ0-1];
Q3UHK5	Q3UHK5;		
Q3UHK6			ENSMUST00000107162.8 [Q3UHK6-2];ENSMUST00000107165.8 [Q3UHK6-3];ENSMUST00000107166.8 [Q3UHK6-4];
Q3UHK8	Q3UHK8;	5UMZ;	ENSMUST00000094053.7;
Q3UHN9	Q3UHN9;		ENSMUST00000169273.2 [Q3UHN9-1];ENSMUST00000237783.2 [Q3UHN9-1];
Q3UHT6			
Q3UHU5	Q3UHU5;		ENSMUST00000086693.12 [Q3UHU5-1];ENSMUST00000097291.10 [Q3UHU5-3];
Q3UHZ5	Q3UHZ5;		ENSMUST00000031694.8;
Q3UI43	Q3UI43;	6GVW;	ENSMUST00000002473.10;
Q3UIJ5	Q3UIJ5;		
Q3UIK4	Q3UIK4;		ENSMUST00000029759.16 [Q3UIK4-1];
Q3UIL6	Q3UIL6;		ENSMUST00000084664.11 [Q3UIL6-4];ENSMUST00000181981.8 [Q3UIL6-3];ENSMUST00000181998.8 [Q3UIL6-2];ENSMUST00000182487.8 [Q3UIL6-1];ENSMUST00000182511.8 [Q3UIL6-5];ENSMUST00000182834.8 [Q3UIL6-6];
Q3UIR3	Q3UIR3;		ENSMUST00000081933.14 [Q3UIR3-1];ENSMUST00000114885.3 [Q3UIR3-2];
Q3UIW5	Q3UIW5;		ENSMUST00000112096.9 [Q3UIW5-1];
Q3UIZ8	Q3UIZ8;		ENSMUST00000034133.14 [Q3UIZ8-1];ENSMUST00000121972.8 [Q3UIZ8-2];
Q3UJ03	Q3UJ03;		
Q3UJ34	Q3UJ34;		
Q3UJD6	Q3UJD6;		ENSMUST00000006854.13 [Q3UJD6-1];ENSMUST00000085044.14 [Q3UJD6-2];
Q3UJQ1	Q3UJQ1;		
Q3UJU9	Q3UJU9;		ENSMUST00000094695.12;
Q3UJW9	Q3UJW9;		
Q3UJX3	Q3UJX3;		
Q3UK10	Q3UK10;		ENSMUST00000108403.4;ENSMUST00000205658.2;
Q3UK78	Q3UK78;		ENSMUST00000062389.6 [Q3UK78-2];ENSMUST00000071267.14 [Q3UK78-2];ENSMUST00000224679.2 [Q3UK78-1];ENSMUST00000225411.2 [Q3UK78-1];ENSMUST00000225920.2 [Q3UK78-2];
Q3UKC1	Q3UKC1;		ENSMUST00000080723.11;
Q3UKC6	Q3UKC6;		
Q3UL36	Q3UL36;		ENSMUST00000048545.10 [Q3UL36-1];
Q3UL53	Q3UL53;		
Q3ULA2	Q3ULA2;		ENSMUST00000065601.13 [Q3ULA2-1];ENSMUST00000111936.4 [Q3ULA2-2];
Q3ULB5	Q3ULB5;		ENSMUST00000099557.10;ENSMUST00000110853.8;
Q3ULF4	Q3ULF4;		ENSMUST00000149248.9;
Q3ULJ0	Q3ULJ0;		ENSMUST00000084853.4 [Q3ULJ0-2];ENSMUST00000146623.8 [Q3ULJ0-1];
Q3ULJ6	Q3ULJ6;		
Q3ULN2	Q3ULN2;		
Q3ULR1	Q3ULR1;		
Q3ULW8	Q3ULW8;		ENSMUST00000067218.14 [Q3ULW8-2];ENSMUST00000112479.9 [Q3ULW8-1];ENSMUST00000123555.8 [Q3ULW8-2];
Q3ULZ2	Q3ULZ2;		ENSMUST00000091002.8;ENSMUST00000107689.7;
Q3UMB5	Q3UMB5;		ENSMUST00000056907.7 [Q3UMB5-1];ENSMUST00000102667.5 [Q3UMB5-2];
Q3UMB9	Q3UMB9;		ENSMUST00000038388.7;
Q3UMC0	Q3UMC0;		ENSMUST00000108112.10;
Q3UMM4	Q3UMM4;		ENSMUST00000036880.8;
Q3UMQ1	Q3UMQ1;		
Q3UMR0	Q3UMR0;		ENSMUST00000040844.16 [Q3UMR0-1];ENSMUST00000190503.7 [Q3UMR0-2];
Q3UMR5	Q3UMR5;		ENSMUST00000009791.7 [Q3UMR5-2];ENSMUST00000020312.13 [Q3UMR5-1];
Q3UMR6	Q3UMR6;		
Q3UMU9	Q3UMU9;		ENSMUST00000002911.10 [Q3UMU9-2];ENSMUST00000225843.2 [Q3UMU9-3];ENSMUST00000226053.2 [Q3UMU9-1];
Q3UMW7	Q3UMW7;		ENSMUST00000035194.8 [Q3UMW7-1];ENSMUST00000192054.2 [Q3UMW7-3];
Q3UMW8	Q3UMW8;		ENSMUST00000022721.8;
Q3UMY5	Q3UMY5;		
Q3UMZ3	Q3UMZ3;		ENSMUST00000068916.16 [Q3UMZ3-1];ENSMUST00000139836.8 [Q3UMZ3-2];
Q3UN02	Q3UN02;		ENSMUST00000067545.8;
Q3UN04	Q3UN04;		ENSMUST00000031588.12;
Q3UND0	Q3UND0;	1M0V;1U5E;1U5F;1U5G;2OTX;	ENSMUST00000078214.8 [Q3UND0-2];ENSMUST00000204778.3 [Q3UND0-1];
Q3UNH4	Q3UNH4;		ENSMUST00000099506.2;ENSMUST00000135343.2;
Q3UNK5	Q3UNK5;		
Q3UNW5	Q3UNW5;		ENSMUST00000027629.10;
Q3UNX5	Q3UNX5;		ENSMUST00000063770.10 [Q3UNX5-1];ENSMUST00000106526.2 [Q3UNX5-1];ENSMUST00000106527.8 [Q3UNX5-1];ENSMUST00000106528.8 [Q3UNX5-1];ENSMUST00000106529.8 [Q3UNX5-2];
Q3UP14			ENSMUST00000069451.11;ENSMUST00000161561.8;
Q3UP24	Q3UP24;	3JBL;4KXF;5AJ2;6B5B;	ENSMUST00000052124.9;
Q3UP38	Q3UP38;		ENSMUST00000071563.5 [Q3UP38-1];ENSMUST00000212051.2 [Q3UP38-2];
Q3UP87	Q3UP87;		ENSMUST00000046091.7;
Q3UPE1	Q3UPE1;		
Q3UPF5	Q3UPF5;	6L1W;7SZ2;7SZ3;	ENSMUST00000031850.10 [Q3UPF5-2];ENSMUST00000143702.5 [Q3UPF5-1];
Q3UPF7	Q3UPF7;		
Q3UPL0	Q3UPL0;		ENSMUST00000094578.11 [Q3UPL0-1];ENSMUST00000182886.8 [Q3UPL0-2];
Q3UPN1			ENSMUST00000029574.13;
Q3UPP8	Q3UPP8;		ENSMUST00000162655.9 [Q3UPP8-3];
Q3UPW2	Q3UPW2;	3JTG;	ENSMUST00000003135.14 [Q3UPW2-1];ENSMUST00000185752.2 [Q3UPW2-2];
Q3UQ17			ENSMUST00000093852.5;ENSMUST00000216150.2;
Q3UQ28	Q3UQ28;		ENSMUST00000122328.8;
Q3UQN2	Q3UQN2;		ENSMUST00000040340.16 [Q3UQN2-1];ENSMUST00000109403.2 [Q3UQN2-2];
Q3UQS8	Q3UQS8;	6SO9;6SOE;	ENSMUST00000164202.9 [Q3UQS8-1];
Q3UR32	Q3UR32;		ENSMUST00000028465.14;
Q3UR47	Q3UR47;		
Q3UR78	Q3UR78;		ENSMUST00000094869.12 [Q3UR78-1];ENSMUST00000114382.2 [Q3UR78-1];ENSMUST00000114383.8 [Q3UR78-1];
Q3UR85	Q3UR85;	5H5P;7DC3;	ENSMUST00000088013.12 [Q3UR85-1];ENSMUST00000186056.7 [Q3UR85-5];ENSMUST00000189897.2 [Q3UR85-3];
Q3URC9	Q3URC9;		
Q3URD3	Q3URD3;		ENSMUST00000038522.10 [Q3URD3-2];ENSMUST00000102956.8 [Q3URD3-2];ENSMUST00000139075.8 [Q3URD3-1];
Q3URK3	Q3URK3;		ENSMUST00000174189.2 [Q3URK3-1];
Q3URR7	Q3URR7;	4E6S;	ENSMUST00000095595.9 [Q3URR7-1];ENSMUST00000115509.8 [Q3URR7-3];ENSMUST00000120967.8 [Q3URR7-2];
Q3URS9	Q3URS9;		ENSMUST00000026735.9 [Q3URS9-1];
Q3URU2	Q3URU2;		ENSMUST00000051209.11 [Q3URU2-1];
Q3URV1	Q3URV1;		ENSMUST00000099739.5 [Q3URV1-1];
Q3US41	Q3US41;		ENSMUST00000108310.8 [Q3US41-5];ENSMUST00000108313.8 [Q3US41-3];
Q3USB7	Q3USB7;		ENSMUST00000042986.10;
Q3USJ8	Q3USJ8;	7WEG;	ENSMUST00000032931.9 [Q3USJ8-2];ENSMUST00000098250.10 [Q3USJ8-1];
Q3USS3	Q3USS3;		ENSMUST00000101448.5;
Q3USX5			ENSMUST00000109248.2;
Q3UTB7	Q3UTB7;		ENSMUST00000098837.3 [Q3UTB7-2];
Q3UTJ2	Q3UTJ2;		ENSMUST00000134675.8 [Q3UTJ2-6];ENSMUST00000141039.8 [Q3UTJ2-6];ENSMUST00000153798.8 [Q3UTJ2-3];
Q3UTQ8	Q3UTQ8;		ENSMUST00000087104.11 [Q3UTQ8-1];
Q3UTY6	Q3UTY6;		ENSMUST00000034829.6 [Q3UTY6-2];ENSMUST00000098660.10 [Q3UTY6-1];ENSMUST00000171654.8 [Q3UTY6-1];
Q3UU41	Q3UU41;		ENSMUST00000108534.9;
Q3UU96	Q3UU96;		ENSMUST00000097450.10 [Q3UU96-1];
Q3UUG6	Q3UUG6;		ENSMUST00000040474.11 [Q3UUG6-2];ENSMUST00000097376.10 [Q3UUG6-1];ENSMUST00000167791.9 [Q3UUG6-1];ENSMUST00000168378.8 [Q3UUG6-2];ENSMUST00000168410.9 [Q3UUG6-2];ENSMUST00000171189.8 [Q3UUG6-2];ENSMUST00000201089.4 [Q3UUG6-2];ENSMUST00000201301.4 [Q3UUG6-1];ENSMUST00000201805.4 [Q3UUG6-1];ENSMUST00000201960.4 [Q3UUG6-2];ENSMUST00000202925.4 [Q3UUG6-2];
Q3UUI3	Q3UUI3;		ENSMUST00000049822.10;
Q3UUN5	Q3UUN5;		
Q3UUQ5	Q3UUQ5;		
Q3UUQ7	Q3UUQ7;		ENSMUST00000097739.5 [Q3UUQ7-1];
Q3UUV5	Q3UUV5;		ENSMUST00000071510.14 [Q3UUV5-4];ENSMUST00000100521.10 [Q3UUV5-3];ENSMUST00000103154.11 [Q3UUV5-1];
Q3UUY6	Q3UUY6;		ENSMUST00000028855.14 [Q3UUY6-1];ENSMUST00000103214.3 [Q3UUY6-2];
Q3UV55	Q3UV55;		ENSMUST00000064941.7;
Q3UV74	Q3UV74;	2IUE;	ENSMUST00000000161.14 [Q3UV74-1];ENSMUST00000131567.8 [Q3UV74-2];
Q3UVC0	Q3UVC0;		ENSMUST00000180430.2;
Q3UVD5	Q3UVD5;		ENSMUST00000044828.14;
Q3UVK0	Q3UVK0;		ENSMUST00000159692.8 [Q3UVK0-1];
Q3UVL4	Q3UVL4;		ENSMUST00000025711.13 [Q3UVL4-1];ENSMUST00000160590.2 [Q3UVL4-3];
Q3UVR3	Q3UVR3;		ENSMUST00000057135.14 [Q3UVR3-1];ENSMUST00000085840.11 [Q3UVR3-1];
Q3UVU3	Q3UVU3;		ENSMUST00000061093.7 [Q3UVU3-1];
Q3UVX5	Q3UVX5;		ENSMUST00000155358.3 [Q3UVX5-1];
Q3UW12	Q3UW12;		ENSMUST00000033187.6 [Q3UW12-1];ENSMUST00000210344.2 [Q3UW12-2];
Q3UW53	Q3UW53;		ENSMUST00000148810.8;
Q3UWA6	Q3UWA6;		ENSMUST00000032338.10 [Q3UWA6-1];ENSMUST00000078095.11 [Q3UWA6-2];
Q3UWM4	Q3UWM4;		ENSMUST00000002305.9;
Q3UXD8	Q3UXD8;		
Q3UXZ9	Q3UXZ9;		ENSMUST00000005108.10;
Q3UY39	Q3UY39;		
Q3UYC0	Q3UYC0;		ENSMUST00000067918.12 [Q3UYC0-1];ENSMUST00000161487.8 [Q3UYC0-2];
Q3UYC9	Q3UYC9;		
Q3UYG8	Q3UYG8;		ENSMUST00000078027.12;ENSMUST00000110064.8;
Q3UYH8	Q3UYH8;		
Q3UYI6	Q3UYI6;	7Q3E;	ENSMUST00000209132.2 [Q3UYI6-2];
Q3UYK2	Q3UYK2;		
Q3UYL0	Q3UYL0;		
Q3UYV9	Q3UYV9;	3UKZ;3UL0;	ENSMUST00000030014.9;
Q3UZD5	Q3UZD5;		ENSMUST00000091900.11 [Q3UZD5-1];
Q3UZE4	Q3UZE4;		
Q3UZP0	Q3UZP0;		ENSMUST00000022137.14;ENSMUST00000225754.2;
Q3UZV7	Q3UZV7;		ENSMUST00000069538.14 [Q3UZV7-1];ENSMUST00000115348.9 [Q3UZV7-6];ENSMUST00000134991.8 [Q3UZV7-2];ENSMUST00000154662.8 [Q3UZV7-4];
Q3UZZ2	Q3UZZ2;		
Q3UZZ6	Q3UZZ6;	2ZPT;2ZVP;2ZVQ;2ZYT;2ZYU;2ZYV;2ZYW;	ENSMUST00000113314.3;
Q3V016	Q3V016;		ENSMUST00000037134.7 [Q3V016-2];ENSMUST00000108353.9 [Q3V016-1];
Q3V079	Q3V079;		ENSMUST00000081828.13;
Q3V0B4	Q3V0B4;		ENSMUST00000094844.4;
Q3V0C5	Q3V0C5;		ENSMUST00000055131.13 [Q3V0C5-1];
Q3V0F0	Q3V0F0;		ENSMUST00000169803.5;
Q3V0I2	Q3V0I2;		ENSMUST00000046533.9;
Q3V0J1	Q3V0J1;		ENSMUST00000087475.11 [Q3V0J1-3];ENSMUST00000094917.10 [Q3V0J1-2];ENSMUST00000186794.7 [Q3V0J1-1];
Q3V0K9	Q3V0K9;		ENSMUST00000093800.9;
Q3V0Q6	Q3V0Q6;	8I7R;8IYJ;8TO0;	ENSMUST00000084646.11 [Q3V0Q6-1];ENSMUST00000107870.3 [Q3V0Q6-2];
Q3V0Q7	Q3V0Q7;		ENSMUST00000096200.6;
Q3V113			ENSMUST00000107413.2;
Q3V129	Q3V129;		ENSMUST00000171061.8 [Q3V129-3];
Q3V132	Q3V132;		ENSMUST00000091184.9;
Q3V140	Q3V140;		ENSMUST00000088294.12 [Q3V140-1];ENSMUST00000112414.8 [Q3V140-2];
Q3V188	Q3V188;		ENSMUST00000023105.5 [Q3V188-2];ENSMUST00000100249.10 [Q3V188-1];
Q3V1D5	Q3V1D5;		ENSMUST00000056866.8;
Q3V1G4	Q3V1G4;		ENSMUST00000046792.9;
Q3V1H1	Q3V1H1;		ENSMUST00000046916.9;
Q3V1H3	Q3V1H3;		ENSMUST00000159985.2;
Q3V1L4	Q3V1L4;		ENSMUST00000168536.9;ENSMUST00000236501.2;
Q3V1N1	Q3V1N1;		ENSMUST00000037666.6;
Q3V1N9	Q3V1N9;		ENSMUST00000030585.8 [Q3V1N9-1];ENSMUST00000106077.8 [Q3V1N9-2];
Q3V1T4	Q3V1T4;		ENSMUST00000081606.7 [Q3V1T4-3];ENSMUST00000121111.9 [Q3V1T4-1];
Q3V1X3			
Q3V235	Q3V235;		
Q3V2A7	Q3V2A7;		ENSMUST00000093909.12;
Q3V300	Q3V300;		ENSMUST00000032915.8;
Q3V3I2	Q3V3I2;		ENSMUST00000030561.9;
Q3V3N7	Q3V3N7;		ENSMUST00000053506.8;
Q3V3R1	Q3V3R1;	2EO2;	ENSMUST00000043735.8;ENSMUST00000117291.8;ENSMUST00000120585.8;
Q3V3R4	Q3V3R4;		ENSMUST00000061673.9;
Q3V3V9	Q3V3V9;		
Q3V3Z3	Q3V3Z3;		ENSMUST00000074570.10 [Q3V3Z3-2];ENSMUST00000166802.9 [Q3V3Z3-1];
Q3V5L4			
Q3ZAS0	Q3ZAS0;		ENSMUST00000027231.13;
Q3ZAX5	Q3ZAX5;		
Q3ZK22	Q3ZK22;		ENSMUST00000047711.13 [Q3ZK22-1];ENSMUST00000118077.8 [Q3ZK22-3];ENSMUST00000118205.8 [Q3ZK22-4];ENSMUST00000150704.8 [Q3ZK22-2];
Q3ZN08	Q3ZN08;		ENSMUST00000196487.2;ENSMUST00000200267.2;
Q402U7	Q402U7;		ENSMUST00000098345.3 [Q402U7-1];
Q45KJ6	Q45KJ6;		ENSMUST00000079390.7 [Q45KJ6-2];
Q45VK7			ENSMUST00000048417.13 [Q45VK7-1];ENSMUST00000140466.8 [Q45VK7-1];ENSMUST00000147193.8 [Q45VK7-2];
Q497H5			
Q497L9	Q497L9;		ENSMUST00000093775.12;
Q499E0	Q499E0;		ENSMUST00000074622.11;ENSMUST00000166814.8;
Q499E4	Q499E4;		ENSMUST00000078367.12 [Q499E4-1];ENSMUST00000112884.2 [Q499E4-2];ENSMUST00000112885.9 [Q499E4-1];ENSMUST00000112886.9 [Q499E4-2];
Q49B93	Q49B93;		ENSMUST00000045972.13 [Q49B93-2];ENSMUST00000111026.3 [Q49B93-1];
Q4ACU6	Q4ACU6;	3O5N;5IZU;6KYH;6KYK;	ENSMUST00000109309.9 [Q4ACU6-1];ENSMUST00000230807.2 [Q4ACU6-6];
Q4FJL1	Q4FJL1;		
Q4FJL8	Q4FJL8;		
Q4FJQ0	Q4FJQ0;		
Q4FJQ7	Q4FJQ7;		
Q4FJV3	Q4FJV3;		
Q4FJV4	Q4FJV4;		
Q4FJX9	Q4FJX9;		
Q4FJY5	Q4FJY5;		
Q4FK56	Q4FK56;		
Q4FZC9	Q4FZC9;		ENSMUST00000067005.11 [Q4FZC9-2];ENSMUST00000095439.11 [Q4FZC9-1];ENSMUST00000109927.2 [Q4FZC9-2];
Q4FZD7	Q4FZD7;		ENSMUST00000105351.2;
Q4JIM5	Q4JIM5;	4XLI;	
Q4JK59	Q4JK59;		ENSMUST00000098603.8 [Q4JK59-1];
Q4KL25	Q4KL25;	6C14;	ENSMUST00000080780.8;ENSMUST00000232862.2;ENSMUST00000232974.2;
Q4KML7	Q4KML7;		
Q4KMM3	Q4KMM3;		ENSMUST00000022918.15 [Q4KMM3-2];ENSMUST00000090095.13 [Q4KMM3-3];ENSMUST00000090096.11 [Q4KMM3-3];ENSMUST00000110297.10 [Q4KMM3-1];ENSMUST00000179393.8 [Q4KMM3-3];ENSMUST00000230203.2 [Q4KMM3-4];
Q4KUS2	Q4KUS2;	7T7C;7T7R;7T7V;7T7X;7T81;	ENSMUST00000030170.15;
Q4KWH5	Q4KWH5;		ENSMUST00000084105.12 [Q4KWH5-1];ENSMUST00000159676.9 [Q4KWH5-3];ENSMUST00000162269.9 [Q4KWH5-4];
Q4LDD4	Q4LDD4;	5XHZ;	ENSMUST00000084895.12 [Q4LDD4-3];ENSMUST00000084896.10 [Q4LDD4-1];ENSMUST00000107010.9 [Q4LDD4-2];
Q4LDG0	Q4LDG0;		ENSMUST00000032539.14;
Q4PZA2	Q4PZA2;		ENSMUST00000102518.10 [Q4PZA2-3];
Q4QRL3	Q4QRL3;		ENSMUST00000113440.2 [Q4QRL3-1];
Q4QY64	Q4QY64;		ENSMUST00000017694.7 [Q4QY64-1];
Q4U2R1			ENSMUST00000076226.13 [Q4U2R1-1];ENSMUST00000164095.3 [Q4U2R1-1];ENSMUST00000205303.2 [Q4U2R1-2];
Q4U4S6	Q4U4S6;		ENSMUST00000028410.4 [Q4U4S6-1];ENSMUST00000112347.8 [Q4U4S6-2];ENSMUST00000239060.2 [Q4U4S6-3];
Q4V9Z5	Q4V9Z5;		ENSMUST00000106332.3 [Q4V9Z5-3];ENSMUST00000106333.8 [Q4V9Z5-2];ENSMUST00000106335.8 [Q4V9Z5-1];
Q4VA61	Q4VA61;		ENSMUST00000034592.11;
Q4VA93		6UWA;	ENSMUST00000059595.11;
Q4VAA7	Q4VAA7;		ENSMUST00000050916.7;
Q4VAE3	Q4VAE3;		ENSMUST00000072113.6;
Q4VAE6	Q4VAE6;		
Q4VBD2	Q4VBD2;		ENSMUST00000055128.12;
Q4VBD9	Q4VBD9;		ENSMUST00000028928.8;
Q4VBE4	Q4VBE4;		ENSMUST00000058593.10 [Q4VBE4-2];ENSMUST00000096494.5 [Q4VBE4-1];
Q4VC33	Q4VC33;		ENSMUST00000114449.7 [Q4VC33-1];
Q4VGL6	Q4VGL6;	4QI0;4QI2;4TXA;5F5F;5F5H;6TQA;6TQB;	ENSMUST00000161609.8;
Q4ZJM7	Q4ZJM7;		ENSMUST00000053013.6;
Q4ZJM9	Q4ZJM9;		ENSMUST00000064462.5;
Q4ZJN1	Q4ZJN1;		ENSMUST00000025940.7 [Q4ZJN1-1];
Q501J6	Q501J6;		ENSMUST00000229431.2 [Q501J6-2];ENSMUST00000229877.2 [Q501J6-1];
Q501J7	Q501J7;		ENSMUST00000084170.12 [Q501J7-2];ENSMUST00000084249.11 [Q501J7-3];ENSMUST00000102568.10 [Q501J7-1];
Q501P1	Q501P1;		ENSMUST00000028864.3;ENSMUST00000110324.8;
Q504P2	Q504P2;		
Q505B8	Q505B8;		ENSMUST00000136026.8 [Q505B8-1];
Q505F1	Q505F1;		ENSMUST00000092213.11 [Q505F1-1];ENSMUST00000099343.2 [Q505F1-1];ENSMUST00000105290.9 [Q505F1-1];
Q505H4	Q505H4;		ENSMUST00000053922.12 [Q505H4-1];ENSMUST00000161937.2 [Q505H4-4];ENSMUST00000162182.2 [Q505H4-2];
Q50H32	Q50H32;		ENSMUST00000094715.9;
Q50L41	Q50L41;		ENSMUST00000054651.8;
Q50L42	Q50L42;		ENSMUST00000090071.5 [Q50L42-1];
Q50L43	Q50L43;		ENSMUST00000094665.5;
Q52KB6	Q52KB6;		ENSMUST00000051777.15 [Q52KB6-1];
Q52KE7	Q52KE7;		ENSMUST00000029416.14 [Q52KE7-1];
Q52KF3	Q52KF3;		ENSMUST00000082243.7 [Q52KF3-1];
Q52KG5	Q52KG5;		ENSMUST00000128402.3;
Q52KI8	Q52KI8;		
Q52KR2	Q52KR2;		ENSMUST00000046316.11 [Q52KR2-1];ENSMUST00000199070.5 [Q52KR2-2];
Q52KR3			ENSMUST00000087689.5 [Q52KR3-1];ENSMUST00000223920.2 [Q52KR3-4];ENSMUST00000225351.2 [Q52KR3-3];
Q52L78	Q52L78;		
Q53Z05	Q53Z05;		
Q540D7	Q540D7;		
Q540I4	Q540I4;		
Q541T2	Q541T2;		
Q542C2	Q542C2;		
Q542D9	Q542D9;		
Q542G9	Q542G9;		
Q542J9	Q542J9;		
Q542P9	Q542P9;		
Q542T9	Q542T9;		
Q542Y0	Q542Y0;		
Q543C0	Q543C0;		
Q543D4	Q543D4;		
Q543H2	Q543H2;		
Q543N5	Q543N5;		
Q543T1	Q543T1;		
Q544E0	Q544E0;		
Q544E9	Q544E9;		
Q544G5	Q544G5;		
Q544J5	Q544J5;		
Q544U0	Q544U0;		
Q544U5	Q544U5;		
Q544V2	Q544V2;		
Q544Z7	Q544Z7;		
Q545F0	Q545F0;		
Q545V4	Q545V4;		
Q547H1	Q547H1;		
Q548L4	Q548L4;		
Q548Y4	Q548Y4;		
Q549A5	Q549A5;		
Q549C9	Q549C9;		
Q54AA2	Q54AA2;		
Q54AA6	Q54AA6;		
Q564P6	Q564P6;		
Q569L8	Q569L8;		ENSMUST00000065302.8;ENSMUST00000225951.2;
Q569Z5	Q569Z5;		ENSMUST00000223736.2 [Q569Z5-1];
Q569Z6	Q569Z6;		ENSMUST00000080919.12;
Q56A07	Q56A07;		ENSMUST00000170998.9;
Q571B6	Q571B6;		ENSMUST00000165460.2 [Q571B6-1];ENSMUST00000209044.2 [Q571B6-2];
Q571I4	Q571I4;		ENSMUST00000110492.2;
Q571J5	Q571J5;		ENSMUST00000000632.7;ENSMUST00000109135.9;
Q571J8	Q571J8;		
Q571K4	Q571K4;	3A9K;	ENSMUST00000048250.10;
Q58A65	Q58A65;		ENSMUST00000041956.14 [Q58A65-2];ENSMUST00000075695.13 [Q58A65-3];
Q58E49	Q58E49;		
Q58FA4	Q58FA4;		ENSMUST00000058745.15;ENSMUST00000119223.2;
Q58NB6	Q58NB6;		ENSMUST00000063690.4;
Q5BJ29	Q5BJ29;		ENSMUST00000059204.11;
Q5BKP2	Q5BKP2;		ENSMUST00000072312.12;
Q5BKR2	Q5BKR2;		ENSMUST00000051849.10 [Q5BKR2-1];
Q5BL07	Q5BL07;	1WLF;	ENSMUST00000006061.13 [Q5BL07-2];ENSMUST00000121291.8 [Q5BL07-1];
Q5BLK4	Q5BLK4;		
Q5BN45	Q5BN45;	8I7R;8IYJ;8TO0;	ENSMUST00000086370.11;
Q5D1E7	Q5D1E7;	2N5J;2N5K;2N5L;5H9V;5H9W;	ENSMUST00000036188.8;
Q5DID3	Q5DID3;		ENSMUST00000114555.3 [Q5DID3-2];ENSMUST00000235156.2 [Q5DID3-3];ENSMUST00000237889.2 [Q5DID3-1];
Q5DQR4	Q5DQR4;		ENSMUST00000114775.8 [Q5DQR4-6];ENSMUST00000114780.8 [Q5DQR4-4];ENSMUST00000114781.8 [Q5DQR4-2];ENSMUST00000114782.8 [Q5DQR4-3];ENSMUST00000114787.8 [Q5DQR4-1];
Q5DTH5	Q5DTH5;		ENSMUST00000060303.10;
Q5DTK1	Q5DTK1;		ENSMUST00000080721.6;ENSMUST00000238155.2;
Q5DTL9	Q5DTL9;		ENSMUST00000054484.15 [Q5DTL9-3];ENSMUST00000102735.10 [Q5DTL9-2];ENSMUST00000112480.3 [Q5DTL9-1];
Q5DTM8	Q5DTM8;		ENSMUST00000029989.11 [Q5DTM8-1];ENSMUST00000167496.8 [Q5DTM8-1];
Q5DTT2	Q5DTT2;		ENSMUST00000041391.5 [Q5DTT2-1];ENSMUST00000096029.12 [Q5DTT2-3];ENSMUST00000224556.2 [Q5DTT2-2];ENSMUST00000225323.2 [Q5DTT2-3];
Q5DU00	Q5DU00;		ENSMUST00000036932.15 [Q5DU00-2];
Q5DU02	Q5DU02;		ENSMUST00000041683.9;
Q5DU05	Q5DU05;		
Q5DU14	Q5DU14;		ENSMUST00000207204.2 [Q5DU14-3];ENSMUST00000207477.2 [Q5DU14-1];
Q5DU37	Q5DU37;		ENSMUST00000021547.8 [Q5DU37-1];
Q5DU41	Q5DU41;		ENSMUST00000112707.3 [Q5DU41-1];
Q5DU52	Q5DU52;		
Q5DU56	Q5DU56;		ENSMUST00000180200.8 [Q5DU56-3];
Q5DU57	Q5DU57;		
Q5DW34	Q5DW34;		ENSMUST00000046227.12 [Q5DW34-3];ENSMUST00000114432.9 [Q5DW34-2];ENSMUST00000147147.8 [Q5DW34-1];
Q5EBH1	Q5EBH1;	1RFH;2FNF;2YMY;3DDC;	ENSMUST00000027688.15 [Q5EBH1-1];ENSMUST00000068564.15 [Q5EBH1-2];
Q5EBJ4	Q5EBJ4;		ENSMUST00000090940.6;
Q5EBP3	Q5EBP3;		ENSMUST00000044660.6;
Q5EE38	Q5EE38;		ENSMUST00000042608.8 [Q5EE38-1];
Q5EG47	Q5EG47;	5UFU;	ENSMUST00000051186.9;
Q5F201	Q5F201;	8I7O;8I7R;8IYJ;8TO0;	ENSMUST00000021287.12 [Q5F201-1];ENSMUST00000126766.2 [Q5F201-2];
Q5F2C3	Q5F2C3;		ENSMUST00000094193.3 [Q5F2C3-1];
Q5F2E8	Q5F2E8;		ENSMUST00000017435.11;ENSMUST00000058496.8;
Q5F2L2	Q5F2L2;		ENSMUST00000066173.12 [Q5F2L2-1];ENSMUST00000110527.9 [Q5F2L2-3];ENSMUST00000161502.2 [Q5F2L2-1];ENSMUST00000161788.8 [Q5F2L2-2];
Q5FW52	Q5FW52;		ENSMUST00000034910.16 [Q5FW52-1];ENSMUST00000183955.8 [Q5FW52-3];ENSMUST00000184848.8 [Q5FW52-2];ENSMUST00000185039.8 [Q5FW52-4];
Q5FW60	Q5FW60;	2L9C;	ENSMUST00000074018.4;
Q5FW85	Q5FW85;		ENSMUST00000051504.8;
Q5FWH3	Q5FWH3;		ENSMUST00000105855.2;
Q5FWH6	Q5FWH6;		ENSMUST00000065040.13 [Q5FWH6-1];ENSMUST00000108671.2 [Q5FWH6-1];
Q5FWH7	Q5FWH7;		ENSMUST00000082290.8 [Q5FWH7-1];ENSMUST00000114731.8 [Q5FWH7-2];
Q5FWI2	Q5FWI2;		ENSMUST00000189037.2;
Q5FWI3	Q5FWI3;		ENSMUST00000025663.8;ENSMUST00000096194.9;
Q5G5D5	Q5G5D5;		ENSMUST00000149604.5;
Q5GH67	Q5GH67;		ENSMUST00000070533.5;
Q5GIG6	Q5GIG6;		ENSMUST00000064076.6 [Q5GIG6-1];ENSMUST00000143410.7 [Q5GIG6-2];
Q5H8C4			ENSMUST00000068156.8 [Q5H8C4-1];
Q5HZG4	Q5HZG4;	2K16;2K17;	ENSMUST00000026888.11 [Q5HZG4-1];
Q5HZG9	Q5HZG9;		ENSMUST00000166737.2;
Q5HZH7	Q5HZH7;		ENSMUST00000036748.15;
Q5HZI1	Q5HZI1;		
Q5HZJ0	Q5HZJ0;		ENSMUST00000090292.13;ENSMUST00000169061.8;
Q5I012	Q5I012;		ENSMUST00000045402.14 [Q5I012-3];ENSMUST00000053692.9 [Q5I012-6];ENSMUST00000076697.13 [Q5I012-5];ENSMUST00000103018.11 [Q5I012-1];
Q5I043	Q5I043;		ENSMUST00000047349.8 [Q5I043-1];ENSMUST00000213874.2 [Q5I043-2];
Q5I1X5	Q5I1X5;		ENSMUST00000047621.14;
Q5IBH7	Q5IBH7;		ENSMUST00000124001.8 [Q5IBH7-1];ENSMUST00000144142.2 [Q5IBH7-2];ENSMUST00000167641.8 [Q5IBH7-2];
Q5IRJ6	Q5IRJ6;		ENSMUST00000162372.8 [Q5IRJ6-1];
Q5ISE2	Q5ISE2;		ENSMUST00000071711.4;
Q5JCT0	Q5JCT0;		ENSMUST00000034751.6;
Q5K6N0	Q5K6N0;		ENSMUST00000062161.7 [Q5K6N0-1];ENSMUST00000086722.10 [Q5K6N0-1];ENSMUST00000233117.2 [Q5K6N0-3];ENSMUST00000233738.2 [Q5K6N0-2];
Q5KU39	Q5KU39;		ENSMUST00000072961.6;
Q5M8M9	Q5M8M9;		ENSMUST00000036643.6;
Q5MJS3	Q5MJS3;		ENSMUST00000026972.8;
Q5MPP0	Q5MPP0;		ENSMUST00000038475.9 [Q5MPP0-1];
Q5NBX1	Q5NBX1;	3TU5;4JHD;5YPU;6JBK;6JCU;6JH8;6JH9;	ENSMUST00000046755.14 [Q5NBX1-1];ENSMUST00000109650.8 [Q5NBX1-2];ENSMUST00000172919.8 [Q5NBX1-5];
Q5NBY9	Q5NBY9;	6GUV;	ENSMUST00000110043.8;
Q5NC57	Q5NC57;	8IYJ;	ENSMUST00000060581.5 [Q5NC57-2];ENSMUST00000094156.12 [Q5NC57-1];
Q5NCC3	Q5NCC3;		ENSMUST00000047145.14;
Q5NCC9	Q5NCC9;		ENSMUST00000075084.5;
Q5NCH9	Q5NCH9;		ENSMUST00000000631.8;ENSMUST00000171427.8;
Q5NCP0	Q5NCP0;		ENSMUST00000040089.5 [Q5NCP0-2];ENSMUST00000092800.12 [Q5NCP0-1];ENSMUST00000165679.8 [Q5NCP0-1];
Q5NCQ5	Q5NCQ5;		ENSMUST00000044949.11;
Q5NCY0	Q5NCY0;	4EYU;4EZ4;4EZH;	ENSMUST00000094077.5;
Q5ND04	Q5ND04;		ENSMUST00000093956.4;
Q5ND28	Q5ND28;		ENSMUST00000042808.13;
Q5ND34	Q5ND34;		ENSMUST00000173320.8 [Q5ND34-1];
Q5ND51	Q5ND51;		
Q5PT53	Q5PT53;		ENSMUST00000034111.10 [Q5PT53-1];ENSMUST00000209490.2 [Q5PT53-2];ENSMUST00000209992.2 [Q5PT53-3];ENSMUST00000211286.2 [Q5PT53-1];
Q5QD04	Q5QD04;	8ITF;8IW1;8IW4;8IW7;8IW9;8IWE;8IWM;	ENSMUST00000041180.7;
Q5QD05	Q5QD05;		ENSMUST00000170267.3;
Q5QD14	Q5QD14;		ENSMUST00000092659.4;
Q5QD15	Q5QD15;		ENSMUST00000092660.2;
Q5QNQ9	Q5QNQ9;		ENSMUST00000036300.13;
Q5QNS5	Q5QNS5;	2OR8;	
Q5RJG7	Q5RJG7;		ENSMUST00000062041.6 [Q5RJG7-1];ENSMUST00000220519.2 [Q5RJG7-3];ENSMUST00000221452.2 [Q5RJG7-5];ENSMUST00000221895.2 [Q5RJG7-2];ENSMUST00000223068.2 [Q5RJG7-4];
Q5RJI4	Q5RJI4;		ENSMUST00000170794.8 [Q5RJI4-1];
Q5RJI5	Q5RJI5;	5IRI;	ENSMUST00000048248.9 [Q5RJI5-1];ENSMUST00000205666.2 [Q5RJI5-4];ENSMUST00000206024.2 [Q5RJI5-2];
Q5RJY2	Q5RJY2;		ENSMUST00000054308.13;
Q5RKR3	Q5RKR3;		ENSMUST00000114144.9;ENSMUST00000163897.8;ENSMUST00000165276.2;ENSMUST00000170421.8;ENSMUST00000215950.2;
Q5RKZ7	Q5RKZ7;		ENSMUST00000024797.16 [Q5RKZ7-2];ENSMUST00000173033.8 [Q5RKZ7-1];
Q5S003	Q5S003;		ENSMUST00000164539.2;
Q5S006	Q5S006;		ENSMUST00000060642.7;
Q5S248	Q5S248;		ENSMUST00000161306.2;
Q5SDA5	Q5SDA5;		ENSMUST00000042530.4;
Q5SF07	Q5SF07;		ENSMUST00000100052.11 [Q5SF07-1];
Q5SGK3	Q5SGK3;		ENSMUST00000114366.3;
Q5SNZ0	Q5SNZ0;		ENSMUST00000040182.13 [Q5SNZ0-2];
Q5SPL2	Q5SPL2;		ENSMUST00000049167.14 [Q5SPL2-1];ENSMUST00000108360.8 [Q5SPL2-2];
Q5SPW0	Q5SPW0;	3N1B;3N1E;	ENSMUST00000006221.14 [Q5SPW0-1];ENSMUST00000109578.8 [Q5SPW0-2];
Q5SQF8	Q5SQF8;		ENSMUST00000020826.6;
Q5SQP1	Q5SQP1;		ENSMUST00000109948.8 [Q5SQP1-1];ENSMUST00000109949.8 [Q5SQP1-1];
Q5SQX6	Q5SQX6;		ENSMUST00000093165.12;ENSMUST00000093166.11;ENSMUST00000165599.9;
Q5SRY7	Q5SRY7;		ENSMUST00000076383.8 [Q5SRY7-2];ENSMUST00000093205.13 [Q5SRY7-1];ENSMUST00000109366.8 [Q5SRY7-3];
Q5SSE9			ENSMUST00000042740.13 [Q5SSE9-1];
Q5SSF7	Q5SSF7;	7CQZ;	ENSMUST00000061455.9;
Q5SSG4	Q5SSG4;		ENSMUST00000052521.9;
Q5SSG5	Q5SSG5;		ENSMUST00000021022.10;ENSMUST00000108140.10;ENSMUST00000164425.2;
Q5SSH7			ENSMUST00000069395.7 [Q5SSH7-2];
Q5SSL4	Q5SSL4;		ENSMUST00000065028.14 [Q5SSL4-3];ENSMUST00000072740.13 [Q5SSL4-1];ENSMUST00000094012.11 [Q5SSL4-2];ENSMUST00000108408.9 [Q5SSL4-4];
Q5SSM3	Q5SSM3;		ENSMUST00000047463.15 [Q5SSM3-2];ENSMUST00000093001.5 [Q5SSM3-4];ENSMUST00000093002.12 [Q5SSM3-1];
Q5SSW2	Q5SSW2;		ENSMUST00000041231.14 [Q5SSW2-1];
Q5SSZ5	Q5SSZ5;		ENSMUST00000020695.13 [Q5SSZ5-1];
Q5SSZ7	Q5SSZ7;	4C86;4C8A;4C8C;4C8F;4C8P;4C99;4C9A;4C9E;4CDJ;4CDK;4UFS;	ENSMUST00000109867.8 [Q5SSZ7-1];ENSMUST00000172492.8 [Q5SSZ7-2];
Q5SU94			
Q5SUA5	Q5SUA5;		ENSMUST00000003459.4;
Q5SUC9	Q5SUC9;		ENSMUST00000092996.5;
Q5SUE7	Q5SUE7;		ENSMUST00000144629.8 [Q5SUE7-1];
Q5SUF6			ENSMUST00000103166.9;
Q5SUF7	Q5SUF7;		ENSMUST00000107789.8;
Q5SUG0			ENSMUST00000107793.8;
Q5SUG3			ENSMUST00000107788.8;
Q5SUG4			ENSMUST00000100561.10;
Q5SUQ9	Q5SUQ9;		ENSMUST00000021278.14 [Q5SUQ9-2];ENSMUST00000116359.3 [Q5SUQ9-1];
Q5SUV5	Q5SUV5;		
Q5SV06	Q5SV06;		ENSMUST00000092926.11;
Q5SV66	Q5SV66;		ENSMUST00000102612.2 [Q5SV66-2];ENSMUST00000154294.8 [Q5SV66-1];
Q5SV77	Q5SV77;		ENSMUST00000018547.9 [Q5SV77-4];ENSMUST00000108081.9 [Q5SV77-2];ENSMUST00000154915.9 [Q5SV77-1];ENSMUST00000168434.8 [Q5SV77-1];ENSMUST00000172405.8 [Q5SV77-2];
Q5SV80	Q5SV80;		ENSMUST00000020837.7 [Q5SV80-2];ENSMUST00000093969.11 [Q5SV80-1];
Q5SVD0	Q5SVD0;		ENSMUST00000021207.7;
Q5SVQ0	Q5SVQ0;		ENSMUST00000072621.12 [Q5SVQ0-2];ENSMUST00000092766.12 [Q5SVQ0-1];ENSMUST00000103159.10 [Q5SVQ0-5];ENSMUST00000107733.10 [Q5SVQ0-4];ENSMUST00000107734.10 [Q5SVQ0-3];
Q5SVU3	Q5SVU3;		
Q5SW18	Q5SW18;		
Q5SW45	Q5SW45;		ENSMUST00000038196.7;
Q5SW46	Q5SW46;		ENSMUST00000103177.10;
Q5SW75	Q5SW75;		ENSMUST00000037912.12 [Q5SW75-1];
Q5SWK7	Q5SWK7;		ENSMUST00000019333.10;
Q5SWU9	Q5SWU9;		ENSMUST00000020843.13 [Q5SWU9-1];ENSMUST00000103201.8 [Q5SWU9-1];
Q5SWZ9	Q5SWZ9;	4GGJ;4GGK;	ENSMUST00000125307.2 [Q5SWZ9-1];
Q5SX39	Q5SX39;	7NEP;7QIN;7QIO;	ENSMUST00000018632.11;ENSMUST00000170942.2;
Q5SX40	Q5SX40;		ENSMUST00000018637.15;ENSMUST00000075734.6;ENSMUST00000124516.8;
Q5SXA9	Q5SXA9;	6J68;6J69;6JJW;6JJX;6JJY;	ENSMUST00000018993.7;
Q5SXI5	Q5SXI5;	2NAB;	ENSMUST00000013262.15 [Q5SXI5-1];ENSMUST00000101150.9 [Q5SXI5-3];
Q5SXJ3	Q5SXJ3;		ENSMUST00000044423.4;
Q5SXY1	Q5SXY1;		ENSMUST00000049836.14 [Q5SXY1-2];ENSMUST00000092415.9 [Q5SXY1-3];ENSMUST00000108709.8 [Q5SXY1-1];ENSMUST00000201624.4 [Q5SXY1-2];ENSMUST00000201671.4 [Q5SXY1-2];ENSMUST00000202389.4 [Q5SXY1-1];ENSMUST00000202905.4 [Q5SXY1-1];
Q5SYD0	Q5SYD0;		ENSMUST00000041065.14 [Q5SYD0-1];ENSMUST00000070997.6 [Q5SYD0-2];
Q5SZ99	Q5SZ99;		ENSMUST00000074067.4;ENSMUST00000226039.2;
Q5SZV5	Q5SZV5;		ENSMUST00000006893.9;
Q5TIS6	Q5TIS6;		ENSMUST00000089578.9;
Q5U405	Q5U405;		
Q5U421	Q5U421;		
Q5U430	Q5U430;		ENSMUST00000055758.16 [Q5U430-1];
Q5U431	Q5U431;		
Q5U4C9	Q5U4C9;		ENSMUST00000004281.10;
Q5U4D8	Q5U4D8;		ENSMUST00000080431.8;ENSMUST00000114668.7;ENSMUST00000202520.4;ENSMUST00000202556.4;
Q5U4E0	Q5U4E0;		ENSMUST00000162280.2;
Q5U4E2	Q5U4E2;		ENSMUST00000009420.15;ENSMUST00000163452.7;
Q5U4F6	Q5U4F6;		ENSMUST00000113711.3;
Q5U5M8	Q5U5M8;		ENSMUST00000077408.8;
Q5U5Q9	Q5U5Q9;	3A1Q;6GVW;	
Q5U647	Q5U647;		
Q5UKY4	Q5UKY4;		ENSMUST00000048479.14 [Q5UKY4-1];ENSMUST00000077178.13 [Q5UKY4-6];ENSMUST00000114611.10 [Q5UKY4-3];ENSMUST00000114612.8 [Q5UKY4-7];ENSMUST00000114613.9 [Q5UKY4-2];ENSMUST00000114622.10 [Q5UKY4-8];ENSMUST00000164007.8 [Q5UKY4-4];ENSMUST00000171779.8 [Q5UKY4-9];
Q5UW37	Q5UW37;		ENSMUST00000200880.4;
Q5VCS6	Q5VCS6;		ENSMUST00000121146.10 [Q5VCS6-1];
Q5XF90	Q5XF90;		
Q5XJE5	Q5XJE5;		ENSMUST00000048937.6 [Q5XJE5-1];
Q5XJV6	Q5XJV6;		
Q5XJV7	Q5XJV7;		ENSMUST00000042889.12 [Q5XJV7-1];ENSMUST00000113155.2 [Q5XJV7-2];ENSMUST00000113157.8 [Q5XJV7-2];
Q5XJY4	Q5XJY4;		ENSMUST00000048642.15;
Q5XJY5	Q5XJY5;	5A1U;5A1V;5A1W;5A1X;5A1Y;5NZR;5NZS;5NZT;5NZU;5NZV;	ENSMUST00000034607.10;
Q5XKN4	Q5XKN4;		ENSMUST00000101070.5;
Q5XPT3	Q5XPT3;		ENSMUST00000068586.13 [Q5XPT3-1];ENSMUST00000090582.11 [Q5XPT3-2];ENSMUST00000176289.8 [Q5XPT3-3];
Q5XZF2			
Q5Y4Y6	Q5Y4Y6;	5B5R;6CB8;	ENSMUST00000073295.3;
Q5Y5T1	Q5Y5T1;		ENSMUST00000089473.5 [Q5Y5T1-2];ENSMUST00000226057.2 [Q5Y5T1-1];
Q5Y5T2	Q5Y5T2;		ENSMUST00000084238.5;
Q5Y5T5	Q5Y5T5;		ENSMUST00000076957.7;
Q5YD48	Q5YD48;		ENSMUST00000075838.8 [Q5YD48-1];ENSMUST00000224304.2 [Q5YD48-2];ENSMUST00000224564.2 [Q5YD48-3];
Q60519	Q60519;		ENSMUST00000050625.15 [Q60519-1];ENSMUST00000120756.8 [Q60519-3];
Q60520	Q60520;	1G1E;1S5Q;1S5R;2L9S;2LD7;2N2H;2RMR;2RMS;	ENSMUST00000049169.6 [Q60520-2];ENSMUST00000167715.8 [Q60520-2];ENSMUST00000168177.8 [Q60520-1];ENSMUST00000168502.8 [Q60520-1];ENSMUST00000168678.8 [Q60520-2];
Q60571	Q60571;		ENSMUST00000221025.2;
Q60575	Q60575;		ENSMUST00000055647.15 [Q60575-2];ENSMUST00000060537.13 [Q60575-1];
Q60591	Q60591;		ENSMUST00000074618.10 [Q60591-3];ENSMUST00000109184.8 [Q60591-2];
Q60592	Q60592;		
Q60596	Q60596;	3PC6;3PC8;3QVG;	ENSMUST00000063249.9;ENSMUST00000205573.2;
Q60597	Q60597;	3E2H;3TF7;	ENSMUST00000003461.15 [Q60597-1];ENSMUST00000093350.10 [Q60597-4];ENSMUST00000101554.9 [Q60597-1];
Q60598	Q60598;	3ULR;5NV1;5NVJ;5NXJ;7PLL;8P94;8TAH;	ENSMUST00000103079.4;
Q60603	Q60603;	4F8A;4HOI;4LLO;5HIT;	
Q60604	Q60604;		ENSMUST00000002640.6 [Q60604-1];ENSMUST00000078481.14 [Q60604-2];
Q60605	Q60605;		ENSMUST00000164181.2 [Q60605-2];ENSMUST00000218127.2 [Q60605-1];
Q60610	Q60610;	1FOE;3A8N;7UIQ;7UIR;	
Q60611	Q60611;	4Q2J;	ENSMUST00000129667.8;ENSMUST00000133574.8;ENSMUST00000144331.8;ENSMUST00000152830.9;ENSMUST00000169480.8;ENSMUST00000176669.8;
Q60612	Q60612;		ENSMUST00000038191.8;ENSMUST00000086465.6;
Q60613	Q60613;		ENSMUST00000105420.3;
Q60614	Q60614;		ENSMUST00000018644.3;
Q60625	Q60625;		ENSMUST00000019616.6;
Q60629	Q60629;	5ZRZ;	ENSMUST00000053733.15;
Q60631	Q60631;	1GBQ;1GBR;2GBQ;3GBQ;4GBQ;	ENSMUST00000021090.14 [Q60631-1];ENSMUST00000106497.8 [Q60631-1];ENSMUST00000106499.8 [Q60631-2];
Q60632	Q60632;		
Q60634	Q60634;	1WIN;	ENSMUST00000072289.12 [Q60634-1];ENSMUST00000100784.9 [Q60634-3];
Q60636	Q60636;		ENSMUST00000039174.11 [Q60636-1];ENSMUST00000105490.3 [Q60636-2];ENSMUST00000218369.2 [Q60636-4];
Q60641	Q60641;		ENSMUST00000058126.15 [Q60641-2];ENSMUST00000105296.9 [Q60641-1];ENSMUST00000105297.2 [Q60641-3];
Q60644	Q60644;		ENSMUST00000073488.12;ENSMUST00000107912.8;ENSMUST00000167197.8;
Q60648	Q60648;	2AGC;	ENSMUST00000000608.8;
Q60649	Q60649;		ENSMUST00000001884.14;
Q60651	Q60651;		ENSMUST00000119096.2 [Q60651-1];
Q60654	Q60654;	3CAD;	ENSMUST00000049304.14 [Q60654-2];ENSMUST00000088011.11 [Q60654-2];
Q60662	Q60662;		ENSMUST00000057101.13 [Q60662-1];ENSMUST00000115750.8 [Q60662-2];ENSMUST00000115751.3 [Q60662-2];
Q60664	Q60664;		
Q60665	Q60665;		ENSMUST00000029194.12 [Q60665-1];ENSMUST00000118204.2 [Q60665-1];ENSMUST00000118470.8 [Q60665-2];
Q60668	Q60668;		ENSMUST00000019128.15 [Q60668-3];ENSMUST00000172361.8 [Q60668-1];
Q60670	Q60670;		ENSMUST00000024839.6;
Q60673	Q60673;		
Q60674	Q60674;		ENSMUST00000090543.6;
Q60675		1DYK;1OKQ;1QU0;2WJS;5IK4;5IK5;5IK7;5IK8;	ENSMUST00000092639.12;
Q60676	Q60676;		ENSMUST00000003183.12;
Q60677	Q60677;		ENSMUST00000006101.4;
Q60680	Q60680;		
Q60682	Q60682;	4JO8;	ENSMUST00000014476.6 [Q60682-1];
Q60687	Q60687;		ENSMUST00000028533.7;
Q60692	Q60692;	3UNB;3UNE;8YPK;8YVP;	ENSMUST00000018430.7;
Q60696	Q60696;		ENSMUST00000054125.9;
Q60698	Q60698;		
Q60700	Q60700;		ENSMUST00000023812.10;ENSMUST00000169377.8;ENSMUST00000171565.8;
Q60707	Q60707;		ENSMUST00000000095.7;
Q60710	Q60710;	6BRG;6BRH;6BRK;	ENSMUST00000057725.10 [Q60710-1];ENSMUST00000088523.11 [Q60710-2];
Q60714	Q60714;		ENSMUST00000034267.5;ENSMUST00000212889.2;
Q60715	Q60715;		ENSMUST00000009789.15 [Q60715-1];ENSMUST00000105466.3 [Q60715-2];
Q60716	Q60716;		ENSMUST00000093107.12 [Q60716-2];ENSMUST00000174616.8 [Q60716-2];
Q60718	Q60718;		ENSMUST00000022618.6;
Q60720	Q60720;		ENSMUST00000019734.11;
Q60722	Q60722;		ENSMUST00000078486.13 [Q60722-1];ENSMUST00000114978.9 [Q60722-2];ENSMUST00000114980.8 [Q60722-1];ENSMUST00000114982.8 [Q60722-3];ENSMUST00000114985.10 [Q60722-1];ENSMUST00000202116.4 [Q60722-3];
Q60736	Q60736;		
Q60737	Q60737;		ENSMUST00000099224.10;
Q60738	Q60738;		ENSMUST00000044954.7;
Q60739	Q60739;	1I6Z;2LWP;2M8S;	ENSMUST00000108089.8 [Q60739-2];ENSMUST00000191273.7 [Q60739-2];
Q60748	Q60748;	1U34;2JNC;2JND;	ENSMUST00000213026.2 [Q60748-1];
Q60749	Q60749;		ENSMUST00000066257.6;ENSMUST00000129342.8;
Q60750	Q60750;	1X5A;	ENSMUST00000073387.5;
Q60751	Q60751;	6PYH;8EYR;	
Q60754	Q60754;	2OY3;2OYA;	ENSMUST00000027639.8;
Q60755	Q60755;		ENSMUST00000075644.13 [Q60755-1];ENSMUST00000115622.8 [Q60755-2];ENSMUST00000168592.9 [Q60755-2];ENSMUST00000170266.3 [Q60755-1];ENSMUST00000171613.8 [Q60755-2];
Q60756	Q60756;		ENSMUST00000089112.6;
Q60759	Q60759;		ENSMUST00000109745.8;
Q60760	Q60760;	3M7F;	ENSMUST00000093321.12 [Q60760-2];ENSMUST00000109654.8 [Q60760-3];
Q60765	Q60765;		ENSMUST00000027941.14;ENSMUST00000195117.2;
Q60766	Q60766;		ENSMUST00000049519.4 [Q60766-1];ENSMUST00000097271.4 [Q60766-2];
Q60769	Q60769;	5DQ6;	ENSMUST00000019997.11;ENSMUST00000105527.2;
Q60770	Q60770;	3PUK;	ENSMUST00000102621.11 [Q60770-1];
Q60771	Q60771;		ENSMUST00000046174.8;
Q60773	Q60773;	1AP7;1BLX;	ENSMUST00000215619.2;
Q60778	Q60778;	1K3Z;1OY3;	ENSMUST00000032815.11;ENSMUST00000085851.12;
Q60779	Q60779;		ENSMUST00000093043.7;
Q60780	Q60780;	6IKN;6IKO;	
Q60787	Q60787;	1OEB;2ETZ;2EU0;	ENSMUST00000052413.12;
Q60793	Q60793;	2WBS;2WBU;4M9E;5KE6;5KE7;5KE8;5KE9;5KEA;5KEB;	ENSMUST00000107619.3;
Q60795	Q60795;	1X2R;2DYH;3WN7;7ECA;	ENSMUST00000102672.5;
Q60803	Q60803;	4GHU;	ENSMUST00000021706.11;
Q60805	Q60805;		ENSMUST00000014505.5;
Q60806	Q60806;		
Q60809	Q60809;		ENSMUST00000034012.10;ENSMUST00000132032.8;ENSMUST00000149992.2;
Q60813	Q60813;		ENSMUST00000100757.6;
Q60817	Q60817;		ENSMUST00000073868.9 [Q60817-1];
Q60818	Q60818;		
Q60819	Q60819;	2PSM;	ENSMUST00000078834.12 [Q60819-1];ENSMUST00000114831.9 [Q60819-2];ENSMUST00000114832.3 [Q60819-6];ENSMUST00000114833.10 [Q60819-4];ENSMUST00000114834.10 [Q60819-3];ENSMUST00000128156.9 [Q60819-5];ENSMUST00000135341.8 [Q60819-5];ENSMUST00000138349.8 [Q60819-5];
Q60821	Q60821;		ENSMUST00000006377.13;
Q60823	Q60823;		ENSMUST00000051356.12;ENSMUST00000108343.8;ENSMUST00000108344.9;
Q60825	Q60825;		
Q60829	Q60829;		ENSMUST00000078694.13 [Q60829-1];ENSMUST00000137634.2 [Q60829-2];ENSMUST00000150762.8 [Q60829-2];
Q60833	Q60833;		
Q60838	Q60838;	3ML6;6VCC;	ENSMUST00000019362.15;ENSMUST00000102575.9;ENSMUST00000190940.2;
Q60841		2DDU;2E26;3A7Q;5B4X;6A48;7LYU;	ENSMUST00000062372.14 [Q60841-2];ENSMUST00000161356.8 [Q60841-1];
Q60843	Q60843;		ENSMUST00000067912.8;
Q60847			ENSMUST00000071750.13 [Q60847-2];
Q60848	Q60848;		ENSMUST00000025965.12 [Q60848-1];
Q60855	Q60855;	8IB0;	ENSMUST00000021844.15;ENSMUST00000167374.9;
Q60856	Q60856;		
Q60857	Q60857;		ENSMUST00000021195.11;ENSMUST00000108402.9;
Q60860	Q60860;	4NTA;4NTB;4NTF;	ENSMUST00000102772.4;
Q60864	Q60864;		ENSMUST00000025918.9;
Q60865	Q60865;		ENSMUST00000028607.13;ENSMUST00000111147.8;
Q60866	Q60866;		ENSMUST00000028063.7 [Q60866-2];ENSMUST00000134794.8 [Q60866-1];
Q60867	Q60867;	2QL2;	ENSMUST00000041099.5;
Q60870	Q60870;		
Q60875	Q60875;	5WI4;	ENSMUST00000029694.14 [Q60875-1];ENSMUST00000107510.10 [Q60875-4];ENSMUST00000170653.9 [Q60875-5];ENSMUST00000175911.8 [Q60875-3];
Q60876	Q60876;		ENSMUST00000033880.7;
Q60898	Q60898;		ENSMUST00000100572.10 [Q60898-1];ENSMUST00000164163.8 [Q60898-1];ENSMUST00000168589.8 [Q60898-1];
Q60902	Q60902;		ENSMUST00000163643.3 [Q60902-1];ENSMUST00000212121.2 [Q60902-4];
Q60928	Q60928;		ENSMUST00000006508.10;ENSMUST00000134503.8;
Q60929	Q60929;		ENSMUST00000032776.15 [Q60929-3];ENSMUST00000076325.12 [Q60929-3];ENSMUST00000107476.8 [Q60929-2];ENSMUST00000135493.8 [Q60929-1];ENSMUST00000156690.8 [Q60929-1];
Q60930	Q60930;		ENSMUST00000022293.14;
Q60931	Q60931;		ENSMUST00000009036.11;
Q60932	Q60932;	3EMN;4C69;7KUH;7TCV;	ENSMUST00000020673.3 [Q60932-1];ENSMUST00000102758.8 [Q60932-2];
Q60934	Q60934;		
Q60935	Q60935;		ENSMUST00000033300.4;ENSMUST00000209809.2;
Q60936	Q60936;		ENSMUST00000027766.13 [Q60936-1];ENSMUST00000170472.8 [Q60936-1];
Q60943	Q60943;		ENSMUST00000002976.5;
Q60949	Q60949;		ENSMUST00000043893.13 [Q60949-1];ENSMUST00000101195.9 [Q60949-2];ENSMUST00000121370.8 [Q60949-2];
Q60952	Q60952;		ENSMUST00000094421.11;
Q60953	Q60953;		ENSMUST00000085673.11 [Q60953-1];ENSMUST00000114136.9 [Q60953-2];
Q60954	Q60954;	8VTS;8VTT;	ENSMUST00000068264.14 [Q60954-1];ENSMUST00000144988.8 [Q60954-3];ENSMUST00000185131.8 [Q60954-2];
Q60960	Q60960;		ENSMUST00000004054.13;
Q60963	Q60963;		ENSMUST00000024706.12;
Q60967	Q60967;		ENSMUST00000029666.14;
Q60969	Q60969;		ENSMUST00000096420.3 [Q60969-1];ENSMUST00000226873.2 [Q60969-1];ENSMUST00000228311.2 [Q60969-1];
Q60972	Q60972;		ENSMUST00000102598.4;
Q60973	Q60973;		ENSMUST00000033720.12;
Q60974	Q60974;		
Q60980	Q60980;	1P7A;1U85;1U86;	ENSMUST00000165536.8;
Q60987	Q60987;		ENSMUST00000021333.5;ENSMUST00000179669.3;
Q60988	Q60988;		
Q60989	Q60989;		ENSMUST00000026978.7;ENSMUST00000055483.10;ENSMUST00000115094.8;ENSMUST00000115095.9;
Q60991	Q60991;		ENSMUST00000035625.7;
Q60992	Q60992;		ENSMUST00000056176.8;
Q60994	Q60994;	1C28;1C3H;	ENSMUST00000023593.6;
Q60997	Q60997;		
Q61001		2Y38;	ENSMUST00000015791.6;
Q61003	Q61003;		ENSMUST00000039043.15 [Q61003-3];ENSMUST00000080292.12 [Q61003-1];
Q61006	Q61006;	3ML4;	ENSMUST00000084578.12 [Q61006-1];ENSMUST00000102893.10 [Q61006-2];
Q61009	Q61009;	3R69;5KTF;	ENSMUST00000086075.13 [Q61009-1];ENSMUST00000111390.8 [Q61009-2];
Q61010	Q61010;		ENSMUST00000031607.7 [Q61010-1];
Q61012	Q61012;		ENSMUST00000031673.7;
Q61016	Q61016;		ENSMUST00000117805.8;ENSMUST00000118233.8;ENSMUST00000118465.8;
Q61024	Q61024;		ENSMUST00000031766.12;ENSMUST00000115542.8;
Q61025	Q61025;		ENSMUST00000108275.2 [Q61025-1];ENSMUST00000128788.8 [Q61025-1];
Q61026	Q61026;	1L2I;1OSV;1WM0;2Q6J;2QA6;2QA8;2QAB;2QGT;2QGW;2QH6;2QPY;2QR9;2QSE;2QXM;2QZO;3MNE;3MNO;3MNP;	ENSMUST00000006037.13;
Q61029	Q61029;		ENSMUST00000072239.14 [Q61029-1];ENSMUST00000092219.14 [Q61029-3];ENSMUST00000099355.12 [Q61029-2];ENSMUST00000105293.11 [Q61029-4];
Q61033	Q61033;	2V0X;	ENSMUST00000020123.7 [Q61033-1];
Q61036	Q61036;	1EES;	ENSMUST00000033640.14 [Q61036-1];ENSMUST00000112863.8 [Q61036-1];ENSMUST00000112864.8 [Q61036-2];ENSMUST00000112865.8 [Q61036-2];ENSMUST00000112868.8 [Q61036-2];ENSMUST00000172330.3 [Q61036-2];
Q61037	Q61037;		
Q61039	Q61039;		ENSMUST00000040104.5;
Q61043	Q61043;		ENSMUST00000021468.14 [Q61043-1];ENSMUST00000085314.11 [Q61043-3];ENSMUST00000095666.13 [Q61043-1];ENSMUST00000169074.2 [Q61043-1];ENSMUST00000220689.2 [Q61043-4];ENSMUST00000222237.2 [Q61043-3];
Q61056	Q61056;		
Q61060	Q61060;		
Q61062	Q61062;		ENSMUST00000003318.13;
Q61066	Q61066;	3F5C;	ENSMUST00000026036.5;
Q61068	Q61068;		ENSMUST00000067695.8;
Q61069	Q61069;		ENSMUST00000161241.8;ENSMUST00000167546.2;
Q61070	Q61070;		ENSMUST00000163192.11;ENSMUST00000238932.2;
Q61072	Q61072;		
Q61074	Q61074;		ENSMUST00000031032.11;
Q61079	Q61079;		ENSMUST00000072182.9;
Q61080	Q61080;		ENSMUST00000181504.2;
Q61081	Q61081;		ENSMUST00000019615.11;
Q61083	Q61083;		
Q61084	Q61084;		ENSMUST00000002044.10;
Q61085	Q61085;		ENSMUST00000023244.6;
Q61086	Q61086;		ENSMUST00000131309.3;
Q61087	Q61087;		ENSMUST00000016315.16;ENSMUST00000159955.2;ENSMUST00000194677.6;
Q61088	Q61088;		ENSMUST00000058755.5;
Q61089	Q61089;		ENSMUST00000022906.8;ENSMUST00000179165.9;
Q61090	Q61090;		ENSMUST00000114246.4;
Q61091	Q61091;	1IJY;4F0A;6AHY;6TFB;6TFM;8CTG;	ENSMUST00000041080.7;
Q61092	Q61092;		
Q61093	Q61093;		ENSMUST00000015484.10;
Q61097	Q61097;	1KBE;1KBF;2LPE;	ENSMUST00000018478.11 [Q61097-1];
Q61098	Q61098;		ENSMUST00000108044.4;
Q61102	Q61102;		ENSMUST00000033695.6;
Q61103	Q61103;		ENSMUST00000136983.8;
Q61107	Q61107;		ENSMUST00000029935.14;ENSMUST00000106221.8;ENSMUST00000106222.9;
Q61112	Q61112;		ENSMUST00000050078.13 [Q61112-1];ENSMUST00000097734.11 [Q61112-2];ENSMUST00000105578.2 [Q61112-1];ENSMUST00000105579.8 [Q61112-1];
Q61115	Q61115;	6MG8;7K65;7V6Y;7V6Z;	ENSMUST00000021921.11;
Q61122	Q61122;		ENSMUST00000069792.14;
Q61124	Q61124;		ENSMUST00000032962.11;ENSMUST00000084589.11;ENSMUST00000116269.9;
Q61127	Q61127;		ENSMUST00000026469.9 [Q61127-1];
Q61129	Q61129;		ENSMUST00000077918.7;
Q61136	Q61136;		ENSMUST00000077853.5;ENSMUST00000222509.2;
Q61137	Q61137;		ENSMUST00000046110.16 [Q61137-2];ENSMUST00000193042.6 [Q61137-1];
Q61139	Q61139;		ENSMUST00000039059.8;ENSMUST00000216672.2;
Q61140	Q61140;	5W93;	ENSMUST00000166232.4 [Q61140-1];ENSMUST00000212349.2 [Q61140-2];
Q61142	Q61142;		ENSMUST00000095797.6 [Q61142-1];
Q61143	Q61143;	6CV9;	ENSMUST00000050433.8;
Q61144	Q61144;		
Q61146	Q61146;		ENSMUST00000022140.12;ENSMUST00000069756.11;ENSMUST00000160859.8;
Q61147	Q61147;		ENSMUST00000091309.12;
Q61152	Q61152;		ENSMUST00000027302.14;
Q61160	Q61160;	1FAD;	ENSMUST00000033394.8;
Q61161	Q61161;		ENSMUST00000025897.13;
Q61164	Q61164;		ENSMUST00000005841.16;
Q61165	Q61165;		ENSMUST00000030669.8;
Q61166	Q61166;	1V5K;6EVI;6EVQ;7OLG;	ENSMUST00000028981.9;
Q61168	Q61168;		ENSMUST00000151698.8;
Q61169	Q61169;		ENSMUST00000047762.10 [Q61169-1];
Q61171	Q61171;		ENSMUST00000005292.15;ENSMUST00000109733.8;ENSMUST00000109734.8;ENSMUST00000164807.2;
Q61176	Q61176;		ENSMUST00000020161.10;
Q61180	Q61180;		ENSMUST00000081440.14;
Q61183	Q61183;		ENSMUST00000021535.14 [Q61183-1];ENSMUST00000109901.9 [Q61183-1];
Q61187	Q61187;		ENSMUST00000014546.15;
Q61188	Q61188;	2QXV;	ENSMUST00000081721.13 [Q61188-1];ENSMUST00000092648.13 [Q61188-2];
Q61191	Q61191;	2M26;	ENSMUST00000033761.13;
Q61194	Q61194;	2B3R;7BI2;7BI4;7BI6;7BI9;7Z74;7Z75;8A9I;	
Q61205	Q61205;		ENSMUST00000005583.12;
Q61206	Q61206;		ENSMUST00000172450.3;ENSMUST00000214179.2;
Q61207	Q61207;	5NXB;5U85;7P4T;	ENSMUST00000179238.8;
Q61210	Q61210;		ENSMUST00000047873.16 [Q61210-1];ENSMUST00000098683.11 [Q61210-5];ENSMUST00000117419.8 [Q61210-1];ENSMUST00000206508.2 [Q61210-2];
Q61214	Q61214;		ENSMUST00000023614.5;ENSMUST00000119878.8;
Q61216	Q61216;		ENSMUST00000034405.11 [Q61216-1];ENSMUST00000115632.10 [Q61216-2];
Q61220	Q61220;		ENSMUST00000075275.3;ENSMUST00000166170.9;
Q61221	Q61221;	4ZPR;	ENSMUST00000021530.8 [Q61221-1];
Q61224	Q61224;		ENSMUST00000088677.5;ENSMUST00000117699.2;ENSMUST00000121571.8;
Q61233	Q61233;		ENSMUST00000124499.8;ENSMUST00000131802.2;ENSMUST00000145303.8;
Q61234	Q61234;	1QAV;1Z86;1Z87;2ADZ;2PDZ;4HOP;	ENSMUST00000028991.7;
Q61235	Q61235;		ENSMUST00000212524.2;
Q61239	Q61239;		ENSMUST00000016138.11;
Q61241	Q61241;		ENSMUST00000046937.4;
Q61245	Q61245;		ENSMUST00000092155.12 [Q61245-1];
Q61247	Q61247;	2R9Y;	ENSMUST00000043696.9;ENSMUST00000108437.8;
Q61249	Q61249;	3QC1;	ENSMUST00000033570.6;
Q61263	Q61263;		ENSMUST00000051396.13;ENSMUST00000189661.7;
Q61271	Q61271;		ENSMUST00000000544.12;
Q61282	Q61282;		ENSMUST00000032835.7;
Q61285	Q61285;		ENSMUST00000069511.8;
Q61286	Q61286;		ENSMUST00000034755.13 [Q61286-2];ENSMUST00000183404.8 [Q61286-1];ENSMUST00000184783.8 [Q61286-1];ENSMUST00000185117.8 [Q61286-2];
Q61288	Q61288;		ENSMUST00000000542.14;ENSMUST00000117984.8;ENSMUST00000119063.8;ENSMUST00000120028.8;ENSMUST00000120754.2;ENSMUST00000121718.8;
Q61290	Q61290;		
Q61292	Q61292;		ENSMUST00000065014.10;
Q61301	Q61301;	4K1O;4ONS;4P9T;5XFL;6DUY;	ENSMUST00000075340.12 [Q61301-2];ENSMUST00000159626.8 [Q61301-1];ENSMUST00000161846.8 [Q61301-3];
Q61312	Q61312;		ENSMUST00000030391.9;
Q61313	Q61313;		ENSMUST00000027059.11;
Q61315		1VJ6;	
Q61321	Q61321;		ENSMUST00000043208.8 [Q61321-1];
Q61324	Q61324;	7XI3;	ENSMUST00000085077.5 [Q61324-1];ENSMUST00000208232.2 [Q61324-2];ENSMUST00000209133.2 [Q61324-2];
Q61327	Q61327;		ENSMUST00000022100.7;
Q61329			
Q61330	Q61330;	5E7L;8A0Y;	ENSMUST00000086521.11;
Q61335	Q61335;		ENSMUST00000002091.6;
Q61337	Q61337;	2BZW;	ENSMUST00000025910.13;
Q61345	Q61345;		ENSMUST00000105098.6;
Q61361	Q61361;		ENSMUST00000090971.11;
Q61362	Q61362;	5XEP;	ENSMUST00000082060.10 [Q61362-1];ENSMUST00000153856.8 [Q61362-2];ENSMUST00000156873.8 [Q61362-3];
Q61371	Q61371;		
Q61382	Q61382;		ENSMUST00000017530.4;
Q61391	Q61391;	2YVC;	ENSMUST00000029400.7;ENSMUST00000194134.6;ENSMUST00000194150.6;
Q61398	Q61398;		ENSMUST00000031731.14;
Q61409	Q61409;		
Q61410	Q61410;		
Q61411	Q61411;	6KYH;	ENSMUST00000026572.11 [Q61411-1];ENSMUST00000097957.11 [Q61411-1];ENSMUST00000124314.3 [Q61411-2];ENSMUST00000168550.8 [Q61411-2];
Q61412	Q61412;		ENSMUST00000021665.12;
Q61418	Q61418;		ENSMUST00000000619.8;
Q61419	Q61419;		ENSMUST00000050859.13 [Q61419-1];ENSMUST00000110391.4 [Q61419-1];ENSMUST00000167746.8 [Q61419-1];ENSMUST00000224657.2 [Q61419-1];ENSMUST00000224953.2 [Q61419-1];
Q61420	Q61420;	6OH2;6OH3;6OH4;6XBO;	ENSMUST00000029970.14;
Q61423	Q61423;		ENSMUST00000037012.3;
Q61425	Q61425;		ENSMUST00000029610.9 [Q61425-1];
Q61450	Q61450;		ENSMUST00000102894.6;
Q61451	Q61451;		ENSMUST00000038845.10;
Q61457	Q61457;		ENSMUST00000108023.10;
Q61462	Q61462;		ENSMUST00000017604.10 [Q61462-1];ENSMUST00000212600.2 [Q61462-2];
Q61464	Q61464;		ENSMUST00000113835.10 [Q61464-2];
Q61466	Q61466;	1UHR;	ENSMUST00000023759.6;
Q61468	Q61468;		ENSMUST00000237359.2;ENSMUST00000238120.2;
Q61469	Q61469;		ENSMUST00000016144.12 [Q61469-2];ENSMUST00000070951.8 [Q61469-1];
Q61470	Q61470;		ENSMUST00000098461.10;
Q61471	Q61471;		ENSMUST00000041589.6;
Q61473	Q61473;	3F27;6L6Y;	ENSMUST00000027035.10 [Q61473-1];ENSMUST00000116652.8 [Q61473-1];ENSMUST00000195555.2 [Q61473-2];
Q61474	Q61474;	1UAW;2MSS;2MST;2RS2;5X3Y;5X3Z;	ENSMUST00000150779.8 [Q61474-1];
Q61477	Q61477;		ENSMUST00000042844.7;
Q61481	Q61481;		ENSMUST00000102651.10 [Q61481-6];ENSMUST00000102652.10 [Q61481-5];ENSMUST00000102653.8 [Q61481-4];ENSMUST00000102655.10 [Q61481-4];ENSMUST00000146076.9 [Q61481-2];ENSMUST00000183775.8 [Q61481-4];
Q61483	Q61483;		ENSMUST00000014917.8;
Q61488	Q61488;		ENSMUST00000023737.6;
Q61490	Q61490;		ENSMUST00000023312.14;
Q61493		4FJO;	ENSMUST00000019986.13;
Q61495	Q61495;		ENSMUST00000077146.4;
Q61496	Q61496;	5JIU;	ENSMUST00000075748.7;
Q61501	Q61501;		ENSMUST00000103145.11;
Q61502	Q61502;		ENSMUST00000029069.13;
Q61503	Q61503;		ENSMUST00000034992.8;
Q61508	Q61508;		ENSMUST00000117507.10 [Q61508-1];
Q61510	Q61510;	4B8E;	ENSMUST00000107896.10;
Q61521	Q61521;		ENSMUST00000031324.6;
Q61526	Q61526;		ENSMUST00000082059.7;
Q61527	Q61527;		ENSMUST00000119142.8 [Q61527-1];ENSMUST00000121473.8 [Q61527-3];
Q61532	Q61532;		ENSMUST00000049355.11;ENSMUST00000168937.8;
Q61539	Q61539;		ENSMUST00000021680.12;ENSMUST00000167891.2;
Q61542	Q61542;		ENSMUST00000018311.5;
Q61543	Q61543;		ENSMUST00000169020.8;
Q61545	Q61545;		ENSMUST00000079949.13;
Q61548	Q61548;		
Q61549	Q61549;		ENSMUST00000004850.8;ENSMUST00000086763.13;
Q61550	Q61550;		ENSMUST00000022927.11;
Q61553	Q61553;		ENSMUST00000031565.15;
Q61554			ENSMUST00000028633.13;ENSMUST00000103234.2;
Q61555			ENSMUST00000025497.8;
Q61563			ENSMUST00000087820.8;ENSMUST00000202138.4;
Q61572	Q61572;		ENSMUST00000062292.5;
Q61574	Q61574;		ENSMUST00000099200.3;
Q61575	Q61575;		ENSMUST00000108294.2;
Q61576	Q61576;		ENSMUST00000001595.10;
Q61584	Q61584;		ENSMUST00000001620.13 [Q61584-1];ENSMUST00000197694.5 [Q61584-5];ENSMUST00000200392.5 [Q61584-2];
Q61586	Q61586;		ENSMUST00000061856.6;ENSMUST00000235957.2;ENSMUST00000237146.2;
Q61592	Q61592;		ENSMUST00000033828.7;
Q61595	Q61595;		
Q61602	Q61602;		ENSMUST00000110510.4;
Q61603	Q61603;		ENSMUST00000018739.5;
Q61606	Q61606;		ENSMUST00000026119.8;
Q61609	Q61609;		ENSMUST00000028880.10;ENSMUST00000110315.2;
Q61614	Q61614;		ENSMUST00000034029.8;
Q61616	Q61616;		ENSMUST00000021932.6;
Q61618	Q61618;		
Q61624	Q61624;		ENSMUST00000089677.7;ENSMUST00000165418.9;
Q61625	Q61625;		ENSMUST00000095852.5;
Q61626	Q61626;		ENSMUST00000003468.10;
Q61627	Q61627;	5KC9;	ENSMUST00000043349.7;
Q61644	Q61644;	2X3V;2X3W;2X3X;	ENSMUST00000045896.11;ENSMUST00000097360.3;ENSMUST00000114873.8;ENSMUST00000231669.2;ENSMUST00000232437.2;
Q61647	Q61647;		ENSMUST00000003762.8;
Q61655	Q61655;		ENSMUST00000040416.8;
Q61656	Q61656;		
Q61657	Q61657;		ENSMUST00000094438.2;
Q61658	Q61658;		ENSMUST00000035433.10;ENSMUST00000224331.2;
Q61660	Q61660;		ENSMUST00000036215.8;
Q61663	Q61663;		ENSMUST00000089641.6;
Q61666	Q61666;		ENSMUST00000004222.14 [Q61666-1];ENSMUST00000120532.9 [Q61666-3];
Q61670	Q61670;		ENSMUST00000048572.7;
Q61672	Q61672;		ENSMUST00000236152.2;
Q61686	Q61686;	2RVL;2RVM;2RVN;	ENSMUST00000108813.10;ENSMUST00000118152.8;ENSMUST00000122182.2;
Q61687	Q61687;		ENSMUST00000113573.8;
Q61694	Q61694;		ENSMUST00000044094.6;
Q61696	Q61696;		ENSMUST00000087328.4;
Q61699	Q61699;		ENSMUST00000074846.14 [Q61699-2];ENSMUST00000201452.4 [Q61699-1];ENSMUST00000202361.4 [Q61699-1];
Q61701	Q61701;		ENSMUST00000102722.9 [Q61701-10];ENSMUST00000102723.11 [Q61701-4];ENSMUST00000106597.10 [Q61701-1];ENSMUST00000106598.8 [Q61701-5];ENSMUST00000106600.9 [Q61701-9];ENSMUST00000106601.8 [Q61701-7];ENSMUST00000106603.9 [Q61701-6];ENSMUST00000142722.2 [Q61701-8];
Q61712	Q61712;		ENSMUST00000091418.12;ENSMUST00000166495.8;
Q61727	Q61727;		ENSMUST00000034594.16;
Q61730	Q61730;	4YFD;5VI4;	ENSMUST00000023156.13 [Q61730-1];ENSMUST00000096129.9 [Q61730-3];ENSMUST00000174202.8 [Q61730-2];
Q61735	Q61735;		ENSMUST00000084838.14 [Q61735-2];
Q61738	Q61738;		
Q61739	Q61739;		ENSMUST00000028522.10 [Q61739-2];ENSMUST00000112101.8 [Q61739-1];
Q61743	Q61743;	5WUA;5YKE;5YKF;5YKG;5YW8;5YW9;5YWA;5YWB;5YWC;6JB1;7W4O;7W4P;	ENSMUST00000211674.2;
Q61753	Q61753;		ENSMUST00000065793.12;
Q61759	Q61759;		ENSMUST00000085455.6;
Q61762	Q61762;		ENSMUST00000060972.5 [Q61762-1];
Q61767	Q61767;		ENSMUST00000058728.10;ENSMUST00000179429.6;ENSMUST00000186215.7;ENSMUST00000196861.2;
Q61768	Q61768;	6IGN;6IGV;	ENSMUST00000025083.14;
Q61771	Q61771;		ENSMUST00000028977.7;
Q61772	Q61772;		ENSMUST00000029964.12 [Q61772-1];ENSMUST00000080934.11 [Q61772-4];ENSMUST00000108194.9 [Q61772-5];
Q61781	Q61781;		ENSMUST00000007272.8;
Q61789			ENSMUST00000092070.13 [Q61789-1];ENSMUST00000188815.2 [Q61789-2];
Q61790	Q61790;	7TZE;8DGG;9CYL;9CYM;	ENSMUST00000032217.2;
Q61805	Q61805;	4M4D;	ENSMUST00000016168.9;
Q61810	Q61810;		ENSMUST00000081496.6 [Q61810-1];
Q61817	Q61817;		
Q61818	Q61818;		ENSMUST00000064190.13 [Q61818-1];ENSMUST00000090806.5 [Q61818-2];ENSMUST00000102688.2 [Q61818-1];ENSMUST00000171108.8 [Q61818-1];
Q61823	Q61823;	2HM8;2IOL;2ION;2IOS;2KZT;2NSZ;3EIQ;	ENSMUST00000025931.14;ENSMUST00000074371.13;ENSMUST00000165617.3;
Q61824	Q61824;		ENSMUST00000067680.11;
Q61826	Q61826;		ENSMUST00000217748.2 [Q61826-2];
Q61827	Q61827;		ENSMUST00000018287.10;ENSMUST00000110836.2;
Q61830	Q61830;	1DQG;1DQO;1FWU;1FWV;	ENSMUST00000028045.4;
Q61831	Q61831;		
Q61835	Q61835;		ENSMUST00000167369.8;
Q61838	Q61838;		ENSMUST00000112132.8;
Q61839	Q61839;		ENSMUST00000027449.6;
Q61845	Q61845;	2N2Y;	ENSMUST00000064685.14;ENSMUST00000115081.8;ENSMUST00000115082.10;ENSMUST00000115083.8;ENSMUST00000115084.8;
Q61846	Q61846;	4BFM;4CQG;	ENSMUST00000045607.12;
Q61847	Q61847;		ENSMUST00000082235.5 [Q61847-1];
Q61850	Q61850;		ENSMUST00000054691.8;
Q61851	Q61851;		
Q61879	Q61879;		ENSMUST00000102611.10;
Q61880	Q61880;		ENSMUST00000023065.8;
Q61881	Q61881;		ENSMUST00000000505.16;
Q61884	Q61884;	8I7R;8IYJ;8TO0;	ENSMUST00000034746.10;
Q61885	Q61885;	1PY9;	
Q61907	Q61907;		ENSMUST00000000310.14 [Q61907-1];ENSMUST00000102692.10 [Q61907-1];ENSMUST00000102693.9 [Q61907-2];
Q61909	Q61909;		ENSMUST00000098256.4;
Q61937	Q61937;	4N8M;	ENSMUST00000075641.10;
Q61955	Q61955;	1NPM;	ENSMUST00000085461.4;
Q61967	Q61967;		ENSMUST00000034382.8;ENSMUST00000212874.2;
Q61982	Q61982;		ENSMUST00000087723.5;
Q61985	Q61985;		ENSMUST00000081775.12 [Q61985-1];ENSMUST00000107657.8 [Q61985-1];ENSMUST00000107658.8 [Q61985-1];ENSMUST00000167110.8 [Q61985-3];ENSMUST00000167149.8 [Q61985-1];
Q61990	Q61990;		ENSMUST00000077037.13 [Q61990-1];ENSMUST00000078404.15 [Q61990-1];ENSMUST00000229618.2 [Q61990-2];ENSMUST00000229854.2 [Q61990-3];
Q61999	Q61999;		
Q62005	Q62005;		ENSMUST00000025641.2;
Q62007	Q62007;		ENSMUST00000038432.7;ENSMUST00000215254.2;
Q62009	Q62009;		ENSMUST00000073012.13 [Q62009-2];ENSMUST00000081564.13 [Q62009-1];ENSMUST00000107985.10 [Q62009-3];ENSMUST00000117373.8 [Q62009-5];
Q62010	Q62010;		ENSMUST00000000573.9;
Q62011	Q62011;	3IET;6LZ4;	ENSMUST00000030317.14;
Q62018	Q62018;		ENSMUST00000005749.6 [Q62018-1];
Q62028	Q62028;		ENSMUST00000112525.5 [Q62028-1];
Q62035	Q62035;		ENSMUST00000070690.8;
Q62036	Q62036;		ENSMUST00000106229.8;
Q62048	Q62048;	2LS7;	ENSMUST00000013842.12 [Q62048-1];ENSMUST00000111247.8 [Q62048-2];
Q62052	Q62052;		ENSMUST00000032633.12;
Q62053	Q62053;		ENSMUST00000046891.6;
Q62059			
Q62066	Q62066;		ENSMUST00000008090.11;
Q62070	Q62070;		ENSMUST00000033495.16 [Q62070-1];
Q62073	Q62073;		ENSMUST00000080933.13;
Q62074	Q62074;	4DC2;	ENSMUST00000108249.9;
Q62077	Q62077;		ENSMUST00000103115.8;
Q62083	Q62083;		
Q62087	Q62087;		ENSMUST00000031773.9;
Q62092	Q62092;		ENSMUST00000031009.8;ENSMUST00000201363.4;
Q62093	Q62093;		ENSMUST00000092404.13;ENSMUST00000136914.8;ENSMUST00000190993.7;
Q62095	Q62095;		ENSMUST00000091190.12;
Q62101	Q62101;		ENSMUST00000002765.9;
Q62108	Q62108;		ENSMUST00000108588.9 [Q62108-1];ENSMUST00000108589.10 [Q62108-2];ENSMUST00000231415.2 [Q62108-3];
Q62120	Q62120;	2HDX;4GL9;	ENSMUST00000025705.7;ENSMUST00000065796.10;ENSMUST00000238009.2;
Q62130	Q62130;		ENSMUST00000097442.9;
Q62132	Q62132;	1JLN;	ENSMUST00000063470.11 [Q62132-1];ENSMUST00000105271.9 [Q62132-2];ENSMUST00000128399.2 [Q62132-3];ENSMUST00000148731.8 [Q62132-3];ENSMUST00000155606.8 [Q62132-3];
Q62137	Q62137;		
Q62141	Q62141;	1E91;1PD7;2CR7;2CZY;2F05;5Y95;	ENSMUST00000004494.16 [Q62141-4];ENSMUST00000109950.5 [Q62141-2];ENSMUST00000212095.2 [Q62141-3];
Q62148	Q62148;		ENSMUST00000034723.6;
Q62151	Q62151;	4IM8;	ENSMUST00000015596.10 [Q62151-1];ENSMUST00000173992.8 [Q62151-4];ENSMUST00000174069.8 [Q62151-2];ENSMUST00000174496.9 [Q62151-3];
Q62158	Q62158;		ENSMUST00000021761.13;ENSMUST00000222544.2;
Q62159	Q62159;		ENSMUST00000002303.12;ENSMUST00000106787.8;ENSMUST00000196817.5;
Q62165	Q62165;	1U2C;4WIQ;5N30;5N4H;	ENSMUST00000080435.9;ENSMUST00000166905.8;ENSMUST00000171412.7;ENSMUST00000191899.6;
Q62167	Q62167;		ENSMUST00000000804.7;
Q62170	Q62170;	2EMT;	
Q62172	Q62172;		ENSMUST00000024905.11;ENSMUST00000166543.10;
Q62178	Q62178;		ENSMUST00000029700.12;ENSMUST00000165898.8;ENSMUST00000166237.8;ENSMUST00000169222.8;
Q62179	Q62179;		ENSMUST00000032754.9;ENSMUST00000205822.2;
Q62181	Q62181;		ENSMUST00000030568.14;
Q62187	Q62187;		ENSMUST00000100237.4;
Q62188	Q62188;		ENSMUST00000025379.14;
Q62190	Q62190;		ENSMUST00000035203.9 [Q62190-1];
Q62191	Q62191;	2VOK;3ZO0;	
Q62192	Q62192;	3T6Q;	ENSMUST00000022124.10;
Q62193	Q62193;		ENSMUST00000102561.11;
Q62205	Q62205;		ENSMUST00000100064.9;
Q62209	Q62209;		ENSMUST00000029448.11;ENSMUST00000196988.5;
Q62210	Q62210;		ENSMUST00000074246.7;ENSMUST00000190341.7;
Q62217	Q62217;		
Q62219	Q62219;		ENSMUST00000070656.12 [Q62219-2];ENSMUST00000164710.8 [Q62219-3];ENSMUST00000167965.8 [Q62219-1];ENSMUST00000169919.8 [Q62219-6];
Q62226	Q62226;	1VHH;2WFX;2WG4;3D1M;3N1R;4C4M;4C4N;7RPK;	ENSMUST00000002708.5;
Q62227	Q62227;	1YMT;4NUF;	ENSMUST00000042706.3;
Q62230	Q62230;	1OD7;1OD9;1ODA;1QFO;1QFP;1URL;2BVE;	
Q62231	Q62231;		ENSMUST00000050029.8;
Q62232	Q62232;		ENSMUST00000163568.4;
Q62233	Q62233;		ENSMUST00000175898.4 [Q62233-1];ENSMUST00000176081.3 [Q62233-1];
Q62234	Q62234;	2JTD;4V10;	ENSMUST00000073211.13 [Q62234-1];ENSMUST00000179759.3 [Q62234-2];
Q62240	Q62240;		ENSMUST00000055032.14 [Q62240-1];ENSMUST00000186696.7 [Q62240-4];
Q62245	Q62245;	1B07;1GBQ;1PMS;2GBQ;3GBQ;4GBQ;	ENSMUST00000068714.7;
Q62255	Q62255;		ENSMUST00000057950.9 [Q62255-2];
Q62261	Q62261;	1BTN;1MPH;6M3P;	ENSMUST00000006629.14 [Q62261-1];ENSMUST00000011877.13 [Q62261-1];ENSMUST00000102838.10 [Q62261-2];
Q62264	Q62264;	3ONT;	ENSMUST00000043077.8;
Q62273	Q62273;		ENSMUST00000146409.8;
Q62277	Q62277;	9BRA;9BRQ;9BRT;9BRZ;	ENSMUST00000069520.11;
Q62280	Q62280;		ENSMUST00000040924.9;
Q62288	Q62288;		
Q62293	Q62293;		ENSMUST00000046745.7;ENSMUST00000068063.4;
Q62296	Q62296;	3JUA;4LN0;5GN0;5XJD;5Z2Q;6L9F;6SBA;	ENSMUST00000006311.13 [Q62296-1];ENSMUST00000112157.4 [Q62296-2];ENSMUST00000130454.8 [Q62296-2];
Q62311	Q62311;		ENSMUST00000048698.14;ENSMUST00000110936.8;
Q62312	Q62312;		ENSMUST00000035014.8 [Q62312-2];ENSMUST00000061101.12 [Q62312-1];
Q62315	Q62315;	2RQ5;	ENSMUST00000044608.14 [Q62315-1];ENSMUST00000173246.8 [Q62315-1];ENSMUST00000173704.8 [Q62315-1];
Q62318	Q62318;	6O5K;	ENSMUST00000005705.8 [Q62318-1];
Q62348	Q62348;	1KEY;	ENSMUST00000027623.9;
Q62351	Q62351;		ENSMUST00000023486.15;
Q62356	Q62356;	6JZA;	ENSMUST00000114763.3;
Q62361	Q62361;		ENSMUST00000006046.5;
Q62371	Q62371;		ENSMUST00000027985.8;ENSMUST00000170800.8;ENSMUST00000194690.6;
Q62376	Q62376;		ENSMUST00000074575.11 [Q62376-1];
Q62383	Q62383;		ENSMUST00000002121.5;
Q62384	Q62384;	2QKD;	ENSMUST00000156440.8;
Q62386	Q62386;		ENSMUST00000027061.5;
Q62388			ENSMUST00000232179.2;
Q62392	Q62392;		ENSMUST00000164773.2;
Q62393	Q62393;		ENSMUST00000091354.12 [Q62393-1];ENSMUST00000091355.12 [Q62393-3];ENSMUST00000120143.8 [Q62393-2];
Q62398	Q62398;		ENSMUST00000006020.8;
Q62401	Q62401;		ENSMUST00000000194.4;
Q62406	Q62406;		ENSMUST00000068286.12 [Q62406-1];ENSMUST00000114352.8 [Q62406-1];ENSMUST00000114360.10 [Q62406-2];
Q62407			ENSMUST00000113590.8 [Q62407-2];
Q62413	Q62413;	5ZRY;	
Q62414	Q62414;		ENSMUST00000041685.7;
Q62417	Q62417;		
Q62418	Q62418;		ENSMUST00000020769.14 [Q62418-1];ENSMUST00000102928.5 [Q62418-2];ENSMUST00000109845.8 [Q62418-3];
Q62420	Q62420;	1ZWW;	ENSMUST00000030212.15;
Q62424	Q62424;	2LD5;	ENSMUST00000147595.7;
Q62431	Q62431;		ENSMUST00000019708.12;ENSMUST00000105376.2;
Q62432	Q62432;		ENSMUST00000025453.15 [Q62432-1];ENSMUST00000091831.13 [Q62432-2];ENSMUST00000168423.9 [Q62432-1];
Q62433	Q62433;		ENSMUST00000005256.14;
Q62440	Q62440;		ENSMUST00000107337.8 [Q62440-7];
Q62441	Q62441;		ENSMUST00000052011.15;
Q62442	Q62442;		ENSMUST00000032487.14 [Q62442-1];ENSMUST00000100942.9 [Q62442-2];
Q62448	Q62448;		
Q62452	Q62452;		ENSMUST00000073772.5 [Q62452-1];
Q62463	Q62463;		ENSMUST00000020323.7;
Q62468	Q62468;		ENSMUST00000027366.13;
Q62469	Q62469;		ENSMUST00000056117.10;
Q62470	Q62470;		ENSMUST00000001548.14 [Q62470-1];ENSMUST00000107739.8 [Q62470-3];ENSMUST00000120375.8 [Q62470-2];
Q62481	Q62481;		ENSMUST00000009102.9;
Q62504			
Q62520	Q62520;		
Q62521	Q62521;		ENSMUST00000088627.11 [Q62521-1];ENSMUST00000088629.4 [Q62521-2];
Q62522	Q62522;		
Q62523	Q62523;		ENSMUST00000164375.4;ENSMUST00000203652.3;
Q62559	Q62559;	5FMS;	ENSMUST00000018002.13;
Q63739	Q63739;	5LXQ;5MMZ;6WUS;	ENSMUST00000027232.15;ENSMUST00000232841.2;
Q63810	Q63810;	4ORB;	ENSMUST00000102880.5 [Q63810-1];
Q63811	Q63811;		ENSMUST00000029991.3;
Q63844	Q63844;		ENSMUST00000057669.16;
Q63850	Q63850;		ENSMUST00000057195.17;ENSMUST00000207103.2;ENSMUST00000208626.2;
Q63870		6S4C;	ENSMUST00000026740.6;ENSMUST00000112070.8;
Q63886	Q63886;		ENSMUST00000073049.7 [Q63886-1];
Q63912	Q63912;		
Q63918	Q63918;		ENSMUST00000051572.8;
Q63932	Q63932;	1JKY;	ENSMUST00000143517.8;
Q63934	Q63934;		ENSMUST00000034115.5 [Q63934-1];
Q63943	Q63943;		ENSMUST00000107559.3 [Q63943-1];
Q63955	Q63955;		ENSMUST00000025374.4;
Q63959	Q63959;		ENSMUST00000107907.10;
Q63961	Q63961;		ENSMUST00000009705.14;
Q63994	Q63994;		ENSMUST00000004728.12 [Q63994-1];ENSMUST00000039861.7 [Q63994-2];ENSMUST00000205503.2 [Q63994-2];
Q63ZV0	Q63ZV0;		ENSMUST00000089257.6;
Q63ZW7	Q63ZW7;		ENSMUST00000030290.8 [Q63ZW7-4];ENSMUST00000041284.10 [Q63ZW7-1];ENSMUST00000102792.10 [Q63ZW7-3];ENSMUST00000107029.8 [Q63ZW7-2];ENSMUST00000107030.9 [Q63ZW7-5];
Q64008	Q64008;		
Q64010	Q64010;	1B07;1CKA;1CKB;1JU5;1M30;1M3A;1M3B;1M3C;2GGR;5IH2;5JN0;5L23;	ENSMUST00000017920.14 [Q64010-1];
Q64012	Q64012;		ENSMUST00000029120.14 [Q64012-1];ENSMUST00000058089.13 [Q64012-2];ENSMUST00000109701.10 [Q64012-2];ENSMUST00000116389.9 [Q64012-1];
Q64018	Q64018;		ENSMUST00000075603.5 [Q64018-1];ENSMUST00000102716.10 [Q64018-2];
Q64028	Q64028;		ENSMUST00000079560.10 [Q64028-1];ENSMUST00000081849.10 [Q64028-3];ENSMUST00000112600.9 [Q64028-3];ENSMUST00000160696.8 [Q64028-1];ENSMUST00000161054.8 [Q64028-3];ENSMUST00000161739.8 [Q64028-1];
Q64092	Q64092;		ENSMUST00000101695.9 [Q64092-2];ENSMUST00000115677.8 [Q64092-2];ENSMUST00000115678.3 [Q64092-3];ENSMUST00000115679.8 [Q64092-2];ENSMUST00000137467.8 [Q64092-2];
Q64096	Q64096;	1KZ7;1KZG;1LB1;1RJ2;	
Q640L3	Q640L3;		ENSMUST00000037977.15 [Q640L3-3];ENSMUST00000085350.11 [Q640L3-2];ENSMUST00000150826.9 [Q640L3-1];
Q640M6	Q640M6;		ENSMUST00000037528.10;
Q640N1	Q640N1;		ENSMUST00000102923.10 [Q640N1-1];ENSMUST00000109829.2 [Q640N1-2];
Q640N2	Q640N2;		ENSMUST00000089289.6;
Q640Q5	Q640Q5;		ENSMUST00000031651.15 [Q640Q5-1];ENSMUST00000176600.8 [Q640Q5-5];
Q64104	Q64104;		ENSMUST00000019938.11;
Q64105	Q64105;	1NAS;1OAA;1SEP;	
Q64112	Q64112;		
Q64124	Q64124;		ENSMUST00000043089.9;
Q64127	Q64127;		ENSMUST00000031859.14 [Q64127-1];ENSMUST00000120428.8 [Q64127-2];
Q64131	Q64131;		ENSMUST00000119564.2 [Q64131-1];
Q64133	Q64133;		ENSMUST00000026013.6;
Q64151	Q64151;		ENSMUST00000114991.8;ENSMUST00000191642.6;ENSMUST00000191677.6;ENSMUST00000195620.6;
Q64163	Q64163;		
Q64191	Q64191;		ENSMUST00000033920.6;
Q641K1	Q641K1;		ENSMUST00000022040.14 [Q641K1-1];ENSMUST00000109830.9 [Q641K1-4];ENSMUST00000164215.8 [Q641K1-2];ENSMUST00000170555.8 [Q641K1-3];ENSMUST00000171606.9 [Q641K1-4];
Q641K5	Q641K5;		ENSMUST00000020220.15;
Q64205	Q64205;		ENSMUST00000092768.7;
Q64213	Q64213;		ENSMUST00000131252.8 [Q64213-3];
Q64221	Q64221;		ENSMUST00000066187.6;ENSMUST00000196324.2;ENSMUST00000198675.2;
Q64237	Q64237;	6G9Q;6G9R;	ENSMUST00000000910.7;
Q64249	Q64249;	5KRB;	ENSMUST00000076275.11 [Q64249-1];ENSMUST00000112877.8 [Q64249-1];ENSMUST00000168098.8 [Q64249-3];
Q64253	Q64253;		
Q64261	Q64261;		ENSMUST00000042410.5;ENSMUST00000165117.8;
Q64264	Q64264;		ENSMUST00000022235.6;
Q64267	Q64267;		ENSMUST00000030013.12 [Q64267-1];ENSMUST00000142380.2 [Q64267-2];
Q64277	Q64277;		
Q64279	Q64279;		ENSMUST00000036917.3;ENSMUST00000160392.9;
Q64280	Q64280;		ENSMUST00000037361.9;
Q64281	Q64281;		ENSMUST00000078778.5 [Q64281-1];ENSMUST00000217706.2 [Q64281-2];ENSMUST00000219696.2 [Q64281-1];ENSMUST00000220182.2 [Q64281-2];
Q64282	Q64282;		ENSMUST00000102824.4;
Q64285	Q64285;		ENSMUST00000028161.6;
Q64287	Q64287;	5BVI;	ENSMUST00000021784.10 [Q64287-1];ENSMUST00000110307.3 [Q64287-2];
Q64288	Q64288;	1F35;1JOB;1JOD;	ENSMUST00000098281.4;
Q64291	Q64291;		
Q64299	Q64299;		ENSMUST00000050027.9;
Q64310	Q64310;		ENSMUST00000015011.10;
Q64314	Q64314;		ENSMUST00000016638.8 [Q64314-1];ENSMUST00000110815.9 [Q64314-2];
Q64317	Q64317;		ENSMUST00000037119.4;
Q64318	Q64318;		ENSMUST00000025081.13;
Q64321	Q64321;		ENSMUST00000029677.9;ENSMUST00000107432.8;ENSMUST00000107433.8;ENSMUST00000107435.8;
Q64329	Q64329;	1P1Z;1P4L;3C8J;3C8K;5J6G;	ENSMUST00000088017.5;ENSMUST00000111998.9;
Q64331	Q64331;	2KIA;2LD3;3H8D;5V6E;5V6H;8ARD;	ENSMUST00000035889.15;
Q64332	Q64332;		ENSMUST00000009538.12 [Q64332-1];ENSMUST00000169345.4 [Q64332-2];ENSMUST00000203450.2 [Q64332-2];
Q64336	Q64336;		ENSMUST00000048934.15;
Q64337	Q64337;	2RRU;2ZJD;3ADE;3B0F;3WDZ;	ENSMUST00000015981.12 [Q64337-2];ENSMUST00000102774.11 [Q64337-1];
Q64338	Q64338;		ENSMUST00000044505.14 [Q64338-3];ENSMUST00000114327.9 [Q64338-1];ENSMUST00000164752.8 [Q64338-2];ENSMUST00000166102.8 [Q64338-2];ENSMUST00000168944.8 [Q64338-1];
Q64339	Q64339;	5CHF;5CHV;5CHW;5JZE;5TL7;5TLA;6J62;6YVA;	ENSMUST00000085425.6;
Q64343	Q64343;		ENSMUST00000024829.8;
Q64347	Q64347;		ENSMUST00000031894.13;
Q64364	Q64364;	1HN3;	ENSMUST00000107131.2 [Q64364-1];
Q64368	Q64368;	2XS2;2XS5;2XS7;2XSF;	ENSMUST00000010736.9;
Q64373	Q64373;	1PQ0;1PQ1;2BZW;3IHC;3IHD;3IHE;3IHF;3IIG;3IIH;3ILB;3ILC;4YJ4;4YK9;5C3G;7WJH;7Y99;	ENSMUST00000007803.12 [Q64373-1];ENSMUST00000109820.5 [Q64373-1];ENSMUST00000134902.2 [Q64373-3];ENSMUST00000140436.2 [Q64373-3];
Q64374	Q64374;	4GN7;4GN8;4GN9;4GNA;	ENSMUST00000023832.7;
Q64378	Q64378;		ENSMUST00000079413.11;ENSMUST00000114792.8;ENSMUST00000233102.2;
Q64385	Q64385;		ENSMUST00000098132.11;ENSMUST00000108040.8;ENSMUST00000108041.8;ENSMUST00000108042.3;
Q64387	Q64387;		ENSMUST00000059339.6 [Q64387-1];ENSMUST00000224594.2 [Q64387-2];
Q64429	Q64429;		ENSMUST00000024894.2;
Q64430	Q64430;		ENSMUST00000113557.8;
Q64434	Q64434;		ENSMUST00000016511.6;
Q64435	Q64435;		ENSMUST00000014263.6 [Q64435-1];ENSMUST00000113134.8 [Q64435-1];ENSMUST00000113135.6 [Q64435-1];
Q64436	Q64436;		ENSMUST00000005692.14;
Q64437	Q64437;		ENSMUST00000090171.7;
Q64438	Q64438;	3ZBV;	ENSMUST00000051274.2;ENSMUST00000228835.2;
Q64441	Q64441;		ENSMUST00000038824.6;
Q64442	Q64442;		ENSMUST00000110551.4;
Q64444	Q64444;	2ZNC;3ZNC;8JIF;	ENSMUST00000103194.10;
Q64446	Q64446;		ENSMUST00000006742.11;
Q64449	Q64449;		ENSMUST00000100335.10 [Q64449-1];
Q64455	Q64455;		
Q64467	Q64467;	5C7I;	
Q64471	Q64471;		ENSMUST00000001713.10;
Q64475	Q64475;		ENSMUST00000099703.5;
Q64478	Q64478;		ENSMUST00000224359.2;
Q64487	Q64487;	4Y61;4YFD;4YFE;4YFG;4YH7;5XWT;5XWU;5Y32;6KIP;7CEG;	ENSMUST00000107289.9 [Q64487-4];
Q64505	Q64505;		ENSMUST00000029905.2;
Q64511	Q64511;		ENSMUST00000017629.12;
Q64512	Q64512;	1GM1;1OZI;1VJ6;6GBD;6GBE;	
Q64514	Q64514;		ENSMUST00000087933.10 [Q64514-1];ENSMUST00000188313.7 [Q64514-2];
Q64516	Q64516;		ENSMUST00000026039.15 [Q64516-1];ENSMUST00000113978.9 [Q64516-3];ENSMUST00000156390.8 [Q64516-2];
Q64518	Q64518;		ENSMUST00000021142.8 [Q64518-1];ENSMUST00000108485.9 [Q64518-2];
Q64520	Q64520;	1LVG;	ENSMUST00000170202.9 [Q64520-2];ENSMUST00000172714.3 [Q64520-1];ENSMUST00000240589.1 [Q64520-1];
Q64521	Q64521;		ENSMUST00000028167.3;ENSMUST00000169687.8;
Q64522	Q64522;		ENSMUST00000073115.5;
Q64523	Q64523;		ENSMUST00000090782.4;
Q64524	Q64524;		ENSMUST00000090781.8;
Q64525	Q64525;		ENSMUST00000177113.2;
Q64527	Q64527;		ENSMUST00000012426.3;
Q64669	Q64669;	1DXQ;	ENSMUST00000003947.9;
Q64676	Q64676;		ENSMUST00000057944.12;ENSMUST00000198610.2;
Q64685	Q64685;		ENSMUST00000023601.14;ENSMUST00000115335.2;ENSMUST00000178797.8;
Q64687	Q64687;		ENSMUST00000032421.4;
Q64689	Q64689;		ENSMUST00000025477.15;ENSMUST00000237770.2;
Q64691	Q64691;		ENSMUST00000028749.15 [Q64691-1];ENSMUST00000110721.9 [Q64691-2];
Q64692	Q64692;		ENSMUST00000043336.11;
Q64693	Q64693;		ENSMUST00000034554.9;
Q64700	Q64700;		ENSMUST00000034091.8;
Q64701	Q64701;		ENSMUST00000029170.8 [Q64701-1];
Q64702	Q64702;	1MBY;	ENSMUST00000026858.11 [Q64702-1];ENSMUST00000203295.3 [Q64702-3];
Q64704	Q64704;		ENSMUST00000069285.6 [Q64704-1];ENSMUST00000075304.14 [Q64704-2];ENSMUST00000211641.2 [Q64704-3];
Q64705	Q64705;		ENSMUST00000058860.14 [Q64705-1];ENSMUST00000108119.10 [Q64705-2];
Q64707	Q64707;		
Q64727	Q64727;	5Y04;	ENSMUST00000022369.9;
Q64729	Q64729;		ENSMUST00000007757.15 [Q64729-1];ENSMUST00000044234.14 [Q64729-2];
Q64731	Q64731;		ENSMUST00000181609.2;
Q64732	Q64732;		ENSMUST00000071281.5;
Q64735	Q64735;	1NTL;	ENSMUST00000075451.12 [Q64735-2];
Q64737	Q64737;		ENSMUST00000023684.14 [Q64737-1];ENSMUST00000120450.2 [Q64737-2];ENSMUST00000231380.2 [Q64737-2];ENSMUST00000232289.2 [Q64737-1];
Q64739	Q64739;		ENSMUST00000087497.11 [Q64739-1];ENSMUST00000114252.9 [Q64739-5];ENSMUST00000114255.9 [Q64739-6];ENSMUST00000131134.9 [Q64739-2];ENSMUST00000235819.2 [Q64739-4];ENSMUST00000237490.2 [Q64739-3];ENSMUST00000237989.2 [Q64739-7];
Q64FW2	Q64FW2;		ENSMUST00000070597.13;
Q64GA5	Q64GA5;		ENSMUST00000043612.10 [Q64GA5-1];ENSMUST00000108528.9 [Q64GA5-2];ENSMUST00000167232.8 [Q64GA5-2];
Q65CL1	Q65CL1;		ENSMUST00000075099.5;ENSMUST00000105440.8;ENSMUST00000105441.8;
Q65Z40	Q65Z40;		ENSMUST00000048263.14;ENSMUST00000169910.8;
Q66GT5	Q66GT5;	3RGO;3RGQ;	ENSMUST00000111461.13;
Q66JQ7	Q66JQ7;		ENSMUST00000028799.12 [Q66JQ7-2];ENSMUST00000028802.3 [Q66JQ7-1];ENSMUST00000099542.9 [Q66JQ7-1];
Q66JT0	Q66JT0;		ENSMUST00000038907.9;
Q66JT1	Q66JT1;		ENSMUST00000053035.7;
Q66JW3	Q66JW3;	2CO9;	ENSMUST00000039987.4 [Q66JW3-1];
Q66JY2	Q66JY2;		ENSMUST00000097718.10 [Q66JY2-3];ENSMUST00000133236.8 [Q66JY2-4];ENSMUST00000137511.9 [Q66JY2-3];ENSMUST00000153992.3 [Q66JY2-4];
Q66L44	Q66L44;		ENSMUST00000105369.8;ENSMUST00000170219.9;
Q66PY1	Q66PY1;		ENSMUST00000043503.11 [Q66PY1-1];ENSMUST00000132670.3 [Q66PY1-2];
Q66T02	Q66T02;		ENSMUST00000084115.4 [Q66T02-2];ENSMUST00000105661.10 [Q66T02-1];
Q66X05			
Q66X22	Q66X22;		ENSMUST00000073151.13 [Q66X22-1];ENSMUST00000117909.2 [Q66X22-2];
Q672J9	Q672J9;		ENSMUST00000115800.2;
Q67BT3	Q67BT3;		ENSMUST00000021161.14;
Q67FY2	Q67FY2;		ENSMUST00000074989.7 [Q67FY2-1];ENSMUST00000218183.2 [Q67FY2-1];ENSMUST00000220303.2 [Q67FY2-2];
Q684R7	Q684R7;		ENSMUST00000071708.12 [Q684R7-1];ENSMUST00000107230.9 [Q684R7-2];
Q68ED2	Q68ED2;		ENSMUST00000172951.2;
Q68ED3	Q68ED3;		
Q68ED7	Q68ED7;		ENSMUST00000076615.6;
Q68EF4	Q68EF4;		
Q68FD5	Q68FD5;	5ODS;	ENSMUST00000103186.11;
Q68FD7	Q68FD7;	7ROY;	ENSMUST00000046835.14;
Q68FE2	Q68FE2;		ENSMUST00000040689.15 [Q68FE2-1];ENSMUST00000188347.7 [Q68FE2-1];ENSMUST00000189702.7 [Q68FE2-1];ENSMUST00000239085.2 [Q68FE2-2];
Q68FF6	Q68FF6;	6JMU;	ENSMUST00000037285.10;
Q68FG1			ENSMUST00000019378.8;ENSMUST00000166821.8;
Q68FG2			ENSMUST00000008991.8;
Q68FH0	Q68FH0;		ENSMUST00000102754.11 [Q68FH0-1];ENSMUST00000168631.8 [Q68FH0-2];
Q68FL4	Q68FL4;		ENSMUST00000115238.10 [Q68FL4-2];ENSMUST00000115242.9 [Q68FL4-1];
Q68FM2	Q68FM2;		
Q68G58	Q68G58;		ENSMUST00000112725.8 [Q68G58-5];ENSMUST00000112727.10 [Q68G58-4];
Q68SA9	Q68SA9;		ENSMUST00000113059.8 [Q68SA9-1];ENSMUST00000113060.3 [Q68SA9-2];
Q68SN8	Q68SN8;		ENSMUST00000049926.15 [Q68SN8-1];ENSMUST00000166297.7 [Q68SN8-2];ENSMUST00000193229.6 [Q68SN8-2];ENSMUST00000194102.6 [Q68SN8-1];
Q69Z26	Q69Z26;	3JXA;3KLD;5E4S;	ENSMUST00000089208.9 [Q69Z26-1];ENSMUST00000113258.8 [Q69Z26-3];ENSMUST00000113260.8 [Q69Z26-2];ENSMUST00000113261.9 [Q69Z26-2];ENSMUST00000113264.9 [Q69Z26-1];
Q69Z28	Q69Z28;		ENSMUST00000080145.13 [Q69Z28-1];ENSMUST00000109694.3 [Q69Z28-2];
Q69Z36	Q69Z36;		
Q69Z37	Q69Z37;		
Q69Z38	Q69Z38;		ENSMUST00000061552.15;
Q69Z66	Q69Z66;		ENSMUST00000075872.4 [Q69Z66-1];
Q69Z69	Q69Z69;		ENSMUST00000025142.13 [Q69Z69-1];ENSMUST00000115864.8 [Q69Z69-2];ENSMUST00000127099.9 [Q69Z69-3];
Q69Z98	Q69Z98;	4YNZ;4YOM;	ENSMUST00000018971.15 [Q69Z98-4];ENSMUST00000075528.12 [Q69Z98-3];ENSMUST00000078200.12 [Q69Z98-2];ENSMUST00000105989.9 [Q69Z98-2];ENSMUST00000174499.8 [Q69Z98-1];
Q69ZA1	Q69ZA1;		ENSMUST00000042365.9 [Q69ZA1-1];ENSMUST00000223490.2 [Q69ZA1-2];
Q69ZF3	Q69ZF3;		ENSMUST00000030189.14;
Q69ZF7	Q69ZF7;		ENSMUST00000153128.2;
Q69ZF8	Q69ZF8;		ENSMUST00000085177.5;
Q69ZI1	Q69ZI1;		
Q69ZK0	Q69ZK0;		ENSMUST00000036719.12 [Q69ZK0-1];ENSMUST00000109246.2 [Q69ZK0-2];
Q69ZK6	Q69ZK6;		ENSMUST00000173689.8;
Q69ZK9	Q69ZK9;	3BL8;	ENSMUST00000056484.10;ENSMUST00000108634.9;
Q69ZM6	Q69ZM6;		ENSMUST00000087183.11 [Q69ZM6-1];ENSMUST00000087186.11 [Q69ZM6-3];
Q69ZN6	Q69ZN6;		ENSMUST00000020251.10 [Q69ZN6-1];
Q69ZN7	Q69ZN7;		ENSMUST00000041475.16 [Q69ZN7-1];
Q69ZP3	Q69ZP3;		ENSMUST00000027370.13 [Q69ZP3-1];ENSMUST00000087225.6 [Q69ZP3-4];ENSMUST00000087226.11 [Q69ZP3-3];
Q69ZQ1	Q69ZQ1;		ENSMUST00000054920.5;
Q69ZR2	Q69ZR2;		
Q69ZR9	Q69ZR9;		ENSMUST00000022450.6 [Q69ZR9-2];
Q69ZS0	Q69ZS0;		ENSMUST00000075994.11 [Q69ZS0-1];
Q69ZS6	Q69ZS6;		ENSMUST00000161263.8;
Q69ZS7	Q69ZS7;	1UFZ;	ENSMUST00000219915.2 [Q69ZS7-1];
Q69ZS8	Q69ZS8;		ENSMUST00000036476.10 [Q69ZS8-2];ENSMUST00000155023.9 [Q69ZS8-1];
Q69ZT1	Q69ZT1;		ENSMUST00000163289.7 [Q69ZT1-1];
Q69ZU6	Q69ZU6;		
Q69ZW3	Q69ZW3;		ENSMUST00000045167.11 [Q69ZW3-2];ENSMUST00000109563.9 [Q69ZW3-1];ENSMUST00000180360.8 [Q69ZW3-2];
Q69ZX6	Q69ZX6;		ENSMUST00000093389.9;ENSMUST00000096441.5;
Q69ZX8	Q69ZX8;		ENSMUST00000049378.15;ENSMUST00000166783.3;
Q69ZZ9	Q69ZZ9;		
Q6A009	Q6A009;		ENSMUST00000039449.9;
Q6A028	Q6A028;		ENSMUST00000033325.9;
Q6A037	Q6A037;		ENSMUST00000034074.8;
Q6A051	Q6A051;		ENSMUST00000077282.7 [Q6A051-1];
Q6A065	Q6A065;		ENSMUST00000192961.6 [Q6A065-2];ENSMUST00000194727.6 [Q6A065-1];
Q6A068	Q6A068;		ENSMUST00000024727.10;
Q6A070	Q6A070;	5DN7;	ENSMUST00000066296.9 [Q6A070-1];
Q6A078	Q6A078;		ENSMUST00000219765.2 [Q6A078-1];
Q6A087			
Q6A0D4	Q6A0D4;		ENSMUST00000044503.14;
Q6A4J8	Q6A4J8;		
Q6AW69	Q6AW69;		ENSMUST00000072899.9 [Q6AW69-4];ENSMUST00000121322.8 [Q6AW69-3];ENSMUST00000122065.2 [Q6AW69-4];
Q6AXC6	Q6AXC6;		ENSMUST00000224497.2;
Q6AZB0	Q6AZB0;	1X4Y;1X4Z;	
Q6B8I0	Q6B8I0;		ENSMUST00000075040.9;
Q6DFV1	Q6DFV1;		ENSMUST00000084828.5;
Q6DFW0	Q6DFW0;		ENSMUST00000084724.10 [Q6DFW0-2];ENSMUST00000108127.4 [Q6DFW0-1];
Q6DFW4	Q6DFW4;		ENSMUST00000191142.7;
Q6DFW5	Q6DFW5;		ENSMUST00000029257.15;
Q6DFX2	Q6DFX2;		ENSMUST00000031281.14;
Q6DFY8	Q6DFY8;		ENSMUST00000004133.11;
Q6DFZ1	Q6DFZ1;		ENSMUST00000026254.14;
Q6DIA7	Q6DIA7;	7Z8Z;	ENSMUST00000093375.5 [Q6DIA7-2];ENSMUST00000118856.8 [Q6DIA7-1];
Q6DIB5	Q6DIB5;		ENSMUST00000075770.13;
Q6DIC0	Q6DIC0;		
Q6DID7	Q6DID7;		ENSMUST00000068952.10 [Q6DID7-1];ENSMUST00000198878.2 [Q6DID7-1];
Q6DR98	Q6DR98;		ENSMUST00000207470.3;
Q6DTY7	Q6DTY7;		ENSMUST00000051873.15 [Q6DTY7-5];ENSMUST00000198140.5 [Q6DTY7-1];ENSMUST00000199591.5 [Q6DTY7-3];
Q6DVA0	Q6DVA0;		ENSMUST00000055117.9;
Q6DYE8	Q6DYE8;		ENSMUST00000020169.9;
Q6E1M8	Q6E1M8;		ENSMUST00000033567.15 [Q6E1M8-1];ENSMUST00000147103.2 [Q6E1M8-2];
Q6EBV9	Q6EBV9;		ENSMUST00000059401.7;
Q6EDY6	Q6EDY6;	2KZ7;3AA0;3AAE;4K17;	ENSMUST00000072889.12 [Q6EDY6-1];
Q6F3F9	Q6F3F9;		ENSMUST00000041168.6;
Q6GQS1	Q6GQS1;		ENSMUST00000040280.14;
Q6GQT0	Q6GQT0;		ENSMUST00000090464.7 [Q6GQT0-1];ENSMUST00000106491.7 [Q6GQT0-2];
Q6GQT1	Q6GQT1;		ENSMUST00000032203.9;
Q6GQT6	Q6GQT6;		ENSMUST00000098350.10;
Q6GQX6	Q6GQX6;		ENSMUST00000229609.2;
Q6GSS7	Q6GSS7;		ENSMUST00000074976.8;ENSMUST00000078756.7;
Q6GU14			ENSMUST00000000450.5;
Q6GYP7	Q6GYP7;		ENSMUST00000085385.7 [Q6GYP7-1];
Q6H1V1	Q6H1V1;		ENSMUST00000020378.5 [Q6H1V1-1];
Q6HA09	Q6HA09;		ENSMUST00000059839.9 [Q6HA09-2];ENSMUST00000089673.10 [Q6HA09-1];ENSMUST00000179618.8 [Q6HA09-2];
Q6IMP4	Q6IMP4;		ENSMUST00000161372.2 [Q6IMP4-2];ENSMUST00000162424.2 [Q6IMP4-1];
Q6IQX7	Q6IQX7;		ENSMUST00000079205.14 [Q6IQX7-1];ENSMUST00000094818.4 [Q6IQX7-3];
Q6IQX8	Q6IQX8;		ENSMUST00000067549.15;ENSMUST00000166169.4;ENSMUST00000226522.2;
Q6IQY6			ENSMUST00000097949.11;
Q6IR34	Q6IR34;		ENSMUST00000066889.13 [Q6IR34-5];ENSMUST00000066936.9 [Q6IR34-1];ENSMUST00000078616.12 [Q6IR34-2];
Q6IR42	Q6IR42;		ENSMUST00000035852.14;
Q6IRU2	Q6IRU2;		ENSMUST00000003575.11;
Q6IRU5	Q6IRU5;		ENSMUST00000049575.8 [Q6IRU5-1];ENSMUST00000091609.11 [Q6IRU5-2];
Q6IRU7	Q6IRU7;		ENSMUST00000047704.8;
Q6IS31	Q6IS31;		
Q6IS41	Q6IS41;		ENSMUST00000057026.10;
Q6IUP1	Q6IUP1;		ENSMUST00000076989.7;
Q6J1H4	Q6J1H4;		ENSMUST00000168457.3 [Q6J1H4-1];
Q6K1E7	Q6K1E7;		ENSMUST00000053683.7;
Q6KAQ7	Q6KAQ7;		ENSMUST00000106100.9 [Q6KAQ7-1];ENSMUST00000106101.2 [Q6KAQ7-1];ENSMUST00000106103.8 [Q6KAQ7-2];ENSMUST00000200570.5 [Q6KAQ7-3];
Q6KAS7	Q6KAS7;		ENSMUST00000025288.9 [Q6KAS7-1];ENSMUST00000234410.2 [Q6KAS7-1];
Q6KAU8	Q6KAU8;		ENSMUST00000120267.9 [Q6KAU8-1];ENSMUST00000122116.8 [Q6KAU8-3];ENSMUST00000139609.8 [Q6KAU8-2];ENSMUST00000143630.8 [Q6KAU8-2];
Q6KCD5			ENSMUST00000052965.8 [Q6KCD5-1];
Q6NS45	Q6NS45;		ENSMUST00000050480.8 [Q6NS45-2];ENSMUST00000223689.2 [Q6NS45-1];
Q6NS52	Q6NS52;		ENSMUST00000040500.9 [Q6NS52-2];ENSMUST00000220990.2 [Q6NS52-2];
Q6NS82	Q6NS82;		ENSMUST00000097694.11 [Q6NS82-1];ENSMUST00000190240.7 [Q6NS82-3];
Q6NSP9			ENSMUST00000159699.2;
Q6NSQ9	Q6NSQ9;		ENSMUST00000070334.10;ENSMUST00000078975.8;
Q6NT99	Q6NT99;		ENSMUST00000027826.7;
Q6NVD0			ENSMUST00000091137.6 [Q6NVD0-1];
Q6NVD9	Q6NVD9;		ENSMUST00000124310.5 [Q6NVD9-1];
Q6NVE8	Q6NVE8;		ENSMUST00000035766.13 [Q6NVE8-1];ENSMUST00000101670.3 [Q6NVE8-1];
Q6NVE9	Q6NVE9;		ENSMUST00000053426.15 [Q6NVE9-1];ENSMUST00000119015.2 [Q6NVE9-2];
Q6NVF0	Q6NVF0;		ENSMUST00000001202.15 [Q6NVF0-1];ENSMUST00000115020.8 [Q6NVF0-2];
Q6NVF4	Q6NVF4;		ENSMUST00000020449.12;
Q6NVF9	Q6NVF9;		ENSMUST00000069168.13;ENSMUST00000177145.8;
Q6NVG1	Q6NVG1;		ENSMUST00000028554.4;
Q6NVG5	Q6NVG5;	6CMY;	ENSMUST00000048860.9;
Q6NWV3	Q6NWV3;		ENSMUST00000038234.13 [Q6NWV3-2];ENSMUST00000112925.8 [Q6NWV3-1];
Q6NWW9	Q6NWW9;		
Q6NXH3	Q6NXH3;		ENSMUST00000047627.14 [Q6NXH3-2];ENSMUST00000091236.11 [Q6NXH3-1];
Q6NXK7	Q6NXK7;		
Q6NXK8	Q6NXK8;		ENSMUST00000023758.9 [Q6NXK8-1];ENSMUST00000228185.2 [Q6NXK8-2];
Q6NXV8	Q6NXV8;		
Q6NXW6	Q6NXW6;		ENSMUST00000022136.14;ENSMUST00000177848.3;
Q6NY15	Q6NY15;		ENSMUST00000041815.15 [Q6NY15-1];ENSMUST00000088072.10 [Q6NY15-3];ENSMUST00000114902.8 [Q6NY15-2];
Q6NZB1	Q6NZB1;	4C03;4C04;4C05;4C06;4C07;4C08;5FQN;5FQO;5LV4;5LV5;6SQ3;6SQ4;6SQH;6SQI;6SQK;7NUD;7NUE;7P2R;	ENSMUST00000106567.2;ENSMUST00000168412.3;ENSMUST00000190378.2;
Q6NZG4	Q6NZG4;		
Q6NZJ6	Q6NZJ6;		ENSMUST00000044783.14 [Q6NZJ6-1];ENSMUST00000115460.8 [Q6NZJ6-1];ENSMUST00000115463.8 [Q6NZJ6-2];
Q6NZM9	Q6NZM9;		ENSMUST00000008995.15 [Q6NZM9-1];ENSMUST00000097644.9 [Q6NZM9-1];
Q6NZP1	Q6NZP1;		ENSMUST00000086614.12;ENSMUST00000112538.4;
Q6NZQ4	Q6NZQ4;		ENSMUST00000002291.12;
Q6NZQ8	Q6NZQ8;		ENSMUST00000039540.12 [Q6NZQ8-4];ENSMUST00000072482.13 [Q6NZQ8-3];ENSMUST00000098708.11 [Q6NZQ8-5];ENSMUST00000110253.3 [Q6NZQ8-2];ENSMUST00000110255.8 [Q6NZQ8-5];ENSMUST00000110258.8 [Q6NZQ8-1];ENSMUST00000110259.8 [Q6NZQ8-3];ENSMUST00000178982.8 [Q6NZQ8-1];
Q6P069	Q6P069;		ENSMUST00000088786.11 [Q6P069-2];ENSMUST00000148633.4 [Q6P069-1];
Q6P073	Q6P073;		ENSMUST00000103175.8;ENSMUST00000105581.5;ENSMUST00000166489.8;
Q6P1B3	Q6P1B3;		ENSMUST00000032479.11;ENSMUST00000160704.8;ENSMUST00000162170.8;
Q6P1C6	Q6P1C6;	3SO5;	ENSMUST00000074807.8;
Q6P1D5	Q6P1D5;		ENSMUST00000079491.14 [Q6P1D5-1];
Q6P1D7	Q6P1D7;		ENSMUST00000040790.14;
Q6P1E1	Q6P1E1;		ENSMUST00000007961.15 [Q6P1E1-2];ENSMUST00000162645.8 [Q6P1E1-1];
Q6P1E7	Q6P1E7;		ENSMUST00000040468.16 [Q6P1E7-1];ENSMUST00000209787.2 [Q6P1E7-1];ENSMUST00000211400.2 [Q6P1E7-1];
Q6P1E8	Q6P1E8;	8I7O;8I7R;8IYJ;8TO0;	ENSMUST00000156187.8 [Q6P1E8-1];
Q6P1F6	Q6P1F6;		ENSMUST00000089230.7;
Q6P1G2	Q6P1G2;		ENSMUST00000031435.14 [Q6P1G2-2];ENSMUST00000046073.16 [Q6P1G2-1];
Q6P1H1	Q6P1H1;		ENSMUST00000168445.2 [Q6P1H1-1];ENSMUST00000235271.2 [Q6P1H1-1];ENSMUST00000236352.2 [Q6P1H1-3];ENSMUST00000237581.2 [Q6P1H1-1];ENSMUST00000237641.2 [Q6P1H1-2];ENSMUST00000237814.2 [Q6P1H1-1];
Q6P1I6	Q6P1I6;		ENSMUST00000115716.9 [Q6P1I6-1];ENSMUST00000175734.2 [Q6P1I6-3];ENSMUST00000176873.8 [Q6P1I6-3];ENSMUST00000177432.8 [Q6P1I6-2];
Q6P1Y8	Q6P1Y8;		ENSMUST00000042529.14;
Q6P2K6	Q6P2K6;		ENSMUST00000048305.10 [Q6P2K6-1];
Q6P2L6	Q6P2L6;		ENSMUST00000136107.9 [Q6P2L6-4];ENSMUST00000146919.8 [Q6P2L6-2];ENSMUST00000153597.3 [Q6P2L6-3];ENSMUST00000155861.8 [Q6P2L6-2];
Q6P3A8	Q6P3A8;		ENSMUST00000034801.11 [Q6P3A8-2];ENSMUST00000190166.7 [Q6P3A8-2];ENSMUST00000190637.7 [Q6P3A8-1];
Q6P3D0	Q6P3D0;		ENSMUST00000035179.9;
Q6P3E7	Q6P3E7;		ENSMUST00000082197.12;
Q6P4S6	Q6P4S6;		ENSMUST00000126865.8 [Q6P4S6-1];
Q6P4T1	Q6P4T1;	4P2I;4P2J;	ENSMUST00000164099.3;
Q6P4T2	Q6P4T2;		ENSMUST00000103220.4;
Q6P549	Q6P549;	5ZRX;	ENSMUST00000035836.14;ENSMUST00000165052.8;
Q6P5D3	Q6P5D3;		ENSMUST00000038166.9 [Q6P5D3-2];ENSMUST00000086555.11 [Q6P5D3-1];
Q6P5D8	Q6P5D8;	6N64;	ENSMUST00000127430.2;
Q6P5E4	Q6P5E4;		ENSMUST00000046875.14;
Q6P5E6	Q6P5E6;		ENSMUST00000033160.15 [Q6P5E6-1];ENSMUST00000124566.2 [Q6P5E6-1];
Q6P5E8	Q6P5E8;		ENSMUST00000053913.13 [Q6P5E8-1];
Q6P5F6	Q6P5F6;		ENSMUST00000027131.6;
Q6P5F7	Q6P5F7;	7RTW;	ENSMUST00000042661.8 [Q6P5F7-1];ENSMUST00000197452.5 [Q6P5F7-2];
Q6P5F9	Q6P5F9;	3GJX;3NBY;3NBZ;3NC0;3NC1;	ENSMUST00000102869.8;ENSMUST00000102870.8;
Q6P5G0	Q6P5G0;		ENSMUST00000091851.10;
Q6P5H2	Q6P5H2;		ENSMUST00000090973.12 [Q6P5H2-1];ENSMUST00000160694.2 [Q6P5H2-2];
Q6P6J4	Q6P6J4;		ENSMUST00000053657.13;ENSMUST00000112279.2;
Q6P6L0	Q6P6L0;		ENSMUST00000099667.3 [Q6P6L0-2];
Q6P6M7	Q6P6M7;	3BC8;3BCA;3BCB;	ENSMUST00000031069.13;
Q6P6N5	Q6P6N5;		
Q6P7F1	Q6P7F1;		ENSMUST00000078874.14 [Q6P7F1-1];ENSMUST00000191200.7 [Q6P7F1-3];
Q6P7W0	Q6P7W0;		ENSMUST00000037484.15 [Q6P7W0-1];ENSMUST00000164859.8 [Q6P7W0-2];
Q6P8U6	Q6P8U6;		ENSMUST00000057270.9;
Q6P8X1	Q6P8X1;		ENSMUST00000005798.9;
Q6P8X9	Q6P8X9;	8I7O;8I7R;8IYJ;8TO0;	ENSMUST00000027959.11;
Q6P902	Q6P902;		
Q6P926	Q6P926;		ENSMUST00000025209.12 [Q6P926-1];ENSMUST00000096573.4 [Q6P926-3];
Q6P9J9	Q6P9J9;	6P46;6P47;6P48;6P49;6QP6;6QPB;6QPC;6QPI;8B8G;8B8J;8B8K;8B8M;8B8Q;8BC0;8BC1;8SUN;8SUR;8TAG;8TAI;8TAL;	ENSMUST00000071874.8 [Q6P9J9-1];
Q6P9K9	Q6P9K9;	3MW4;	ENSMUST00000057634.14 [Q6P9K9-2];ENSMUST00000163134.8 [Q6P9K9-1];ENSMUST00000167887.8 [Q6P9K9-2];
Q6P9N1	Q6P9N1;		ENSMUST00000030849.13 [Q6P9N1-1];ENSMUST00000101513.9 [Q6P9N1-2];ENSMUST00000115109.2 [Q6P9N1-3];
Q6P9P6	Q6P9P6;		ENSMUST00000012587.4;
Q6P9Q6	Q6P9Q6;		ENSMUST00000084527.10 [Q6P9Q6-1];
Q6P9R2	Q6P9R2;		ENSMUST00000040853.11;
Q6P9S0	Q6P9S0;		ENSMUST00000052457.15;
Q6P9S1	Q6P9S1;		ENSMUST00000109099.4;
Q6P9S7	Q6P9S7;		ENSMUST00000066987.14;
Q6P9Z1	Q6P9Z1;		ENSMUST00000030791.12;
Q6PA06	Q6PA06;		ENSMUST00000068282.7 [Q6PA06-1];
Q6PAC3	Q6PAC3;		ENSMUST00000022909.10;
Q6PAJ1	Q6PAJ1;		ENSMUST00000164107.3;
Q6PAK3	Q6PAK3;		ENSMUST00000032500.9;
Q6PAL1	Q6PAL1;		ENSMUST00000030862.5;
Q6PAR0	Q6PAR0;		ENSMUST00000068240.13 [Q6PAR0-2];ENSMUST00000068259.10 [Q6PAR0-1];ENSMUST00000144272.8 [Q6PAR0-3];
Q6PAR5	Q6PAR5;		ENSMUST00000028224.15 [Q6PAR5-2];ENSMUST00000102800.9 [Q6PAR5-2];ENSMUST00000113099.10 [Q6PAR5-1];
Q6PAV2	Q6PAV2;		ENSMUST00000020258.10 [Q6PAV2-2];ENSMUST00000219577.2 [Q6PAV2-1];
Q6PB44	Q6PB44;	2W10;	ENSMUST00000040021.12 [Q6PB44-1];
Q6PB60	Q6PB60;		ENSMUST00000068755.14;ENSMUST00000180025.8;
Q6PB66	Q6PB66;		ENSMUST00000112308.9;
Q6PB75	Q6PB75;		ENSMUST00000198607.5;
Q6PB82			ENSMUST00000200299.2;
Q6PB93	Q6PB93;		ENSMUST00000034458.9 [Q6PB93-1];
Q6PB97	Q6PB97;		ENSMUST00000033081.14 [Q6PB97-1];ENSMUST00000186207.7 [Q6PB97-1];ENSMUST00000188580.3 [Q6PB97-3];ENSMUST00000206893.2 [Q6PB97-2];
Q6PCM1	Q6PCM1;		ENSMUST00000065509.11 [Q6PCM1-1];ENSMUST00000167220.4 [Q6PCM1-1];ENSMUST00000207023.2 [Q6PCM1-1];
Q6PCN3	Q6PCN3;		ENSMUST00000047034.9;
Q6PCN7	Q6PCN7;		ENSMUST00000002502.12;
Q6PCP5	Q6PCP5;		ENSMUST00000073025.12 [Q6PCP5-2];ENSMUST00000078332.13 [Q6PCP5-1];ENSMUST00000160786.8 [Q6PCP5-3];ENSMUST00000160972.8 [Q6PCP5-4];
Q6PCQ0	Q6PCQ0;		ENSMUST00000041783.14 [Q6PCQ0-1];ENSMUST00000077890.12 [Q6PCQ0-2];
Q6PCX7	Q6PCX7;		ENSMUST00000094312.12 [Q6PCX7-1];ENSMUST00000139780.3 [Q6PCX7-2];
Q6PCX9	Q6PCX9;		ENSMUST00000041282.13;
Q6PD03	Q6PD03;		ENSMUST00000067976.9;
Q6PD10	Q6PD10;		ENSMUST00000035214.11;
Q6PD21	Q6PD21;		ENSMUST00000061986.12 [Q6PD21-1];
Q6PD31	Q6PD31;		ENSMUST00000045903.8 [Q6PD31-1];
Q6PDG5	Q6PDG5;		ENSMUST00000026433.9 [Q6PDG5-2];ENSMUST00000105235.10 [Q6PDG5-1];
Q6PDG8	Q6PDG8;		
Q6PDI5	Q6PDI5;		ENSMUST00000102889.10 [Q6PDI5-1];ENSMUST00000107557.9 [Q6PDI5-3];
Q6PDK2			ENSMUST00000178486.9;
Q6PDM1	Q6PDM1;	2Y0M;2Y0N;	ENSMUST00000037915.9 [Q6PDM1-1];ENSMUST00000037930.13 [Q6PDM1-3];ENSMUST00000107485.8 [Q6PDM1-4];ENSMUST00000107487.10 [Q6PDM1-2];
Q6PDM2	Q6PDM2;	1X4C;	ENSMUST00000079866.11 [Q6PDM2-2];ENSMUST00000139129.9 [Q6PDM2-1];
Q6PDM4	Q6PDM4;		ENSMUST00000076592.4;
Q6PDN3	Q6PDN3;		ENSMUST00000231589.2 [Q6PDN3-4];
Q6PDQ2	Q6PDQ2;		ENSMUST00000056889.15;
Q6PDS3	Q6PDS3;		ENSMUST00000061174.7 [Q6PDS3-1];ENSMUST00000108287.10 [Q6PDS3-3];
Q6PDX6	Q6PDX6;		ENSMUST00000030439.15 [Q6PDX6-1];ENSMUST00000102690.9 [Q6PDX6-4];ENSMUST00000221654.2 [Q6PDX6-2];
Q6PDY2	Q6PDY2;	7LVZ;	ENSMUST00000075686.7;
Q6PE15	Q6PE15;	6NY9;	ENSMUST00000066983.13 [Q6PE15-1];
Q6PE84	Q6PE84;		ENSMUST00000029307.4;
Q6PE87	Q6PE87;		ENSMUST00000029971.12 [Q6PE87-1];ENSMUST00000108136.8 [Q6PE87-2];
Q6PEB6	Q6PEB6;		ENSMUST00000162364.8;
Q6PEE3	Q6PEE3;		ENSMUST00000022901.16;
Q6PEM8	Q6PEM8;		ENSMUST00000001126.4;
Q6PER3	Q6PER3;		ENSMUST00000031058.15;
Q6PF93	Q6PF93;		ENSMUST00000115812.10 [Q6PF93-1];
Q6PFD5	Q6PFD5;	5IZU;	ENSMUST00000046659.14;ENSMUST00000106094.9;
Q6PFD9	Q6PFD9;	3TKN;7BYF;	
Q6PFE3	Q6PFE3;		ENSMUST00000070755.13;
Q6PFE7	Q6PFE7;		ENSMUST00000030032.13 [Q6PFE7-1];ENSMUST00000123476.8 [Q6PFE7-1];
Q6PFG8	Q6PFG8;		ENSMUST00000053225.7;
Q6PFR5	Q6PFR5;		
Q6PFX7	Q6PFX7;		ENSMUST00000061789.14 [Q6PFX7-1];ENSMUST00000118326.8 [Q6PFX7-1];ENSMUST00000212152.2 [Q6PFX7-2];
Q6PFX9	Q6PFX9;	3UTM;4N4T;5HKP;6CF6;	ENSMUST00000033929.6 [Q6PFX9-1];
Q6PFY1	Q6PFY1;		ENSMUST00000043437.14 [Q6PFY1-1];
Q6PFY8	Q6PFY8;	8SDI;	ENSMUST00000037409.13 [Q6PFY8-1];ENSMUST00000106980.9 [Q6PFY8-1];ENSMUST00000134993.3 [Q6PFY8-2];
Q6PFY9	Q6PFY9;		ENSMUST00000039318.16 [Q6PFY9-1];ENSMUST00000109769.10 [Q6PFY9-2];ENSMUST00000109770.2 [Q6PFY9-1];ENSMUST00000221139.2 [Q6PFY9-1];
Q6PFZ1	Q6PFZ1;		
Q6PGB6	Q6PGB6;		ENSMUST00000063520.15 [Q6PGB6-2];ENSMUST00000063542.8 [Q6PGB6-3];ENSMUST00000159514.8 [Q6PGB6-4];ENSMUST00000161326.8 [Q6PGB6-1];
Q6PGB8	Q6PGB8;		ENSMUST00000077569.11 [Q6PGB8-1];ENSMUST00000088973.11 [Q6PGB8-1];ENSMUST00000101616.9 [Q6PGB8-2];
Q6PGC1	Q6PGC1;		ENSMUST00000038574.7;
Q6PGD0	Q6PGD0;		ENSMUST00000013766.13 [Q6PGD0-1];ENSMUST00000200942.2 [Q6PGD0-2];
Q6PGG6	Q6PGG6;		ENSMUST00000026297.12;ENSMUST00000112691.9;
Q6PGK7	Q6PGK7;		ENSMUST00000027249.13 [Q6PGK7-1];ENSMUST00000194361.7 [Q6PGK7-1];
Q6PGN1	Q6PGN1;		ENSMUST00000086861.12;
Q6PGN3	Q6PGN3;		ENSMUST00000029719.14 [Q6PGN3-1];ENSMUST00000191752.6 [Q6PGN3-6];ENSMUST00000195561.6 [Q6PGN3-2];
Q6PH08	Q6PH08;		ENSMUST00000090302.6 [Q6PH08-3];ENSMUST00000210924.2 [Q6PH08-2];ENSMUST00000211145.2 [Q6PH08-1];
Q6PHN9	Q6PHN9;		ENSMUST00000031492.15;
Q6PHS9	Q6PHS9;		ENSMUST00000010210.13 [Q6PHS9-2];ENSMUST00000085092.12 [Q6PHS9-1];ENSMUST00000166799.8 [Q6PHS9-6];ENSMUST00000168532.8 [Q6PHS9-3];ENSMUST00000170737.3 [Q6PHS9-5];
Q6PHU5	Q6PHU5;	5NMR;5NMT;5NNI;5NNJ;5ZNN;	ENSMUST00000102632.7 [Q6PHU5-1];ENSMUST00000135636.6 [Q6PHU5-2];
Q6PHZ2	Q6PHZ2;	6BAB;	ENSMUST00000066466.13 [Q6PHZ2-4];ENSMUST00000106400.9 [Q6PHZ2-2];ENSMUST00000106402.8 [Q6PHZ2-5];ENSMUST00000199300.5 [Q6PHZ2-1];
Q6PHZ8	Q6PHZ8;	3DD4;	ENSMUST00000087395.11 [Q6PHZ8-1];ENSMUST00000176191.8 [Q6PHZ8-2];ENSMUST00000176978.8 [Q6PHZ8-4];
Q6PIC6	Q6PIC6;		ENSMUST00000080882.11;
Q6PIE5	Q6PIE5;		ENSMUST00000085913.11;
Q6PIJ4	Q6PIJ4;		ENSMUST00000086167.12;
Q6PIX5	Q6PIX5;		ENSMUST00000020524.15 [Q6PIX5-1];
Q6PKN7	Q6PKN7;		ENSMUST00000073625.8 [Q6PKN7-1];ENSMUST00000108541.9 [Q6PKN7-1];ENSMUST00000108542.8 [Q6PKN7-1];ENSMUST00000108543.4 [Q6PKN7-2];ENSMUST00000126114.9 [Q6PKN7-1];
Q6PR54	Q6PR54;		ENSMUST00000112693.10 [Q6PR54-3];
Q6PZE0			ENSMUST00000239545.1 [Q6PZE0-1];
Q6Q2Z6	Q6Q2Z6;		ENSMUST00000046422.11;
Q6Q473	Q6Q473;		
Q6Q477	Q6Q477;		ENSMUST00000112264.2 [Q6Q477-2];ENSMUST00000143567.8 [Q6Q477-1];ENSMUST00000165602.9 [Q6Q477-1];
Q6Q783	Q6Q783;	4AU7;	ENSMUST00000098853.9;ENSMUST00000108582.10;ENSMUST00000108583.9;
Q6Q899	Q6Q899;	3TBK;6BZH;	ENSMUST00000037907.13 [Q6Q899-1];
Q6QI06	Q6QI06;		ENSMUST00000061656.8 [Q6QI06-1];
Q6QIY3	Q6QIY3;		ENSMUST00000213392.2 [Q6QIY3-2];
Q6QLQ4	Q6QLQ4;	2BPD;2BPE;2BPH;2CL8;	
Q6QNU9	Q6QNU9;		ENSMUST00000074829.4;
Q6QWF9	Q6QWF9;		ENSMUST00000050918.4;
Q6R0H6	Q6R0H6;		ENSMUST00000109088.8;ENSMUST00000186907.7;
Q6R0H7	Q6R0H7;		ENSMUST00000080493.12 [Q6R0H7-1];ENSMUST00000087876.11 [Q6R0H7-4];ENSMUST00000087877.11 [Q6R0H7-2];ENSMUST00000154658.8 [Q6R0H7-3];ENSMUST00000185956.7 [Q6R0H7-1];
Q6R2P8	Q6R2P8;		ENSMUST00000038229.5;
Q6R3M4	Q6R3M4;	2KWU;2KWV;3AI4;	
Q6R5N8	Q6R5N8;	4Z0C;	ENSMUST00000040065.4;
Q6R6I7	Q6R6I7;		ENSMUST00000078527.13;
Q6R891	Q6R891;		ENSMUST00000038696.12 [Q6R891-1];ENSMUST00000107748.2 [Q6R891-2];
Q6RHR9	Q6RHR9;	2I04;5ZYS;	ENSMUST00000089317.12 [Q6RHR9-1];
Q6RI63	Q6RI63;		ENSMUST00000055352.8 [Q6RI63-1];
Q6RKD8	Q6RKD8;		ENSMUST00000113383.4 [Q6RKD8-2];
Q6RT24	Q6RT24;		
Q6S5C2	Q6S5C2;		
Q6S5J6	Q6S5J6;		ENSMUST00000080085.9 [Q6S5J6-1];ENSMUST00000171023.8 [Q6S5J6-2];ENSMUST00000200577.5 [Q6S5J6-4];
Q6S5L9	Q6S5L9;		ENSMUST00000042246.14;
Q6S7F2	Q6S7F2;		ENSMUST00000073781.12 [Q6S7F2-1];ENSMUST00000173471.8 [Q6S7F2-1];
Q6SJE0	Q6SJE0;		ENSMUST00000074880.6 [Q6SJE0-1];ENSMUST00000184693.8 [Q6SJE0-2];
Q6SJQ0	Q6SJQ0;		ENSMUST00000045151.6 [Q6SJQ0-2];ENSMUST00000106582.9 [Q6SJQ0-1];
Q6SJQ5	Q6SJQ5;		ENSMUST00000092459.4;
Q6SJQ7	Q6SJQ7;	1ZOX;5FFL;5OR7;6C6Q;6C74;6E47;6E48;6H6L;6H6M;	ENSMUST00000051264.14 [Q6SJQ7-2];ENSMUST00000106561.8 [Q6SJQ7-1];
Q6SKR2	Q6SKR2;		ENSMUST00000054442.11 [Q6SKR2-1];ENSMUST00000118310.8 [Q6SKR2-2];ENSMUST00000120284.8 [Q6SKR2-3];
Q6SP97	Q6SP97;	8I7O;8I7R;8IYJ;8TO0;	ENSMUST00000027992.3;
Q6T264	Q6T264;		ENSMUST00000059458.5;
Q6T3U4	Q6T3U4;		
Q6T707	Q6T707;		ENSMUST00000058856.9;
Q6TDU8	Q6TDU8;		
Q6TEK5	Q6TEK5;		ENSMUST00000051758.11;
Q6TL19	Q6TL19;		ENSMUST00000069183.8;
Q6TXD4	Q6TXD4;		
Q6U7H8	Q6U7H8;		ENSMUST00000055304.14 [Q6U7H8-1];ENSMUST00000100188.3 [Q6U7H8-3];
Q6U7R4	Q6U7R4;	3BI9;3BIA;3BIB;	ENSMUST00000068877.7;
Q6UJY2	Q6UJY2;		ENSMUST00000159945.8;
Q6UQ17	Q6UQ17;		ENSMUST00000020383.6;
Q6URW6	Q6URW6;		ENSMUST00000048102.15 [Q6URW6-1];ENSMUST00000107899.10 [Q6URW6-2];ENSMUST00000207775.2 [Q6URW6-3];
Q6V3W6	Q6V3W6;		ENSMUST00000058479.7 [Q6V3W6-1];
Q6V4S5	Q6V4S5;	5K6X;5K6Y;5K6Z;5K70;5XX0;	ENSMUST00000041627.14 [Q6V4S5-1];
Q6VGS5	Q6VGS5;		ENSMUST00000068411.5 [Q6VGS5-1];ENSMUST00000085096.10 [Q6VGS5-2];
Q6VH22	Q6VH22;		ENSMUST00000041565.11 [Q6VH22-1];
Q6VMN6	Q6VMN6;		ENSMUST00000051277.4;
Q6VN19	Q6VN19;	5JIA;	ENSMUST00000239468.2;
Q6VNB8			ENSMUST00000053177.14 [Q6VNB8-1];ENSMUST00000174698.2 [Q6VNB8-2];
Q6VNS1	Q6VNS1;		ENSMUST00000039431.14 [Q6VNS1-1];ENSMUST00000039438.9 [Q6VNS1-3];
Q6VV64	Q6VV64;		ENSMUST00000065204.8;
Q6VVW5	Q6VVW5;		ENSMUST00000030191.15 [Q6VVW5-1];
Q6VVW9	Q6VVW9;		ENSMUST00000032908.15;
Q6VY05	Q6VY05;		ENSMUST00000061522.8 [Q6VY05-1];
Q6VZZ7	Q6VZZ7;		ENSMUST00000068355.8 [Q6VZZ7-1];
Q6WKZ7	Q6WKZ7;		ENSMUST00000041865.8;
Q6WKZ8	Q6WKZ8;		ENSMUST00000113335.4 [Q6WKZ8-2];ENSMUST00000113337.10 [Q6WKZ8-1];
Q6WQJ1	Q6WQJ1;		ENSMUST00000039327.11;
Q6WVG3	Q6WVG3;		
Q6X1Y6	Q6X1Y6;		ENSMUST00000049346.10 [Q6X1Y6-2];ENSMUST00000196296.2 [Q6X1Y6-1];
Q6X6Z7	Q6X6Z7;	8I7O;8I7R;8IYJ;8TO0;	ENSMUST00000035732.5;
Q6X786	Q6X786;		ENSMUST00000017339.12 [Q6X786-1];ENSMUST00000081033.13 [Q6X786-2];ENSMUST00000107509.8 [Q6X786-3];ENSMUST00000107511.8 [Q6X786-3];
Q6X893	Q6X893;		ENSMUST00000102911.10 [Q6X893-1];
Q6XBJ3	Q6XBJ3;		ENSMUST00000175965.10;
Q6XJV4	Q6XJV4;	4BFE;	ENSMUST00000114626.4;ENSMUST00000176819.8;
Q6XP49	Q6XP49;		ENSMUST00000112612.9 [Q6XP49-2];
Q6XUX1	Q6XUX1;		ENSMUST00000045110.14 [Q6XUX1-1];
Q6Y5D8	Q6Y5D8;		ENSMUST00000076316.6 [Q6Y5D8-1];ENSMUST00000210519.2 [Q6Y5D8-2];ENSMUST00000210922.2 [Q6Y5D8-3];
Q6Y685	Q6Y685;		ENSMUST00000084512.11 [Q6Y685-2];
Q6Y7W8	Q6Y7W8;		ENSMUST00000027475.15 [Q6Y7W8-1];ENSMUST00000174501.8 [Q6Y7W8-1];
Q6YGZ1	Q6YGZ1;		ENSMUST00000045617.15;
Q6ZPE2	Q6ZPE2;	1V5U;	ENSMUST00000123791.8 [Q6ZPE2-1];ENSMUST00000144585.9 [Q6ZPE2-2];
Q6ZPF3	Q6ZPF3;	3A8P;3A8Q;	ENSMUST00000072156.7 [Q6ZPF3-1];ENSMUST00000169838.9 [Q6ZPF3-1];
Q6ZPF4	Q6ZPF4;	4EAH;	ENSMUST00000081224.14 [Q6ZPF4-2];ENSMUST00000088233.13 [Q6ZPF4-1];
Q6ZPI0	Q6ZPI0;		ENSMUST00000026865.15 [Q6ZPI0-1];ENSMUST00000163764.8 [Q6ZPI0-1];ENSMUST00000168086.7 [Q6ZPI0-1];ENSMUST00000170711.8 [Q6ZPI0-1];ENSMUST00000191952.2 [Q6ZPI0-2];
Q6ZPI3	Q6ZPI3;		ENSMUST00000067795.13;ENSMUST00000163929.2;
Q6ZPJ3	Q6ZPJ3;		ENSMUST00000082152.5;
Q6ZPK0	Q6ZPK0;		
Q6ZPR4	Q6ZPR4;		ENSMUST00000114172.6;
Q6ZPR5	Q6ZPR5;		ENSMUST00000006053.13 [Q6ZPR5-1];ENSMUST00000090159.13 [Q6ZPR5-4];ENSMUST00000163476.10 [Q6ZPR5-2];ENSMUST00000165363.10 [Q6ZPR5-3];
Q6ZPS2	Q6ZPS2;		
Q6ZPV2	Q6ZPV2;		ENSMUST00000049920.14 [Q6ZPV2-1];
Q6ZPY2	Q6ZPY2;		ENSMUST00000001451.11 [Q6ZPY2-1];
Q6ZPY7	Q6ZPY7;		ENSMUST00000043775.9 [Q6ZPY7-1];
Q6ZPZ3	Q6ZPZ3;		ENSMUST00000249896.1 [Q6ZPZ3-1];
Q6ZQ08	Q6ZQ08;		ENSMUST00000098473.11 [Q6ZQ08-4];
Q6ZQ11	Q6ZQ11;		ENSMUST00000036372.8;
Q6ZQ29	Q6ZQ29;		ENSMUST00000071268.11 [Q6ZQ29-2];ENSMUST00000117394.2 [Q6ZQ29-1];
Q6ZQ58	Q6ZQ58;		ENSMUST00000178636.2 [Q6ZQ58-1];
Q6ZQ88	Q6ZQ88;		ENSMUST00000116273.9;
Q6ZQ89	Q6ZQ89;		ENSMUST00000090227.6 [Q6ZQ89-1];
Q6ZQB6	Q6ZQB6;		ENSMUST00000042509.13 [Q6ZQB6-1];ENSMUST00000171129.8 [Q6ZQB6-3];
Q6ZQE4	Q6ZQE4;		ENSMUST00000048099.5;
Q6ZQF0	Q6ZQF0;	5U6K;	ENSMUST00000035164.10;
Q6ZQF7	Q6ZQF7;		ENSMUST00000020655.14 [Q6ZQF7-1];ENSMUST00000109091.2 [Q6ZQF7-1];
Q6ZQJ5	Q6ZQJ5;	5EAN;5EAW;5EAX;	ENSMUST00000092462.12 [Q6ZQJ5-2];ENSMUST00000131422.8 [Q6ZQJ5-1];
Q6ZQK0	Q6ZQK0;		
Q6ZQK5	Q6ZQK5;		ENSMUST00000058033.9 [Q6ZQK5-2];ENSMUST00000230614.2 [Q6ZQK5-1];
Q6ZQL4	Q6ZQL4;		ENSMUST00000047086.10;
Q6ZQM0	Q6ZQM0;		ENSMUST00000021036.13 [Q6ZQM0-3];ENSMUST00000074515.11 [Q6ZQM0-2];ENSMUST00000093975.12 [Q6ZQM0-1];ENSMUST00000103218.3 [Q6ZQM0-4];ENSMUST00000108173.10 [Q6ZQM0-2];
Q6ZWN5	Q6ZWN5;	7CPU;7CPV;7LS1;7LS2;	ENSMUST00000006496.15;ENSMUST00000108625.8;
Q6ZWQ0			ENSMUST00000044217.16 [Q6ZWQ0-1];
Q6ZWR4	Q6ZWR4;		ENSMUST00000025377.14 [Q6ZWR4-2];ENSMUST00000117687.8 [Q6ZWR4-1];ENSMUST00000120632.2 [Q6ZWR4-1];
Q6ZWR6			ENSMUST00000041639.7 [Q6ZWR6-5];ENSMUST00000095899.5 [Q6ZWR6-3];
Q6ZWS8	Q6ZWS8;		ENSMUST00000107722.8;ENSMUST00000107724.9;
Q6ZWU9	Q6ZWU9;	7CPU;7CPV;	ENSMUST00000053150.8;ENSMUST00000170122.4;
Q6ZWV3	Q6ZWV3;	6SWA;7CPU;	ENSMUST00000008826.14;ENSMUST00000074085.12;ENSMUST00000076364.6;
Q6ZWV7	Q6ZWV7;	6SWA;7CPU;7CPV;7LS1;7LS2;	ENSMUST00000080861.6;ENSMUST00000102782.4;
Q6ZWX6	Q6ZWX6;		ENSMUST00000071230.8;
Q6ZWY9	Q6ZWY9;	8PKI;8PKJ;	ENSMUST00000018246.6;ENSMUST00000051091.5;ENSMUST00000079251.8;ENSMUST00000091704.7;
Q704Y3	Q704Y3;		ENSMUST00000102526.9 [Q704Y3-1];
Q70FJ1			
Q70IV5	Q70IV5;		ENSMUST00000051389.10 [Q70IV5-2];ENSMUST00000074233.12 [Q70IV5-1];
Q70KF4			
Q70KY4	Q70KY4;		ENSMUST00000102656.4;
Q70UZ7	Q70UZ7;		ENSMUST00000026068.8 [Q70UZ7-1];
Q715T0	Q715T0;		ENSMUST00000039340.15 [Q715T0-2];ENSMUST00000091763.3 [Q715T0-1];
Q71FD5	Q71FD5;		ENSMUST00000079869.13;
Q71KT5	Q71KT5;		ENSMUST00000025713.12;
Q71KU9	Q71KU9;		
Q71LX8	Q71LX8;		
Q71M36	Q71M36;		ENSMUST00000035058.10 [Q71M36-1];ENSMUST00000196060.5 [Q71M36-2];ENSMUST00000197850.5 [Q71M36-4];ENSMUST00000199736.2 [Q71M36-3];
Q71RI9	Q71RI9;	2ZJG;3E2F;3E2Y;3E2Z;5VEP;5VEQ;5VER;	ENSMUST00000044392.11 [Q71RI9-2];ENSMUST00000106218.8 [Q71RI9-1];
Q75N73	Q75N73;		ENSMUST00000022688.10 [Q75N73-3];ENSMUST00000068044.14 [Q75N73-1];ENSMUST00000152067.8 [Q75N73-3];
Q75NR7	Q75NR7;		
Q75UR0	Q75UR0;		ENSMUST00000043944.6 [Q75UR0-1];ENSMUST00000207044.2 [Q75UR0-2];ENSMUST00000207717.2 [Q75UR0-3];
Q765H6	Q765H6;		ENSMUST00000103027.10 [Q765H6-1];
Q768S4	Q768S4;		ENSMUST00000021208.11 [Q768S4-2];ENSMUST00000066504.11 [Q768S4-1];ENSMUST00000108420.9 [Q768S4-2];ENSMUST00000121287.8 [Q768S4-1];
Q769J6	Q769J6;		ENSMUST00000102891.4;
Q76HL1	Q76HL1;		ENSMUST00000077549.7;
Q76I79	Q76I79;		ENSMUST00000112298.10 [Q76I79-2];ENSMUST00000159592.8 [Q76I79-1];
Q76JU9	Q76JU9;		ENSMUST00000052700.6;
Q76K27	Q76K27;		ENSMUST00000025000.4 [Q76K27-1];ENSMUST00000086878.10 [Q76K27-2];
Q76KF0	Q76KF0;		ENSMUST00000051419.15 [Q76KF0-2];ENSMUST00000076335.12 [Q76KF0-3];ENSMUST00000077847.12 [Q76KF0-6];ENSMUST00000078621.12 [Q76KF0-5];ENSMUST00000103238.2 [Q76KF0-6];ENSMUST00000103239.10 [Q76KF0-1];ENSMUST00000103241.8 [Q76KF0-3];
Q76LL6	Q76LL6;		ENSMUST00000037097.9 [Q76LL6-1];ENSMUST00000234526.2 [Q76LL6-4];ENSMUST00000234834.2 [Q76LL6-2];
Q76LW6	Q76LW6;		ENSMUST00000065539.6;
Q76MZ3	Q76MZ3;	2IAE;2PF4;3FGA;6EF4;	ENSMUST00000007708.14;
Q78DX7	Q78DX7;		ENSMUST00000020045.10;
Q78IQ7	Q78IQ7;		ENSMUST00000230977.2 [Q78IQ7-1];
Q78J03	Q78J03;	2L1U;	ENSMUST00000023856.9;
Q78JE5	Q78JE5;		ENSMUST00000034859.15;
Q78JT3	Q78JT3;		ENSMUST00000000687.9;
Q78PY7	Q78PY7;		ENSMUST00000001460.14;
Q78T81	Q78T81;		ENSMUST00000048375.6;
Q78TU8	Q78TU8;		ENSMUST00000036070.15;ENSMUST00000121887.8;
Q78Y63	Q78Y63;	2DBC;	ENSMUST00000031145.7 [Q78Y63-1];ENSMUST00000122213.8 [Q78Y63-2];
Q78YY6	Q78YY6;		ENSMUST00000226459.2;
Q791V5	Q791V5;		ENSMUST00000136872.8;
Q793I8	Q793I8;	6L9U;6L9V;6L9W;8WWY;	ENSMUST00000054483.14;ENSMUST00000163775.6;ENSMUST00000164447.3;ENSMUST00000171621.3;
Q7JJ13	Q7JJ13;		ENSMUST00000025193.14 [Q7JJ13-1];ENSMUST00000095347.13 [Q7JJ13-2];ENSMUST00000114242.9 [Q7JJ13-1];
Q7M6U3	Q7M6U3;		ENSMUST00000060835.12 [Q7M6U3-1];
Q7M6Y2	Q7M6Y2;		ENSMUST00000079063.7;
Q7M6Y3	Q7M6Y3;		ENSMUST00000049537.9 [Q7M6Y3-5];ENSMUST00000207225.2 [Q7M6Y3-2];ENSMUST00000207484.2 [Q7M6Y3-1];ENSMUST00000208730.2 [Q7M6Y3-3];ENSMUST00000208742.2 [Q7M6Y3-6];ENSMUST00000209068.2 [Q7M6Y3-4];
Q7M6Y5	Q7M6Y5;		ENSMUST00000045513.13 [Q7M6Y5-1];ENSMUST00000115592.8 [Q7M6Y5-2];ENSMUST00000115593.10 [Q7M6Y5-2];
Q7M6Y6	Q7M6Y6;		ENSMUST00000045736.9 [Q7M6Y6-1];
Q7M6Z0	Q7M6Z0;		ENSMUST00000054514.6;
Q7M6Z4	Q7M6Z4;		ENSMUST00000043605.6 [Q7M6Z4-1];ENSMUST00000225388.2 [Q7M6Z4-1];
Q7M729	Q7M729;	5AYQ;5XAX;	ENSMUST00000060125.7;
Q7M732	Q7M732;		ENSMUST00000149046.4;
Q7M750	Q7M750;		ENSMUST00000087176.8;
Q7M753	Q7M753;		ENSMUST00000150843.9;
Q7M759	Q7M759;		ENSMUST00000052556.5;
Q7M760	Q7M760;		ENSMUST00000033265.5;ENSMUST00000106157.8;
Q7M761	Q7M761;		ENSMUST00000106755.3 [Q7M761-1];
Q7M764	Q7M764;		
Q7SIG6	Q7SIG6;	1DCQ;	ENSMUST00000090834.13 [Q7SIG6-2];ENSMUST00000101562.11 [Q7SIG6-1];
Q7TMA4	Q7TMA4;		ENSMUST00000067098.8;
Q7TMB3	Q7TMB3;		ENSMUST00000087321.4;
Q7TMB8	Q7TMB8;		ENSMUST00000032629.16 [Q7TMB8-1];ENSMUST00000163845.4 [Q7TMB8-1];
Q7TMC8	Q7TMC8;		ENSMUST00000041382.7 [Q7TMC8-1];
Q7TMD7	Q7TMD7;		ENSMUST00000019426.5;
Q7TME0	Q7TME0;		ENSMUST00000061071.13;
Q7TME2	Q7TME2;		ENSMUST00000045026.4;
Q7TMF2	Q7TMF2;		
Q7TMF5	Q7TMF5;		ENSMUST00000043915.4;
Q7TMI3	Q7TMI3;		ENSMUST00000025739.14 [Q7TMI3-1];
Q7TMK6	Q7TMK6;		ENSMUST00000064495.8;
Q7TMK9	Q7TMK9;		ENSMUST00000069221.12 [Q7TMK9-2];ENSMUST00000173801.8 [Q7TMK9-1];
Q7TMM8	Q7TMM8;		ENSMUST00000069000.9;ENSMUST00000213396.2;ENSMUST00000216702.2;
Q7TMM9	Q7TMM9;	8IXA;8IXB;8IXD;8IXE;8IXF;8IXG;	ENSMUST00000056427.10;
Q7TMR0	Q7TMR0;		ENSMUST00000076052.8 [Q7TMR0-1];
Q7TMR8	Q7TMR8;		
Q7TMS5	Q7TMS5;		
Q7TMV2	Q7TMV2;		
Q7TMY4	Q7TMY4;		ENSMUST00000065865.10 [Q7TMY4-1];
Q7TMY8			ENSMUST00000112622.8 [Q7TMY8-1];
Q7TN08	Q7TN08;		ENSMUST00000053218.7;
Q7TN12	Q7TN12;		ENSMUST00000120339.8;
Q7TN16	Q7TN16;		ENSMUST00000079038.4;
Q7TN29	Q7TN29;		ENSMUST00000043200.8 [Q7TN29-1];
Q7TN37	Q7TN37;	6BCJ;6BCL;6BCO;6BCQ;	ENSMUST00000042194.10 [Q7TN37-1];
Q7TN58	Q7TN58;		ENSMUST00000050874.14 [Q7TN58-1];ENSMUST00000106334.9 [Q7TN58-2];ENSMUST00000119455.2 [Q7TN58-2];
Q7TN60	Q7TN60;		
Q7TN75	Q7TN75;		ENSMUST00000176204.8 [Q7TN75-2];
Q7TN79	Q7TN79;		ENSMUST00000041984.14 [Q7TN79-1];
Q7TN83	Q7TN83;		ENSMUST00000221220.2 [Q7TN83-2];ENSMUST00000238790.2 [Q7TN83-1];
Q7TN89	Q7TN89;		ENSMUST00000033500.5;
Q7TN98	Q7TN98;		ENSMUST00000020543.13 [Q7TN98-1];
Q7TN99	Q7TN99;		ENSMUST00000126188.8 [Q7TN99-3];ENSMUST00000126781.2 [Q7TN99-5];
Q7TNB8	Q7TNB8;		ENSMUST00000042771.8 [Q7TNB8-1];ENSMUST00000219260.2 [Q7TNB8-1];
Q7TNC4	Q7TNC4;		ENSMUST00000057692.11 [Q7TNC4-1];ENSMUST00000161538.8 [Q7TNC4-2];
Q7TNC6	Q7TNC6;		ENSMUST00000161017.8;
Q7TNC8	Q7TNC8;		ENSMUST00000058787.9;
Q7TNC9	Q7TNC9;		ENSMUST00000026550.14 [Q7TNC9-2];ENSMUST00000106098.8 [Q7TNC9-1];
Q7TNF8	Q7TNF8;		ENSMUST00000039627.12 [Q7TNF8-1];
Q7TNH6	Q7TNH6;		ENSMUST00000035167.15 [Q7TNH6-1];
Q7TNI7	Q7TNI7;		ENSMUST00000039046.10 [Q7TNI7-1];
Q7TNJ0	Q7TNJ0;		ENSMUST00000022913.6 [Q7TNJ0-1];ENSMUST00000227368.2 [Q7TNJ0-3];ENSMUST00000228556.2 [Q7TNJ0-4];
Q7TNK1	Q7TNK1;		ENSMUST00000060397.13 [Q7TNK1-1];ENSMUST00000095388.5 [Q7TNK1-2];ENSMUST00000166696.9 [Q7TNK1-3];
Q7TNK2	Q7TNK2;		
Q7TNL3	Q7TNL3;		ENSMUST00000094761.11 [Q7TNL3-1];ENSMUST00000116286.9 [Q7TNL3-2];
Q7TNM2	Q7TNM2;		ENSMUST00000041022.15 [Q7TNM2-1];
Q7TNR6	Q7TNR6;		ENSMUST00000039331.9;
Q7TNS8	Q7TNS8;		ENSMUST00000052281.6;
Q7TNT2	Q7TNT2;		ENSMUST00000032443.14 [Q7TNT2-1];ENSMUST00000111607.4 [Q7TNT2-2];
Q7TNV0	Q7TNV0;		ENSMUST00000021807.13;
Q7TNV1	Q7TNV1;		ENSMUST00000079423.7 [Q7TNV1-1];ENSMUST00000098032.11 [Q7TNV1-3];ENSMUST00000205324.2 [Q7TNV1-3];ENSMUST00000207020.2 [Q7TNV1-2];
Q7TPD1	Q7TPD1;		ENSMUST00000005504.15 [Q7TPD1-1];ENSMUST00000130379.9 [Q7TPD1-3];ENSMUST00000235112.2 [Q7TPD1-3];
Q7TPD3	Q7TPD3;		
Q7TPG5	Q7TPG5;		ENSMUST00000089295.6;
Q7TPH6		3GBW;3HWJ;	ENSMUST00000159855.8 [Q7TPH6-2];
Q7TPM3	Q7TPM3;		ENSMUST00000075141.7;
Q7TPM5	Q7TPM5;	8I7O;8I7R;8TO0;	ENSMUST00000102877.8 [Q7TPM5-1];ENSMUST00000124840.2 [Q7TPM5-1];
Q7TPQ3	Q7TPQ3;		ENSMUST00000044053.13 [Q7TPQ3-1];ENSMUST00000054814.14 [Q7TPQ3-2];ENSMUST00000159541.8 [Q7TPQ3-5];ENSMUST00000159810.8 [Q7TPQ3-3];
Q7TPQ9	Q7TPQ9;		ENSMUST00000099356.10;
Q7TPR4	Q7TPR4;	6C0A;	ENSMUST00000021554.16;
Q7TPS0	Q7TPS0;		
Q7TPS5	Q7TPS5;		ENSMUST00000087485.7 [Q7TPS5-2];ENSMUST00000111758.9 [Q7TPS5-2];ENSMUST00000203187.3 [Q7TPS5-1];
Q7TPV4	Q7TPV4;		ENSMUST00000045633.6;
Q7TQ32	Q7TQ32;		ENSMUST00000049208.11 [Q7TQ32-1];
Q7TQ33	Q7TQ33;		ENSMUST00000170578.3;
Q7TQ40	Q7TQ40;		
Q7TQ95	Q7TQ95;		ENSMUST00000064503.13;
Q7TQA1	Q7TQA1;		ENSMUST00000033442.14 [Q7TQA1-1];ENSMUST00000072037.13 [Q7TQA1-3];ENSMUST00000114891.2 [Q7TQA1-4];ENSMUST00000114893.8 [Q7TQA1-5];
Q7TQC5	Q7TQC5;		ENSMUST00000030119.10 [Q7TQC5-3];ENSMUST00000068125.11 [Q7TQC5-1];ENSMUST00000108103.9 [Q7TQC5-4];
Q7TQD2	Q7TQD2;		ENSMUST00000022057.9;
Q7TQE6	Q7TQE6;		ENSMUST00000030628.15;
Q7TQF7	Q7TQF7;		ENSMUST00000003345.10;
Q7TQH7	Q7TQH7;		ENSMUST00000022782.10;
Q7TQI3	Q7TQI3;		ENSMUST00000025679.11;
Q7TQI8	Q7TQI8;		ENSMUST00000044509.7;
Q7TQJ8	Q7TQJ8;		ENSMUST00000038537.9;
Q7TQK0	Q7TQK0;		ENSMUST00000027587.15 [Q7TQK0-1];ENSMUST00000112570.2 [Q7TQK0-2];
Q7TQK4	Q7TQK4;		ENSMUST00000030003.10;
Q7TQN3	Q7TQN3;	6MAA;	ENSMUST00000061469.4;
Q7TQQ0	Q7TQQ0;		ENSMUST00000045066.3;ENSMUST00000205900.3;ENSMUST00000206100.2;ENSMUST00000215030.2;
Q7TS55	Q7TS55;	2Q8O;2QDN;3B9I;3FC0;7E57;7KHX;	ENSMUST00000086084.2;
Q7TS63	Q7TS63;	2ELW;2ELX;2RV4;2RV5;	ENSMUST00000160248.8 [Q7TS63-1];ENSMUST00000162054.9 [Q7TS63-2];
Q7TS73	Q7TS73;		ENSMUST00000036109.8;ENSMUST00000197746.2;
Q7TS75	Q7TS75;		ENSMUST00000084535.6;
Q7TS99	Q7TS99;		ENSMUST00000058636.9;
Q7TSA3	Q7TSA3;	1XAU;	
Q7TSC3	Q7TSC3;		ENSMUST00000169834.2 [Q7TSC3-3];ENSMUST00000209656.2 [Q7TSC3-1];
Q7TSD4	Q7TSD4;		ENSMUST00000035894.12 [Q7TSD4-1];ENSMUST00000121297.8 [Q7TSD4-5];ENSMUST00000122261.8 [Q7TSD4-2];
Q7TSE6	Q7TSE6;		ENSMUST00000001675.14 [Q7TSE6-1];ENSMUST00000111644.2 [Q7TSE6-2];
Q7TSF0	Q7TSF0;		ENSMUST00000054128.7 [Q7TSF0-1];
Q7TSF1	Q7TSF1;		ENSMUST00000076737.7;
Q7TSG1	Q7TSG1;	6EWP;	ENSMUST00000049811.8 [Q7TSG1-1];ENSMUST00000237062.2 [Q7TSG1-2];
Q7TSG2	Q7TSG2;		ENSMUST00000036229.13 [Q7TSG2-1];
Q7TSG3	Q7TSG3;		ENSMUST00000019907.8;
Q7TSH3	Q7TSH3;		ENSMUST00000071233.7;ENSMUST00000171238.8;
Q7TSH4	Q7TSH4;		ENSMUST00000038650.9;ENSMUST00000106557.8;
Q7TSH8	Q7TSH8;		ENSMUST00000093912.11;ENSMUST00000103033.8;
Q7TSI1	Q7TSI1;		ENSMUST00000041272.10;
Q7TSI8			ENSMUST00000067150.14;ENSMUST00000169212.9;
Q7TSJ2	Q7TSJ2;		ENSMUST00000068973.11 [Q7TSJ2-1];ENSMUST00000107100.3 [Q7TSJ2-3];ENSMUST00000127492.2 [Q7TSJ2-2];ENSMUST00000207883.2 [Q7TSJ2-1];ENSMUST00000208605.2 [Q7TSJ2-3];
Q7TSJ6	Q7TSJ6;	2COS;	ENSMUST00000022531.14;
Q7TSK2	Q7TSK2;		ENSMUST00000000646.14 [Q7TSK2-2];ENSMUST00000093995.10 [Q7TSK2-1];
Q7TSK3	Q7TSK3;		ENSMUST00000039568.11 [Q7TSK3-1];ENSMUST00000195355.2 [Q7TSK3-2];
Q7TSK7	Q7TSK7;		ENSMUST00000091233.7;
Q7TSN2	Q7TSN2;		ENSMUST00000092464.10;
Q7TSN7	Q7TSN7;	3VQG;	
Q7TSP5	Q7TSP5;		ENSMUST00000054791.9;
Q7TSS2	Q7TSS2;		ENSMUST00000038356.13 [Q7TSS2-1];ENSMUST00000196726.2 [Q7TSS2-2];
Q7TSU7	Q7TSU7;	7LTW;	ENSMUST00000045817.14 [Q7TSU7-1];
Q7TSV4	Q7TSV4;		ENSMUST00000087324.7;
Q7TSV9	Q7TSV9;		ENSMUST00000013299.11;
Q7TSY6	Q7TSY6;		ENSMUST00000025117.14 [Q7TSY6-6];ENSMUST00000115816.3 [Q7TSY6-5];ENSMUST00000223704.2 [Q7TSY6-3];ENSMUST00000224553.2 [Q7TSY6-4];ENSMUST00000225477.2 [Q7TSY6-2];
Q7TSY8	Q7TSY8;		ENSMUST00000027202.9;
Q7TSZ8	Q7TSZ8;		ENSMUST00000001975.6;
Q7TT00	Q7TT00;		ENSMUST00000170552.6 [Q7TT00-2];ENSMUST00000200439.2 [Q7TT00-1];
Q7TT15	Q7TT15;		ENSMUST00000086023.13 [Q7TT15-1];
Q7TT16	Q7TT16;		ENSMUST00000079252.13 [Q7TT16-1];ENSMUST00000118381.8 [Q7TT16-2];ENSMUST00000147277.8 [Q7TT16-2];
Q7TT18	Q7TT18;		ENSMUST00000032335.13 [Q7TT18-1];
Q7TT37	Q7TT37;	8AVG;	ENSMUST00000030140.3;
Q7TT50	Q7TT50;		ENSMUST00000041965.5;
Q7TT79	Q7TT79;		ENSMUST00000039412.15;
Q80ST9	Q80ST9;		
Q80SU3	Q80SU3;		ENSMUST00000073528.4;
Q80SU6	Q80SU6;		ENSMUST00000006638.8;
Q80SW1	Q80SW1;		ENSMUST00000029490.15;
Q80SX8	Q80SX8;		ENSMUST00000239405.2 [Q80SX8-1];
Q80SY4	Q80SY4;		ENSMUST00000052838.11;
Q80T11	Q80T11;		ENSMUST00000103037.5;
Q80T14			ENSMUST00000036019.5;
Q80T32	Q80T32;		ENSMUST00000056617.14;
Q80T41	Q80T41;		ENSMUST00000107749.4;
Q80TA1			ENSMUST00000145167.9;
Q80TA9	Q80TA9;		ENSMUST00000044622.7;
Q80TD3	Q80TD3;		ENSMUST00000076136.7;
Q80TG1	Q80TG1;		ENSMUST00000018556.11 [Q80TG1-1];ENSMUST00000106977.8 [Q80TG1-1];
Q80TG9	Q80TG9;		ENSMUST00000046254.3;
Q80TH2	Q80TH2;		ENSMUST00000022222.12 [Q80TH2-1];ENSMUST00000053927.12 [Q80TH2-1];ENSMUST00000091269.11 [Q80TH2-3];ENSMUST00000191275.7 [Q80TH2-2];
Q80TI0	Q80TI0;		ENSMUST00000045682.7 [Q80TI0-4];ENSMUST00000118159.8 [Q80TI0-2];ENSMUST00000121357.8 [Q80TI0-3];ENSMUST00000165104.8 [Q80TI0-4];
Q80TJ1	Q80TJ1;		ENSMUST00000067491.14 [Q80TJ1-2];ENSMUST00000112658.8 [Q80TJ1-1];
Q80TJ7	Q80TJ7;	1WEP;	ENSMUST00000046950.13 [Q80TJ7-1];ENSMUST00000046962.11 [Q80TJ7-2];ENSMUST00000112662.9 [Q80TJ7-2];ENSMUST00000112666.8 [Q80TJ7-3];ENSMUST00000168501.8 [Q80TJ7-1];
Q80TL0	Q80TL0;		ENSMUST00000055438.5;
Q80TL1	Q80TL1;		
Q80TM9	Q80TM9;		ENSMUST00000022469.13 [Q80TM9-1];ENSMUST00000164989.8 [Q80TM9-5];ENSMUST00000165981.8 [Q80TM9-4];ENSMUST00000168206.8 [Q80TM9-3];ENSMUST00000171735.2 [Q80TM9-7];ENSMUST00000172142.8 [Q80TM9-6];
Q80TN5	Q80TN5;		ENSMUST00000041723.15 [Q80TN5-1];
Q80TP3			
Q80TQ2	Q80TQ2;		ENSMUST00000098519.11 [Q80TQ2-2];ENSMUST00000109626.4 [Q80TQ2-1];ENSMUST00000209532.2 [Q80TQ2-2];ENSMUST00000209559.2 [Q80TQ2-1];ENSMUST00000211554.2 [Q80TQ2-1];
Q80TR1	Q80TR1;	2JX9;2JXA;6SKA;	ENSMUST00000131717.2 [Q80TR1-2];ENSMUST00000141158.8 [Q80TR1-1];
Q80TR4	Q80TR4;		ENSMUST00000025993.10;
Q80TR8	Q80TR8;		ENSMUST00000055009.15 [Q80TR8-1];ENSMUST00000159645.8 [Q80TR8-4];ENSMUST00000161758.3 [Q80TR8-2];
Q80TS3	Q80TS3;	4RMK;4RML;4YEB;5AFB;5FTT;5FTU;6JBU;7WY5;7WY8;7WYB;7X10;	ENSMUST00000072521.11 [Q80TS3-3];ENSMUST00000117407.8 [Q80TS3-2];ENSMUST00000122356.8 [Q80TS3-5];
Q80TS5	Q80TS5;		ENSMUST00000052250.15 [Q80TS5-2];ENSMUST00000109655.9 [Q80TS5-1];
Q80TS7	Q80TS7;	6J69;6JJZ;6JK0;6JK1;6KKG;7BQG;	ENSMUST00000075444.8;
Q80TT2	Q80TT2;		ENSMUST00000182056.8 [Q80TT2-2];
Q80TT8	Q80TT8;		ENSMUST00000182485.8;
Q80TV8	Q80TV8;		
Q80TY0	Q80TY0;		ENSMUST00000113552.9 [Q80TY0-5];ENSMUST00000113559.10 [Q80TY0-4];ENSMUST00000113560.8 [Q80TY0-1];ENSMUST00000113562.9 [Q80TY0-2];ENSMUST00000113564.9 [Q80TY0-3];
Q80TY5			ENSMUST00000048646.9;
Q80TZ3	Q80TZ3;		ENSMUST00000038207.12 [Q80TZ3-1];ENSMUST00000094953.11 [Q80TZ3-2];ENSMUST00000106929.10 [Q80TZ3-2];ENSMUST00000106930.8 [Q80TZ3-2];ENSMUST00000106933.2 [Q80TZ3-3];
Q80TZ9	Q80TZ9;		ENSMUST00000105682.9;
Q80U04	Q80U04;		ENSMUST00000024888.15 [Q80U04-1];ENSMUST00000024889.14 [Q80U04-2];ENSMUST00000172733.2 [Q80U04-2];ENSMUST00000172818.8 [Q80U04-1];
Q80U16	Q80U16;		ENSMUST00000038477.7 [Q80U16-2];ENSMUST00000058009.16 [Q80U16-3];ENSMUST00000091694.10 [Q80U16-5];ENSMUST00000110384.9 [Q80U16-1];
Q80U19	Q80U19;		ENSMUST00000057610.8 [Q80U19-1];ENSMUST00000224595.2 [Q80U19-2];
Q80U28	Q80U28;		
Q80U30	Q80U30;		ENSMUST00000038145.13 [Q80U30-3];ENSMUST00000066345.15 [Q80U30-1];ENSMUST00000115823.2 [Q80U30-5];ENSMUST00000115827.8 [Q80U30-4];ENSMUST00000155633.8 [Q80U30-2];
Q80U40	Q80U40;		ENSMUST00000199537.5 [Q80U40-2];
Q80U58	Q80U58;	3GVO;3GVT;	ENSMUST00000163569.8 [Q80U58-1];ENSMUST00000168361.8 [Q80U58-1];ENSMUST00000169089.8 [Q80U58-2];ENSMUST00000178015.8 [Q80U58-2];
Q80U62	Q80U62;		ENSMUST00000040986.15 [Q80U62-2];ENSMUST00000089684.10 [Q80U62-1];ENSMUST00000115105.9 [Q80U62-3];
Q80U63	Q80U63;		ENSMUST00000030884.10 [Q80U63-1];ENSMUST00000105714.8 [Q80U63-2];ENSMUST00000105715.8 [Q80U63-1];ENSMUST00000105716.9 [Q80U63-1];
Q80U70	Q80U70;		ENSMUST00000017692.15;
Q80U72	Q80U72;		ENSMUST00000002603.12 [Q80U72-3];ENSMUST00000063747.12 [Q80U72-1];ENSMUST00000109946.9 [Q80U72-2];
Q80U78	Q80U78;		ENSMUST00000030315.13 [Q80U78-1];ENSMUST00000097862.3 [Q80U78-3];ENSMUST00000097864.9 [Q80U78-2];
Q80U87	Q80U87;	1UJ0;	ENSMUST00000028841.14;
Q80U93	Q80U93;		ENSMUST00000065398.13;
Q80UC6	Q80UC6;		ENSMUST00000164834.3;
Q80UE6	Q80UE6;		ENSMUST00000103108.8;
Q80UF4	Q80UF4;		ENSMUST00000027785.15;
Q80UF7	Q80UF7;		ENSMUST00000058136.9;
Q80UF9	Q80UF9;		ENSMUST00000106543.8 [Q80UF9-1];
Q80UG2	Q80UG2;	5L5K;5L5L;5L5M;5L5N;7M0R;	ENSMUST00000115096.4;
Q80UG5	Q80UG5;		ENSMUST00000019038.15 [Q80UG5-3];ENSMUST00000093907.11 [Q80UG5-1];ENSMUST00000100193.8 [Q80UG5-2];ENSMUST00000106349.2 [Q80UG5-2];
Q80UG8	Q80UG8;		ENSMUST00000042125.15;
Q80UJ7	Q80UJ7;		ENSMUST00000037649.6;
Q80UK7	Q80UK7;		ENSMUST00000198311.5 [Q80UK7-1];ENSMUST00000198386.5 [Q80UK7-2];
Q80UL9	Q80UL9;	3MJ6;3MJ7;3MJ9;	ENSMUST00000050020.8;ENSMUST00000215880.2;
Q80UM3	Q80UM3;		
Q80UM7	Q80UM7;	5MHF;	ENSMUST00000032114.8;
Q80UN9	Q80UN9;		ENSMUST00000102649.4 [Q80UN9-1];
Q80UP3	Q80UP3;		ENSMUST00000028667.10;
Q80UP8	Q80UP8;		ENSMUST00000067786.9;
Q80UU9	Q80UU9;		ENSMUST00000058578.8;
Q80UV9	Q80UV9;		ENSMUST00000118878.9 [Q80UV9-3];
Q80UW0	Q80UW0;		ENSMUST00000088172.12 [Q80UW0-3];ENSMUST00000114871.2 [Q80UW0-1];
Q80UW2	Q80UW2;	1UMH;1UMI;2E31;2E32;2E33;2RJ2;5B4N;	ENSMUST00000047951.9;
Q80UW5	Q80UW5;		ENSMUST00000025681.8;
Q80UY2	Q80UY2;		ENSMUST00000068697.11 [Q80UY2-1];
Q80V26	Q80V26;		ENSMUST00000084949.3;
Q80V62	Q80V62;	3S4W;	ENSMUST00000036340.12 [Q80V62-1];
Q80V63	Q80V63;		ENSMUST00000220032.2;
Q80V72	Q80V72;		ENSMUST00000085018.6;
Q80V76			ENSMUST00000060061.11;
Q80V85	Q80V85;		ENSMUST00000035667.9;
Q80VA0	Q80VA0;		ENSMUST00000034021.12 [Q80VA0-1];ENSMUST00000110316.3 [Q80VA0-2];
Q80VA2	Q80VA2;		
Q80VC9	Q80VC9;	1UGJ;5LZN;5M50;5OW5;7WEK;	ENSMUST00000057028.15 [Q80VC9-1];ENSMUST00000171962.3 [Q80VC9-10];ENSMUST00000207077.2 [Q80VC9-4];ENSMUST00000207432.2 [Q80VC9-5];ENSMUST00000207533.2 [Q80VC9-7];ENSMUST00000207712.2 [Q80VC9-13];ENSMUST00000207970.2 [Q80VC9-3];ENSMUST00000208240.2 [Q80VC9-15];
Q80VH0	Q80VH0;		ENSMUST00000041577.13;
Q80VI1	Q80VI1;	8FXF;	
Q80VJ6	Q80VJ6;		ENSMUST00000131379.4;
Q80VJ8	Q80VJ8;		ENSMUST00000121017.5;
Q80VK8			ENSMUST00000106907.9;
Q80VL1	Q80VL1;	1WE8;	ENSMUST00000045245.10;ENSMUST00000166032.8;ENSMUST00000197901.5;
Q80VM7	Q80VM7;		ENSMUST00000119336.8;
Q80VM9	Q80VM9;		ENSMUST00000114099.6 [Q80VM9-1];
Q80VP1	Q80VP1;		ENSMUST00000045277.7 [Q80VP1-1];ENSMUST00000098845.10 [Q80VP1-1];ENSMUST00000208634.2 [Q80VP1-2];
Q80VP2	Q80VP2;		ENSMUST00000048402.12;
Q80VQ0	Q80VQ0;		ENSMUST00000051803.8;
Q80VR2	Q80VR2;		ENSMUST00000028679.11;ENSMUST00000116432.2;
Q80VR3	Q80VR3;		ENSMUST00000024738.8;
Q80VU4	Q80VU4;		ENSMUST00000058879.8;
Q80VW5	Q80VW5;	6FDD;6FDE;6Y38;6Y9N;6Y9O;6Y9P;6Y9Q;	ENSMUST00000063650.10 [Q80VW5-3];ENSMUST00000063672.10 [Q80VW5-10];ENSMUST00000084510.8 [Q80VW5-1];ENSMUST00000095037.2 [Q80VW5-8];ENSMUST00000095038.8 [Q80VW5-6];ENSMUST00000102867.8 [Q80VW5-4];ENSMUST00000107393.8 [Q80VW5-2];ENSMUST00000119294.8 [Q80VW5-7];
Q80VW7	Q80VW7;		ENSMUST00000035724.5 [Q80VW7-1];
Q80VY9	Q80VY9;		ENSMUST00000108527.8;
Q80W00	Q80W00;		ENSMUST00000087210.7 [Q80W00-1];ENSMUST00000087211.9 [Q80W00-1];
Q80W32	Q80W32;		ENSMUST00000115100.9;
Q80W47	Q80W47;		ENSMUST00000036872.16;
Q80W54	Q80W54;		ENSMUST00000058754.9;
Q80W65	Q80W65;		ENSMUST00000049507.6;
Q80W68	Q80W68;	4OFD;	ENSMUST00000041732.9 [Q80W68-2];ENSMUST00000107618.9 [Q80W68-1];ENSMUST00000159976.8 [Q80W68-1];
Q80W93			ENSMUST00000043141.7 [Q80W93-1];
Q80W94	Q80W94;		ENSMUST00000064231.8;
Q80W99	Q80W99;	7EEB;	ENSMUST00000021961.12 [Q80W99-1];ENSMUST00000109898.3 [Q80W99-2];
Q80WB5	Q80WB5;		ENSMUST00000067563.9;
Q80WC9	Q80WC9;		ENSMUST00000069709.15 [Q80WC9-1];ENSMUST00000120963.8 [Q80WC9-1];
Q80WE4	Q80WE4;		ENSMUST00000087341.7 [Q80WE4-1];ENSMUST00000223907.2 [Q80WE4-3];
Q80WG5	Q80WG5;	6FNW;6G8Z;6G9L;6G9O;6NZW;6NZZ;6O00;7M17;7M19;7P60;7P6K;8B41;8B42;8DR8;8DRA;8DRE;8DRK;8DRN;8DRO;8DRQ;8DS3;8DS9;8DSA;8F74;8F75;8F77;8F79;8F7B;8F7D;8F7E;8F7J;	ENSMUST00000095078.3;ENSMUST00000113654.8;ENSMUST00000139454.3;
Q80WG7	Q80WG7;		ENSMUST00000037011.6;
Q80WJ1	Q80WJ1;		ENSMUST00000033886.8 [Q80WJ1-3];ENSMUST00000209019.2 [Q80WJ1-1];
Q80WJ7	Q80WJ7;		ENSMUST00000022865.17;
Q80WK2	Q80WK2;		ENSMUST00000065894.7;
Q80WM3	Q80WM3;		ENSMUST00000025397.7;
Q80WM4	Q80WM4;		ENSMUST00000007738.11;
Q80WM9	Q80WM9;	7MSJ;	ENSMUST00000123514.8;
Q80WP8	Q80WP8;	6ENZ;	
Q80WQ2	Q80WQ2;		ENSMUST00000034190.11;
Q80WQ6	Q80WQ6;		ENSMUST00000103028.8;ENSMUST00000103029.10;
Q80WQ9	Q80WQ9;		ENSMUST00000041297.15;
Q80WR1	Q80WR1;		ENSMUST00000028646.4;ENSMUST00000111265.9;
Q80WS1	Q80WS1;		ENSMUST00000068242.9 [Q80WS1-1];ENSMUST00000146274.8 [Q80WS1-3];ENSMUST00000204731.2 [Q80WS1-2];
Q80WT0	Q80WT0;		ENSMUST00000022819.13 [Q80WT0-1];ENSMUST00000124493.2 [Q80WT0-1];
Q80WT2	Q80WT2;		ENSMUST00000048935.6;
Q80WT4	Q80WT4;		ENSMUST00000039160.3;
Q80WV3	Q80WV3;		ENSMUST00000036267.8;
Q80WW9	Q80WW9;	1WI9;	ENSMUST00000089559.11;
Q80WY3	Q80WY3;		ENSMUST00000088237.6;
Q80X19	Q80X19;		ENSMUST00000023053.12 [Q80X19-1];
Q80X41	Q80X41;		ENSMUST00000021539.16 [Q80X41-1];ENSMUST00000072040.7 [Q80X41-2];ENSMUST00000085026.12 [Q80X41-3];ENSMUST00000220629.2 [Q80X41-1];
Q80X44	Q80X44;	6ML2;6ML3;6ML4;6ML5;6ML6;6ML7;	ENSMUST00000080771.10 [Q80X44-1];ENSMUST00000213797.2 [Q80X44-2];ENSMUST00000216656.2 [Q80X44-3];
Q80X50	Q80X50;	1WJ7;	ENSMUST00000029553.16 [Q80X50-4];ENSMUST00000064639.15 [Q80X50-5];ENSMUST00000195995.5 [Q80X50-2];ENSMUST00000196843.5 [Q80X50-1];ENSMUST00000199834.5 [Q80X50-2];
Q80X56	Q80X56;		ENSMUST00000036089.8;
Q80X71	Q80X71;		ENSMUST00000031556.14;
Q80X73	Q80X73;		ENSMUST00000109226.5;
Q80X80	Q80X80;		ENSMUST00000065080.10;
Q80X89	Q80X89;		ENSMUST00000147854.6;
Q80X90	Q80X90;		ENSMUST00000052678.9;
Q80X95	Q80X95;		ENSMUST00000091064.8;
Q80XB4	Q80XB4;		ENSMUST00000040711.15 [Q80XB4-2];ENSMUST00000073536.13 [Q80XB4-1];ENSMUST00000095947.11 [Q80XB4-4];
Q80XD8	Q80XD8;		ENSMUST00000026540.9;
Q80XE1	Q80XE1;	8EL7;8EL8;	ENSMUST00000038523.15 [Q80XE1-1];ENSMUST00000095385.5 [Q80XE1-2];
Q80XG9	Q80XG9;		ENSMUST00000074662.5 [Q80XG9-2];ENSMUST00000126005.8 [Q80XG9-2];ENSMUST00000126399.2 [Q80XG9-1];ENSMUST00000133918.8 [Q80XG9-1];
Q80XH2	Q80XH2;		ENSMUST00000069936.8 [Q80XH2-1];ENSMUST00000160116.8 [Q80XH2-2];
Q80XI3	Q80XI3;		
Q80XI4	Q80XI4;		ENSMUST00000018691.9;
Q80XI6	Q80XI6;		ENSMUST00000004156.10;
Q80XJ2	Q80XJ2;		ENSMUST00000014218.15;
Q80XJ7	Q80XJ7;		
Q80XL1	Q80XL1;		ENSMUST00000043822.8 [Q80XL1-1];
Q80XP9	Q80XP9;		ENSMUST00000184392.8 [Q80XP9-1];ENSMUST00000184730.8 [Q80XP9-2];
Q80XQ8	Q80XQ8;		ENSMUST00000047534.12;
Q80XR2	Q80XR2;		ENSMUST00000038118.15;ENSMUST00000112558.10;
Q80XT9	Q80XT9;		
Q80XU3	Q80XU3;		ENSMUST00000062264.8;
Q80XU8	Q80XU8;	6TL8;	ENSMUST00000053597.3;ENSMUST00000113822.3;
Q80XZ4	Q80XZ4;	6WEO;	ENSMUST00000102546.4;
Q80Y17	Q80Y17;		ENSMUST00000108719.4;
Q80Y20	Q80Y20;		ENSMUST00000053407.13 [Q80Y20-1];ENSMUST00000165105.2 [Q80Y20-1];ENSMUST00000211933.2 [Q80Y20-1];ENSMUST00000212294.2 [Q80Y20-2];
Q80Y24	Q80Y24;		ENSMUST00000113445.2;ENSMUST00000113446.8;ENSMUST00000113447.8;
Q80Y52	Q80Y52;		
Q80Y61	Q80Y61;	3OK8;	ENSMUST00000165408.8 [Q80Y61-1];ENSMUST00000170955.2 [Q80Y61-2];
Q80Y75	Q80Y75;	8WZB;8X2U;	ENSMUST00000207405.2;
Q80Y83	Q80Y83;	5Y3B;	ENSMUST00000034566.15 [Q80Y83-1];ENSMUST00000117093.2 [Q80Y83-16];ENSMUST00000117646.8 [Q80Y83-5];ENSMUST00000120622.2 [Q80Y83-15];ENSMUST00000121634.8 [Q80Y83-3];
Q80Y84	Q80Y84;	2EQY;	ENSMUST00000047714.14 [Q80Y84-1];ENSMUST00000112198.3 [Q80Y84-2];
Q80Y86	Q80Y86;		ENSMUST00000089669.6;
Q80Y98	Q80Y98;		ENSMUST00000033975.9 [Q80Y98-1];
Q80YA3	Q80YA3;		
Q80YA8	Q80YA8;		ENSMUST00000050372.10;
Q80YA9	Q80YA9;		ENSMUST00000026750.15 [Q80YA9-1];
Q80YC5	Q80YC5;		ENSMUST00000021948.15;
Q80YD1	Q80YD1;		ENSMUST00000020273.16;
Q80YE4	Q80YE4;		
Q80YE7	Q80YE7;	8ODZ;	ENSMUST00000044083.9 [Q80YE7-2];ENSMUST00000077453.13 [Q80YE7-2];ENSMUST00000226059.2 [Q80YE7-1];
Q80YF9	Q80YF9;		ENSMUST00000044338.5;ENSMUST00000207860.2;ENSMUST00000208538.2;
Q80YP0	Q80YP0;		
Q80YQ1			ENSMUST00000039559.9;
Q80YQ2	Q80YQ2;	6W1S;8T1I;8T1L;	ENSMUST00000020159.15 [Q80YQ2-1];ENSMUST00000092646.13 [Q80YQ2-2];ENSMUST00000177232.8 [Q80YQ2-3];
Q80YR6	Q80YR6;		ENSMUST00000047322.8;ENSMUST00000115861.9;
Q80YR7	Q80YR7;		ENSMUST00000048391.15;
Q80YV3	Q80YV3;		
Q80YV4	Q80YV4;		ENSMUST00000030931.11 [Q80YV4-2];ENSMUST00000070953.11 [Q80YV4-1];
Q80YX1	Q80YX1;		ENSMUST00000030056.12 [Q80YX1-2];ENSMUST00000107372.8 [Q80YX1-1];ENSMUST00000107377.10 [Q80YX1-2];
Q80Z10	Q80Z10;		ENSMUST00000068214.11 [Q80Z10-1];ENSMUST00000084496.3 [Q80Z10-3];
Q80Z19	Q80Z19;		ENSMUST00000185406.8;
Q80Z24	Q80Z24;		ENSMUST00000074015.11;
Q80Z25	Q80Z25;		ENSMUST00000049501.10;
Q80Z37	Q80Z37;		ENSMUST00000042575.7;
Q80Z38	Q80Z38;		ENSMUST00000105900.9 [Q80Z38-2];ENSMUST00000146006.3 [Q80Z38-3];
Q80Z64	Q80Z64;	2VI6;	ENSMUST00000012540.5 [Q80Z64-1];ENSMUST00000112580.8 [Q80Z64-2];ENSMUST00000112581.8 [Q80Z64-2];
Q80Z71	Q80Z71;		ENSMUST00000039178.12 [Q80Z71-1];
Q80ZD3	Q80ZD3;		ENSMUST00000050880.8 [Q80ZD3-1];
Q80ZD8	Q80ZD8;	2XOT;	ENSMUST00000050909.7 [Q80ZD8-1];ENSMUST00000106656.2 [Q80ZD8-1];ENSMUST00000106659.3 [Q80ZD8-2];
Q80ZE3	Q80ZE3;		ENSMUST00000005592.7;
Q80ZF8	Q80ZF8;		ENSMUST00000041838.7;ENSMUST00000135518.8;ENSMUST00000151309.8;
Q80ZI1	Q80ZI1;		ENSMUST00000125541.2;
Q80ZI6	Q80ZI6;		ENSMUST00000028132.14;ENSMUST00000113200.8;
Q80ZJ1	Q80ZJ1;		ENSMUST00000062117.14 [Q80ZJ1-1];
Q80ZK2	Q80ZK2;		
Q80ZK9	Q80ZK9;		ENSMUST00000043305.14;
Q80ZQ9	Q80ZQ9;		ENSMUST00000045368.12;
Q80ZV0	Q80ZV0;	3KIO;3P5J;	ENSMUST00000022499.13;
Q80ZW0	Q80ZW0;		ENSMUST00000165413.9;
Q80ZX0			ENSMUST00000001079.15;
Q810A7	Q810A7;		ENSMUST00000021046.6 [Q810A7-1];
Q810B3	Q810B3;		ENSMUST00000067375.5 [Q810B3-1];
Q810B6	Q810B6;		ENSMUST00000127610.8 [Q810B6-2];ENSMUST00000155998.2 [Q810B6-1];
Q810B7	Q810B7;		ENSMUST00000042767.9 [Q810B7-1];
Q810B9	Q810B9;		ENSMUST00000059407.9;ENSMUST00000192477.2;
Q810C0	Q810C0;	4Y61;	ENSMUST00000036043.5;ENSMUST00000166241.2;
Q810C1	Q810C1;		ENSMUST00000100322.4;
Q810F0	Q810F0;		
Q810I2	Q810I2;		ENSMUST00000065785.4;
Q810J8	Q810J8;		ENSMUST00000048319.6;ENSMUST00000221919.2;
Q810K3	Q810K3;		ENSMUST00000036172.10;
Q810L3	Q810L3;		ENSMUST00000014812.13 [Q810L3-2];ENSMUST00000112519.9 [Q810L3-1];ENSMUST00000198633.5 [Q810L3-3];
Q810M6	Q810M6;		ENSMUST00000066408.6;
Q810P3	Q810P3;		ENSMUST00000067426.6;
Q810S1	Q810S1;		
Q810U3	Q810U3;		ENSMUST00000094569.11;
Q810U4	Q810U4;		ENSMUST00000020939.16 [Q810U4-1];ENSMUST00000110748.4 [Q810U4-2];
Q810Y8	Q810Y8;		ENSMUST00000026957.4;
Q811B1	Q811B1;		
Q811B3	Q811B3;		ENSMUST00000061318.9 [Q811B3-1];
Q811D0	Q811D0;	4OAJ;	ENSMUST00000064477.14 [Q811D0-3];ENSMUST00000100001.10 [Q811D0-1];ENSMUST00000115205.9 [Q811D0-1];
Q811D2	Q811D2;		
Q811G0	Q811G0;		ENSMUST00000039798.16 [Q811G0-2];ENSMUST00000147405.8 [Q811G0-1];ENSMUST00000147712.8 [Q811G0-2];ENSMUST00000150395.8 [Q811G0-2];
Q811H0	Q811H0;		ENSMUST00000169593.2 [Q811H0-1];
Q811J3	Q811J3;		ENSMUST00000034843.9;
Q811L6	Q811L6;		ENSMUST00000167058.8 [Q811L6-1];
Q811P8	Q811P8;		ENSMUST00000168954.9 [Q811P8-2];ENSMUST00000174641.8 [Q811P8-1];ENSMUST00000182802.8 [Q811P8-2];
Q811Q9	Q811Q9;		ENSMUST00000045898.4 [Q811Q9-1];ENSMUST00000113933.9 [Q811Q9-2];
Q811S7	Q811S7;		ENSMUST00000009885.14 [Q811S7-2];ENSMUST00000084885.12 [Q811S7-1];ENSMUST00000214095.2 [Q811S7-2];ENSMUST00000216558.2 [Q811S7-1];
Q811T9	Q811T9;	5YI4;6IRR;	ENSMUST00000075730.11 [Q811T9-3];ENSMUST00000098311.11 [Q811T9-1];ENSMUST00000117658.8 [Q811T9-3];ENSMUST00000118942.8 [Q811T9-1];ENSMUST00000121953.2 [Q811T9-2];ENSMUST00000122389.8 [Q811T9-4];
Q811U4	Q811U4;	1T3J;	ENSMUST00000091257.11;ENSMUST00000118286.8;
Q811W0	Q811W0;		ENSMUST00000170662.2;
Q811W2	Q811W2;		ENSMUST00000077705.6;ENSMUST00000168003.9;ENSMUST00000204146.3;
Q811X8	Q811X8;		
Q812C9	Q812C9;		ENSMUST00000041095.14;
Q812E0	Q812E0;		
Q812F3	Q812F3;		ENSMUST00000031689.6;ENSMUST00000200968.4;
Q812F8	Q812F8;		ENSMUST00000041725.14;
Q812G0	Q812G0;	7VMT;	ENSMUST00000042161.15 [Q812G0-1];ENSMUST00000151952.8 [Q812G0-1];ENSMUST00000154819.8 [Q812G0-2];
Q8BFP9	Q8BFP9;		ENSMUST00000006669.6;
Q8BFQ3	Q8BFQ3;		ENSMUST00000053668.10;ENSMUST00000110065.8;ENSMUST00000110066.8;
Q8BFQ4	Q8BFQ4;		ENSMUST00000020490.13;
Q8BFS6	Q8BFS6;		ENSMUST00000073371.7 [Q8BFS6-3];ENSMUST00000096272.11 [Q8BFS6-1];ENSMUST00000121750.2 [Q8BFS6-2];
Q8BFU0	Q8BFU0;	4C99;4UFR;4UFS;	ENSMUST00000063492.8;ENSMUST00000226810.2;
Q8BFU2	Q8BFU2;		ENSMUST00000108817.5;
Q8BFU8	Q8BFU8;		ENSMUST00000020102.14;
Q8BFV2	Q8BFV2;		ENSMUST00000164416.8;
Q8BFV3	Q8BFV3;		ENSMUST00000033930.5;
Q8BFW3	Q8BFW3;		ENSMUST00000052529.4 [Q8BFW3-1];
Q8BFW4	Q8BFW4;		ENSMUST00000067632.4 [Q8BFW4-1];ENSMUST00000106440.9 [Q8BFW4-2];
Q8BFW6	Q8BFW6;		ENSMUST00000047687.9;
Q8BFX1	Q8BFX1;		
Q8BFY0	Q8BFY0;		ENSMUST00000123434.3;
Q8BFZ4	Q8BFZ4;		ENSMUST00000045428.7 [Q8BFZ4-1];
Q8BG07	Q8BG07;		ENSMUST00000063888.5 [Q8BG07-1];
Q8BG15	Q8BG15;		ENSMUST00000036647.13 [Q8BG15-1];ENSMUST00000110572.2 [Q8BG15-6];ENSMUST00000110574.8 [Q8BG15-1];ENSMUST00000110578.8 [Q8BG15-2];
Q8BG16	Q8BG16;		ENSMUST00000074204.12;ENSMUST00000179636.3;
Q8BG19	Q8BG19;		ENSMUST00000037726.14 [Q8BG19-1];ENSMUST00000126867.8 [Q8BG19-1];ENSMUST00000148661.2 [Q8BG19-1];
Q8BG21	Q8BG21;		ENSMUST00000114003.2 [Q8BG21-4];ENSMUST00000114004.8 [Q8BG21-3];ENSMUST00000114005.9 [Q8BG21-2];ENSMUST00000114006.8 [Q8BG21-1];ENSMUST00000114007.8 [Q8BG21-1];
Q8BG22	Q8BG22;		ENSMUST00000040465.11 [Q8BG22-1];ENSMUST00000198993.2 [Q8BG22-2];
Q8BG26	Q8BG26;		ENSMUST00000052539.13 [Q8BG26-1];ENSMUST00000090929.12 [Q8BG26-3];ENSMUST00000166687.6 [Q8BG26-2];
Q8BG36	Q8BG36;		ENSMUST00000053068.7;
Q8BG39	Q8BG39;		ENSMUST00000085164.7;ENSMUST00000165175.8;ENSMUST00000206344.2;
Q8BG40	Q8BG40;	5LB7;5NBT;5OW5;6GZC;	ENSMUST00000034239.9;
Q8BG41	Q8BG41;		ENSMUST00000097177.5;
Q8BG47	Q8BG47;		ENSMUST00000058688.7;ENSMUST00000172299.2;
Q8BG48	Q8BG48;		ENSMUST00000027263.14;
Q8BG51	Q8BG51;		ENSMUST00000017831.16 [Q8BG51-2];ENSMUST00000055056.16 [Q8BG51-3];ENSMUST00000077451.14 [Q8BG51-4];ENSMUST00000092857.13 [Q8BG51-1];
Q8BG54	Q8BG54;		ENSMUST00000047370.3;ENSMUST00000110083.8;
Q8BG55	Q8BG55;		ENSMUST00000085040.5;
Q8BG58	Q8BG58;		ENSMUST00000006853.11 [Q8BG58-1];
Q8BG60	Q8BG60;		ENSMUST00000049093.8 [Q8BG60-2];ENSMUST00000074519.13 [Q8BG60-1];
Q8BG84	Q8BG84;	4ESK;4ETY;	ENSMUST00000068865.13 [Q8BG84-2];ENSMUST00000086401.10 [Q8BG84-1];ENSMUST00000108600.9 [Q8BG84-6];ENSMUST00000131126.3 [Q8BG84-3];ENSMUST00000136616.8 [Q8BG84-3];ENSMUST00000149395.8 [Q8BG84-3];ENSMUST00000205296.2 [Q8BG84-5];
Q8BG87	Q8BG87;	5EXH;	ENSMUST00000186548.7 [Q8BG87-1];
Q8BG89	Q8BG89;		ENSMUST00000064656.8 [Q8BG89-1];
Q8BG93	Q8BG93;		ENSMUST00000043813.3;
Q8BG99	Q8BG99;		ENSMUST00000039674.13;ENSMUST00000080754.12;ENSMUST00000177218.8;
Q8BGA3	Q8BGA3;		ENSMUST00000091636.5;
Q8BGC4	Q8BGC4;		ENSMUST00000060223.4;
Q8BGD4	Q8BGD4;		ENSMUST00000071985.6;
Q8BGD5	Q8BGD5;		ENSMUST00000063761.8;ENSMUST00000212836.2;
Q8BGD6	Q8BGD6;		ENSMUST00000052514.6;
Q8BGD7	Q8BGD7;	7XHV;7XI3;7XI4;	ENSMUST00000056129.9;
Q8BGE5	Q8BGE5;		ENSMUST00000058889.5 [Q8BGE5-1];
Q8BGE6	Q8BGE6;		
Q8BGE7	Q8BGE7;		ENSMUST00000098180.10;
Q8BGF7	Q8BGF7;		ENSMUST00000005825.8 [Q8BGF7-1];ENSMUST00000218315.2 [Q8BGF7-2];ENSMUST00000219721.2 [Q8BGF7-3];
Q8BGF8	Q8BGF8;		ENSMUST00000059805.6;
Q8BGG0	Q8BGG0;		ENSMUST00000037240.3;
Q8BGG7	Q8BGG7;	2H0Q;2IKQ;3MBK;	ENSMUST00000044155.15 [Q8BGG7-1];ENSMUST00000151485.8 [Q8BGG7-2];
Q8BGI3	Q8BGI3;		ENSMUST00000059155.11;
Q8BGJ0	Q8BGJ0;		ENSMUST00000042070.6;
Q8BGJ9	Q8BGJ9;		ENSMUST00000043273.16 [Q8BGJ9-1];ENSMUST00000163654.8 [Q8BGJ9-2];ENSMUST00000167042.8 [Q8BGJ9-1];ENSMUST00000171912.8 [Q8BGJ9-1];
Q8BGK6	Q8BGK6;		ENSMUST00000034378.5 [Q8BGK6-1];
Q8BGL3	Q8BGL3;	7D1X;7EOV;	ENSMUST00000063509.11 [Q8BGL3-1];ENSMUST00000168252.9 [Q8BGL3-1];ENSMUST00000209425.2 [Q8BGL3-2];
Q8BGM5	Q8BGM5;		
Q8BGM7	Q8BGM7;		ENSMUST00000081636.13 [Q8BGM7-1];ENSMUST00000113672.9 [Q8BGM7-2];ENSMUST00000160732.8 [Q8BGM7-1];ENSMUST00000188073.7 [Q8BGM7-1];
Q8BGN3	Q8BGN3;	5EGE;5EGH;	ENSMUST00000039840.15;
Q8BGQ1	Q8BGQ1;		ENSMUST00000021426.10 [Q8BGQ1-2];ENSMUST00000072744.15 [Q8BGQ1-1];ENSMUST00000179379.9 [Q8BGQ1-2];
Q8BGQ2	Q8BGQ2;		ENSMUST00000061457.7;
Q8BGQ4	Q8BGQ4;		ENSMUST00000037788.6 [Q8BGQ4-1];ENSMUST00000222634.2 [Q8BGQ4-2];
Q8BGQ7	Q8BGQ7;		ENSMUST00000034441.8;
Q8BGR2	Q8BGR2;		ENSMUST00000060531.16;ENSMUST00000120847.8;
Q8BGS1	Q8BGS1;		ENSMUST00000027632.14 [Q8BGS1-2];ENSMUST00000052404.13 [Q8BGS1-1];ENSMUST00000163147.8 [Q8BGS1-3];ENSMUST00000191046.7 [Q8BGS1-2];
Q8BGS7	Q8BGS7;		ENSMUST00000039153.14 [Q8BGS7-2];ENSMUST00000068301.11 [Q8BGS7-1];ENSMUST00000121231.8 [Q8BGS7-1];
Q8BGT0	Q8BGT0;		ENSMUST00000040718.6;
Q8BGT1	Q8BGT1;	4V2E;4YEB;	ENSMUST00000056760.4;ENSMUST00000110057.3;
Q8BGT6	Q8BGT6;		ENSMUST00000040320.10 [Q8BGT6-1];
Q8BGU2	Q8BGU2;		ENSMUST00000068423.10;ENSMUST00000122079.8;ENSMUST00000122464.8;ENSMUST00000169470.2;
Q8BGU5	Q8BGU5;		ENSMUST00000053917.6 [Q8BGU5-1];ENSMUST00000234102.2 [Q8BGU5-2];
Q8BGV3	Q8BGV3;		ENSMUST00000058178.6;
Q8BGV5	Q8BGV5;		ENSMUST00000144578.2;
Q8BGV7	Q8BGV7;		ENSMUST00000032924.6;
Q8BGV8	Q8BGV8;	4OAF;4OAG;4OAH;4OAI;	ENSMUST00000023048.12;ENSMUST00000166030.2;ENSMUST00000229138.2;
Q8BGV9	Q8BGV9;		ENSMUST00000065005.5;
Q8BGW0	Q8BGW0;		ENSMUST00000056097.11 [Q8BGW0-1];ENSMUST00000060409.13 [Q8BGW0-2];ENSMUST00000105516.9 [Q8BGW0-3];
Q8BGW1	Q8BGW1;		ENSMUST00000069718.15 [Q8BGW1-1];ENSMUST00000125471.8 [Q8BGW1-4];ENSMUST00000128081.8 [Q8BGW1-2];ENSMUST00000136802.8 [Q8BGW1-3];
Q8BGW5	Q8BGW5;		ENSMUST00000027279.12 [Q8BGW5-1];ENSMUST00000185534.2 [Q8BGW5-2];ENSMUST00000186003.7 [Q8BGW5-2];ENSMUST00000186684.7 [Q8BGW5-2];ENSMUST00000188051.7 [Q8BGW5-2];ENSMUST00000188204.7 [Q8BGW5-2];ENSMUST00000189542.7 [Q8BGW5-2];ENSMUST00000190103.7 [Q8BGW5-1];
Q8BGW6	Q8BGW6;		ENSMUST00000045477.6 [Q8BGW6-1];ENSMUST00000237797.2 [Q8BGW6-2];
Q8BGX0	Q8BGX0;		ENSMUST00000022225.12 [Q8BGX0-1];ENSMUST00000069174.6 [Q8BGX0-2];ENSMUST00000069187.12 [Q8BGX0-3];
Q8BGY9	Q8BGY9;		ENSMUST00000095712.5;
Q8BGZ3	Q8BGZ3;		ENSMUST00000030145.9;
Q8BGZ7	Q8BGZ7;		ENSMUST00000042957.6;
Q8BH04	Q8BH04;		ENSMUST00000226519.2;
Q8BH06	Q8BH06;		ENSMUST00000053569.7 [Q8BH06-4];ENSMUST00000058548.14 [Q8BH06-1];ENSMUST00000101065.8 [Q8BH06-4];ENSMUST00000203661.3 [Q8BH06-3];ENSMUST00000204774.3 [Q8BH06-2];
Q8BH16	Q8BH16;		ENSMUST00000035090.14;ENSMUST00000117537.8;
Q8BH31	Q8BH31;		ENSMUST00000026859.11;
Q8BH35	Q8BH35;		ENSMUST00000031663.10 [Q8BH35-1];ENSMUST00000065072.7 [Q8BH35-2];
Q8BH43	Q8BH43;		ENSMUST00000084241.12;ENSMUST00000105912.2;
Q8BH52	Q8BH52;		ENSMUST00000041093.6;
Q8BH53	Q8BH53;		ENSMUST00000054865.13 [Q8BH53-1];ENSMUST00000135252.3 [Q8BH53-4];
Q8BH57	Q8BH57;		ENSMUST00000036561.8 [Q8BH57-1];ENSMUST00000215307.2 [Q8BH57-2];ENSMUST00000217472.2 [Q8BH57-3];
Q8BH59	Q8BH59;		ENSMUST00000151937.8;
Q8BH60	Q8BH60;		ENSMUST00000020008.10 [Q8BH60-2];
Q8BH61	Q8BH61;		ENSMUST00000037491.11;ENSMUST00000164727.8;
Q8BH64	Q8BH64;	2QPT;4CID;	ENSMUST00000098799.5;
Q8BH66	Q8BH66;		ENSMUST00000021466.10;
Q8BH75	Q8BH75;	2OGB;	ENSMUST00000096386.13 [Q8BH75-1];ENSMUST00000171342.3 [Q8BH75-1];ENSMUST00000217826.2 [Q8BH75-2];
Q8BH82	Q8BH82;		ENSMUST00000060899.9;ENSMUST00000115217.8;
Q8BH95	Q8BH95;		ENSMUST00000026538.13;
Q8BH97	Q8BH97;		ENSMUST00000019683.11;ENSMUST00000211352.2;
Q8BH98	Q8BH98;		ENSMUST00000047311.16;
Q8BHA3	Q8BHA3;	5XAQ;	ENSMUST00000021339.8 [Q8BHA3-1];ENSMUST00000085404.10 [Q8BHA3-2];
Q8BHB0	Q8BHB0;		ENSMUST00000060655.15;ENSMUST00000168172.4;
Q8BHB3	Q8BHB3;		ENSMUST00000169295.8;
Q8BHC0	Q8BHC0;	8ORX;	ENSMUST00000033050.5;
Q8BHC1	Q8BHC1;		ENSMUST00000033545.6;
Q8BHC7	Q8BHC7;		ENSMUST00000027322.14;ENSMUST00000140020.2;
Q8BHD1	Q8BHD1;		ENSMUST00000020113.15;
Q8BHE3	Q8BHE3;		ENSMUST00000047408.6;
Q8BHE4	Q8BHE4;		ENSMUST00000049452.15;ENSMUST00000189066.2;ENSMUST00000189588.7;
Q8BHG1	Q8BHG1;		ENSMUST00000065977.11;
Q8BHH1	Q8BHH1;		ENSMUST00000206389.2;
Q8BHI7	Q8BHI7;		ENSMUST00000034904.14;
Q8BHI9	Q8BHI9;		ENSMUST00000178142.2;
Q8BHJ5	Q8BHJ5;	5NAF;	ENSMUST00000063988.14;ENSMUST00000192328.5;ENSMUST00000193734.6;ENSMUST00000202747.4;
Q8BHJ7	Q8BHJ7;		ENSMUST00000068456.8;ENSMUST00000206382.2;ENSMUST00000206734.2;
Q8BHK2	Q8BHK2;		ENSMUST00000049941.12;ENSMUST00000114956.11;ENSMUST00000171835.9;
Q8BHK3	Q8BHK3;		ENSMUST00000039305.6 [Q8BHK3-1];
Q8BHK6	Q8BHK6;		
Q8BHK9	Q8BHK9;		ENSMUST00000056904.3;
Q8BHL4	Q8BHL4;		
Q8BHN0	Q8BHN0;		ENSMUST00000029355.9 [Q8BHN0-1];
Q8BHN1	Q8BHN1;		ENSMUST00000041370.11 [Q8BHN1-1];ENSMUST00000112315.2 [Q8BHN1-2];ENSMUST00000112316.9 [Q8BHN1-3];
Q8BHN3	Q8BHN3;	5F0E;5H9O;5HJO;5HJR;5IED;5IEE;5IEF;5IEG;7JTY;7KAD;7KB6;7KB8;7KBJ;7KBR;7KRY;7L9E;	ENSMUST00000096246.5 [Q8BHN3-2];ENSMUST00000235274.2 [Q8BHN3-1];
Q8BHP7	Q8BHP7;		ENSMUST00000057279.6;
Q8BHS6	Q8BHS6;		ENSMUST00000081834.10;ENSMUST00000086880.11;ENSMUST00000086884.5;
Q8BHS8	Q8BHS8;		ENSMUST00000090057.6 [Q8BHS8-4];ENSMUST00000110267.9 [Q8BHS8-1];ENSMUST00000110269.8 [Q8BHS8-3];ENSMUST00000227305.2 [Q8BHS8-2];ENSMUST00000228057.2 [Q8BHS8-1];
Q8BHT6	Q8BHT6;		ENSMUST00000100404.6 [Q8BHT6-1];
Q8BHX3	Q8BHX3;		ENSMUST00000030690.12 [Q8BHX3-2];ENSMUST00000084296.10 [Q8BHX3-1];
Q8BHY3	Q8BHY3;	5NL2;5OYB;5OYG;6BGI;6BGJ;7B5C;7B5D;7B5E;7ZK3;8QZC;	ENSMUST00000033393.15 [Q8BHY3-2];ENSMUST00000118556.9 [Q8BHY3-2];ENSMUST00000121758.8 [Q8BHY3-1];
Q8BHY8	Q8BHY8;		ENSMUST00000239462.2;
Q8BHZ5	Q8BHZ5;		ENSMUST00000055097.11 [Q8BHZ5-1];ENSMUST00000115006.2 [Q8BHZ5-2];ENSMUST00000115007.9 [Q8BHZ5-1];
Q8BI06	Q8BI06;		ENSMUST00000064174.12 [Q8BI06-1];
Q8BI41	Q8BI41;		ENSMUST00000059362.3;ENSMUST00000184652.2;
Q8BI55	Q8BI55;		ENSMUST00000078521.7 [Q8BI55-1];
Q8BI79	Q8BI79;		ENSMUST00000053440.8 [Q8BI79-3];
Q8BI84	Q8BI84;		
Q8BIA3	Q8BIA3;		
Q8BIA4	Q8BIA4;		ENSMUST00000049474.9 [Q8BIA4-1];
Q8BID6	Q8BID6;		ENSMUST00000029106.13 [Q8BID6-1];ENSMUST00000087409.10 [Q8BID6-2];ENSMUST00000180222.8 [Q8BID6-1];
Q8BIE6	Q8BIE6;		ENSMUST00000075767.14 [Q8BIE6-1];ENSMUST00000091497.11 [Q8BIE6-2];
Q8BIF0	Q8BIF0;		ENSMUST00000037391.12 [Q8BIF0-1];ENSMUST00000080035.11 [Q8BIF0-2];
Q8BIF2	Q8BIF2;		ENSMUST00000017576.11 [Q8BIF2-1];ENSMUST00000069343.12 [Q8BIF2-3];ENSMUST00000103023.8 [Q8BIF2-4];ENSMUST00000106278.9 [Q8BIF2-4];ENSMUST00000117731.8 [Q8BIF2-2];ENSMUST00000120061.8 [Q8BIF2-5];
Q8BIJ7	Q8BIJ7;		ENSMUST00000020643.4;
Q8BIK4	Q8BIK4;		
Q8BIK6	Q8BIK6;		ENSMUST00000114562.3;
Q8BIL5	Q8BIL5;	1WIX;	ENSMUST00000030306.14 [Q8BIL5-1];
Q8BIW9	Q8BIW9;		
Q8BIX9	Q8BIX9;		ENSMUST00000065698.7 [Q8BIX9-1];
Q8BIY3	Q8BIY3;		
Q8BIZ1	Q8BIZ1;		
Q8BJ34	Q8BJ34;	5YAA;5YAD;	ENSMUST00000090300.6 [Q8BJ34-6];
Q8BJ37	Q8BJ37;		
Q8BJ48	Q8BJ48;		ENSMUST00000023911.11;
Q8BJ56	Q8BJ56;		ENSMUST00000064151.13 [Q8BJ56-2];ENSMUST00000164016.8 [Q8BJ56-1];
Q8BJ66	Q8BJ66;		ENSMUST00000026234.5;ENSMUST00000111948.8;
Q8BJ71	Q8BJ71;		ENSMUST00000079961.14 [Q8BJ71-1];ENSMUST00000109547.2 [Q8BJ71-1];ENSMUST00000212824.2 [Q8BJ71-1];
Q8BJA3	Q8BJA3;		ENSMUST00000022544.14 [Q8BJA3-2];ENSMUST00000067843.10 [Q8BJA3-1];
Q8BJF9	Q8BJF9;		ENSMUST00000004965.8;
Q8BJI1	Q8BJI1;		ENSMUST00000169449.8;
Q8BJL0	Q8BJL0;	4O66;	ENSMUST00000047615.15 [Q8BJL0-1];ENSMUST00000152225.2 [Q8BJL0-1];
Q8BJL1	Q8BJL1;		ENSMUST00000070300.5;ENSMUST00000129456.8;
Q8BJQ2	Q8BJQ2;		ENSMUST00000030289.9;ENSMUST00000091358.11;
Q8BJQ4	Q8BJQ4;		ENSMUST00000070084.11;
Q8BJQ9	Q8BJQ9;		ENSMUST00000078350.13;ENSMUST00000130214.8;
Q8BJS4	Q8BJS4;	5ED8;5ED9;	ENSMUST00000046259.14 [Q8BJS4-1];ENSMUST00000089311.11 [Q8BJS4-3];ENSMUST00000100439.10 [Q8BJS4-2];
Q8BJS8	Q8BJS8;		ENSMUST00000022998.14 [Q8BJS8-1];ENSMUST00000169667.2 [Q8BJS8-3];ENSMUST00000170046.8 [Q8BJS8-2];
Q8BJU2	Q8BJU2;		ENSMUST00000032503.12;ENSMUST00000112171.8;ENSMUST00000112173.8;
Q8BJW6	Q8BJW6;		ENSMUST00000029387.15 [Q8BJW6-1];
Q8BJW7	Q8BJW7;		ENSMUST00000039949.5;
Q8BJZ3	Q8BJZ3;		
Q8BK03	Q8BK03;	7X14;	ENSMUST00000077977.14 [Q8BK03-1];ENSMUST00000100214.10 [Q8BK03-1];ENSMUST00000140075.9 [Q8BK03-2];
Q8BK35	Q8BK35;		ENSMUST00000044158.13;
Q8BK48	Q8BK48;		ENSMUST00000034355.11;ENSMUST00000109410.4;
Q8BK63	Q8BK63;		ENSMUST00000165123.8 [Q8BK63-2];ENSMUST00000165721.8 [Q8BK63-1];
Q8BK67	Q8BK67;		ENSMUST00000038893.6;ENSMUST00000071169.9;
Q8BK75	Q8BK75;		ENSMUST00000199592.5 [Q8BK75-1];
Q8BK84	Q8BK84;		ENSMUST00000073870.7;
Q8BKA3	Q8BKA3;		ENSMUST00000076124.7 [Q8BKA3-1];ENSMUST00000139425.2 [Q8BKA3-2];
Q8BKB2	Q8BKB2;		
Q8BKC5	Q8BKC5;		ENSMUST00000032898.9 [Q8BKC5-1];
Q8BKC8	Q8BKC8;		ENSMUST00000072287.12 [Q8BKC8-2];ENSMUST00000107251.9 [Q8BKC8-1];ENSMUST00000167008.8 [Q8BKC8-3];
Q8BKD6	Q8BKD6;		ENSMUST00000068891.12;ENSMUST00000110111.4;
Q8BKE9	Q8BKE9;		ENSMUST00000030311.11;
Q8BKF1	Q8BKF1;		ENSMUST00000020580.13;
Q8BKG3	Q8BKG3;		ENSMUST00000044442.10;
Q8BKG4	Q8BKG4;		ENSMUST00000117102.4;
Q8BKH7	Q8BKH7;		ENSMUST00000113123.8 [Q8BKH7-3];ENSMUST00000113124.8 [Q8BKH7-2];ENSMUST00000113126.3 [Q8BKH7-1];ENSMUST00000147337.8 [Q8BKH7-1];
Q8BKJ9	Q8BKJ9;		ENSMUST00000080202.12;
Q8BKT2	Q8BKT2;		ENSMUST00000024543.3;
Q8BKT6	Q8BKT6;		ENSMUST00000031678.10 [Q8BKT6-1];ENSMUST00000120965.8 [Q8BKT6-2];
Q8BKT7	Q8BKT7;		
Q8BKX1	Q8BKX1;		ENSMUST00000026436.10 [Q8BKX1-1];ENSMUST00000075180.12 [Q8BKX1-2];ENSMUST00000103021.10 [Q8BKX1-4];ENSMUST00000106231.8 [Q8BKX1-3];
Q8BKX6			ENSMUST00000032891.15 [Q8BKX6-1];
Q8BKX7	Q8BKX7;		ENSMUST00000045931.12 [Q8BKX7-1];ENSMUST00000220931.2 [Q8BKX7-3];ENSMUST00000222258.2 [Q8BKX7-2];
Q8BL03	Q8BL03;		ENSMUST00000021693.4;
Q8BL48	Q8BL48;	5ELH;5ELK;	ENSMUST00000021116.12 [Q8BL48-1];ENSMUST00000106452.2 [Q8BL48-2];
Q8BL65	Q8BL65;		ENSMUST00000054598.12 [Q8BL65-1];ENSMUST00000114204.8 [Q8BL65-3];ENSMUST00000114205.8 [Q8BL65-2];ENSMUST00000114206.9 [Q8BL65-4];ENSMUST00000114210.9 [Q8BL65-5];
Q8BL66	Q8BL66;		ENSMUST00000053484.8;
Q8BL80	Q8BL80;		ENSMUST00000111956.9 [Q8BL80-1];
Q8BL97	Q8BL97;		ENSMUST00000063417.11 [Q8BL97-2];
Q8BLA8	Q8BLA8;		ENSMUST00000041447.5;
Q8BLB7	Q8BLB7;		ENSMUST00000040219.13 [Q8BLB7-1];ENSMUST00000105519.10 [Q8BLB7-2];ENSMUST00000174766.2 [Q8BLB7-1];
Q8BLC3	Q8BLC3;		ENSMUST00000159417.2;
Q8BLD9	Q8BLD9;		ENSMUST00000041646.4;
Q8BLE7	Q8BLE7;		
Q8BLF1	Q8BLF1;		ENSMUST00000046515.15;
Q8BLF2	Q8BLF2;		ENSMUST00000063303.11 [Q8BLF2-1];ENSMUST00000063321.13 [Q8BLF2-7];ENSMUST00000109076.2 [Q8BLF2-4];ENSMUST00000109077.9 [Q8BLF2-4];ENSMUST00000109078.8 [Q8BLF2-6];ENSMUST00000109079.9 [Q8BLF2-7];ENSMUST00000109081.9 [Q8BLF2-2];ENSMUST00000121591.8 [Q8BLF2-2];
Q8BLG0	Q8BLG0;		ENSMUST00000037401.10 [Q8BLG0-1];
Q8BLI4	Q8BLI4;		ENSMUST00000048010.9;
Q8BLK9	Q8BLK9;		ENSMUST00000159624.8 [Q8BLK9-4];
Q8BLN6		7W7G;	ENSMUST00000061620.17 [Q8BLN6-1];
Q8BLQ9	Q8BLQ9;	3M45;	ENSMUST00000114292.8 [Q8BLQ9-2];ENSMUST00000120594.8 [Q8BLQ9-1];ENSMUST00000120898.8 [Q8BLQ9-3];
Q8BLR9	Q8BLR9;		ENSMUST00000040455.5 [Q8BLR9-1];
Q8BLU0	Q8BLU0;	4V2C;4V2D;5FTT;5FTU;	ENSMUST00000057324.4;ENSMUST00000110117.2;
Q8BLU2	Q8BLU2;		ENSMUST00000061421.4;
Q8BLU8	Q8BLU8;		
Q8BLY1	Q8BLY1;		
Q8BLY2	Q8BLY2;		ENSMUST00000032728.9;
Q8BLY3	Q8BLY3;		ENSMUST00000046351.7;
Q8BLY7	Q8BLY7;		ENSMUST00000099393.4;
Q8BM13	Q8BM13;		ENSMUST00000034692.9;
Q8BM15	Q8BM15;		ENSMUST00000044326.5;
Q8BM47	Q8BM47;		ENSMUST00000097713.2 [Q8BM47-1];ENSMUST00000139649.8 [Q8BM47-1];
Q8BM54	Q8BM54;		ENSMUST00000038275.11 [Q8BM54-1];ENSMUST00000222178.2 [Q8BM54-2];
Q8BM65	Q8BM65;		
Q8BM75	Q8BM75;		ENSMUST00000218532.2 [Q8BM75-2];ENSMUST00000219238.2 [Q8BM75-1];
Q8BMB3	Q8BMB3;		ENSMUST00000113233.8;
Q8BMD2	Q8BMD2;		ENSMUST00000004055.10 [Q8BMD2-1];ENSMUST00000047208.12 [Q8BMD2-1];
Q8BMD8	Q8BMD8;		ENSMUST00000029477.11;
Q8BME9	Q8BME9;	5H4B;	ENSMUST00000087950.4;
Q8BMF4	Q8BMF4;		ENSMUST00000034567.4;
Q8BMF5	Q8BMF5;		ENSMUST00000034515.7;ENSMUST00000114865.8;
Q8BMF8	Q8BMF8;	4XAV;	ENSMUST00000056740.6;
Q8BMI0	Q8BMI0;		ENSMUST00000048688.8;
Q8BMI3	Q8BMI3;		ENSMUST00000019135.14;
Q8BMJ2	Q8BMJ2;		ENSMUST00000097590.5;
Q8BMK4	Q8BMK4;		ENSMUST00000053871.5;
Q8BML1	Q8BML1;		ENSMUST00000033033.11 [Q8BML1-6];ENSMUST00000037991.12 [Q8BML1-2];ENSMUST00000050149.12 [Q8BML1-1];
Q8BMP4	Q8BMP4;		ENSMUST00000066211.5;
Q8BMP6	Q8BMP6;		
Q8BMQ2	Q8BMQ2;		ENSMUST00000037117.6 [Q8BMQ2-1];
Q8BMQ3	Q8BMQ3;		ENSMUST00000102820.9 [Q8BMQ3-1];ENSMUST00000176691.8 [Q8BMQ3-2];
Q8BMS1	Q8BMS1;		ENSMUST00000156859.3;
Q8BMS2	Q8BMS2;		ENSMUST00000046186.8;
Q8BMS9	Q8BMS9;		ENSMUST00000028814.15;ENSMUST00000103182.8;
Q8BMT4	Q8BMT4;		ENSMUST00000099991.11 [Q8BMT4-1];ENSMUST00000115163.4 [Q8BMT4-3];ENSMUST00000115165.10 [Q8BMT4-2];ENSMUST00000126869.2 [Q8BMT4-1];ENSMUST00000143682.8 [Q8BMT4-1];
Q8BMT9	Q8BMT9;		ENSMUST00000044190.12 [Q8BMT9-1];ENSMUST00000128619.8 [Q8BMT9-2];
Q8BMY7	Q8BMY7;		ENSMUST00000065216.11 [Q8BMY7-1];ENSMUST00000121825.2 [Q8BMY7-2];
Q8BN21	Q8BN21;		ENSMUST00000078362.13 [Q8BN21-1];ENSMUST00000109504.8 [Q8BN21-1];
Q8BN78	Q8BN78;		ENSMUST00000049740.3;ENSMUST00000115142.3;
Q8BN82	Q8BN82;		ENSMUST00000052441.12 [Q8BN82-1];ENSMUST00000117645.8 [Q8BN82-2];
Q8BNA6			ENSMUST00000217308.3 [Q8BNA6-1];
Q8BND3	Q8BND3;		ENSMUST00000085745.13 [Q8BND3-1];ENSMUST00000111113.3 [Q8BND3-2];
Q8BND5	Q8BND5;	3T58;3T59;5D8I;5D93;5D96;6HF1;	ENSMUST00000035325.15 [Q8BND5-1];ENSMUST00000111764.8 [Q8BND5-2];ENSMUST00000194632.2 [Q8BND5-3];
Q8BNI4	Q8BNI4;		ENSMUST00000108523.10 [Q8BNI4-2];ENSMUST00000143850.8 [Q8BNI4-1];
Q8BNJ2	Q8BNJ2;		ENSMUST00000111315.9;
Q8BNJ3	Q8BNJ3;		ENSMUST00000043313.15;
Q8BNJ6	Q8BNJ6;		ENSMUST00000109686.4 [Q8BNJ6-2];ENSMUST00000216286.2 [Q8BNJ6-1];
Q8BNQ3	Q8BNQ3;		
Q8BNV1	Q8BNV1;		ENSMUST00000115640.8 [Q8BNV1-1];ENSMUST00000140206.8 [Q8BNV1-2];
Q8BNX1	Q8BNX1;		ENSMUST00000062037.7;
Q8BP00	Q8BP00;		ENSMUST00000023535.4 [Q8BP00-1];ENSMUST00000114819.8 [Q8BP00-2];
Q8BP22	Q8BP22;		
Q8BP27	Q8BP27;		ENSMUST00000099353.6 [Q8BP27-1];
Q8BP48	Q8BP48;	7SEK;	ENSMUST00000029804.13;
Q8BP67	Q8BP67;	6SWA;7CPU;7CPV;7LS1;7LS2;	ENSMUST00000023269.5;
Q8BP71	Q8BP71;		ENSMUST00000048145.13 [Q8BP71-5];ENSMUST00000171751.10 [Q8BP71-1];ENSMUST00000227314.2 [Q8BP71-8];ENSMUST00000227533.2 [Q8BP71-4];ENSMUST00000227930.2 [Q8BP71-9];ENSMUST00000228087.2 [Q8BP71-7];
Q8BP87	Q8BP87;		
Q8BPB5	Q8BPB5;		ENSMUST00000020759.12;
Q8BPI1	Q8BPI1;		ENSMUST00000021356.6 [Q8BPI1-1];
Q8BPK2	Q8BPK2;		ENSMUST00000099207.5;
Q8BPM0	Q8BPM0;		ENSMUST00000085299.4 [Q8BPM0-1];ENSMUST00000221317.2 [Q8BPM0-2];ENSMUST00000223272.2 [Q8BPM0-1];
Q8BPM2	Q8BPM2;		ENSMUST00000110567.8 [Q8BPM2-2];ENSMUST00000110570.8 [Q8BPM2-1];
Q8BPM6	Q8BPM6;		ENSMUST00000055993.13 [Q8BPM6-1];
Q8BPN8			ENSMUST00000118600.8 [Q8BPN8-1];
Q8BPQ7	Q8BPQ7;	4QXA;	ENSMUST00000057209.12 [Q8BPQ7-2];
Q8BPT6	Q8BPT6;		ENSMUST00000132121.8;ENSMUST00000134965.8;
Q8BPU7	Q8BPU7;		ENSMUST00000072519.7 [Q8BPU7-1];ENSMUST00000180626.2 [Q8BPU7-3];
Q8BPX9	Q8BPX9;		ENSMUST00000025646.3;
Q8BPY9	Q8BPY9;		ENSMUST00000047689.11;ENSMUST00000109664.2;ENSMUST00000171080.8;ENSMUST00000171938.2;
Q8BPZ8	Q8BPZ8;	6GVW;	ENSMUST00000044535.14 [Q8BPZ8-2];ENSMUST00000055245.13 [Q8BPZ8-1];ENSMUST00000117364.8 [Q8BPZ8-1];ENSMUST00000200657.5 [Q8BPZ8-1];
Q8BQ48	Q8BQ48;		ENSMUST00000098979.12 [Q8BQ48-3];ENSMUST00000161132.10 [Q8BQ48-1];
Q8BQB2	Q8BQB2;		
Q8BQP8	Q8BQP8;		ENSMUST00000017783.13;
Q8BQP9	Q8BQP9;		ENSMUST00000063551.7;
Q8BQR4	Q8BQR4;		ENSMUST00000116400.4 [Q8BQR4-2];ENSMUST00000230542.2 [Q8BQR4-1];ENSMUST00000231066.2 [Q8BQR4-4];
Q8BQS5	Q8BQS5;		ENSMUST00000032272.13 [Q8BQS5-1];ENSMUST00000169744.8 [Q8BQS5-1];
Q8BQU6	Q8BQU6;		ENSMUST00000108790.2;ENSMUST00000108793.9;
Q8BR07	Q8BR07;	4YTD;	ENSMUST00000086829.11 [Q8BR07-1];ENSMUST00000111513.9 [Q8BR07-3];
Q8BR37	Q8BR37;		ENSMUST00000052747.4;
Q8BR65	Q8BR65;	2N2H;4ZQA;7SXI;	ENSMUST00000086471.12;
Q8BR76	Q8BR76;		
Q8BR86	Q8BR86;	7LU6;	ENSMUST00000115148.9 [Q8BR86-4];ENSMUST00000187182.7 [Q8BR86-2];
Q8BRB1			ENSMUST00000064405.8;
Q8BRB7	Q8BRB7;		ENSMUST00000069648.14 [Q8BRB7-1];ENSMUST00000182405.9 [Q8BRB7-2];ENSMUST00000182855.8 [Q8BRB7-2];ENSMUST00000182964.3 [Q8BRB7-1];
Q8BRE0	Q8BRE0;		ENSMUST00000180463.3;
Q8BRH0	Q8BRH0;		
Q8BRH4			
Q8BRK8	Q8BRK8;		ENSMUST00000030243.8;
Q8BRK9	Q8BRK9;		ENSMUST00000098346.5 [Q8BRK9-1];
Q8BRM2	Q8BRM2;		ENSMUST00000045138.6 [Q8BRM2-1];
Q8BRM6	Q8BRM6;		ENSMUST00000057067.10 [Q8BRM6-1];ENSMUST00000189832.7 [Q8BRM6-2];
Q8BRT1	Q8BRT1;	3WOZ;	
Q8BRU4	Q8BRU4;	3J82;	ENSMUST00000058352.15 [Q8BRU4-4];ENSMUST00000088075.8 [Q8BRU4-1];ENSMUST00000164513.8 [Q8BRU4-2];ENSMUST00000204860.3 [Q8BRU4-5];
Q8BRU6	Q8BRU6;		ENSMUST00000026084.5;
Q8BS45	Q8BS45;		ENSMUST00000162554.8;
Q8BS95	Q8BS95;		ENSMUST00000029738.14;
Q8BSF4	Q8BSF4;		ENSMUST00000061895.16;
Q8BSK8	Q8BSK8;		ENSMUST00000154617.8 [Q8BSK8-1];
Q8BSM7	Q8BSM7;		ENSMUST00000111624.8;ENSMUST00000121114.8;
Q8BSN3	Q8BSN3;		ENSMUST00000044926.6 [Q8BSN3-1];ENSMUST00000115336.10 [Q8BSN3-3];
Q8BSP2	Q8BSP2;		ENSMUST00000074552.12 [Q8BSP2-1];ENSMUST00000088717.7 [Q8BSP2-2];
Q8BSQ9	Q8BSQ9;	2YQD;	ENSMUST00000112094.8 [Q8BSQ9-2];ENSMUST00000112095.8 [Q8BSQ9-1];
Q8BST6	Q8BST6;		
Q8BSU2	Q8BSU2;		ENSMUST00000019064.9;
Q8BSY0	Q8BSY0;		ENSMUST00000078139.13 [Q8BSY0-1];ENSMUST00000146441.8 [Q8BSY0-3];
Q8BSZ2	Q8BSZ2;		ENSMUST00000075657.8;
Q8BT14	Q8BT14;	2CPI;	ENSMUST00000044163.10 [Q8BT14-1];ENSMUST00000202417.2 [Q8BT14-2];
Q8BT35	Q8BT35;		ENSMUST00000135091.2;
Q8BT60	Q8BT60;		ENSMUST00000029885.5;
Q8BTA5	Q8BTA5;		
Q8BTF7	Q8BTF7;		ENSMUST00000095476.6;ENSMUST00000170033.2;
Q8BTG7	Q8BTG7;		ENSMUST00000041318.14 [Q8BTG7-3];ENSMUST00000073139.14 [Q8BTG7-1];ENSMUST00000080666.8 [Q8BTG7-2];
Q8BTH8	Q8BTH8;		ENSMUST00000034949.10;ENSMUST00000206594.2;
Q8BTI9	Q8BTI9;	2Y3A;4BFR;	ENSMUST00000035037.14;
Q8BTJ4	Q8BTJ4;		ENSMUST00000024757.14 [Q8BTJ4-1];ENSMUST00000143137.2 [Q8BTJ4-1];
Q8BTK5	Q8BTK5;		ENSMUST00000044530.3 [Q8BTK5-1];
Q8BTM8	Q8BTM8;		ENSMUST00000033699.13 [Q8BTM8-1];
Q8BTM9	Q8BTM9;		ENSMUST00000032811.12 [Q8BTM9-1];ENSMUST00000159351.3 [Q8BTM9-4];ENSMUST00000159975.8 [Q8BTM9-2];
Q8BTQ0	Q8BTQ0;		ENSMUST00000046975.12 [Q8BTQ0-1];ENSMUST00000112597.8 [Q8BTQ0-2];
Q8BTS0			ENSMUST00000021062.12;
Q8BTU1	Q8BTU1;	8I7O;8I7R;8IYJ;8TO0;	ENSMUST00000034249.8 [Q8BTU1-1];ENSMUST00000213086.2 [Q8BTU1-2];
Q8BTW8	Q8BTW8;		ENSMUST00000028990.10;ENSMUST00000109731.8;
Q8BTW9	Q8BTW9;		ENSMUST00000032823.5;ENSMUST00000108283.8;
Q8BTY1	Q8BTY1;		ENSMUST00000044038.10;ENSMUST00000113661.10;ENSMUST00000113662.8;ENSMUST00000113663.9;
Q8BTY2	Q8BTY2;		
Q8BTZ7	Q8BTZ7;		ENSMUST00000047947.9;ENSMUST00000112295.9;
Q8BU11	Q8BU11;		ENSMUST00000022766.8;
Q8BU27	Q8BU27;		
Q8BU30	Q8BU30;		ENSMUST00000164260.8;ENSMUST00000165316.8;
Q8BU31	Q8BU31;		ENSMUST00000053593.8;
Q8BU91	Q8BU91;	6RTC;6RTF;	
Q8BUD0	Q8BUD0;		ENSMUST00000060225.6;
Q8BUE1	Q8BUE1;		ENSMUST00000027233.9;
Q8BUE4	Q8BUE4;		ENSMUST00000067857.11 [Q8BUE4-1];ENSMUST00000080099.6 [Q8BUE4-2];ENSMUST00000099706.9 [Q8BUE4-1];ENSMUST00000105455.9 [Q8BUE4-1];
Q8BUG2	Q8BUG2;		
Q8BUH8	Q8BUH8;		ENSMUST00000089362.9;
Q8BUI3	Q8BUI3;		ENSMUST00000006301.11;
Q8BUK6	Q8BUK6;		ENSMUST00000037182.14;
Q8BUL6	Q8BUL6;		ENSMUST00000048180.12 [Q8BUL6-2];ENSMUST00000075181.11 [Q8BUL6-1];
Q8BUM3	Q8BUM3;		ENSMUST00000049449.11;ENSMUST00000167080.3;ENSMUST00000187985.7;
Q8BUN5	Q8BUN5;		ENSMUST00000034973.10;
Q8BUN9	Q8BUN9;		ENSMUST00000044990.11 [Q8BUN9-5];ENSMUST00000107155.8 [Q8BUN9-4];ENSMUST00000107157.9 [Q8BUN9-1];ENSMUST00000107158.9 [Q8BUN9-2];
Q8BUR3	Q8BUR3;		ENSMUST00000044564.15 [Q8BUR3-1];ENSMUST00000106310.9 [Q8BUR3-2];
Q8BUR4	Q8BUR4;	2M0Y;	ENSMUST00000084488.5 [Q8BUR4-1];
Q8BUV3	Q8BUV3;		ENSMUST00000052472.6;
Q8BUV6	Q8BUV6;		ENSMUST00000062458.6;ENSMUST00000129820.8;
Q8BUW1	F6YU65;		ENSMUST00000110113.3 [Q8BUW1-2];ENSMUST00000221240.2 [Q8BUW1-1];
Q8BUX5	Q8BUX5;		ENSMUST00000171887.4;
Q8BUZ1	Q8BUZ1;		ENSMUST00000054742.7;
Q8BV57	Q8BV57;		ENSMUST00000057612.9;
Q8BVA5	Q8BVA5;		
Q8BVE8	Q8BVE8;		ENSMUST00000058096.14 [Q8BVE8-1];ENSMUST00000066854.14 [Q8BVE8-2];ENSMUST00000075812.11 [Q8BVE8-2];
Q8BVF2	Q8BVF2;		ENSMUST00000027247.11;
Q8BVF7	Q8BVF7;		ENSMUST00000015894.12 [Q8BVF7-2];ENSMUST00000056710.10 [Q8BVF7-1];
Q8BVG4	Q8BVG4;		ENSMUST00000038794.6 [Q8BVG4-1];
Q8BVL3	Q8BVL3;		ENSMUST00000031029.15;
Q8BVL9	Q8BVL9;		ENSMUST00000043794.11;
Q8BVM4	Q8BVM4;		ENSMUST00000030581.10;ENSMUST00000106068.8;
Q8BVN3	Q8BVN3;	7EEB;	ENSMUST00000055892.10;
Q8BVN4	Q8BVN4;		ENSMUST00000027492.14;
Q8BVN7	Q8BVN7;		ENSMUST00000058661.14 [Q8BVN7-1];ENSMUST00000169012.2 [Q8BVN7-2];
Q8BVN8	Q8BVN8;		ENSMUST00000036383.4;
Q8BVN9	Q8BVN9;		ENSMUST00000038782.4;
Q8BVP5	Q8BVP5;		ENSMUST00000085435.7;
Q8BVU5	Q8BVU5;		ENSMUST00000031250.14;
Q8BVW3	Q8BVW3;		ENSMUST00000046897.13 [Q8BVW3-1];ENSMUST00000102924.3 [Q8BVW3-2];ENSMUST00000184112.8 [Q8BVW3-3];
Q8BVZ1	Q8BVZ1;		ENSMUST00000019808.12 [Q8BVZ1-1];ENSMUST00000113072.3 [Q8BVZ1-1];
Q8BVZ5	Q8BVZ5;	5VI4;8Q5R;	ENSMUST00000025724.9;ENSMUST00000120388.9;
Q8BW22	Q8BW22;		ENSMUST00000041126.9;
Q8BW41	Q8BW41;		ENSMUST00000084743.7;ENSMUST00000216669.2;ENSMUST00000217610.2;
Q8BW72	Q8BW72;		ENSMUST00000097911.9 [Q8BW72-1];ENSMUST00000106403.8 [Q8BW72-1];ENSMUST00000106406.9 [Q8BW72-1];
Q8BW75	Q8BW75;		ENSMUST00000040820.13;
Q8BW96	Q8BW96;		ENSMUST00000044009.14 [Q8BW96-1];ENSMUST00000114987.4 [Q8BW96-3];
Q8BWB6	Q8BWB6;		ENSMUST00000015797.11;ENSMUST00000115424.9;ENSMUST00000115425.9;ENSMUST00000115426.9;ENSMUST00000164219.8;
Q8BWC0	Q8BWC0;		ENSMUST00000058022.6 [Q8BWC0-1];
Q8BWF0	Q8BWF0;		ENSMUST00000037615.7;
Q8BWF2	Q8BWF2;		ENSMUST00000055558.6;
Q8BWG8	Q8BWG8;		ENSMUST00000032995.15 [Q8BWG8-2];ENSMUST00000098266.9 [Q8BWG8-1];
Q8BWG9	Q8BWG9;		ENSMUST00000121652.8;
Q8BWH0	Q8BWH0;		ENSMUST00000040481.4;ENSMUST00000212270.2;
Q8BWM0	Q8BWM0;		ENSMUST00000028162.5;
Q8BWN8	Q8BWN8;		ENSMUST00000021652.5;
Q8BWP5	Q8BWP5;	3W67;3W68;	ENSMUST00000098244.2;
Q8BWP8	Q8BWP8;		ENSMUST00000053705.8 [Q8BWP8-1];ENSMUST00000235776.2 [Q8BWP8-2];ENSMUST00000236560.2 [Q8BWP8-1];
Q8BWQ5	Q8BWQ5;		ENSMUST00000111879.5;
Q8BWT1	Q8BWT1;		ENSMUST00000041053.11;
Q8BWT5	Q8BWT5;		ENSMUST00000160048.8;
Q8BWU1	Q8BWU1;		ENSMUST00000059241.8;
Q8BWW9	Q8BWW9;		ENSMUST00000043812.15 [Q8BWW9-1];
Q8BWY7	Q8BWY7;		ENSMUST00000042657.16 [Q8BWY7-2];ENSMUST00000071539.10 [Q8BWY7-3];ENSMUST00000106633.10 [Q8BWY7-1];
Q8BWY9	Q8BWY9;		ENSMUST00000048374.6;
Q8BX02	Q8BX02;		ENSMUST00000034717.7 [Q8BX02-1];ENSMUST00000216008.2 [Q8BX02-2];
Q8BX05	Q8BX05;		ENSMUST00000085217.12 [Q8BX05-1];ENSMUST00000122383.3 [Q8BX05-2];
Q8BX09	Q8BX09;	2XL2;2XL3;	ENSMUST00000027700.15 [Q8BX09-2];ENSMUST00000190997.7 [Q8BX09-1];
Q8BX10	Q8BX10;		ENSMUST00000059229.16 [Q8BX10-2];ENSMUST00000112505.9 [Q8BX10-1];
Q8BX17	Q8BX17;		ENSMUST00000035604.13;
Q8BX22	Q8BX22;	8A4I;	ENSMUST00000029061.12 [Q8BX22-1];ENSMUST00000075044.10 [Q8BX22-3];ENSMUST00000103074.2 [Q8BX22-2];
Q8BX43	Q8BX43;		ENSMUST00000008462.11;
Q8BX46	Q8BX46;		ENSMUST00000055281.8 [Q8BX46-1];ENSMUST00000119146.8 [Q8BX46-2];
Q8BX57	Q8BX57;		ENSMUST00000112689.9 [Q8BX57-2];ENSMUST00000225653.2 [Q8BX57-1];
Q8BX65	Q8BX65;	8IMZ;	ENSMUST00000101663.10 [Q8BX65-1];ENSMUST00000120512.8 [Q8BX65-1];ENSMUST00000189359.7 [Q8BX65-1];
Q8BX70			ENSMUST00000077879.7 [Q8BX70-1];
Q8BX90	Q8BX90;		ENSMUST00000089017.12;
Q8BXA0	Q8BXA0;	6F2O;	ENSMUST00000055815.14 [Q8BXA0-2];ENSMUST00000119481.2 [Q8BXA0-1];
Q8BXA7	Q8BXA7;		ENSMUST00000034175.5;
Q8BXB6	Q8BXB6;		ENSMUST00000032985.11;ENSMUST00000107086.9;
Q8BXG3	Q8BXG3;		ENSMUST00000046777.11 [Q8BXG3-1];ENSMUST00000142682.9 [Q8BXG3-2];
Q8BXK8	Q8BXK8;		ENSMUST00000027521.15;
Q8BXK9	Q8BXK9;		ENSMUST00000024755.7;
Q8BXN7	Q8BXN7;		ENSMUST00000042766.6;
Q8BXN9	Q8BXN9;		
Q8BXQ2	Q8BXQ2;		ENSMUST00000103101.11;
Q8BXR1	Q8BXR1;		ENSMUST00000091259.9;
Q8BXR5	Q8BXR5;		
Q8BXR6	Q8BXR6;		
Q8BXR9	Q8BXR9;		ENSMUST00000111929.8 [Q8BXR9-1];ENSMUST00000111930.9 [Q8BXR9-2];
Q8BY35	Q8BY35;		ENSMUST00000024810.8;
Q8BY71	Q8BY71;		ENSMUST00000028408.3;
Q8BY87	Q8BY87;		ENSMUST00000106653.4 [Q8BY87-2];ENSMUST00000210309.2 [Q8BY87-1];
Q8BY89	Q8BY89;		ENSMUST00000034697.8 [Q8BY89-1];ENSMUST00000217461.2 [Q8BY89-2];
Q8BYB9	Q8BYB9;		ENSMUST00000036210.7;
Q8BYC6	Q8BYC6;		ENSMUST00000092889.12;ENSMUST00000111978.8;ENSMUST00000179276.8;
Q8BYF6	Q8BYF6;		ENSMUST00000020255.8;
Q8BYG9	Q8BYG9;		ENSMUST00000059343.7 [Q8BYG9-2];
Q8BYH0	Q8BYH0;		ENSMUST00000068938.7 [Q8BYH0-2];ENSMUST00000186452.7 [Q8BYH0-1];ENSMUST00000187377.7 [Q8BYH0-2];ENSMUST00000189022.8 [Q8BYH0-1];
Q8BYH8			ENSMUST00000048665.8 [Q8BYH8-2];ENSMUST00000109614.9 [Q8BYH8-1];ENSMUST00000209423.2 [Q8BYH8-1];
Q8BYI6	Q8BYI6;		ENSMUST00000046290.3 [Q8BYI6-1];ENSMUST00000209265.2 [Q8BYI6-3];ENSMUST00000210099.2 [Q8BYI6-2];
Q8BYI9	Q8BYI9;		ENSMUST00000111669.9 [Q8BYI9-1];ENSMUST00000192069.6 [Q8BYI9-1];
Q8BYK4	Q8BYK4;		ENSMUST00000021548.12;
Q8BYK6	Q8BYK6;		ENSMUST00000108345.9 [Q8BYK6-1];ENSMUST00000108346.5 [Q8BYK6-3];ENSMUST00000191774.6 [Q8BYK6-2];
Q8BYM5	Q8BYM5;	7CEE;7CEG;	ENSMUST00000065858.3;
Q8BYM7	Q8BYM7;	7DMP;8WZB;8X2U;	ENSMUST00000169670.8;
Q8BYM8	Q8BYM8;		
Q8BYN3	Q8BYN3;		ENSMUST00000046518.12;
Q8BYR2	Q8BYR2;	5B6B;6J68;	ENSMUST00000165952.9;ENSMUST00000217931.2;
Q8BYR5	Q8BYR5;		ENSMUST00000018122.14 [Q8BYR5-2];ENSMUST00000115356.3 [Q8BYR5-6];ENSMUST00000115358.9 [Q8BYR5-4];ENSMUST00000115361.9 [Q8BYR5-5];
Q8BYR8	Q8BYR8;		ENSMUST00000039956.6;
Q8BYZ1	Q8BYZ1;		ENSMUST00000059026.10 [Q8BYZ1-1];
Q8BZ00	Q8BZ00;		ENSMUST00000033463.10;
Q8BZ03	Q8BZ03;		ENSMUST00000086104.6;ENSMUST00000168093.9;
Q8BZ21	Q8BZ21;		
Q8BZ25	Q8BZ25;		ENSMUST00000034792.7;
Q8BZ32	Q8BZ32;		
Q8BZ39	Q8BZ39;		ENSMUST00000037682.3;
Q8BZ47	Q8BZ47;		ENSMUST00000159109.2 [Q8BZ47-1];
Q8BZ64	Q8BZ64;		ENSMUST00000111738.8 [Q8BZ64-1];
Q8BZ71	Q8BZ71;		ENSMUST00000035839.3;ENSMUST00000160019.8;
Q8BZ89	Q8BZ89;		ENSMUST00000050101.9;
Q8BZ97	Q8BZ97;		ENSMUST00000112959.4;ENSMUST00000210477.2;
Q8BZA9	Q8BZA9;		ENSMUST00000039913.9;
Q8BZB3	Q8BZB3;	7WJT;	ENSMUST00000034862.5 [Q8BZB3-1];ENSMUST00000085754.10 [Q8BZB3-2];
Q8BZC3	Q8BZC3;		
Q8BZH0	Q8BZH0;		ENSMUST00000073575.12 [Q8BZH0-1];ENSMUST00000079976.10 [Q8BZH0-3];ENSMUST00000111436.3 [Q8BZH0-2];
Q8BZL1	Q8BZL1;		ENSMUST00000050890.8 [Q8BZL1-2];ENSMUST00000190212.7 [Q8BZL1-1];
Q8BZM1	Q8BZM1;		ENSMUST00000078021.13;ENSMUST00000082121.9;
Q8BZN4	Q8BZN4;		ENSMUST00000072177.14 [Q8BZN4-1];ENSMUST00000082125.6 [Q8BZN4-2];
Q8BZN6	Q8BZN6;	8I5F;8I5V;8I5W;	ENSMUST00000077946.12 [Q8BZN6-1];ENSMUST00000187774.7 [Q8BZN6-4];
Q8BZQ2	Q8BZQ2;		ENSMUST00000034282.16 [Q8BZQ2-1];ENSMUST00000108972.4 [Q8BZQ2-2];ENSMUST00000132583.8 [Q8BZQ2-2];
Q8BZQ7	Q8BZQ7;		ENSMUST00000028341.11;
Q8BZR9	Q8BZR9;		ENSMUST00000021135.5 [Q8BZR9-1];
Q8BZT2	Q8BZT2;	2CUC;2DJQ;	ENSMUST00000072008.11 [Q8BZT2-1];ENSMUST00000074679.4 [Q8BZT2-2];
Q8BZT5	Q8BZT5;		ENSMUST00000053419.9;ENSMUST00000107101.2;
Q8BZT7	Q8BZT7;		ENSMUST00000064265.13;
Q8BZT9	Q8BZT9;		ENSMUST00000062789.15;
Q8BZZ3	Q8BZZ3;		ENSMUST00000035982.8;ENSMUST00000108246.9;
Q8C006	Q8C006;		
Q8C015	Q8C015;		ENSMUST00000035264.9;ENSMUST00000077200.4;
Q8C025	Q8C025;		ENSMUST00000020253.15 [Q8C025-1];ENSMUST00000073783.6 [Q8C025-2];ENSMUST00000139109.8 [Q8C025-1];
Q8C031	Q8C031;		ENSMUST00000059049.8;ENSMUST00000135431.8;ENSMUST00000162807.9;
Q8C042	Q8C042;		
Q8C050	Q8C050;		ENSMUST00000043599.7 [Q8C050-1];ENSMUST00000222731.2 [Q8C050-2];
Q8C052	Q8C052;		ENSMUST00000019405.4;
Q8C078	Q8C078;		ENSMUST00000111668.8 [Q8C078-1];ENSMUST00000200109.5 [Q8C078-2];
Q8C079	Q8C079;		ENSMUST00000064759.7 [Q8C079-1];
Q8C0C0	Q8C0C0;		ENSMUST00000096430.11;
Q8C0D7	Q8C0D7;	1WEN;1WEU;	ENSMUST00000032480.14 [Q8C0D7-2];ENSMUST00000112417.9 [Q8C0D7-5];ENSMUST00000140131.8 [Q8C0D7-1];
Q8C0E2	Q8C0E2;	2R51;3LH8;3LH9;3LHA;	ENSMUST00000034470.11 [Q8C0E2-1];
Q8C0E3	Q8C0E3;		ENSMUST00000021120.6 [Q8C0E3-2];ENSMUST00000106441.8 [Q8C0E3-1];
Q8C0G2	Q8C0G2;		
Q8C0I1	Q8C0I1;		
Q8C0J2	Q8C0J2;	6SUR;6Y09;6ZAY;	ENSMUST00000027512.13 [Q8C0J2-1];ENSMUST00000113186.8 [Q8C0J2-2];ENSMUST00000113190.3 [Q8C0J2-3];
Q8C0L6	Q8C0L6;	5LAE;5LFO;5LGB;5MBX;	ENSMUST00000026537.13 [Q8C0L6-1];
Q8C0L9	Q8C0L9;		ENSMUST00000060955.12 [Q8C0L9-1];ENSMUST00000110136.8 [Q8C0L9-2];ENSMUST00000110142.8 [Q8C0L9-1];
Q8C0M0	Q8C0M0;		ENSMUST00000034437.8 [Q8C0M0-3];ENSMUST00000038193.15 [Q8C0M0-2];
Q8C0M8	Q8C0M8;		ENSMUST00000102963.10;
Q8C0N0	Q8C0N0;		ENSMUST00000055107.7;ENSMUST00000216654.2;
Q8C0N2	Q8C0N2;		ENSMUST00000031255.15;ENSMUST00000092990.4;ENSMUST00000112887.8;
Q8C0P0	Q8C0P0;		ENSMUST00000028119.7 [Q8C0P0-1];
Q8C0P7	Q8C0P7;		ENSMUST00000019861.13;
Q8C0Q4	Q8C0Q4;		ENSMUST00000038648.11;
Q8C0R0	Q8C0R0;		ENSMUST00000044260.11 [Q8C0R0-2];
Q8C0R7	Q8C0R7;		ENSMUST00000039093.10 [Q8C0R7-1];ENSMUST00000108563.9 [Q8C0R7-2];
Q8C0T0	Q8C0T0;		ENSMUST00000045550.5;
Q8C0T5	Q8C0T5;		ENSMUST00000053969.7 [Q8C0T5-1];ENSMUST00000166429.9 [Q8C0T5-1];ENSMUST00000222298.2 [Q8C0T5-2];ENSMUST00000222714.2 [Q8C0T5-1];
Q8C0T9	Q8C0T9;		ENSMUST00000027852.15 [Q8C0T9-1];ENSMUST00000148550.8 [Q8C0T9-2];
Q8C0U7	Q8C0U7;		
Q8C0V0	Q8C0V0;		ENSMUST00000038584.9;
Q8C0V1	Q8C0V1;	1X58;	ENSMUST00000064576.8 [Q8C0V1-1];
Q8C0V7	Q8C0V7;		
Q8C0X2	Q8C0X2;		
Q8C0X7	Q8C0X7;	7EEB;	ENSMUST00000027569.14 [Q8C0X7-1];ENSMUST00000189547.2 [Q8C0X7-2];
Q8C0X8	Q8C0X8;		ENSMUST00000080132.3;
Q8C102	Q8C102;		ENSMUST00000112616.8;ENSMUST00000166729.2;
Q8C110	Q8C110;		ENSMUST00000078386.4;
Q8C115	Q8C115;		ENSMUST00000047206.7 [Q8C115-1];
Q8C119	Q8C119;		ENSMUST00000054351.6;
Q8C129	Q8C129;		ENSMUST00000041047.4;
Q8C142	Q8C142;		ENSMUST00000037828.8;
Q8C145	Q8C145;		ENSMUST00000070726.10;
Q8C147	Q8C147;	3VHL;7CLX;7CLY;	ENSMUST00000025831.8 [Q8C147-1];
Q8C156	Q8C156;		ENSMUST00000110387.4;
Q8C165	Q8C165;		ENSMUST00000048660.12;ENSMUST00000112393.9;
Q8C167	Q8C167;		ENSMUST00000072406.5 [Q8C167-2];ENSMUST00000171795.9 [Q8C167-1];
Q8C170	Q8C170;		ENSMUST00000128341.2 [Q8C170-1];ENSMUST00000135298.8 [Q8C170-2];
Q8C172	Q8C172;	1X2M;	ENSMUST00000028426.9;
Q8C180	Q8C180;		ENSMUST00000020381.5;
Q8C196	Q8C196;		ENSMUST00000027144.8;
Q8C1A3	Q8C1A3;		
Q8C1B1	Q8C1B1;		ENSMUST00000192001.6 [Q8C1B1-1];
Q8C1B2	Q8C1B2;		ENSMUST00000047906.10;
Q8C1B7	Q8C1B7;		ENSMUST00000074733.11 [Q8C1B7-2];ENSMUST00000201421.4 [Q8C1B7-1];ENSMUST00000202308.4 [Q8C1B7-3];
Q8C1E7	Q8C1E7;	7N0K;7N0L;	ENSMUST00000043378.9;
Q8C1F4	Q8C1F4;		ENSMUST00000049344.15;
Q8C1Q4	Q8C1Q4;	7TL6;7TLH;	ENSMUST00000165838.9 [Q8C1Q4-1];
Q8C1Q6	Q8C1Q6;		ENSMUST00000049732.11 [Q8C1Q6-1];ENSMUST00000090205.5 [Q8C1Q6-3];ENSMUST00000203261.3 [Q8C1Q6-2];
Q8C1R0	Q8C1R0;		ENSMUST00000071119.8;
Q8C1W1	Q8C1W1;		ENSMUST00000021681.4;
Q8C1Z7	Q8C1Z7;		ENSMUST00000026265.8;
Q8C208	Q8C208;		ENSMUST00000133342.10 [Q8C208-1];ENSMUST00000221150.2 [Q8C208-4];ENSMUST00000222067.2 [Q8C208-2];
Q8C253			ENSMUST00000142734.8;ENSMUST00000146468.4;ENSMUST00000150290.9;
Q8C255	Q8C255;		ENSMUST00000034373.8 [Q8C255-1];ENSMUST00000117555.8 [Q8C255-3];ENSMUST00000227363.2 [Q8C255-2];
Q8C262	Q8C262;		
Q8C263	Q8C263;		ENSMUST00000022536.3;
Q8C2B3	Q8C2B3;		ENSMUST00000079838.14 [Q8C2B3-4];ENSMUST00000088402.12 [Q8C2B3-1];ENSMUST00000116408.9 [Q8C2B3-5];ENSMUST00000116409.9 [Q8C2B3-3];ENSMUST00000118294.8 [Q8C2B3-2];
Q8C2E7	Q8C2E7;		ENSMUST00000022976.6 [Q8C2E7-1];ENSMUST00000227725.2 [Q8C2E7-2];
Q8C2K1	Q8C2K1;		ENSMUST00000233170.2 [Q8C2K1-2];
Q8C2Q3	Q8C2Q3;		ENSMUST00000006625.8 [Q8C2Q3-1];
Q8C2S0	Q8C2S0;		ENSMUST00000216224.2;
Q8C2S5	Q8C2S5;		ENSMUST00000047857.16 [Q8C2S5-1];ENSMUST00000087465.11 [Q8C2S5-3];ENSMUST00000114047.10 [Q8C2S5-2];ENSMUST00000121736.6 [Q8C2S5-5];ENSMUST00000196483.5 [Q8C2S5-4];
Q8C310	Q8C310;		ENSMUST00000102895.7 [Q8C310-2];ENSMUST00000214185.3 [Q8C310-1];
Q8C341	Q8C341;		ENSMUST00000048377.11 [Q8C341-2];
Q8C3J5	Q8C3J5;		ENSMUST00000093193.12;
Q8C3K6	Q8C3K6;		
Q8C3P7	Q8C3P7;		
Q8C3Q5	Q8C3Q5;		ENSMUST00000066041.12 [Q8C3Q5-1];ENSMUST00000119433.4 [Q8C3Q5-2];
Q8C3Q9	Q8C3Q9;		ENSMUST00000030747.11;
Q8C419	Q8C419;		ENSMUST00000055946.8;
Q8C436	Q8C436;		ENSMUST00000058639.11 [Q8C436-1];
Q8C437	Q8C437;	4EQF;	ENSMUST00000108221.2 [Q8C437-4];
Q8C456	Q8C456;	7Q3E;	ENSMUST00000020568.10 [Q8C456-1];
Q8C4A0	Q8C4A0;		ENSMUST00000023754.6;
Q8C4Q6	Q8C4Q6;	1UG7;2QZ5;	ENSMUST00000109166.8 [Q8C4Q6-1];ENSMUST00000193625.2 [Q8C4Q6-2];
Q8C4U3	Q8C4U3;		ENSMUST00000033952.8;
Q8C4V1	Q8C4V1;		ENSMUST00000073302.12 [Q8C4V1-3];ENSMUST00000112852.8 [Q8C4V1-3];ENSMUST00000112853.8 [Q8C4V1-3];ENSMUST00000112854.8 [Q8C4V1-3];
Q8C4V4	Q8C4V4;		ENSMUST00000022720.15 [Q8C4V4-1];ENSMUST00000132004.8 [Q8C4V4-2];ENSMUST00000145693.8 [Q8C4V4-1];
Q8C4X1	Q8C4X1;		ENSMUST00000026137.8 [Q8C4X1-4];ENSMUST00000055424.13 [Q8C4X1-1];
Q8C4X2	Q8C4X2;		ENSMUST00000069597.8;
Q8C4X7	Q8C4X7;		ENSMUST00000058633.9 [Q8C4X7-2];ENSMUST00000118510.8 [Q8C4X7-2];ENSMUST00000165666.9 [Q8C4X7-1];ENSMUST00000175830.2 [Q8C4X7-2];
Q8C4Y3	Q8C4Y3;		ENSMUST00000059849.15 [Q8C4Y3-3];
Q8C551	Q8C551;		
Q8C5D8	Q8C5D8;		ENSMUST00000114777.10 [Q8C5D8-1];
Q8C5G2	Q8C5G2;	6JZC;6JZD;6JZE;	ENSMUST00000047409.9;ENSMUST00000166139.7;
Q8C5H1	Q8C5H1;		ENSMUST00000181976.8 [Q8C5H1-3];ENSMUST00000182341.8 [Q8C5H1-1];
Q8C5L3	Q8C5L3;		ENSMUST00000105265.8 [Q8C5L3-3];ENSMUST00000105267.8 [Q8C5L3-1];ENSMUST00000169921.8 [Q8C5L3-1];
Q8C5L6	Q8C5L6;		ENSMUST00000006286.9;
Q8C5S7	Q8C5S7;		ENSMUST00000002395.8;
Q8C5V7	Q8C5V7;		
Q8C5W4	Q8C5W4;		ENSMUST00000053896.8 [Q8C5W4-1];ENSMUST00000131954.2 [Q8C5W4-1];
Q8C5Y2	Q8C5Y2;		ENSMUST00000070660.11 [Q8C5Y2-1];ENSMUST00000185832.2 [Q8C5Y2-2];ENSMUST00000188312.2 [Q8C5Y2-1];
Q8C624	Q8C624;		ENSMUST00000060133.8;
Q8C633	Q8C633;		ENSMUST00000008051.5;
Q8C669	Q8C669;		ENSMUST00000093290.12;ENSMUST00000101477.2;
Q8C6A8	Q8C6A8;		
Q8C6G1	Q8C6G1;		ENSMUST00000105397.10;
Q8C6L5	Q8C6L5;	4K8V;4K96;4K97;4K98;4K99;4K9A;4K9B;4LEY;4LEZ;4O6A;5N6I;5XZB;5XZE;5XZG;6X59;6X5A;6XJD;7A08;7BUJ;7BUM;7BUQ;7JO9;7JOA;7KXS;7UTT;7UUX;7UXW;7UYQ;7UYZ;7UZR;7V0C;7V0R;7V0W;8EAE;8ECC;8G10;8G1J;8G23;8G2P;8G2Q;8GIM;8GIN;8GIO;8GIP;8GIR;8GIS;8GIT;8SHK;8SHU;8SHY;8SJ0;8SJ1;8SJ2;8SKT;	ENSMUST00000070742.14;
Q8C6M1	Q8C6M1;		ENSMUST00000102849.11;ENSMUST00000170476.8;
Q8C6P8	Q8C6P8;	4GZN;4M9V;	ENSMUST00000069250.14 [Q8C6P8-1];ENSMUST00000089968.13 [Q8C6P8-2];ENSMUST00000174524.8 [Q8C6P8-1];ENSMUST00000174672.2 [Q8C6P8-1];
Q8C6S9			ENSMUST00000168110.8 [Q8C6S9-1];ENSMUST00000212902.2 [Q8C6S9-2];
Q8C754	Q8C754;		ENSMUST00000025178.17 [Q8C754-1];
Q8C784	Q8C784;		ENSMUST00000060175.8 [Q8C784-1];
Q8C7D2	Q8C7D2;	3WX1;3WX2;4TZC;4TZU;5YIZ;5YJ0;5YJ1;	ENSMUST00000013882.10 [Q8C7D2-3];ENSMUST00000113239.10 [Q8C7D2-1];
Q8C7E7	Q8C7E7;		ENSMUST00000050952.4;
Q8C7G5	Q8C7G5;		ENSMUST00000034584.4;ENSMUST00000121598.8;
Q8C7M3	Q8C7M3;		ENSMUST00000110520.10 [Q8C7M3-3];ENSMUST00000221041.2 [Q8C7M3-4];ENSMUST00000221370.2 [Q8C7M3-6];ENSMUST00000222316.2 [Q8C7M3-1];
Q8C7N7	Q8C7N7;		ENSMUST00000034934.15 [Q8C7N7-1];ENSMUST00000168309.8 [Q8C7N7-2];
Q8C7Q4	Q8C7Q4;		ENSMUST00000179189.9 [Q8C7Q4-1];ENSMUST00000180248.8 [Q8C7Q4-1];
Q8C7R4	Q8C7R4;		ENSMUST00000039373.14;
Q8C7R7	Q8C7R7;		ENSMUST00000050455.5 [Q8C7R7-3];ENSMUST00000122922.10 [Q8C7R7-1];
Q8C7U7	Q8C7U7;		ENSMUST00000052069.12;ENSMUST00000159715.8;ENSMUST00000161514.2;
Q8C7V8	Q8C7V8;		ENSMUST00000089174.6 [Q8C7V8-1];
Q8C7W7	Q8C7W7;		ENSMUST00000029435.15 [Q8C7W7-1];ENSMUST00000063502.13 [Q8C7W7-2];ENSMUST00000106832.2 [Q8C7W7-3];ENSMUST00000106834.8 [Q8C7W7-1];
Q8C838	Q8C838;		ENSMUST00000062024.3;
Q8C854	Q8C854;		ENSMUST00000061419.9 [Q8C854-2];ENSMUST00000067780.10 [Q8C854-3];ENSMUST00000110501.8 [Q8C854-3];ENSMUST00000152367.8 [Q8C854-4];
Q8C863	Q8C863;	1YIU;2JO9;2JOC;5XMC;	ENSMUST00000029126.15 [Q8C863-1];ENSMUST00000109685.8 [Q8C863-1];
Q8C878	Q8C878;		ENSMUST00000089287.7 [Q8C878-1];
Q8C886	Q8C886;		ENSMUST00000217885.2 [Q8C886-1];ENSMUST00000218699.2 [Q8C886-3];
Q8C8B0	Q8C8B0;		ENSMUST00000040859.6;ENSMUST00000167156.9;ENSMUST00000218282.2;ENSMUST00000219194.2;
Q8C8H8	Q8C8H8;		
Q8C8N2	Q8C8N2;		ENSMUST00000038874.12 [Q8C8N2-1];
Q8C8N3	Q8C8N3;		ENSMUST00000056344.5;ENSMUST00000109681.8;ENSMUST00000129670.8;
Q8C8R3			ENSMUST00000044443.15 [Q8C8R3-3];ENSMUST00000182008.8 [Q8C8R3-6];ENSMUST00000182994.8 [Q8C8R3-7];
Q8C8S3	Q8C8S3;		ENSMUST00000063192.15 [Q8C8S3-1];
Q8C8T7	Q8C8T7;		ENSMUST00000050519.8;
Q8C8Y5	Q8C8Y5;		ENSMUST00000108262.10 [Q8C8Y5-1];ENSMUST00000174395.8 [Q8C8Y5-3];
Q8C963	Q8C963;		ENSMUST00000006403.7 [Q8C963-2];ENSMUST00000170304.9 [Q8C963-1];ENSMUST00000214734.2 [Q8C963-3];
Q8C985	Q8C985;		ENSMUST00000110130.4 [Q8C985-1];
Q8C996	Q8C996;		ENSMUST00000027585.14;ENSMUST00000160616.8;ENSMUST00000185560.2;
Q8C9A2	Q8C9A2;	5AOY;6OZJ;6OZK;6OZL;6OZM;6OZN;6OZO;6OZP;6OZQ;6OZR;6OZS;	ENSMUST00000106244.9 [Q8C9A2-3];ENSMUST00000106245.9 [Q8C9A2-1];ENSMUST00000129327.9 [Q8C9A2-1];
Q8C9B9	Q8C9B9;	1WEM;	ENSMUST00000087517.10 [Q8C9B9-1];ENSMUST00000103055.8 [Q8C9B9-2];ENSMUST00000103056.10 [Q8C9B9-3];ENSMUST00000103057.8 [Q8C9B9-3];ENSMUST00000130986.8 [Q8C9B9-2];
Q8C9E8	Q8C9E8;		ENSMUST00000062784.8;
Q8C9J3	Q8C9J3;		ENSMUST00000041840.14 [Q8C9J3-2];ENSMUST00000159368.2 [Q8C9J3-3];ENSMUST00000160236.8 [Q8C9J3-1];
Q8C9V1	Q8C9V1;		ENSMUST00000045864.4 [Q8C9V1-2];ENSMUST00000235450.2 [Q8C9V1-1];ENSMUST00000235487.2 [Q8C9V1-4];ENSMUST00000236780.2 [Q8C9V1-4];ENSMUST00000237495.2 [Q8C9V1-4];
Q8C9W3	Q8C9W3;		ENSMUST00000040523.9;
Q8C9X6	Q8C9X6;		ENSMUST00000028100.13 [Q8C9X6-1];ENSMUST00000115870.9 [Q8C9X6-2];
Q8CA03	Q8CA03;		ENSMUST00000030081.2;
Q8CA95	Q8CA95;		ENSMUST00000089085.10 [Q8CA95-3];ENSMUST00000115720.8 [Q8CA95-2];ENSMUST00000149440.8 [Q8CA95-4];
Q8CAE2	Q8CAE2;		ENSMUST00000059946.11 [Q8CAE2-1];ENSMUST00000106586.7 [Q8CAE2-1];ENSMUST00000196533.2 [Q8CAE2-2];
Q8CAG8			ENSMUST00000199597.2;
Q8CAQ8	Q8CAQ8;		ENSMUST00000064062.13 [Q8CAQ8-1];ENSMUST00000101301.10 [Q8CAQ8-2];ENSMUST00000114151.10 [Q8CAQ8-3];
Q8CAR0			ENSMUST00000062862.13;
Q8CAS9	Q8CAS9;		ENSMUST00000114878.8 [Q8CAS9-2];
Q8CBB9	Q8CBB9;	5VSL;5VSM;6Q2P;6Q2Q;	ENSMUST00000020970.10;
Q8CBC7	Q8CBC7;		ENSMUST00000033513.10 [Q8CBC7-1];ENSMUST00000115594.8 [Q8CBC7-3];ENSMUST00000115595.8 [Q8CBC7-2];
Q8CBD1	Q8CBD1;		ENSMUST00000054178.8;ENSMUST00000121927.8;
Q8CBF3	Q8CBF3;		ENSMUST00000035129.14 [Q8CBF3-1];ENSMUST00000085169.12 [Q8CBF3-2];
Q8CBG9	Q8CBG9;		ENSMUST00000014022.15 [Q8CBG9-1];ENSMUST00000110575.8 [Q8CBG9-3];ENSMUST00000110579.10 [Q8CBG9-5];ENSMUST00000153528.8 [Q8CBG9-2];ENSMUST00000209300.2 [Q8CBG9-4];
Q8CBR1	Q8CBR1;		ENSMUST00000023617.13 [Q8CBR1-1];ENSMUST00000089618.10 [Q8CBR1-3];ENSMUST00000119464.2 [Q8CBR1-2];
Q8CBR6	Q8CBR6;		ENSMUST00000094161.11;ENSMUST00000164726.8;ENSMUST00000165257.8;ENSMUST00000165901.8;ENSMUST00000167405.3;ENSMUST00000179780.3;ENSMUST00000206414.2;
Q8CBW3	Q8CBW3;		ENSMUST00000114544.10 [Q8CBW3-5];ENSMUST00000123948.8 [Q8CBW3-1];ENSMUST00000126112.8 [Q8CBW3-3];ENSMUST00000140164.8 [Q8CBW3-4];ENSMUST00000149719.8 [Q8CBW3-2];
Q8CBX0	Q8CBX0;	8K0B;	ENSMUST00000110187.8;ENSMUST00000131878.2;ENSMUST00000146292.8;
Q8CBY1	Q8CBY1;		ENSMUST00000022386.15 [Q8CBY1-1];ENSMUST00000100672.11 [Q8CBY1-3];ENSMUST00000125113.9 [Q8CBY1-2];ENSMUST00000125688.2 [Q8CBY1-4];ENSMUST00000137543.9 [Q8CBY1-3];
Q8CC12	Q8CC12;		ENSMUST00000110701.8 [Q8CC12-1];
Q8CC27	Q8CC27;		ENSMUST00000114719.7 [Q8CC27-3];ENSMUST00000114723.9 [Q8CC27-1];
Q8CC35	Q8CC35;		ENSMUST00000097566.10 [Q8CC35-2];ENSMUST00000115318.4 [Q8CC35-3];ENSMUST00000130044.2 [Q8CC35-2];ENSMUST00000143275.3 [Q8CC35-1];ENSMUST00000155195.3 [Q8CC35-3];
Q8CCE9	Q8CCE9;		ENSMUST00000056032.9 [Q8CCE9-3];ENSMUST00000226941.2 [Q8CCE9-2];
Q8CCF0	Q8CCF0;		ENSMUST00000008517.13 [Q8CCF0-1];ENSMUST00000108636.2 [Q8CCF0-2];ENSMUST00000125782.8 [Q8CCF0-4];ENSMUST00000179769.8 [Q8CCF0-2];
Q8CCH7	Q8CCH7;		ENSMUST00000053467.6 [Q8CCH7-1];
Q8CCI5	Q8CCI5;		ENSMUST00000101118.4;
Q8CCJ3	Q8CCJ3;		ENSMUST00000038705.8 [Q8CCJ3-1];ENSMUST00000102994.10 [Q8CCJ3-3];
Q8CCJ9	Q8CCJ9;		ENSMUST00000229160.2 [Q8CCJ9-6];ENSMUST00000230882.2 [Q8CCJ9-2];
Q8CCK0	Q8CCK0;		ENSMUST00000020283.5;
Q8CCN1	Q8CCN1;	2DO9;	ENSMUST00000055745.5;
Q8CCN5	Q8CCN5;		ENSMUST00000074875.11 [Q8CCN5-1];ENSMUST00000108056.8 [Q8CCN5-2];
Q8CCP0	Q8CCP0;		ENSMUST00000021368.10 [Q8CCP0-1];
Q8CCS6	Q8CCS6;		ENSMUST00000022808.14 [Q8CCS6-1];ENSMUST00000116476.9 [Q8CCS6-2];
Q8CD10	Q8CD10;	6EAZ;	ENSMUST00000022543.10;
Q8CD15	Q8CD15;		ENSMUST00000023407.12;ENSMUST00000160571.2;
Q8CD54		6KG7;	ENSMUST00000182166.9 [Q8CD54-3];
Q8CD91	Q8CD91;		ENSMUST00000024660.9 [Q8CD91-1];
Q8CDA1	Q8CDA1;		ENSMUST00000043138.13 [Q8CDA1-1];ENSMUST00000118605.2 [Q8CDA1-2];ENSMUST00000151237.5 [Q8CDA1-3];
Q8CDB0	Q8CDB0;		ENSMUST00000200082.5 [Q8CDB0-1];
Q8CDF7	Q8CDF7;		ENSMUST00000060009.9;ENSMUST00000171024.8;
Q8CDG1	Q8CDG1;	4B9W;7YFY;7YGN;	ENSMUST00000048129.6;
Q8CDG3	Q8CDG3;		
Q8CDI2	Q8CDI2;	2RT9;5DMS;5DMV;	
Q8CDJ3	Q8CDJ3;	8GU7;	ENSMUST00000042988.7;ENSMUST00000226299.2;
Q8CDJ8	Q8CDJ8;		ENSMUST00000064035.13;ENSMUST00000150023.2;ENSMUST00000163588.8;
Q8CDK2	Q8CDK2;		ENSMUST00000037206.11 [Q8CDK2-6];ENSMUST00000037219.12 [Q8CDK2-1];ENSMUST00000051831.13 [Q8CDK2-3];ENSMUST00000111481.2 [Q8CDK2-1];ENSMUST00000170320.8 [Q8CDK2-1];
Q8CDK3	Q8CDK3;		ENSMUST00000052277.5;
Q8CDN8	Q8CDN8;		ENSMUST00000092215.6 [Q8CDN8-1];ENSMUST00000132214.8 [Q8CDN8-2];
Q8CDP0	Q8CDP0;		ENSMUST00000115014.8 [Q8CDP0-5];ENSMUST00000115016.8 [Q8CDP0-1];ENSMUST00000115017.8 [Q8CDP0-3];
Q8CDR2	Q8CDR2;		ENSMUST00000035521.11 [Q8CDR2-1];ENSMUST00000076887.6 [Q8CDR2-2];
Q8CDV7			ENSMUST00000134063.8;
Q8CDZ9	Q8CDZ9;		
Q8CE08	Q8CE08;		ENSMUST00000062723.14 [Q8CE08-2];ENSMUST00000112590.3 [Q8CE08-1];
Q8CE22	Q8CE22;		ENSMUST00000071921.13 [Q8CE22-1];ENSMUST00000095017.11 [Q8CE22-2];ENSMUST00000183448.8 [Q8CE22-5];ENSMUST00000184159.8 [Q8CE22-4];ENSMUST00000184401.8 [Q8CE22-5];ENSMUST00000184888.8 [Q8CE22-5];
Q8CE23	Q8CE23;	8WZ2;	ENSMUST00000057407.3;
Q8CE72			ENSMUST00000110617.2;
Q8CE90	Q8CE90;		ENSMUST00000003027.14 [Q8CE90-7];ENSMUST00000062686.11 [Q8CE90-6];ENSMUST00000110994.9 [Q8CE90-4];ENSMUST00000110995.8 [Q8CE90-3];ENSMUST00000110996.2 [Q8CE90-5];ENSMUST00000110998.9 [Q8CE90-2];ENSMUST00000110999.8 [Q8CE90-8];ENSMUST00000145165.8 [Q8CE90-1];
Q8CEB1	Q8CEB1;		
Q8CEE0	Q8CEE0;		ENSMUST00000034398.12 [Q8CEE0-1];ENSMUST00000124883.8 [Q8CEE0-3];ENSMUST00000148086.8 [Q8CEE0-2];
Q8CEE6	Q8CEE6;		ENSMUST00000027493.4;
Q8CEG0	Q8CEG0;		ENSMUST00000011262.4;
Q8CEG8	Q8CEG8;		ENSMUST00000115744.2;ENSMUST00000178293.9;ENSMUST00000191497.2;
Q8CEL2	Q8CEL2;		
Q8CES0	Q8CES0;		ENSMUST00000153488.9 [Q8CES0-1];
Q8CF07	Q8CF07;		
Q8CF31	Q8CF31;		ENSMUST00000054316.9;
Q8CF89	Q8CF89;	4LOO;4LOP;4LOQ;	ENSMUST00000023050.9;
Q8CF90	Q8CF90;		ENSMUST00000062002.6;
Q8CF93	Q8CF93;		ENSMUST00000068595.6 [Q8CF93-1];ENSMUST00000112634.8 [Q8CF93-2];ENSMUST00000112635.8 [Q8CF93-1];ENSMUST00000112636.8 [Q8CF93-1];
Q8CF98	Q8CF98;		ENSMUST00000036737.4;
Q8CFA7	Q8CFA7;		ENSMUST00000062747.6;
Q8CFB4	Q8CFB4;		ENSMUST00000090127.7 [Q8CFB4-1];ENSMUST00000197459.2 [Q8CFB4-2];
Q8CFC2	Q8CFC2;	2JX1;2JYD;2MF8;	ENSMUST00000108756.8 [Q8CFC2-1];ENSMUST00000108757.9 [Q8CFC2-3];
Q8CFC7	Q8CFC7;		ENSMUST00000086041.7 [Q8CFC7-1];ENSMUST00000207907.2 [Q8CFC7-3];ENSMUST00000208068.2 [Q8CFC7-2];
Q8CFE3	Q8CFE3;		ENSMUST00000084968.14;
Q8CFE4	Q8CFE4;		ENSMUST00000174252.8 [Q8CFE4-1];
Q8CFE5	Q8CFE5;		ENSMUST00000045652.8 [Q8CFE5-1];ENSMUST00000223554.2 [Q8CFE5-1];
Q8CFE6	Q8CFE6;		ENSMUST00000023099.8;
Q8CFF0	Q8CFF0;		ENSMUST00000039680.7 [Q8CFF0-1];ENSMUST00000112191.8 [Q8CFF0-2];ENSMUST00000112193.8 [Q8CFF0-3];ENSMUST00000112195.8 [Q8CFF0-3];
Q8CFG0	Q8CFG0;		ENSMUST00000088086.4;ENSMUST00000109249.9;ENSMUST00000146497.9;
Q8CFG8	Q8CFG8;		ENSMUST00000068797.3;
Q8CFH6	Q8CFH6;		
Q8CFI0	Q8CFI0;	1WR3;1WR4;1WR7;	ENSMUST00000237410.2 [Q8CFI0-3];
Q8CFI2	Q8CFI2;		ENSMUST00000020550.13;
Q8CFI7	Q8CFI7;		ENSMUST00000031167.6;
Q8CFJ9	Q8CFJ9;		ENSMUST00000026833.6;
Q8CFN5	Q8CFN5;	5F28;	ENSMUST00000185052.6 [Q8CFN5-5];ENSMUST00000197146.5 [Q8CFN5-3];ENSMUST00000197681.5 [Q8CFN5-3];ENSMUST00000198199.5 [Q8CFN5-4];ENSMUST00000199019.5 [Q8CFN5-1];ENSMUST00000199105.5 [Q8CFN5-1];ENSMUST00000199450.5 [Q8CFN5-2];
Q8CFP6	Q8CFP6;		ENSMUST00000020986.15;ENSMUST00000049584.6;ENSMUST00000219923.2;
Q8CFR0	Q8CFR0;	4QPY;	ENSMUST00000037286.12;
Q8CFT2	Q8CFT2;		ENSMUST00000056053.9 [Q8CFT2-1];ENSMUST00000163030.9 [Q8CFT2-1];ENSMUST00000174836.8 [Q8CFT2-2];
Q8CFU8	Q8CFU8;		ENSMUST00000043237.14 [Q8CFU8-1];
Q8CFV4	Q8CFV4;		ENSMUST00000037623.15;
Q8CFV9	Q8CFV9;		ENSMUST00000025617.4;
Q8CFW1	Q8CFW1;		ENSMUST00000160496.8;
Q8CFW7	Q8CFW7;		ENSMUST00000048150.15 [Q8CFW7-1];
Q8CFX1	Q8CFX1;		ENSMUST00000084117.13;
Q8CFY5	Q8CFY5;		ENSMUST00000049091.9;
Q8CFZ4	Q8CFZ4;	7ZA2;7ZA3;7ZAV;	ENSMUST00000069360.14;
Q8CFZ5	Q8CFZ5;		
Q8CG03	Q8CG03;	2K31;	ENSMUST00000066728.10;
Q8CG14	Q8CG14;		
Q8CG19	Q8CG19;		ENSMUST00000001927.12 [Q8CG19-1];ENSMUST00000112514.2 [Q8CG19-3];ENSMUST00000112516.8 [Q8CG19-2];
Q8CG46	Q8CG46;		ENSMUST00000087556.7 [Q8CG46-1];ENSMUST00000223934.2 [Q8CG46-2];
Q8CG47	Q8CG47;	3L51;	ENSMUST00000042901.15;
Q8CG48	Q8CG48;	3L51;	ENSMUST00000102915.10;ENSMUST00000117280.8;
Q8CG64	Q8CG64;		ENSMUST00000061390.9;
Q8CG70	Q8CG70;		ENSMUST00000023958.10;
Q8CG71	Q8CG71;		ENSMUST00000039990.6;
Q8CG72	Q8CG72;	2QTY;	ENSMUST00000102617.5 [Q8CG72-1];
Q8CG73	Q8CG73;	7YFU;7YFV;	ENSMUST00000047783.14;
Q8CG76	Q8CG76;	2C91;	ENSMUST00000073787.7;
Q8CG79	Q8CG79;		
Q8CGA0	Q8CGA0;		ENSMUST00000027373.12;
Q8CGA3	Q8CGA3;		ENSMUST00000042561.14;ENSMUST00000108433.8;ENSMUST00000169547.9;
Q8CGB3	Q8CGB3;		
Q8CGB6	Q8CGB6;		ENSMUST00000046144.10 [Q8CGB6-3];ENSMUST00000169627.9 [Q8CGB6-1];ENSMUST00000228958.2 [Q8CGB6-4];
Q8CGC4	Q8CGC4;		ENSMUST00000055485.12;
Q8CGC7	Q8CGC7;		ENSMUST00000046514.13;
Q8CGF6	Q8CGF6;	7WEJ;7WEK;	ENSMUST00000051145.15;
Q8CGF7	Q8CGF7;	1E0L;2JUP;2RLY;2RM0;2YSI;	ENSMUST00000025375.15 [Q8CGF7-2];ENSMUST00000173642.2 [Q8CGF7-3];ENSMUST00000237602.2 [Q8CGF7-1];
Q8CGK3	Q8CGK3;		ENSMUST00000047226.10;
Q8CGK5	Q8CGK5;	7T6F;8EWY;	ENSMUST00000074408.7;
Q8CGK7	Q8CGK7;	8HTG;	ENSMUST00000076605.9;ENSMUST00000236771.2;
Q8CGM1	Q8CGM1;		ENSMUST00000106015.9 [Q8CGM1-1];ENSMUST00000106017.8 [Q8CGM1-3];ENSMUST00000121049.8 [Q8CGM1-2];
Q8CGM2	Q8CGM2;		ENSMUST00000058229.6;
Q8CGN4	Q8CGN4;		ENSMUST00000043441.13 [Q8CGN4-4];ENSMUST00000065143.14 [Q8CGN4-3];ENSMUST00000115512.9 [Q8CGN4-2];ENSMUST00000115513.9 [Q8CGN4-1];ENSMUST00000124033.8 [Q8CGN4-4];
Q8CGN5	Q8CGN5;		ENSMUST00000032762.14 [Q8CGN5-1];ENSMUST00000178257.3 [Q8CGN5-1];ENSMUST00000205915.2 [Q8CGN5-1];
Q8CGP0	Q8CGP0;		ENSMUST00000117558.3;
Q8CGP1	Q8CGP1;		ENSMUST00000110455.4;
Q8CGP2	Q8CGP2;		ENSMUST00000102982.2 [Q8CGP2-1];ENSMUST00000110473.3 [Q8CGP2-2];
Q8CGP5	Q8CGP5;		ENSMUST00000073261.3;
Q8CGP6	Q8CGP6;	2F8N;8GRQ;	ENSMUST00000091742.6;
Q8CGP7	Q8CGP7;	8OTT;	ENSMUST00000074752.4;
Q8CGQ8	Q8CGQ8;		ENSMUST00000079020.12 [Q8CGQ8-1];
Q8CGR7	Q8CGR7;		ENSMUST00000102755.4;
Q8CGS6	Q8CGS6;		ENSMUST00000054034.7 [Q8CGS6-1];ENSMUST00000071452.12 [Q8CGS6-2];
Q8CGT6	Q8CGT6;		
Q8CGU1	Q8CGU1;		ENSMUST00000023818.11;
Q8CGV9	Q8CGV9;		
Q8CGW4	Q8CGW4;		ENSMUST00000049038.4;
Q8CGW9	Q8CGW9;		ENSMUST00000011493.6;
Q8CGY6	Q8CGY6;		ENSMUST00000018989.14 [Q8CGY6-2];ENSMUST00000108160.8 [Q8CGY6-1];ENSMUST00000164945.3 [Q8CGY6-1];
Q8CGY8	Q8CGY8;		ENSMUST00000044475.5 [Q8CGY8-1];ENSMUST00000119299.8 [Q8CGY8-2];
Q8CH18	Q8CH18;		ENSMUST00000020268.7 [Q8CH18-1];ENSMUST00000219527.2 [Q8CH18-1];
Q8CH72	Q8CH72;		ENSMUST00000050850.14;ENSMUST00000107366.2;
Q8CH77	Q8CH77;		ENSMUST00000067414.13 [Q8CH77-1];
Q8CHB8	Q8CHB8;		ENSMUST00000040179.14 [Q8CHB8-1];ENSMUST00000155448.9 [Q8CHB8-2];
Q8CHC4	Q8CHC4;		
Q8CHD8	Q8CHD8;		ENSMUST00000118828.8 [Q8CHD8-2];ENSMUST00000120691.9 [Q8CHD8-1];ENSMUST00000122103.9 [Q8CHD8-3];ENSMUST00000148021.3 [Q8CHD8-2];
Q8CHE4	Q8CHE4;		ENSMUST00000061047.7 [Q8CHE4-1];
Q8CHG5	Q8CHG5;		ENSMUST00000043169.14;
Q8CHG7	Q8CHG7;		ENSMUST00000118100.8;
Q8CHH9	Q8CHH9;		ENSMUST00000108987.8 [Q8CHH9-1];ENSMUST00000117061.8 [Q8CHH9-2];
Q8CHI8			ENSMUST00000041558.15 [Q8CHI8-2];ENSMUST00000112436.9 [Q8CHI8-3];
Q8CHK3	Q8CHK3;		ENSMUST00000038608.14;
Q8CHK4	Q8CHK4;		ENSMUST00000113641.4 [Q8CHK4-1];ENSMUST00000236229.2 [Q8CHK4-2];ENSMUST00000236883.2 [Q8CHK4-5];
Q8CHP0	Q8CHP0;		ENSMUST00000100538.4;
Q8CHP8	Q8CHP8;	4BKM;7PO7;7POE;	ENSMUST00000053024.8;
Q8CHQ0	Q8CHQ0;		ENSMUST00000022791.9;
Q8CHR6	Q8CHR6;		ENSMUST00000039177.12;
Q8CHS7	Q8CHS7;		ENSMUST00000168612.8;
Q8CHT0	Q8CHT0;	3V9J;3V9K;3V9L;4E3X;4LGZ;4LH0;4LH1;4LH2;4LH3;7MER;7MES;	ENSMUST00000039818.10;
Q8CHT1	Q8CHT1;		ENSMUST00000027477.15 [Q8CHT1-2];
Q8CHU3	Q8CHU3;		ENSMUST00000001063.15 [Q8CHU3-1];ENSMUST00000108713.8 [Q8CHU3-2];ENSMUST00000178202.8 [Q8CHU3-1];
Q8CHV6	Q8CHV6;	2AQE;2AQF;2CUJ;	ENSMUST00000018795.13;
Q8CHW4	Q8CHW4;		ENSMUST00000003320.14;
Q8CHX6	Q8CHX6;		ENSMUST00000058098.15;
Q8CHY6	Q8CHY6;		ENSMUST00000116463.4;ENSMUST00000212478.2;
Q8CI11	Q8CI11;		ENSMUST00000037739.8 [Q8CI11-1];
Q8CI15	Q8CI15;		ENSMUST00000063396.10 [Q8CI15-1];ENSMUST00000063446.13 [Q8CI15-1];ENSMUST00000100201.10 [Q8CI15-3];ENSMUST00000106386.8 [Q8CI15-1];ENSMUST00000106387.9 [Q8CI15-1];ENSMUST00000106388.9 [Q8CI15-1];ENSMUST00000141798.4 [Q8CI15-2];
Q8CI19	Q8CI19;		ENSMUST00000029652.4;
Q8CI32	Q8CI32;	1UGO;	ENSMUST00000054636.7;ENSMUST00000160576.2;
Q8CI52	Q8CI52;	7AZN;8AXW;	ENSMUST00000214098.2;
Q8CI59	Q8CI59;		
Q8CI61	Q8CI61;		ENSMUST00000038498.10;
Q8CI75	Q8CI75;	4PMW;	ENSMUST00000065694.8 [Q8CI75-1];ENSMUST00000168237.8 [Q8CI75-2];
Q8CIB5	Q8CIB5;	5XPY;5XPZ;5XQ0;5XQ1;8TEC;8TEE;	ENSMUST00000045905.15;
Q8CIB9	Q8CIB9;	6SP0;	ENSMUST00000022613.10;
Q8CID0	Q8CID0;		ENSMUST00000028911.15;
Q8CID3	Q8CID3;		ENSMUST00000020938.8;ENSMUST00000155559.8;
Q8CIE4	Q8CIE4;		ENSMUST00000075689.7;ENSMUST00000165738.8;
Q8CIE6	Q8CIE6;	5A1U;5A1V;5A1W;5A1X;5A1Y;5NZR;5NZS;5NZT;5NZU;5NZV;	ENSMUST00000135192.8;
Q8CIF4	Q8CIF4;		
Q8CIF6	Q8CIF6;		ENSMUST00000038488.17 [Q8CIF6-1];ENSMUST00000114573.9 [Q8CIF6-2];
Q8CIG3	Q8CIG3;		ENSMUST00000037025.16 [Q8CIG3-1];
Q8CIG8	Q8CIG8;		
Q8CIH5	Q8CIH5;	2DX0;2EQI;	ENSMUST00000081232.9;
Q8CIH9	Q8CIH9;		ENSMUST00000140076.2;
Q8CII8	Q8CII8;		ENSMUST00000054594.15;
Q8CII9	Q8CII9;	4NN5;4NN6;4NN7;	
Q8CIK8	Q8CIK8;		ENSMUST00000038739.5;
Q8CIM9	Q8CIM9;		
Q8CIN4	Q8CIN4;		ENSMUST00000023467.9;
Q8CIN6	Q8CIN6;		ENSMUST00000029784.10 [Q8CIN6-1];ENSMUST00000200342.5 [Q8CIN6-2];
Q8CIP4	Q8CIP4;		ENSMUST00000085715.7 [Q8CIP4-1];ENSMUST00000239292.2 [Q8CIP4-2];
Q8CIQ7	Q8CIQ7;		
Q8CIR4	Q8CIR4;		ENSMUST00000040489.9;
Q8CIS0	Q8CIS0;	4I16;	ENSMUST00000085786.7 [Q8CIS0-2];
Q8CIT0	Q8CIT0;		ENSMUST00000061294.5;
Q8CIV2	Q8CIV2;		ENSMUST00000052885.14 [Q8CIV2-1];
Q8CIV7	Q8CIV7;		ENSMUST00000037423.4 [Q8CIV7-1];ENSMUST00000103171.10 [Q8CIV7-2];
Q8CIV8	Q8CIV8;	1WJN;	ENSMUST00000039894.13;
Q8CIW5	Q8CIW5;		ENSMUST00000026227.3 [Q8CIW5-1];
Q8CIW6	Q8CIW6;		ENSMUST00000188557.8 [Q8CIW6-1];ENSMUST00000239562.1 [Q8CIW6-2];
Q8CIZ8		1U0O;	
Q8CIZ9	Q8CIZ9;		ENSMUST00000033610.13 [Q8CIZ9-2];ENSMUST00000113275.10 [Q8CIZ9-3];
Q8CJ00	Q8CJ00;		ENSMUST00000044018.8 [Q8CJ00-1];ENSMUST00000114373.8 [Q8CJ00-2];
Q8CJ12	Q8CJ12;	7WUI;7WUQ;7XKD;7XKE;7XKF;7YP7;	ENSMUST00000112400.8 [Q8CJ12-1];ENSMUST00000112402.8 [Q8CJ12-3];ENSMUST00000112404.9 [Q8CJ12-5];ENSMUST00000112405.9 [Q8CJ12-4];ENSMUST00000112408.9 [Q8CJ12-2];
Q8CJ19	Q8CJ19;		ENSMUST00000077159.8 [Q8CJ19-3];ENSMUST00000207889.2 [Q8CJ19-1];
Q8CJ26	Q8CJ26;	2IB1;6HJ7;	ENSMUST00000035069.14;
Q8CJ27		5LB7;	ENSMUST00000053364.12 [Q8CJ27-1];ENSMUST00000200083.5 [Q8CJ27-2];
Q8CJ40	Q8CJ40;		ENSMUST00000040222.14 [Q8CJ40-2];ENSMUST00000097816.9 [Q8CJ40-2];ENSMUST00000102491.10 [Q8CJ40-1];ENSMUST00000168157.8 [Q8CJ40-2];
Q8CJ53	Q8CJ53;		ENSMUST00000019631.11 [Q8CJ53-4];ENSMUST00000224152.2 [Q8CJ53-1];ENSMUST00000224885.2 [Q8CJ53-2];ENSMUST00000224947.2 [Q8CJ53-3];
Q8CJ67	Q8CJ67;	1UHZ;	ENSMUST00000027052.13 [Q8CJ67-2];ENSMUST00000054668.13 [Q8CJ67-1];ENSMUST00000115359.10 [Q8CJ67-5];ENSMUST00000144138.4 [Q8CJ67-5];ENSMUST00000159558.8 [Q8CJ67-3];ENSMUST00000162007.8 [Q8CJ67-3];ENSMUST00000162435.8 [Q8CJ67-2];ENSMUST00000162627.8 [Q8CJ67-2];ENSMUST00000162751.8 [Q8CJ67-1];
Q8CJ69	Q8CJ69;		ENSMUST00000071982.7;
Q8CJ78	Q8CJ78;		ENSMUST00000116354.4 [Q8CJ78-1];
Q8CJ91	Q8CJ91;	3ZHG;4C9F;4CAJ;	ENSMUST00000084086.9 [Q8CJ91-1];ENSMUST00000171635.8 [Q8CJ91-2];ENSMUST00000188386.2 [Q8CJ91-3];
Q8CJC5	Q8CJC5;		ENSMUST00000056946.8 [Q8CJC5-1];
Q8CJC7	Q8CJC7;		ENSMUST00000053708.9;
Q8CJF7	Q8CJF7;	4I0O;	ENSMUST00000027768.14;
Q8CJF8	Q8CJF8;		ENSMUST00000084289.5 [Q8CJF8-1];
Q8CJF9	Q8CJF9;		ENSMUST00000069097.13;
Q8CJG0	Q8CJG0;		ENSMUST00000044113.12;
Q8CJG1	Q8CJG1;		ENSMUST00000097888.10;ENSMUST00000239428.2;
Q8CJH3	Q8CJH3;	8BB7;8BF4;	ENSMUST00000072093.13;
Q8CJI4	Q8CJI4;		ENSMUST00000060855.7;
Q8HWB0	Q8HWB0;	8VZ8;8VZ9;	ENSMUST00000027744.10 [Q8HWB0-1];
Q8HWE5	Q8HWE5;	6A97;	ENSMUST00000072386.11 [Q8HWE5-1];ENSMUST00000072415.9 [Q8HWE5-2];ENSMUST00000227379.2 [Q8HWE5-2];ENSMUST00000228493.2 [Q8HWE5-1];
Q8JZL0	Q8JZL0;		ENSMUST00000114560.8;ENSMUST00000114561.9;
Q8JZL1	Q8JZL1;		ENSMUST00000035336.5 [Q8JZL1-1];ENSMUST00000225146.2 [Q8JZL1-2];
Q8JZL2	Q8JZL2;		ENSMUST00000166855.3 [Q8JZL2-1];
Q8JZL3	Q8JZL3;	2JMU;5A64;5A65;	ENSMUST00000050575.9;
Q8JZM0	Q8JZM0;	4GC5;4GC9;7PNT;	ENSMUST00000041003.8;
Q8JZM4	Q8JZM4;		ENSMUST00000049126.13;
Q8JZM6	Q8JZM6;	8WWY;	ENSMUST00000169652.3;ENSMUST00000225063.2;
Q8JZM7	Q8JZM7;		ENSMUST00000018337.9;
Q8JZM8			
Q8JZN5	Q8JZN5;		ENSMUST00000011492.15;
Q8JZP3	Q8JZP3;		ENSMUST00000034017.9;
Q8JZQ2	Q8JZQ2;		ENSMUST00000025408.10;
Q8JZQ5	Q8JZQ5;		
Q8JZQ9	Q8JZQ9;		ENSMUST00000100507.8;
Q8JZR0	Q8JZR0;		ENSMUST00000043150.6;
Q8JZR4	Q8JZR4;		ENSMUST00000106713.5;
Q8JZR6	Q8JZR6;		ENSMUST00000023776.13 [Q8JZR6-1];ENSMUST00000162049.2 [Q8JZR6-2];
Q8JZS0	Q8JZS0;		ENSMUST00000020057.16;
Q8JZS4	Q8JZS4;		
Q8JZU0	Q8JZU0;		ENSMUST00000022343.6;ENSMUST00000223663.2;
Q8JZU2	Q8JZU2;		ENSMUST00000003622.16;
Q8JZV9	Q8JZV9;		ENSMUST00000029817.11;
Q8JZX3	Q8JZX3;		ENSMUST00000072206.14 [Q8JZX3-1];ENSMUST00000191434.2 [Q8JZX3-3];
Q8JZZ7	Q8JZZ7;	6SKE;	
Q8K004	Q8K004;		ENSMUST00000057627.16 [Q8K004-1];ENSMUST00000109211.9 [Q8K004-2];
Q8K007	Q8K007;		ENSMUST00000088585.10;ENSMUST00000177608.8;ENSMUST00000180062.8;
Q8K009	Q8K009;		ENSMUST00000020497.14;
Q8K019	Q8K019;		ENSMUST00000043881.12 [Q8K019-1];ENSMUST00000185800.7 [Q8K019-2];ENSMUST00000190156.7 [Q8K019-3];
Q8K021	Q8K021;		ENSMUST00000022197.15;
Q8K023	Q8K023;		ENSMUST00000021635.9 [Q8K023-1];ENSMUST00000110704.9 [Q8K023-2];
Q8K057	Q8K057;		ENSMUST00000029347.14 [Q8K057-1];ENSMUST00000107812.8 [Q8K057-1];
Q8K078	Q8K078;		ENSMUST00000038225.8 [Q8K078-1];ENSMUST00000038259.13 [Q8K078-1];
Q8K097	Q8K097;		ENSMUST00000023750.9 [Q8K097-1];ENSMUST00000231171.2 [Q8K097-2];
Q8K099	Q8K099;		ENSMUST00000120052.2;
Q8K0B2	Q8K0B2;		ENSMUST00000095062.10 [Q8K0B2-3];ENSMUST00000191471.7 [Q8K0B2-1];
Q8K0C4	Q8K0C4;		ENSMUST00000001507.5;
Q8K0D2	Q8K0D2;		
Q8K0E8	Q8K0E8;		ENSMUST00000048246.5;
Q8K0F1	Q8K0F1;		ENSMUST00000023431.8 [Q8K0F1-1];
Q8K0H1	Q8K0H1;		ENSMUST00000010267.10 [Q8K0H1-1];
Q8K0H5	Q8K0H5;		ENSMUST00000141116.2;
Q8K0L0	Q8K0L0;		ENSMUST00000021617.14 [Q8K0L0-1];ENSMUST00000149431.2 [Q8K0L0-2];
Q8K0L2	Q8K0L2;		ENSMUST00000044078.10 [Q8K0L2-1];ENSMUST00000114376.7 [Q8K0L2-2];ENSMUST00000114380.9 [Q8K0L2-1];
Q8K0L3	Q8K0L3;		ENSMUST00000084647.13 [Q8K0L3-3];ENSMUST00000098084.11 [Q8K0L3-2];ENSMUST00000167935.10 [Q8K0L3-1];
Q8K0L9	Q8K0L9;		ENSMUST00000079441.13 [Q8K0L9-1];ENSMUST00000114690.8 [Q8K0L9-2];ENSMUST00000114691.8 [Q8K0L9-2];ENSMUST00000114694.9 [Q8K0L9-1];ENSMUST00000114695.3 [Q8K0L9-1];
Q8K0P3	Q8K0P3;		ENSMUST00000049156.7 [Q8K0P3-1];
Q8K0S5	Q8K0S5;		ENSMUST00000102514.4;
Q8K0T2	Q8K0T2;		ENSMUST00000025101.10;
Q8K0T4	Q8K0T4;		ENSMUST00000047257.15;
Q8K0T7	Q8K0T7;		ENSMUST00000075245.7;ENSMUST00000184666.8;
Q8K0V4	Q8K0V4;		ENSMUST00000038913.16;
Q8K0W9	Q8K0W9;	1WGE;	ENSMUST00000022461.11;ENSMUST00000067955.12;
Q8K0X8	Q8K0X8;		ENSMUST00000034630.15;ENSMUST00000163816.8;
Q8K120	Q8K120;		ENSMUST00000024179.6 [Q8K120-1];ENSMUST00000172271.9 [Q8K120-2];
Q8K135	Q8K135;		ENSMUST00000047431.11 [Q8K135-1];
Q8K136	Q8K136;		ENSMUST00000173462.3 [Q8K136-3];
Q8K183	Q8K183;	6YJZ;6YK0;6YK1;	ENSMUST00000041616.15;
Q8K1A0	Q8K1A0;		ENSMUST00000060447.13;
Q8K1A5	Q8K1A5;		ENSMUST00000094097.12 [Q8K1A5-1];ENSMUST00000118429.8 [Q8K1A5-1];ENSMUST00000119929.8 [Q8K1A5-2];
Q8K1A6	Q8K1A6;		ENSMUST00000040383.9;
Q8K1B8	Q8K1B8;	5L81;	ENSMUST00000040772.9;
Q8K1B9	Q8K1B9;		ENSMUST00000049430.15;
Q8K1E3	Q8K1E3;		ENSMUST00000061722.13 [Q8K1E3-3];ENSMUST00000166280.8 [Q8K1E3-1];ENSMUST00000166617.8 [Q8K1E3-1];
Q8K1E6	Q8K1E6;		ENSMUST00000040005.13;
Q8K1F9	Q8K1F9;		ENSMUST00000034969.14 [Q8K1F9-1];
Q8K1G2	Q8K1G2;		ENSMUST00000056365.9;
Q8K1H1	Q8K1H1;	2LH9;2LY1;2LY2;	ENSMUST00000102929.2;
Q8K1H9	Q8K1H9;		ENSMUST00000077667.4;
Q8K1I7	Q8K1I7;		ENSMUST00000094681.11;ENSMUST00000102679.8;ENSMUST00000102680.8;
Q8K1J5	Q8K1J5;		ENSMUST00000038091.8;
Q8K1J6	Q8K1J6;		ENSMUST00000057578.16 [Q8K1J6-1];ENSMUST00000113247.8 [Q8K1J6-2];ENSMUST00000113248.4 [Q8K1J6-1];ENSMUST00000113249.8 [Q8K1J6-1];
Q8K1K9	Q8K1K9;		ENSMUST00000216508.2;
Q8K1L5	Q8K1L5;		
Q8K1M4	Q8K1M4;		ENSMUST00000046005.9 [Q8K1M4-1];
Q8K1M6	Q8K1M6;		ENSMUST00000023477.15 [Q8K1M6-3];ENSMUST00000096229.11 [Q8K1M6-6];ENSMUST00000230022.2 [Q8K1M6-4];ENSMUST00000230038.2 [Q8K1M6-5];ENSMUST00000230980.2 [Q8K1M6-2];
Q8K1N1	Q8K1N1;		ENSMUST00000043082.16;
Q8K1N2	Q8K1N2;		ENSMUST00000036355.13 [Q8K1N2-1];ENSMUST00000076333.12 [Q8K1N2-2];
Q8K1R3	Q8K1R3;	1WHU;	ENSMUST00000020756.9 [Q8K1R3-1];
Q8K1R7	Q8K1R7;	5DE2;	ENSMUST00000040992.8;
Q8K1S1	Q8K1S1;		ENSMUST00000039775.9;
Q8K1S2	Q8K1S2;		ENSMUST00000168630.4;
Q8K1S3	Q8K1S3;	1WMG;6OOL;	ENSMUST00000077925.7 [Q8K1S3-1];ENSMUST00000218637.2 [Q8K1S3-2];
Q8K1S4	Q8K1S4;		ENSMUST00000026994.14 [Q8K1S4-1];ENSMUST00000109994.9 [Q8K1S4-2];
Q8K1S5	Q8K1S5;		ENSMUST00000020982.7;
Q8K1S6	Q8K1S6;		ENSMUST00000010298.7 [Q8K1S6-1];ENSMUST00000212404.2 [Q8K1S6-2];
Q8K1S7	Q8K1S7;		ENSMUST00000046525.10;
Q8K1T0	Q8K1T0;		ENSMUST00000024833.13 [Q8K1T0-1];ENSMUST00000114549.4 [Q8K1T0-2];ENSMUST00000236793.2 [Q8K1T0-1];
Q8K1T6	Q8K1T6;		ENSMUST00000013910.5 [Q8K1T6-2];ENSMUST00000172678.8 [Q8K1T6-2];ENSMUST00000172959.2 [Q8K1T6-1];
Q8K1X1	Q8K1X1;		
Q8K1X4	Q8K1X4;		ENSMUST00000047405.9;
Q8K1Z6	Q8K1Z6;		ENSMUST00000055475.9;
Q8K202	Q8K202;		ENSMUST00000029999.15 [Q8K202-1];ENSMUST00000107814.10 [Q8K202-3];ENSMUST00000133157.8 [Q8K202-2];
Q8K203	Q8K203;	3W0F;7OMK;7Z5A;8B9N;	ENSMUST00000047768.11 [Q8K203-1];
Q8K209	Q8K209;	5KVM;	ENSMUST00000093271.8;ENSMUST00000179619.9;ENSMUST00000212660.2;
Q8K211	Q8K211;		ENSMUST00000084526.12;
Q8K212	Q8K212;		ENSMUST00000025786.9;
Q8K214	Q8K214;		ENSMUST00000000087.13 [Q8K214-2];ENSMUST00000064991.13 [Q8K214-1];ENSMUST00000106298.10 [Q8K214-2];ENSMUST00000106301.8 [Q8K214-1];
Q8K224	Q8K224;		ENSMUST00000028608.13;
Q8K233	Q8K233;		
Q8K245	Q8K245;	5YR0;	ENSMUST00000037968.10;
Q8K273	Q8K273;		ENSMUST00000059899.3;
Q8K296	Q8K296;		ENSMUST00000123506.9 [Q8K296-1];ENSMUST00000249891.1 [Q8K296-1];
Q8K299	Q8K299;	7BZZ;	ENSMUST00000022610.15 [Q8K299-1];ENSMUST00000069226.7 [Q8K299-2];
Q8K2B0	Q8K2B0;		ENSMUST00000066489.13;
Q8K2B3	Q8K2B3;		ENSMUST00000022062.8;
Q8K2C6	Q8K2C6;		ENSMUST00000066804.5;ENSMUST00000223194.2;
Q8K2C7	Q8K2C7;		ENSMUST00000080975.6 [Q8K2C7-2];ENSMUST00000164259.9 [Q8K2C7-1];
Q8K2C8	Q8K2C8;		ENSMUST00000167004.3;
Q8K2C9	Q8K2C9;		ENSMUST00000036615.7;
Q8K2F0	Q8K2F0;	2L5E;	ENSMUST00000028282.15 [Q8K2F0-1];ENSMUST00000077737.13 [Q8K2F0-1];ENSMUST00000113941.9 [Q8K2F0-2];ENSMUST00000164296.8 [Q8K2F0-1];
Q8K2F8	Q8K2F8;		ENSMUST00000085585.12;
Q8K2G4	Q8K2G4;		ENSMUST00000040148.11 [Q8K2G4-2];ENSMUST00000108156.9 [Q8K2G4-1];
Q8K2I1	Q8K2I1;	3PZ4;	ENSMUST00000041008.10;
Q8K2I3	Q8K2I3;		ENSMUST00000045902.13;ENSMUST00000111510.8;
Q8K2I4	Q8K2I4;	6DDT;6DDU;	
Q8K2I9	Q8K2I9;		ENSMUST00000071564.14 [Q8K2I9-1];
Q8K2J0	Q8K2J0;		ENSMUST00000103077.2;
Q8K2K6	Q8K2K6;		ENSMUST00000063380.11 [Q8K2K6-2];ENSMUST00000113444.8 [Q8K2K6-3];ENSMUST00000186302.7 [Q8K2K6-4];ENSMUST00000189220.7 [Q8K2K6-1];
Q8K2P7	Q8K2P7;		ENSMUST00000088452.11 [Q8K2P7-1];ENSMUST00000088454.13 [Q8K2P7-1];ENSMUST00000100262.4 [Q8K2P7-1];ENSMUST00000230767.2 [Q8K2P7-3];
Q8K2Q9	Q8K2Q9;		ENSMUST00000047511.15 [Q8K2Q9-1];ENSMUST00000163821.3 [Q8K2Q9-2];
Q8K2T8	Q8K2T8;		ENSMUST00000003529.9;
Q8K2X1	Q8K2X1;		
Q8K2X3	Q8K2X3;	1WJ5;	ENSMUST00000049369.16;
Q8K2Y9	Q8K2Y9;		ENSMUST00000000388.15 [Q8K2Y9-1];
Q8K2Z4	Q8K2Z4;		
Q8K330	Q8K330;		ENSMUST00000037992.16 [Q8K330-1];ENSMUST00000236794.2 [Q8K330-2];
Q8K337	Q8K337;	2KIG;	ENSMUST00000094782.10 [Q8K337-1];ENSMUST00000184454.8 [Q8K337-2];
Q8K339	Q8K339;		ENSMUST00000042512.8;
Q8K341	Q8K341;		ENSMUST00000056034.13 [Q8K341-5];ENSMUST00000061052.12 [Q8K341-1];ENSMUST00000077494.13 [Q8K341-2];ENSMUST00000141662.8 [Q8K341-4];ENSMUST00000149277.8 [Q8K341-3];
Q8K348	Q8K348;		ENSMUST00000028178.14;
Q8K352	Q8K352;	6FXF;6G8O;	ENSMUST00000033427.7;
Q8K371	Q8K371;		ENSMUST00000035121.14;
Q8K377	Q8K377;		ENSMUST00000020400.5;ENSMUST00000159616.2;ENSMUST00000161677.2;
Q8K382	Q8K382;		ENSMUST00000102787.10;
Q8K387	Q8K387;		ENSMUST00000040429.12 [Q8K387-2];ENSMUST00000065111.15 [Q8K387-1];ENSMUST00000108232.9 [Q8K387-1];
Q8K389	Q8K389;		ENSMUST00000144099.8;
Q8K394	Q8K394;		ENSMUST00000043938.8;
Q8K3A9	Q8K3A9;		ENSMUST00000031740.16;
Q8K3B1	Q8K3B1;		ENSMUST00000042732.6;
Q8K3E5	Q8K3E5;		
Q8K3F2	Q8K3F2;		ENSMUST00000033278.8;
Q8K3F6	Q8K3F6;		ENSMUST00000070256.9;
Q8K3F7	Q8K3F7;	4YR9;4YRA;4YRB;	ENSMUST00000022522.15;
Q8K3G5	Q8K3G5;		ENSMUST00000002275.15;
Q8K3G9	Q8K3G9;		ENSMUST00000020500.14;
Q8K3H0	Q8K3H0;		ENSMUST00000036570.5;
Q8K3H5	Q8K3H5;		
Q8K3I4	Q8K3I4;		ENSMUST00000048121.13;
Q8K3I6	Q8K3I6;	7Z0L;7ZG0;	ENSMUST00000058429.6;
Q8K3J1	Q8K3J1;	6G2J;6G72;6ZR2;6ZTQ;7AK5;7AK6;7B93;7PSA;8C2S;8CA3;8CA5;8IAO;8IAP;8IB4;8IB5;8IB9;8IBA;8IBD;8IBE;8IC2;8IC3;8OLT;8OM1;8PW5;8PW6;8PW7;8RGP;8RGQ;8RGR;8RGT;	ENSMUST00000075092.8;ENSMUST00000235847.2;ENSMUST00000236801.2;ENSMUST00000237341.2;
Q8K3J5	Q8K3J5;		ENSMUST00000177916.8 [Q8K3J5-1];ENSMUST00000178271.3 [Q8K3J5-2];ENSMUST00000223722.2 [Q8K3J5-1];ENSMUST00000223813.2 [Q8K3J5-2];ENSMUST00000224946.2 [Q8K3J5-3];
Q8K3K7	Q8K3K7;		ENSMUST00000028286.12;
Q8K3K8	Q8K3K8;	5WQ4;	ENSMUST00000027986.5;ENSMUST00000114996.8;
Q8K3P1	Q8K3P1;		ENSMUST00000058016.16 [Q8K3P1-5];ENSMUST00000112478.8 [Q8K3P1-2];ENSMUST00000195985.5 [Q8K3P1-1];ENSMUST00000200037.5 [Q8K3P1-3];ENSMUST00000200214.2 [Q8K3P1-4];
Q8K3P5	Q8K3P5;		ENSMUST00000020624.7 [Q8K3P5-2];ENSMUST00000145353.8 [Q8K3P5-1];
Q8K3Q3	Q8K3Q3;		ENSMUST00000044790.12;
Q8K3R3	Q8K3R3;		ENSMUST00000027362.14 [Q8K3R3-1];ENSMUST00000067916.13 [Q8K3R3-2];ENSMUST00000113747.8 [Q8K3R3-2];ENSMUST00000113750.8 [Q8K3R3-3];
Q8K3V4	Q8K3V4;		ENSMUST00000038749.11;
Q8K3W0	Q8K3W0;	6GVW;	ENSMUST00000063813.11 [Q8K3W0-1];ENSMUST00000071531.12 [Q8K3W0-5];ENSMUST00000114507.10 [Q8K3W0-6];ENSMUST00000131995.7 [Q8K3W0-4];ENSMUST00000201352.4 [Q8K3W0-2];
Q8K3W3	Q8K3W3;		ENSMUST00000017384.14;ENSMUST00000169695.2;
Q8K3X6	Q8K3X6;	5F3X;5F3Y;	ENSMUST00000033201.7;
Q8K3Y3	Q8K3Y3;	3TRZ;3TS0;3TS2;	ENSMUST00000051674.3;
Q8K3Z0	Q8K3Z0;		ENSMUST00000054324.15 [Q8K3Z0-2];ENSMUST00000109634.3 [Q8K3Z0-1];
Q8K400	Q8K400;		ENSMUST00000038213.14 [Q8K400-1];
Q8K406	Q8K406;		ENSMUST00000047331.8;
Q8K409	Q8K409;	8E10;8E11;	ENSMUST00000033938.7;
Q8K411	Q8K411;		ENSMUST00000021611.10 [Q8K411-3];ENSMUST00000222485.2 [Q8K411-1];
Q8K424	Q8K424;	4N5Q;6LGP;6PVL;6PVM;6PVN;6PVO;6PVP;6PVQ;7MIJ;7MIK;7MIL;7MIM;7MIN;7MIO;7RAS;7RAU;	ENSMUST00000049676.3;
Q8K440	Q8K440;		ENSMUST00000020948.15 [Q8K440-1];ENSMUST00000106669.3 [Q8K440-2];
Q8K442	Q8K442;		ENSMUST00000100287.9;
Q8K445	Q8K445;		ENSMUST00000051408.8 [Q8K445-1];ENSMUST00000055636.13 [Q8K445-2];
Q8K448	Q8K448;		ENSMUST00000043961.12;
Q8K450	Q8K450;		ENSMUST00000065425.12 [Q8K450-1];ENSMUST00000113940.4 [Q8K450-3];
Q8K479	Q8K479;		ENSMUST00000114815.3;ENSMUST00000114816.8;ENSMUST00000114818.9;ENSMUST00000114821.9;
Q8K480	Q8K480;		ENSMUST00000034654.9 [Q8K480-1];ENSMUST00000161381.8 [Q8K480-2];
Q8K482	Q8K482;		ENSMUST00000233057.2;
Q8K485	Q8K485;		ENSMUST00000238978.2;
Q8K4B0	Q8K4B0;		ENSMUST00000009099.13;
Q8K4B2	Q8K4B2;		ENSMUST00000020448.11;
Q8K4C2	Q8K4C2;		ENSMUST00000058300.14 [Q8K4C2-1];
Q8K4C5	Q8K4C5;		
Q8K4D3	Q8K4D3;		ENSMUST00000020499.14;ENSMUST00000108867.2;ENSMUST00000108872.9;
Q8K4D7	Q8K4D7;		ENSMUST00000032356.13 [Q8K4D7-1];
Q8K4E0			ENSMUST00000072018.6 [Q8K4E0-1];
Q8K4F0	Q8K4F0;	6ISA;6ISC;	ENSMUST00000037142.13;ENSMUST00000236828.2;
Q8K4F5	Q8K4F5;		ENSMUST00000046999.12;
Q8K4F6	Q8K4F6;		ENSMUST00000000940.15;
Q8K4G1	Q8K4G1;		ENSMUST00000038618.13 [Q8K4G1-1];ENSMUST00000121175.8 [Q8K4G1-2];
Q8K4G5	Q8K4G5;		ENSMUST00000099294.9 [Q8K4G5-4];ENSMUST00000111524.8 [Q8K4G5-5];ENSMUST00000111546.8 [Q8K4G5-2];
Q8K4H1	Q8K4H1;		ENSMUST00000073388.13 [Q8K4H1-1];
Q8K4J0	Q8K4J0;		ENSMUST00000061852.12 [Q8K4J0-2];ENSMUST00000102988.10 [Q8K4J0-1];ENSMUST00000115066.8 [Q8K4J0-3];
Q8K4J2	Q8K4J2;		ENSMUST00000110286.8 [Q8K4J2-1];ENSMUST00000126740.8 [Q8K4J2-2];ENSMUST00000140169.8 [Q8K4J2-4];
Q8K4J6	Q8K4J6;	2V51;2V52;2YJE;2YJF;	ENSMUST00000109579.9 [Q8K4J6-1];ENSMUST00000149582.8 [Q8K4J6-2];
Q8K4K1	Q8K4K1;		ENSMUST00000071400.13 [Q8K4K1-2];ENSMUST00000075537.7 [Q8K4K1-3];ENSMUST00000102955.11 [Q8K4K1-1];
Q8K4K2	Q8K4K2;		ENSMUST00000040312.7;
Q8K4K4	Q8K4K4;		ENSMUST00000067543.8 [Q8K4K4-1];ENSMUST00000118228.2 [Q8K4K4-2];
Q8K4K6	Q8K4K6;		ENSMUST00000036584.13 [Q8K4K6-1];ENSMUST00000112460.3 [Q8K4K6-2];
Q8K4L0	Q8K4L0;		ENSMUST00000031598.11;
Q8K4L3	Q8K4L3;		ENSMUST00000025079.16 [Q8K4L3-1];ENSMUST00000126977.8 [Q8K4L3-1];ENSMUST00000140448.8 [Q8K4L3-1];ENSMUST00000143254.8 [Q8K4L3-3];
Q8K4L6	Q8K4L6;		ENSMUST00000066207.4;
Q8K4M5	Q8K4M5;		ENSMUST00000159081.8;
Q8K4P8	Q8K4P8;		ENSMUST00000110516.3 [Q8K4P8-1];
Q8K4Q0	Q8K4Q0;		
Q8K4Q6	Q8K4Q6;		ENSMUST00000034842.5 [Q8K4Q6-1];ENSMUST00000186410.7 [Q8K4Q6-1];ENSMUST00000190245.7 [Q8K4Q6-1];
Q8K4Q7	Q8K4Q7;		ENSMUST00000044332.16;
Q8K4Q8	Q8K4Q8;	2OX9;	ENSMUST00000234965.2;
Q8K4R4	Q8K4R4;		ENSMUST00000103064.10 [Q8K4R4-2];
Q8K4S1	Q8K4S1;		ENSMUST00000169713.9;ENSMUST00000182481.8;
Q8K4T1	Q8K4T1;		ENSMUST00000003509.10;
Q8K4T3	Q8K4T3;		ENSMUST00000027185.11 [Q8K4T3-1];ENSMUST00000114296.8 [Q8K4T3-2];
Q8K4T5	Q8K4T5;		
Q8K4X7	Q8K4X7;		ENSMUST00000024594.9;
Q8K4Z2	Q8K4Z2;		ENSMUST00000102600.4 [Q8K4Z2-1];ENSMUST00000249630.1 [Q8K4Z2-2];
Q8K4Z3	Q8K4Z3;	2DG2;2O8N;3RNO;3RO7;3ROE;3ROG;3ROX;3ROZ;	ENSMUST00000029708.8;
Q8K4Z6	Q8K4Z6;		ENSMUST00000020062.4 [Q8K4Z6-1];ENSMUST00000218684.2 [Q8K4Z6-2];ENSMUST00000219286.2 [Q8K4Z6-3];
Q8K557	Q8K557;		ENSMUST00000051773.9;
Q8K558	Q8K558;		ENSMUST00000024792.8 [Q8K558-1];ENSMUST00000224001.2 [Q8K558-2];
Q8K592	Q8K592;		ENSMUST00000023809.11;
Q8K595	Q8K595;	7DYS;	ENSMUST00000011152.14 [Q8K595-1];ENSMUST00000098524.5 [Q8K595-2];
Q8K596	Q8K596;		ENSMUST00000168693.3 [Q8K596-2];ENSMUST00000211649.2 [Q8K596-1];
Q8K5B1	Q8K5B1;		ENSMUST00000051756.8 [Q8K5B1-1];
Q8K5C0	Q8K5C0;		ENSMUST00000022895.15;
Q8MHM0	Q8MHM0;		
Q8N7N5	Q8N7N5;		ENSMUST00000074144.11 [Q8N7N5-1];ENSMUST00000191689.6 [Q8N7N5-1];ENSMUST00000192704.6 [Q8N7N5-1];ENSMUST00000193638.6 [Q8N7N5-2];
Q8N7N6	Q8N7N6;		ENSMUST00000019987.7;
Q8QZR1	Q8QZR1;	3PDX;	ENSMUST00000001720.14;
Q8QZR7	Q8QZR7;		ENSMUST00000061234.14;ENSMUST00000105876.9;
Q8QZS3	Q8QZS3;		ENSMUST00000091246.11;ENSMUST00000102697.10;
Q8QZS5	Q8QZS5;		ENSMUST00000079420.7;ENSMUST00000107454.2;ENSMUST00000107455.8;
Q8QZT1	Q8QZT1;		ENSMUST00000034547.6;
Q8QZT4	Q8QZT4;		ENSMUST00000071826.10 [Q8QZT4-1];ENSMUST00000097299.10 [Q8QZT4-1];ENSMUST00000163763.2 [Q8QZT4-1];ENSMUST00000169543.8 [Q8QZT4-2];
Q8QZV4	Q8QZV4;		ENSMUST00000016125.12;
Q8QZV6	Q8QZV6;		ENSMUST00000238880.2;
Q8QZV7	Q8QZV7;		ENSMUST00000032427.15;
Q8QZW2	Q8QZW2;		ENSMUST00000068631.4;
Q8QZX0	Q8QZX0;		ENSMUST00000056028.11;
Q8QZY1	Q8QZY1;		ENSMUST00000040518.6;
Q8QZY3	Q8QZY3;	7XGA;	ENSMUST00000049644.9;
Q8QZZ8	Q8QZZ8;		ENSMUST00000107256.4;
Q8R000	Q8R000;		ENSMUST00000042042.9;
Q8R001	Q8R001;		ENSMUST00000025127.5 [Q8R001-1];ENSMUST00000115830.8 [Q8R001-2];
Q8R007	Q8R007;		ENSMUST00000006578.10 [Q8R007-1];ENSMUST00000094325.5 [Q8R007-2];ENSMUST00000111286.9 [Q8R007-1];
Q8R010	Q8R010;		ENSMUST00000031613.11;
Q8R015	Q8R015;		ENSMUST00000035899.8 [Q8R015-1];ENSMUST00000224902.2 [Q8R015-2];
Q8R035	Q8R035;	1J26;	ENSMUST00000103036.5 [Q8R035-2];ENSMUST00000153983.8 [Q8R035-1];
Q8R054	Q8R054;		ENSMUST00000033606.15;ENSMUST00000113304.2;
Q8R066	Q8R066;		ENSMUST00000111466.3;
Q8R071	Q8R071;		ENSMUST00000028758.8;
Q8R081	Q8R081;	3S01;3TYT;	ENSMUST00000038572.15;ENSMUST00000174548.8;
Q8R087	Q8R087;		ENSMUST00000064701.8 [Q8R087-1];ENSMUST00000100764.10 [Q8R087-2];
Q8R090	Q8R090;		ENSMUST00000037478.13;
Q8R0A6	Q8R0A6;		ENSMUST00000109645.9;
Q8R0C3	Q8R0C3;		ENSMUST00000114764.8 [Q8R0C3-1];ENSMUST00000145224.2 [Q8R0C3-2];
Q8R0F3	Q8R0F3;		ENSMUST00000032191.16;
Q8R0F8	Q8R0F8;	6SBI;6SBJ;	
Q8R0G7	Q8R0G7;		ENSMUST00000032994.15;
Q8R0H9	Q8R0H9;		ENSMUST00000041587.8;
Q8R0I0	Q8R0I0;	7FDK;7WRH;7WRI;7XO4;7XO5;7XO6;7XOA;7XOB;7XOC;7YVU;8AQT;8AQU;8AQV;8AQW;8DM7;8DM8;8DM9;8DMA;8UZE;8UZF;8VKL;8VKM;8VKN;	ENSMUST00000073973.11 [Q8R0I0-1];ENSMUST00000112271.10 [Q8R0I0-1];
Q8R0K2	Q8R0K2;		ENSMUST00000078438.5;
Q8R0K9	Q8R0K9;		ENSMUST00000015003.10;
Q8R0L9	Q8R0L9;		ENSMUST00000032410.14 [Q8R0L9-1];ENSMUST00000043333.9 [Q8R0L9-2];
Q8R0N9	Q8R0N9;		ENSMUST00000044286.6;ENSMUST00000212303.2;
Q8R0S1	Q8R0S1;		ENSMUST00000108828.9;ENSMUST00000169033.8;
Q8R0S2	Q8R0S2;		ENSMUST00000101153.10 [Q8R0S2-1];
Q8R0S4	Q8R0S4;		ENSMUST00000078324.7 [Q8R0S4-3];ENSMUST00000102760.10 [Q8R0S4-1];ENSMUST00000102761.9 [Q8R0S4-2];
Q8R0S9	Q8R0S9;		ENSMUST00000022995.13;ENSMUST00000110196.8;
Q8R0T6	Q8R0T6;		ENSMUST00000051259.10;
Q8R0V5	Q8R0V5;		ENSMUST00000121992.2;
Q8R0W0			
Q8R0W1	Q8R0W1;	5VJI;5VJX;	ENSMUST00000187814.7 [Q8R0W1-1];ENSMUST00000191463.2 [Q8R0W1-2];
Q8R0W6	Q8R0W6;		ENSMUST00000025293.5;ENSMUST00000236085.2;
Q8R0X7	Q8R0X7;		ENSMUST00000092498.12;ENSMUST00000122259.8;
Q8R0Y6	Q8R0Y6;		ENSMUST00000032175.11;ENSMUST00000130418.8;
Q8R104	Q8R104;		ENSMUST00000026559.14 [Q8R104-2];ENSMUST00000106048.10 [Q8R104-2];
Q8R107	Q8R107;		ENSMUST00000021942.8;
Q8R116	Q8R116;		ENSMUST00000106177.8 [Q8R116-1];ENSMUST00000106178.9 [Q8R116-1];
Q8R121	Q8R121;	4AJT;	ENSMUST00000044231.12 [Q8R121-1];ENSMUST00000121625.2 [Q8R121-2];
Q8R123	Q8R123;		ENSMUST00000050398.11 [Q8R123-2];ENSMUST00000107426.8 [Q8R123-1];ENSMUST00000129308.9 [Q8R123-1];
Q8R138	Q8R138;		ENSMUST00000067853.6;
Q8R139	Q8R139;		ENSMUST00000058418.8;
Q8R151	Q8R151;		ENSMUST00000048988.14;
Q8R173	Q8R173;		ENSMUST00000147563.9;
Q8R180	Q8R180;		ENSMUST00000022378.9;
Q8R183	Q8R183;	2OR7;	
Q8R191	Q8R191;		ENSMUST00000007236.5;
Q8R1A4	Q8R1A4;		
Q8R1B4	Q8R1B4;		ENSMUST00000032992.7;
Q8R1B5	Q8R1B5;		ENSMUST00000045068.10;
Q8R1B8	Q8R1B8;		ENSMUST00000040153.15 [Q8R1B8-2];ENSMUST00000112832.8 [Q8R1B8-1];
Q8R1C0	Q8R1C0;		ENSMUST00000009617.10;
Q8R1H0	Q8R1H0;	1UHS;2HI3;	ENSMUST00000081964.7;ENSMUST00000113453.9;ENSMUST00000120827.9;
Q8R1I1	Q8R1I1;	7O37;7O3C;7O3E;7O3H;8IAO;8IAR;8IB4;8IB7;8IB9;8IBC;8IBD;8IBG;8IC2;8IC5;8PW5;8PW6;8PW7;	ENSMUST00000058407.6;
Q8R1I2	Q8R1I2;		ENSMUST00000025395.10;ENSMUST00000173985.10;
Q8R1L8	Q8R1L8;		ENSMUST00000058777.8;
Q8R1M0	Q8R1M0;		ENSMUST00000032141.14;ENSMUST00000113606.2;
Q8R1N0	Q8R1N0;		ENSMUST00000056677.8;
Q8R1P5	Q8R1P5;		ENSMUST00000049788.9;ENSMUST00000160413.8;ENSMUST00000177549.8;
Q8R1R3	Q8R1R3;		ENSMUST00000110375.9;
Q8R1S4	Q8R1S4;	2D1L;	
Q8R1S9	Q8R1S9;		ENSMUST00000023101.10;ENSMUST00000166223.2;ENSMUST00000230086.2;ENSMUST00000231039.2;
Q8R1T1	Q8R1T1;		ENSMUST00000036381.10 [Q8R1T1-1];
Q8R1T4	Q8R1T4;		ENSMUST00000029569.9;ENSMUST00000120120.8;
Q8R1X6	Q8R1X6;		ENSMUST00000044116.14 [Q8R1X6-1];ENSMUST00000107971.9 [Q8R1X6-2];ENSMUST00000118118.8 [Q8R1X6-1];
Q8R1Z4	Q8R1Z4;		ENSMUST00000027049.10 [Q8R1Z4-1];ENSMUST00000130102.8 [Q8R1Z4-3];
Q8R216	Q8R216;		ENSMUST00000112066.2;ENSMUST00000112067.8;
Q8R2E9	Q8R2E9;		ENSMUST00000071973.8;
Q8R2F2	Q8R2F2;		ENSMUST00000021691.6 [Q8R2F2-1];ENSMUST00000167978.9 [Q8R2F2-2];
Q8R2G6	Q8R2G6;		ENSMUST00000061050.6;ENSMUST00000099498.10;
Q8R2H9	Q8R2H9;		ENSMUST00000054173.4;
Q8R2I0	Q8R2I0;		ENSMUST00000095097.3;
Q8R2K1	Q8R2K1;	2WCU;	ENSMUST00000026539.14 [Q8R2K1-1];ENSMUST00000121115.2 [Q8R2K1-4];ENSMUST00000148716.8 [Q8R2K1-2];
Q8R2K4	Q8R2K4;		ENSMUST00000177056.8 [Q8R2K4-1];
Q8R2N1	Q8R2N1;		ENSMUST00000055327.8;
Q8R2Q8	Q8R2Q8;	3NI0;	ENSMUST00000051672.9;
Q8R2R1	Q8R2R1;		ENSMUST00000036473.16;
Q8R2R9	Q8R2R9;		ENSMUST00000163739.3;ENSMUST00000210656.2;
Q8R2S1	Q8R2S1;		ENSMUST00000221972.2 [Q8R2S1-1];
Q8R2S9	Q8R2S9;		ENSMUST00000016115.6;ENSMUST00000224797.2;
Q8R2U0	Q8R2U0;		ENSMUST00000025421.9 [Q8R2U0-1];ENSMUST00000237700.2 [Q8R2U0-2];
Q8R2U4	Q8R2U4;		ENSMUST00000041830.10;
Q8R2U6	Q8R2U6;	2DUK;	ENSMUST00000020217.7;
Q8R2V3	Q8R2V3;		ENSMUST00000056467.8;ENSMUST00000216063.2;
Q8R2W9	Q8R2W9;		ENSMUST00000018990.8;
Q8R2Y0	Q8R2Y0;		ENSMUST00000166497.9 [Q8R2Y0-1];ENSMUST00000225234.2 [Q8R2Y0-2];
Q8R2Y2	Q8R2Y2;		ENSMUST00000034650.15 [Q8R2Y2-1];ENSMUST00000098852.3 [Q8R2Y2-2];
Q8R2Y9	Q8R2Y9;		ENSMUST00000026439.14;ENSMUST00000164199.8;
Q8R2Z0	Q8R2Z0;		ENSMUST00000024338.5;
Q8R2Z3	Q8R2Z3;		ENSMUST00000042221.14;
Q8R2Z5	Q8R2Z5;		ENSMUST00000042196.4 [Q8R2Z5-1];
Q8R307	Q8R307;		ENSMUST00000037280.5;
Q8R316	Q8R316;	1S5R;1V06;	
Q8R317	Q8R317;		ENSMUST00000058735.12 [Q8R317-1];ENSMUST00000076454.8 [Q8R317-2];
Q8R326	Q8R326;		ENSMUST00000022507.13 [Q8R326-1];ENSMUST00000163924.2 [Q8R326-2];
Q8R331	Q8R331;		ENSMUST00000085941.12;
Q8R332	Q8R332;		ENSMUST00000041905.8 [Q8R332-1];ENSMUST00000225111.2 [Q8R332-3];ENSMUST00000225311.2 [Q8R332-2];ENSMUST00000225805.2 [Q8R332-4];
Q8R361	Q8R361;		ENSMUST00000060837.10;
Q8R366	Q8R366;		
Q8R368	Q8R368;		ENSMUST00000034734.9;
Q8R373	Q8R373;		ENSMUST00000034522.8;
Q8R3B1	Q8R3B1;		ENSMUST00000010804.4;
Q8R3C6	Q8R3C6;	1WHW;1WHX;2CPF;2CPH;	ENSMUST00000031590.12 [Q8R3C6-1];
Q8R3E3	Q8R3E3;		ENSMUST00000047186.10 [Q8R3E3-2];ENSMUST00000103060.10 [Q8R3E3-1];
Q8R3F9	Q8R3F9;		ENSMUST00000096239.7 [Q8R3F9-1];
Q8R3G1	Q8R3G1;	2JPE;	ENSMUST00000030702.14;
Q8R3H7	Q8R3H7;		ENSMUST00000043325.9;
Q8R3I2	Q8R3I2;		ENSMUST00000110942.11 [Q8R3I2-1];ENSMUST00000221952.2 [Q8R3I2-2];
Q8R3J5	Q8R3J5;		ENSMUST00000028780.4;
Q8R3K3	Q8R3K3;		ENSMUST00000022153.8;
Q8R3L0	Q8R3L0;		ENSMUST00000129162.3;ENSMUST00000155759.3;
Q8R3L2	Q8R3L2;		ENSMUST00000057934.10 [Q8R3L2-1];ENSMUST00000108840.4 [Q8R3L2-5];ENSMUST00000212470.2 [Q8R3L2-4];ENSMUST00000212571.2 [Q8R3L2-2];
Q8R3L5	Q8R3L5;		ENSMUST00000026897.14 [Q8R3L5-1];ENSMUST00000098371.9 [Q8R3L5-2];
Q8R3L8	Q8R3L8;		ENSMUST00000031640.15 [Q8R3L8-1];
Q8R3N6	Q8R3N6;		ENSMUST00000025137.9;
Q8R3P0	Q8R3P0;		ENSMUST00000021119.9;ENSMUST00000184572.8;
Q8R3P2	Q8R3P2;	1V87;	ENSMUST00000111142.9 [Q8R3P2-1];ENSMUST00000111144.8 [Q8R3P2-2];ENSMUST00000111145.10 [Q8R3P2-2];ENSMUST00000125827.8 [Q8R3P2-3];
Q8R3P7	Q8R3P7;		ENSMUST00000040881.14;
Q8R3P9	Q8R3P9;		ENSMUST00000151524.9 [Q8R3P9-1];
Q8R3R8	Q8R3R8;	5YIP;7CDB;	ENSMUST00000032264.9;ENSMUST00000204956.2;
Q8R3S2	Q8R3S2;		ENSMUST00000046750.14 [Q8R3S2-1];ENSMUST00000115250.4 [Q8R3S2-2];
Q8R3U1	Q8R3U1;		ENSMUST00000025925.11 [Q8R3U1-1];ENSMUST00000136465.8 [Q8R3U1-2];ENSMUST00000136756.2 [Q8R3U1-1];
Q8R3Z5	Q8R3Z5;	4ZW2;8DAM;	ENSMUST00000107562.2 [Q8R3Z5-3];
Q8R407	Q8R407;		
Q8R409	Q8R409;		ENSMUST00000053063.7;
Q8R418	Q8R418;	3C4B;3C4T;7YYM;7YYN;7YZ4;7ZPI;7ZPJ;7ZPK;	
Q8R420	Q8R420;		ENSMUST00000039013.15;ENSMUST00000079594.12;
Q8R422	Q8R422;		ENSMUST00000093812.5;
Q8R429	Q8R429;		ENSMUST00000032974.13;
Q8R460	Q8R460;		
Q8R464	Q8R464;	5ZO1;5ZO2;	ENSMUST00000068023.8;
Q8R480	Q8R480;		ENSMUST00000021085.11;
Q8R493	Q8R493;		ENSMUST00000034854.8;
Q8R4A3	Q8R4A3;		ENSMUST00000061273.12;
Q8R4B8	Q8R4B8;	7LFH;7VTQ;	ENSMUST00000079476.10 [Q8R4B8-1];ENSMUST00000101148.9 [Q8R4B8-1];
Q8R4D1	Q8R4D1;		ENSMUST00000047815.13 [Q8R4D1-1];
Q8R4D5	Q8R4D5;	7WRA;7WRB;7WRC;7WRD;7WRE;7WRF;8E4L;8E4M;8E4N;8E4O;8E4P;9B6D;9B6E;9B6F;9B6G;9B6H;9B6J;9B6K;	ENSMUST00000040210.14;ENSMUST00000113114.10;ENSMUST00000171176.3;
Q8R4E9	Q8R4E9;	2KLO;2RQQ;2ZXX;3A4C;	ENSMUST00000006760.3;
Q8R4F0	Q8R4F0;		ENSMUST00000039450.5;
Q8R4F1	Q8R4F1;		ENSMUST00000048455.9 [Q8R4F1-1];ENSMUST00000091153.9 [Q8R4F1-3];ENSMUST00000102873.8 [Q8R4F1-2];
Q8R4G0	Q8R4G0;		ENSMUST00000072596.12 [Q8R4G0-1];ENSMUST00000131027.9 [Q8R4G0-7];ENSMUST00000133268.9 [Q8R4G0-3];ENSMUST00000138344.9 [Q8R4G0-2];ENSMUST00000138953.9 [Q8R4G0-4];ENSMUST00000156177.9 [Q8R4G0-5];
Q8R4G6	Q8R4G6;		ENSMUST00000038361.11;ENSMUST00000171405.2;
Q8R4G9	Q8R4G9;		ENSMUST00000034851.7;
Q8R4H7	Q8R4H7;		ENSMUST00000055409.6 [Q8R4H7-1];
Q8R4H9	Q8R4H9;		ENSMUST00000067246.6;
Q8R4I1	Q8R4I1;		ENSMUST00000022257.4;ENSMUST00000223880.2;
Q8R4I7	Q8R4I7;		ENSMUST00000058829.4;
Q8R4K2	Q8R4K2;	1WH4;2A9I;	ENSMUST00000074936.10;
Q8R4K8	Q8R4K8;		ENSMUST00000084501.4 [Q8R4K8-1];
Q8R4L0	Q8R4L0;	6XAR;	ENSMUST00000029164.9 [Q8R4L0-1];ENSMUST00000109561.4 [Q8R4L0-1];
Q8R4N0	Q8R4N0;		ENSMUST00000026625.7;
Q8R4P4	Q8R4P4;		ENSMUST00000077988.8;ENSMUST00000166774.3;
Q8R4P5	Q8R4P5;	6WUD;	ENSMUST00000039500.4 [Q8R4P5-1];
Q8R4P9	Q8R4P9;		ENSMUST00000047970.14 [Q8R4P9-3];ENSMUST00000095261.10 [Q8R4P9-2];ENSMUST00000167360.8 [Q8R4P9-1];
Q8R4T1	Q8R4T1;		
Q8R4T9	Q8R4T9;		
Q8R4U0	Q8R4U0;		ENSMUST00000035288.17;
Q8R4U1	Q8R4U1;		ENSMUST00000059331.9 [Q8R4U1-1];ENSMUST00000131087.2 [Q8R4U1-1];
Q8R4U7	Q8R4U7;		ENSMUST00000001116.5;ENSMUST00000063021.7;ENSMUST00000105849.9;ENSMUST00000170102.8;
Q8R4V1	Q8R4V1;		ENSMUST00000023076.6 [Q8R4V1-3];ENSMUST00000109503.10 [Q8R4V1-2];ENSMUST00000231165.2 [Q8R4V1-1];
Q8R4V2	Q8R4V2;		ENSMUST00000037715.7 [Q8R4V2-2];ENSMUST00000123121.9 [Q8R4V2-1];
Q8R4X1	Q8R4X1;		ENSMUST00000056113.5;
Q8R4Y0	Q8R4Y0;		
Q8R4Z4	Q8R4Z4;		ENSMUST00000119109.8;ENSMUST00000170036.8;
Q8R502	Q8R502;	8B40;8B41;8B42;8BEN;8DR8;8DRA;8DRE;8DRK;8DRN;8DS3;8DS9;8DSA;8F74;8F75;8F77;8F79;8F7B;8F7D;	ENSMUST00000067924.13;
Q8R507	Q8R507;		ENSMUST00000061771.9;ENSMUST00000128667.8;
Q8R516	Q8R516;		ENSMUST00000103176.10 [Q8R516-2];
Q8R526	Q8R526;		
Q8R527	Q8R527;		ENSMUST00000024956.15;
Q8R534	Q8R534;		ENSMUST00000079368.5;
Q8R550	Q8R550;	1WI7;2DA9;5XHZ;	ENSMUST00000073094.10 [Q8R550-1];ENSMUST00000080394.13 [Q8R550-3];ENSMUST00000112451.8 [Q8R550-5];ENSMUST00000112453.9 [Q8R550-4];ENSMUST00000112456.9 [Q8R550-2];
Q8R570	Q8R570;		ENSMUST00000010038.10 [Q8R570-1];
Q8R5A0	Q8R5A0;	3QWV;3QWW;	ENSMUST00000027897.8;
Q8R5A3	Q8R5A3;	3TCA;4KVG;4W8P;6O6H;6OLU;7V1A;	ENSMUST00000014290.15;
Q8R5C8	Q8R5C8;	4N4G;4N4H;4N4I;	ENSMUST00000110634.8;ENSMUST00000110636.9;
Q8R5F7	Q8R5F7;	3TS9;6G19;6G1S;6G1X;6GJZ;6GKH;6GKM;6H61;6H66;7BKP;7BKQ;7NGA;7NIC;7NIQ;	ENSMUST00000028259.12 [Q8R5F7-1];ENSMUST00000112459.4 [Q8R5F7-2];
Q8R5G7	Q8R5G7;		ENSMUST00000042944.9 [Q8R5G7-1];ENSMUST00000237272.2 [Q8R5G7-2];
Q8R5H1	Q8R5H1;		ENSMUST00000020334.9 [Q8R5H1-5];ENSMUST00000220377.2 [Q8R5H1-1];
Q8R5H6	Q8R5H6;		ENSMUST00000019975.14;ENSMUST00000105509.2;
Q8R5I6	Q8R5I6;		ENSMUST00000029489.15;
Q8R5J9	Q8R5J9;		ENSMUST00000044681.7;
Q8R5K2	Q8R5K2;		ENSMUST00000117492.9 [Q8R5K2-2];ENSMUST00000197748.5 [Q8R5K2-1];
Q8R5M2	Q8R5M2;		ENSMUST00000108783.4;
Q8R5M8	Q8R5M8;		ENSMUST00000034581.4 [Q8R5M8-4];ENSMUST00000085909.9 [Q8R5M8-1];ENSMUST00000114547.8 [Q8R5M8-2];ENSMUST00000114548.8 [Q8R5M8-3];
Q8VBT0	Q8VBT0;		ENSMUST00000021471.13;
Q8VBT2	Q8VBT2;		ENSMUST00000066540.14;ENSMUST00000201684.4;
Q8VBT3	Q8VBT3;		ENSMUST00000039507.15 [Q8VBT3-2];ENSMUST00000108645.8 [Q8VBT3-1];
Q8VBT9	Q8VBT9;	2AL3;	ENSMUST00000026135.15 [Q8VBT9-1];ENSMUST00000103016.8 [Q8VBT9-2];ENSMUST00000106158.9 [Q8VBT9-3];ENSMUST00000106159.10 [Q8VBT9-2];ENSMUST00000106160.9 [Q8VBT9-3];
Q8VBU5			ENSMUST00000106908.9;
Q8VBU8	Q8VBU8;		ENSMUST00000026354.15 [Q8VBU8-2];ENSMUST00000093078.13 [Q8VBU8-3];ENSMUST00000170857.8 [Q8VBU8-1];ENSMUST00000173254.8 [Q8VBU8-4];
Q8VBV4	Q8VBV4;		ENSMUST00000029727.8 [Q8VBV4-1];ENSMUST00000107678.8 [Q8VBV4-2];ENSMUST00000107679.8 [Q8VBV4-2];
Q8VBV8	Q8VBV8;		ENSMUST00000024774.14;
Q8VBV9	Q8VBV9;		ENSMUST00000060187.15;ENSMUST00000168007.3;ENSMUST00000217123.3;
Q8VBW1	Q8VBW1;		ENSMUST00000033752.14 [Q8VBW1-1];ENSMUST00000114465.9 [Q8VBW1-2];ENSMUST00000114467.10 [Q8VBW1-2];
Q8VBW6	Q8VBW6;		ENSMUST00000034349.10;
Q8VBX2	Q8VBX2;		
Q8VBX6	Q8VBX6;	4XH7;	ENSMUST00000102830.10 [Q8VBX6-1];ENSMUST00000107258.9 [Q8VBX6-2];
Q8VBY2	Q8VBY2;		ENSMUST00000092937.13;
Q8VC04	Q8VC04;		ENSMUST00000039581.14;ENSMUST00000100403.9;
Q8VC19	Q8VC19;		ENSMUST00000112524.9;ENSMUST00000141118.9;
Q8VC30	Q8VC30;		ENSMUST00000037678.7;ENSMUST00000236607.2;ENSMUST00000236950.2;
Q8VC34	Q8VC34;		ENSMUST00000065422.12 [Q8VC34-1];ENSMUST00000112650.8 [Q8VC34-4];ENSMUST00000112651.8 [Q8VC34-5];ENSMUST00000112654.8 [Q8VC34-3];ENSMUST00000112655.8 [Q8VC34-2];
Q8VC51	Q8VC51;		ENSMUST00000048139.12;
Q8VC56	Q8VC56;		ENSMUST00000024817.15;
Q8VC66	Q8VC66;		ENSMUST00000106153.9;
Q8VC69	Q8VC69;		ENSMUST00000010250.4;
Q8VC90	Q8VC90;		ENSMUST00000081838.7 [Q8VC90-2];ENSMUST00000102865.11 [Q8VC90-1];
Q8VC97	Q8VC97;		ENSMUST00000039925.8;
Q8VCA5	Q8VCA5;		ENSMUST00000034599.15;
Q8VCB2	Q8VCB2;	6W1S;8T1I;8T1L;	ENSMUST00000003049.8 [Q8VCB2-1];ENSMUST00000207278.2 [Q8VCB2-2];
Q8VCB3	Q8VCB3;		ENSMUST00000032371.8;
Q8VCC1	Q8VCC1;		ENSMUST00000034026.10;
Q8VCC2	Q8VCC2;		ENSMUST00000044602.8;
Q8VCC8	Q8VCC8;		ENSMUST00000126854.9 [Q8VCC8-2];ENSMUST00000129223.9 [Q8VCC8-1];
Q8VCD5	Q8VCD5;	6W1S;8T1I;8T1L;	ENSMUST00000034411.10;
Q8VCD7	Q8VCD7;		ENSMUST00000030102.12;ENSMUST00000077851.10;
Q8VCF0	Q8VCF0;	4GHU;	ENSMUST00000041362.12;ENSMUST00000110199.3;
Q8VCF1	Q8VCF1;		ENSMUST00000017620.10 [Q8VCF1-1];ENSMUST00000092378.10 [Q8VCF1-1];ENSMUST00000106287.8 [Q8VCF1-1];ENSMUST00000106288.8 [Q8VCF1-1];ENSMUST00000106289.9 [Q8VCF1-3];ENSMUST00000164927.2 [Q8VCF1-1];
Q8VCH0	Q8VCH0;		ENSMUST00000010795.5;
Q8VCH2	Q8VCH2;		ENSMUST00000045075.3;
Q8VCH6	Q8VCH6;		ENSMUST00000047973.4;
Q8VCH7	Q8VCH7;		ENSMUST00000027053.8;
Q8VCK5	Q8VCK5;		ENSMUST00000111611.8;ENSMUST00000117467.7;
Q8VCK6	Q8VCK6;		ENSMUST00000053156.10;ENSMUST00000163504.8;ENSMUST00000168528.8;
Q8VCL2	Q8VCL2;		ENSMUST00000167643.4;ENSMUST00000228977.2;
Q8VCL5	Q8VCL5;		ENSMUST00000094218.4;
Q8VCM2	Q8VCM2;		ENSMUST00000019464.8 [Q8VCM2-1];
Q8VCM5	Q8VCM5;		ENSMUST00000044058.11 [Q8VCM5-1];ENSMUST00000105813.8 [Q8VCM5-3];ENSMUST00000105815.2 [Q8VCM5-2];
Q8VCM7	Q8VCM7;		ENSMUST00000048486.13;
Q8VCN5	Q8VCN5;		ENSMUST00000118539.2;
Q8VCN6	Q8VCN6;		
Q8VCQ3	Q8VCQ3;	2CRB;	ENSMUST00000077839.13;
Q8VCQ6	Q8VCQ6;	2D8C;	ENSMUST00000099514.10 [Q8VCQ6-1];ENSMUST00000142618.8 [Q8VCQ6-1];ENSMUST00000151289.9 [Q8VCQ6-1];ENSMUST00000152340.8 [Q8VCQ6-3];
Q8VCR2	Q8VCR2;		ENSMUST00000048118.15 [Q8VCR2-1];ENSMUST00000112803.3 [Q8VCR2-2];
Q8VCR8	Q8VCR8;		ENSMUST00000028970.8;
Q8VCS0	Q8VCS0;		ENSMUST00000170392.9 [Q8VCS0-1];ENSMUST00000236386.2 [Q8VCS0-1];ENSMUST00000237130.2 [Q8VCS0-3];
Q8VCS3	Q8VCS3;		ENSMUST00000086153.8;ENSMUST00000122424.8;
Q8VCT4	Q8VCT4;		ENSMUST00000034172.8;
Q8VCT9	Q8VCT9;		ENSMUST00000045542.13;
Q8VCW4	Q8VCW4;	7C77;	ENSMUST00000162708.7 [Q8VCW4-1];
Q8VCX1	Q8VCX1;		ENSMUST00000040987.11;
Q8VCX5	Q8VCX5;		ENSMUST00000020311.13 [Q8VCX5-2];ENSMUST00000092508.12 [Q8VCX5-3];ENSMUST00000165563.8 [Q8VCX5-1];
Q8VD00	Q8VD00;		ENSMUST00000103242.5;
Q8VD04	Q8VD04;		ENSMUST00000065932.14;
Q8VD12	Q8VD12;		ENSMUST00000168828.3 [Q8VD12-1];ENSMUST00000229373.2 [Q8VD12-2];
Q8VD37	Q8VD37;		ENSMUST00000066824.14 [Q8VD37-3];ENSMUST00000072481.12 [Q8VD37-4];ENSMUST00000080728.13 [Q8VD37-1];ENSMUST00000106882.9 [Q8VD37-8];ENSMUST00000183855.8 [Q8VD37-5];
Q8VD46	Q8VD46;		ENSMUST00000010940.11;
Q8VD53	Q8VD53;		ENSMUST00000045224.14 [Q8VD53-1];ENSMUST00000084433.5 [Q8VD53-2];
Q8VD65	Q8VD65;		ENSMUST00000065778.13;ENSMUST00000191268.7;
Q8VD66	Q8VD66;		ENSMUST00000041197.13;
Q8VD72	Q8VD72;		ENSMUST00000079146.13 [Q8VD72-1];ENSMUST00000085109.10 [Q8VD72-2];
Q8VD75	Q8VD75;		ENSMUST00000060311.12;
Q8VDB9	Q8VDB9;		ENSMUST00000040960.13;
Q8VDD5	Q8VDD5;		ENSMUST00000016771.13;
Q8VDD8	Q8VDD8;		ENSMUST00000072383.14;ENSMUST00000116556.4;
Q8VDD9	Q8VDD9;		
Q8VDF2	Q8VDF2;	2ZKD;2ZKE;2ZKF;2ZKG;2ZO0;2ZO1;2ZO2;3F8I;3F8J;3FDE;6M2V;6VEE;6VFO;7XGA;	ENSMUST00000001258.15 [Q8VDF2-1];ENSMUST00000113035.8 [Q8VDF2-2];ENSMUST00000113038.8 [Q8VDF2-2];ENSMUST00000113039.9 [Q8VDF2-1];
Q8VDF3	Q8VDF3;	2YA9;2YAA;2YAB;	ENSMUST00000034944.9 [Q8VDF3-1];
Q8VDG7	Q8VDG7;		ENSMUST00000105869.9;
Q8VDI1	Q8VDI1;		ENSMUST00000227903.2 [Q8VDI1-2];
Q8VDK1	Q8VDK1;		ENSMUST00000111289.8 [Q8VDK1-2];ENSMUST00000111295.8 [Q8VDK1-1];
Q8VDK3	Q8VDK3;		ENSMUST00000028609.14;ENSMUST00000164172.8;
Q8VDL4	Q8VDL4;	5CCF;5CK7;	
Q8VDL9	Q8VDL9;		ENSMUST00000014447.13;
Q8VDN2	Q8VDN2;		ENSMUST00000036493.8;
Q8VDP3	Q8VDP3;	2BRA;2BRY;2C4C;4TXI;4TXK;	ENSMUST00000019967.16 [Q8VDP3-1];ENSMUST00000099934.11 [Q8VDP3-2];ENSMUST00000119962.8 [Q8VDP3-3];
Q8VDP4	Q8VDP4;		ENSMUST00000035612.7;
Q8VDQ1	Q8VDQ1;	1VJ1;2ZB3;	ENSMUST00000123614.8 [Q8VDQ1-1];ENSMUST00000146377.8 [Q8VDQ1-1];ENSMUST00000147363.8 [Q8VDQ1-2];
Q8VDQ8	Q8VDQ8;		ENSMUST00000072965.5 [Q8VDQ8-1];ENSMUST00000122915.8 [Q8VDQ8-2];ENSMUST00000170068.9 [Q8VDQ8-4];
Q8VDS3	Q8VDS3;	2KVM;4X3K;4X3S;4X3T;4X3U;5EJW;	ENSMUST00000109615.8;ENSMUST00000109616.9;
Q8VDU0	Q8VDU0;	3RO2;3RO3;4G2V;4G5O;4G5Q;4G5R;4G5S;4JHR;7EP7;	ENSMUST00000029482.16;
Q8VDU5	Q8VDU5;		ENSMUST00000118886.9;ENSMUST00000120173.9;
Q8VDW0	Q8VDW0;		ENSMUST00000019576.15 [Q8VDW0-1];ENSMUST00000109810.2 [Q8VDW0-1];ENSMUST00000172396.8 [Q8VDW0-1];ENSMUST00000212949.2 [Q8VDW0-1];
Q8VDW4	Q8VDW4;		ENSMUST00000117146.9;
Q8VDY4	Q8VDY4;		ENSMUST00000136874.4;ENSMUST00000239516.1;
Q8VDZ4	Q8VDZ4;		ENSMUST00000035840.6 [Q8VDZ4-1];
Q8VE01	Q8VE01;		ENSMUST00000055931.5;ENSMUST00000109996.8;
Q8VE10	Q8VE10;		ENSMUST00000025675.11 [Q8VE10-1];
Q8VE11	Q8VE11;		ENSMUST00000022563.9 [Q8VE11-1];ENSMUST00000224366.2 [Q8VE11-2];
Q8VE19	Q8VE19;		ENSMUST00000040017.8;
Q8VE28	Q8VE28;		ENSMUST00000022051.14 [Q8VE28-1];ENSMUST00000118096.2 [Q8VE28-2];
Q8VE43	Q8VE43;	7TLW;	ENSMUST00000036742.14 [Q8VE43-1];ENSMUST00000106089.8 [Q8VE43-2];
Q8VE47	Q8VE47;		ENSMUST00000035166.12;
Q8VE70	Q8VE70;		ENSMUST00000161137.8;
Q8VE73	Q8VE73;		ENSMUST00000043464.14 [Q8VE73-1];
Q8VE91	Q8VE91;		ENSMUST00000022881.15 [Q8VE91-4];ENSMUST00000110438.3 [Q8VE91-2];ENSMUST00000226438.2 [Q8VE91-1];ENSMUST00000227275.2 [Q8VE91-2];ENSMUST00000228306.2 [Q8VE91-3];
Q8VE92	Q8VE92;		ENSMUST00000036744.8;ENSMUST00000182821.8;ENSMUST00000235278.2;
Q8VE98	Q8VE98;	4I0K;	ENSMUST00000039788.11;ENSMUST00000165365.3;
Q8VEA4	Q8VEA4;	8QNS;	ENSMUST00000040835.9;
Q8VEA8	Q8VEA8;		ENSMUST00000064664.10 [Q8VEA8-2];ENSMUST00000064679.9 [Q8VEA8-1];
Q8VEB1	Q8VEB1;		ENSMUST00000003313.10;
Q8VEB2	Q8VEB2;	2DWV;2YSB;7BQF;7BQG;	ENSMUST00000021467.8;
Q8VEB4	Q8VEB4;		ENSMUST00000034377.8;
Q8VEC3	Q8VEC3;		ENSMUST00000047399.6;
Q8VEC4	Q8VEC4;		ENSMUST00000035822.2;
Q8VED2	Q8VED2;		ENSMUST00000071949.5;
Q8VEE1	Q8VEE1;		ENSMUST00000032376.6;
Q8VEE4	Q8VEE4;		ENSMUST00000092907.12;
Q8VEF1	Q8VEF1;	6GQF;	ENSMUST00000001280.14 [Q8VEF1-1];ENSMUST00000186634.7 [Q8VEF1-2];
Q8VEG4	Q8VEG4;		ENSMUST00000038185.10 [Q8VEG4-1];
Q8VEG6	Q8VEG6;		ENSMUST00000113005.9 [Q8VEG6-1];ENSMUST00000122003.8 [Q8VEG6-3];ENSMUST00000155901.8 [Q8VEG6-2];
Q8VEH6	Q8VEH6;	7SEK;	ENSMUST00000025815.10 [Q8VEH6-1];
Q8VEI3	Q8VEI3;		ENSMUST00000040059.9;ENSMUST00000148440.8;
Q8VEJ4	Q8VEJ4;		ENSMUST00000103213.10;
Q8VEJ9	Q8VEJ9;		ENSMUST00000034388.10;
Q8VEK0	Q8VEK0;		ENSMUST00000034878.12;
Q8VEK2	Q8VEK2;		ENSMUST00000043707.7 [Q8VEK2-1];
Q8VEK3	Q8VEK3;		ENSMUST00000037748.9 [Q8VEK3-1];ENSMUST00000161769.8 [Q8VEK3-2];
Q8VEK6	Q8VEK6;		ENSMUST00000031680.10;
Q8VEL0	Q8VEL0;		ENSMUST00000023836.4 [Q8VEL0-2];ENSMUST00000096447.9 [Q8VEL0-1];ENSMUST00000152743.8 [Q8VEL0-1];
Q8VEM1	Q8VEM1;		ENSMUST00000102776.5;
Q8VEN2	Q8VEN2;		ENSMUST00000114474.8 [Q8VEN2-1];ENSMUST00000188047.2 [Q8VEN2-2];
Q8VFT4	Q8VFT4;		ENSMUST00000050928.3;ENSMUST00000217152.2;
Q8VGS3	Q8VGS3;		ENSMUST00000102634.2;ENSMUST00000213515.2;
Q8VH37	Q8VH37;		ENSMUST00000087916.11 [Q8VH37-1];
Q8VH51	Q8VH51;	2LQ5;3S6E;4J5O;4RU2;5CXT;	ENSMUST00000029149.13 [Q8VH51-2];ENSMUST00000109587.9 [Q8VH51-1];ENSMUST00000146297.8 [Q8VH51-2];
Q8VHB5	Q8VHB5;		ENSMUST00000030183.10 [Q8VHB5-1];
Q8VHC3		2A2P;	ENSMUST00000094469.6;
Q8VHC5	Q8VHC5;	2M28;2M29;	ENSMUST00000025761.8;
Q8VHE0	Q8VHE0;		ENSMUST00000019937.5;
Q8VHE6			ENSMUST00000067048.8;
Q8VHF2	Q8VHF2;		ENSMUST00000080654.7 [Q8VHF2-2];
Q8VHG2	Q8VHG2;		ENSMUST00000112836.9 [Q8VHG2-1];
Q8VHG5	Q8VHG5;		
Q8VHH5	Q8VHH5;		
Q8VHH7	Q8VHH7;		ENSMUST00000020984.9;ENSMUST00000127756.8;
Q8VHH8	Q8VHH8;		ENSMUST00000037863.6;
Q8VHI3	Q8VHI3;		ENSMUST00000020493.9;
Q8VHI5	Q8VHI5;		ENSMUST00000024880.11 [Q8VHI5-1];
Q8VHI6	Q8VHI6;		ENSMUST00000016143.9;
Q8VHJ5	Q8VHJ5;		ENSMUST00000027929.10;
Q8VHJ7	Q8VHJ7;		ENSMUST00000063307.6 [Q8VHJ7-2];ENSMUST00000075299.13 [Q8VHJ7-1];
Q8VHK9	Q8VHK9;	6UP2;6UP3;6UP4;	ENSMUST00000029336.6;
Q8VHL0	Q8VHL0;		ENSMUST00000091813.12 [Q8VHL0-1];ENSMUST00000160292.8 [Q8VHL0-2];ENSMUST00000160639.2 [Q8VHL0-1];
Q8VHL1	Q8VHL1;		ENSMUST00000037141.9;
Q8VHN7			ENSMUST00000128585.9 [Q8VHN7-5];
Q8VHP6	Q8VHP6;		ENSMUST00000022337.11;
Q8VHQ2	Q8VHQ2;		ENSMUST00000045540.4;
Q8VHQ3	Q8VHQ3;		ENSMUST00000045503.11;ENSMUST00000052927.11;ENSMUST00000103116.10;
Q8VHQ9	Q8VHQ9;		ENSMUST00000102762.10;
Q8VHR0	Q8VHR0;		ENSMUST00000035931.13;
Q8VHS2	Q8VHS2;		ENSMUST00000059825.12 [Q8VHS2-1];ENSMUST00000196402.5 [Q8VHS2-3];
Q8VHW2	Q8VHW2;	7LDD;7LDE;7LEP;	
Q8VHX6			ENSMUST00000065090.8 [Q8VHX6-1];ENSMUST00000101617.9 [Q8VHX6-2];
Q8VHY0	Q8VHY0;		ENSMUST00000035661.7 [Q8VHY0-1];
Q8VI24	Q8VI24;		ENSMUST00000042857.14 [Q8VI24-2];ENSMUST00000114415.10 [Q8VI24-1];
Q8VI33	Q8VI33;		ENSMUST00000084721.8;ENSMUST00000167256.8;ENSMUST00000190594.2;
Q8VI36	Q8VI36;	5W93;6JMU;	ENSMUST00000067268.15 [Q8VI36-2];
Q8VI38	Q8VI38;		ENSMUST00000028172.2;ENSMUST00000163121.8;
Q8VI47	Q8VI47;		ENSMUST00000026208.6;
Q8VI56	Q8VI56;		ENSMUST00000028689.4 [Q8VI56-1];
Q8VI64	Q8VI64;		ENSMUST00000038154.12;
Q8VI67	Q8VI67;		ENSMUST00000078508.7;
Q8VI93	Q8VI93;		ENSMUST00000044833.9;
Q8VI95	Q8VI95;		ENSMUST00000044224.5;
Q8VIB5	Q8VIB5;		ENSMUST00000086795.8;
Q8VID5	Q8VID5;		ENSMUST00000021097.10;
Q8VIE5			
Q8VIE6	Q8VIE6;		ENSMUST00000037321.8;
Q8VIF2	Q8VIF2;		ENSMUST00000035715.8;
Q8VIG1	Q8VIG1;		ENSMUST00000080359.12 [Q8VIG1-1];ENSMUST00000113449.2 [Q8VIG1-1];
Q8VIG3	Q8VIG3;	7DMP;8WZB;8X2U;	ENSMUST00000024832.9 [Q8VIG3-1];
Q8VIG6	Q8VIG6;		ENSMUST00000049348.9 [Q8VIG6-1];
Q8VIH1	Q8VIH1;		ENSMUST00000031749.16;
Q8VII8	Q8VII8;		
Q8VIJ6	Q8VIJ6;		ENSMUST00000030623.8;
Q8VIK3	Q8VIK3;		ENSMUST00000037831.14 [Q8VIK3-1];ENSMUST00000161969.4 [Q8VIK3-2];
Q8VIK5	Q8VIK5;		ENSMUST00000079083.12 [Q8VIK5-1];ENSMUST00000172621.8 [Q8VIK5-1];ENSMUST00000174759.8 [Q8VIK5-1];
Q8VIM0	Q8VIM0;	3KAA;	ENSMUST00000020668.15 [Q8VIM0-1];
Q8VIM4	Q8VIM4;		ENSMUST00000054472.4;
Q8VIM5	Q8VIM5;		ENSMUST00000101042.9 [Q8VIM5-2];ENSMUST00000102635.10 [Q8VIM5-1];ENSMUST00000108695.9 [Q8VIM5-3];
Q8VIM6	Q8VIM6;		ENSMUST00000038389.15;
Q8WTY4	Q8WTY4;		ENSMUST00000034233.15;ENSMUST00000162538.9;
Q91UZ1		6IRD;	ENSMUST00000035646.11;ENSMUST00000110109.8;
Q91UZ4	Q91UZ4;		
Q91UZ5	Q91UZ5;		ENSMUST00000025403.8;
Q91V01	Q91V01;		ENSMUST00000004381.14;
Q91V08	Q91V08;	6E7D;	ENSMUST00000032260.6;
Q91V10	Q91V10;		ENSMUST00000046095.10;
Q91V12	Q91V12;	2Q2B;2V1O;4ZV3;6VFY;	ENSMUST00000030779.10 [Q91V12-1];ENSMUST00000075363.10 [Q91V12-4];ENSMUST00000105652.3 [Q91V12-3];
Q91V14	Q91V14;	7D14;	ENSMUST00000099092.8 [Q91V14-2];ENSMUST00000202623.4 [Q91V14-1];
Q91V17	Q91V17;		ENSMUST00000095176.12;ENSMUST00000168428.8;ENSMUST00000172856.8;ENSMUST00000173506.8;
Q91V24	Q91V24;		ENSMUST00000043866.8;ENSMUST00000132517.8;
Q91V27	Q91V27;	2ZET;4KP3;4LX2;	
Q91V41	Q91V41;		ENSMUST00000028238.15;
Q91V45	Q91V45;		ENSMUST00000045529.3;
Q91V51	Q91V51;		ENSMUST00000016897.12;ENSMUST00000109480.8;
Q91V57	Q91V57;		ENSMUST00000070579.7 [Q91V57-3];ENSMUST00000102677.11 [Q91V57-2];ENSMUST00000112024.10 [Q91V57-1];ENSMUST00000180045.8 [Q91V57-3];ENSMUST00000229731.2 [Q91V57-3];
Q91V79	Q91V79;		ENSMUST00000022826.7;
Q91V87	Q91V87;		ENSMUST00000013633.12 [Q91V87-1];ENSMUST00000112560.8 [Q91V87-2];
Q91V88	Q91V88;		ENSMUST00000042729.16 [Q91V88-2];ENSMUST00000042744.16 [Q91V88-1];ENSMUST00000093971.5 [Q91V88-4];ENSMUST00000117164.8 [Q91V88-3];
Q91V92	Q91V92;		ENSMUST00000007131.16;ENSMUST00000165111.8;
Q91V98	Q91V98;		ENSMUST00000070630.8;
Q91VA0	Q91VA0;		ENSMUST00000047929.13 [Q91VA0-1];
Q91VA1	Q91VA1;		ENSMUST00000007249.15;
Q91VA3	Q91VA3;		ENSMUST00000168514.7 [Q91VA3-2];
Q91VB2	Q91VB2;		ENSMUST00000016323.11;
Q91VC3	Q91VC3;		ENSMUST00000026667.15;
Q91VC9	Q91VC9;		ENSMUST00000042564.17;ENSMUST00000165649.4;
Q91VD9	Q91VD9;	6G2J;6G72;6ZR2;6ZTQ;7AK5;7AK6;7B93;7PSA;8C2S;8CA3;8CA4;8CA5;8IAO;8IAP;8IB4;8IB5;8IB9;8IBA;8IBD;8IBE;8IC2;8IC3;8OLT;8OM1;8PW5;8PW6;8PW7;8RGP;8RGQ;8RGR;8RGT;	ENSMUST00000027111.15;ENSMUST00000168099.9;
Q91VE0	Q91VE0;		ENSMUST00000080065.3;
Q91VE2	Q91VE2;		ENSMUST00000006104.10;
Q91VE3	Q91VE3;	5ZFH;5ZFI;6AHS;	ENSMUST00000032955.7;
Q91VF6	Q91VF6;		ENSMUST00000057497.13 [Q91VF6-1];ENSMUST00000111103.2 [Q91VF6-2];
Q91VH1	Q91VH1;		ENSMUST00000027727.15;ENSMUST00000112237.2;
Q91VH2	Q91VH2;	2ENM;	ENSMUST00000002436.11;
Q91VJ1	Q91VJ1;	2N00;4JBM;	ENSMUST00000147604.8;ENSMUST00000166137.3;
Q91VJ2	Q91VJ2;		ENSMUST00000047040.4;
Q91VJ4	Q91VJ4;		ENSMUST00000009138.13;ENSMUST00000119274.3;ENSMUST00000232836.2;
Q91VJ5	Q91VJ5;		ENSMUST00000033497.9;ENSMUST00000115654.8;ENSMUST00000115655.8;
Q91VK4	Q91VK4;		ENSMUST00000027425.16;
Q91VL8	Q91VL8;		ENSMUST00000052138.11;
Q91VL9	Q91VL9;		ENSMUST00000042779.4;
Q91VM4	Q91VM4;		ENSMUST00000045303.10 [Q91VM4-1];
Q91VM5	Q91VM5;		ENSMUST00000049245.10;ENSMUST00000211719.2;
Q91VN0	Q91VN0;		ENSMUST00000025856.17 [Q91VN0-1];
Q91VN1	Q91VN1;		ENSMUST00000066497.12;ENSMUST00000153337.2;
Q91VN6	Q91VN6;		ENSMUST00000021956.9;
Q91VR5	Q91VR5;		ENSMUST00000071103.10;
Q91VR7	Q91VR7;		ENSMUST00000029128.4;
Q91VR8	Q91VR8;		ENSMUST00000035725.7;
Q91VS8	Q91VS8;	4GYV;4GZU;6D2K;	ENSMUST00000120301.8;
Q91VT1	Q91VT1;		ENSMUST00000079703.11 [Q91VT1-1];ENSMUST00000168722.3 [Q91VT1-2];
Q91VT4	Q91VT4;		ENSMUST00000034058.14;
Q91VU0	Q91VU0;	5LC3;5LC4;	ENSMUST00000165576.8;
Q91VU6	Q91VU6;		ENSMUST00000072530.11 [Q91VU6-1];ENSMUST00000117236.8 [Q91VU6-1];ENSMUST00000121622.8 [Q91VU6-1];ENSMUST00000128490.9 [Q91VU6-1];
Q91VU7	Q91VU7;		ENSMUST00000119946.8 [Q91VU7-1];ENSMUST00000131992.8 [Q91VU7-1];ENSMUST00000148618.8 [Q91VU7-2];
Q91VW5	Q91VW5;		ENSMUST00000084820.6;
Q91VW9	Q91VW9;		
Q91VY2	Q91VY2;		
Q91VY5	Q91VY5;		ENSMUST00000025036.11 [Q91VY5-1];
Q91VZ6	Q91VZ6;		ENSMUST00000027339.14;
Q91W06	Q91W06;		
Q91W10	Q91W10;		ENSMUST00000029810.6 [Q91W10-1];ENSMUST00000081978.10 [Q91W10-1];ENSMUST00000167390.8 [Q91W10-1];ENSMUST00000180196.8 [Q91W10-1];
Q91W36	Q91W36;		ENSMUST00000127569.8;
Q91W40	Q91W40;		ENSMUST00000047170.10;ENSMUST00000108458.10;ENSMUST00000108459.9;
Q91W43	Q91W43;		ENSMUST00000025778.9;
Q91W86	Q91W86;		ENSMUST00000034644.10;
Q91W89	Q91W89;		ENSMUST00000160147.8;
Q91W90	Q91W90;		ENSMUST00000035988.16;
Q91W97	Q91W97;		ENSMUST00000020277.9;
Q91W98	Q91W98;		ENSMUST00000031367.15;
Q91WA1	Q91WA1;		ENSMUST00000034964.7;ENSMUST00000216594.2;
Q91WA3	Q91WA3;		ENSMUST00000041736.11;
Q91WA6	Q91WA6;	5Y3T;	ENSMUST00000023211.16 [Q91WA6-1];
Q91WA9	Q91WA9;		ENSMUST00000034648.16;ENSMUST00000161354.9;
Q91WB2	Q91WB2;		ENSMUST00000057423.6;
Q91WC0	Q91WC0;		ENSMUST00000071095.14 [Q91WC0-1];
Q91WC3	Q91WC3;		ENSMUST00000072178.11 [Q91WC3-1];ENSMUST00000093106.12 [Q91WC3-1];ENSMUST00000094194.10 [Q91WC3-1];ENSMUST00000108905.10 [Q91WC3-2];
Q91WC9	Q91WC9;		ENSMUST00000045593.12;
Q91WD0	Q91WD0;		ENSMUST00000005975.8 [Q91WD0-2];ENSMUST00000233568.2 [Q91WD0-1];
Q91WD2	Q91WD2;	2RFA;	ENSMUST00000031902.7;
Q91WD5	Q91WD5;	6G2J;6G72;6ZR2;6ZTQ;7AK5;7AK6;7B93;7PSA;8C2S;8CA3;8CA5;8IAO;8IAP;8IAQ;8IB4;8IB5;8IB6;8IB9;8IBA;8IBB;8IBD;8IBE;8IBF;8IC2;8IC3;8IC4;8OLT;8OM1;8PW5;8PW6;8PW7;8RGP;8RGQ;8RGR;8RGT;	ENSMUST00000013737.13;
Q91WD7	Q91WD7;		ENSMUST00000028527.8;
Q91WE6	Q91WE6;		ENSMUST00000006353.14 [Q91WE6-1];ENSMUST00000091674.12 [Q91WE6-5];ENSMUST00000137225.8 [Q91WE6-4];ENSMUST00000140278.8 [Q91WE6-2];
Q91WF0	Q91WF0;		ENSMUST00000069722.13 [Q91WF0-1];ENSMUST00000124200.8 [Q91WF0-2];
Q91WF3	Q91WF3;		ENSMUST00000002398.9;ENSMUST00000170223.9;
Q91WF7	Q91WF7;		ENSMUST00000043814.5;
Q91WG0	Q91WG0;	8AXC;	ENSMUST00000055052.6;
Q91WG1	Q91WG1;		ENSMUST00000003818.14;ENSMUST00000071064.13;ENSMUST00000159085.8;ENSMUST00000160968.8;
Q91WG5	Q91WG5;		ENSMUST00000030784.14 [Q91WG5-1];ENSMUST00000114975.8 [Q91WG5-2];
Q91WG7	Q91WG7;		ENSMUST00000089925.10;
Q91WG8	Q91WG8;		ENSMUST00000102936.9;
Q91WK2	Q91WK2;		ENSMUST00000022925.10;
Q91WK7	Q91WK7;		ENSMUST00000040676.11;
Q91WL5	Q91WL5;		ENSMUST00000084343.4;
Q91WL8	Q91WL8;		ENSMUST00000004756.14 [Q91WL8-1];ENSMUST00000109107.3 [Q91WL8-2];ENSMUST00000109108.9 [Q91WL8-4];ENSMUST00000160862.8 [Q91WL8-3];
Q91WM1	Q91WM1;		ENSMUST00000028279.10 [Q91WM1-1];ENSMUST00000072186.12 [Q91WM1-1];ENSMUST00000183690.8 [Q91WM1-2];
Q91WM6	Q91WM6;		ENSMUST00000042974.15;
Q91WN3	Q91WN3;		ENSMUST00000035890.8;
Q91WN4	Q91WN4;		ENSMUST00000040250.15 [Q91WN4-1];ENSMUST00000097458.4 [Q91WN4-2];
Q91WP0	Q91WP0;		ENSMUST00000052060.7 [Q91WP0-1];ENSMUST00000105701.9 [Q91WP0-2];
Q91WR5	Q91WR5;	2HE5;2HE8;2HEJ;2IPF;2IPG;2P5N;3CV6;3FJN;	ENSMUST00000021628.4;
Q91WS0	Q91WS0;		ENSMUST00000045887.9;
Q91WS2	Q91WS2;		ENSMUST00000183845.8 [Q91WS2-1];ENSMUST00000184560.2 [Q91WS2-3];
Q91WT8	Q91WT8;		ENSMUST00000094757.9 [Q91WT8-1];ENSMUST00000113724.6 [Q91WT8-1];ENSMUST00000113726.8 [Q91WT8-1];ENSMUST00000167950.8 [Q91WT8-1];ENSMUST00000200775.4 [Q91WT8-1];ENSMUST00000201544.4 [Q91WT8-1];
Q91WT9	Q91WT9;		ENSMUST00000067801.14 [Q91WT9-1];ENSMUST00000078509.12 [Q91WT9-2];ENSMUST00000118504.9 [Q91WT9-2];ENSMUST00000236853.2 [Q91WT9-1];
Q91WU0	Q91WU0;		ENSMUST00000034178.9 [Q91WU0-1];ENSMUST00000140026.2 [Q91WU0-2];
Q91WU2	Q91WU2;		
Q91WU6	Q91WU6;		ENSMUST00000034280.9;
Q91WV0	Q91WV0;		ENSMUST00000031190.5;
Q91WV7	Q91WV7;		ENSMUST00000024944.9;
Q91WW7	Q91WW7;		
Q91WZ8	Q91WZ8;		ENSMUST00000072329.15 [Q91WZ8-1];ENSMUST00000222583.2 [Q91WZ8-3];
Q91X17	Q91X17;		ENSMUST00000033263.6;ENSMUST00000209095.2;
Q91X20	Q91X20;		ENSMUST00000068892.15;
Q91X34	Q91X34;		ENSMUST00000043056.9;ENSMUST00000166036.2;
Q91X44	Q91X44;		ENSMUST00000072228.9 [Q91X44-1];ENSMUST00000201166.4 [Q91X44-2];
Q91X51	Q91X51;		ENSMUST00000035099.9;
Q91X52	Q91X52;		ENSMUST00000026144.5;
Q91X56	Q91X56;		ENSMUST00000122088.2;
Q91X58	Q91X58;	4XKH;	ENSMUST00000027394.12;ENSMUST00000160439.8;
Q91X72	Q91X72;		ENSMUST00000033185.10;
Q91X77	Q91X77;		ENSMUST00000068094.13 [Q91X77-2];ENSMUST00000080171.3 [Q91X77-1];
Q91X78	Q91X78;		ENSMUST00000071698.13;ENSMUST00000112028.10;ENSMUST00000170801.8;
Q91X79	Q91X79;		ENSMUST00000023775.9;
Q91X84	Q91X84;		ENSMUST00000122255.8 [Q91X84-1];
Q91X85	Q91X85;	8VZN;8VZO;	ENSMUST00000040461.4;
Q91X86	Q91X86;		ENSMUST00000040865.9;
Q91X88	Q91X88;		ENSMUST00000106494.3 [Q91X88-2];ENSMUST00000106496.8 [Q91X88-3];ENSMUST00000106498.8 [Q91X88-1];ENSMUST00000120083.8 [Q91X88-1];ENSMUST00000121052.8 [Q91X88-1];
Q91XA2	Q91XA2;		ENSMUST00000022039.7;ENSMUST00000095739.10;
Q91XA9	Q91XA9;	8FG5;8FG7;8FR9;8FRA;8FRB;8FRC;8FRD;8FRG;8GCA;	ENSMUST00000079132.12;
Q91XB0	Q91XB0;	2IOC;2O4G;2O4I;2OA8;3B6O;3B6P;3MXI;3MXJ;3MXM;3U3Y;3U6F;4YNQ;5YWS;5YWT;5YWU;5YWV;6W10;7U8Y;8HCC;8HCD;8HCE;8HCF;8HCG;8HCH;	ENSMUST00000061973.5;ENSMUST00000112053.2;
Q91XC0	Q91XC0;		ENSMUST00000054487.10;
Q91XD2	Q91XD2;		ENSMUST00000025254.9;
Q91XD4	Q91XD4;		ENSMUST00000001183.8;
Q91XD6	Q91XD6;	2DX5;	ENSMUST00000033866.9;
Q91XE4	Q91XE4;	3NFZ;3NH4;3NH5;3NH8;	ENSMUST00000054030.8;ENSMUST00000235612.2;ENSMUST00000236510.2;
Q91XE9	Q91XE9;		ENSMUST00000117422.2;
Q91XF4	Q91XF4;		ENSMUST00000037534.8;
Q91XL1			ENSMUST00000041357.9;
Q91XM9	Q91XM9;	2WL7;	ENSMUST00000107196.10 [Q91XM9-1];ENSMUST00000238619.2 [Q91XM9-4];
Q91XP5	Q91XP5;		ENSMUST00000000275.10;
Q91XQ0			ENSMUST00000170651.2 [Q91XQ0-1];ENSMUST00000235390.2 [Q91XQ0-1];ENSMUST00000236140.2 [Q91XQ0-1];
Q91XS1	Q91XS1;		ENSMUST00000092802.12 [Q91XS1-2];ENSMUST00000103179.10 [Q91XS1-1];ENSMUST00000119628.8 [Q91XS1-1];
Q91XU0	Q91XU0;		ENSMUST00000021832.7 [Q91XU0-1];
Q91XV3	Q91XV3;		ENSMUST00000058845.9;
Q91XW8	Q91XW8;		ENSMUST00000044972.11 [Q91XW8-3];ENSMUST00000201534.2 [Q91XW8-3];ENSMUST00000201784.4 [Q91XW8-1];ENSMUST00000201791.4 [Q91XW8-2];
Q91XZ2	Q91XZ2;	5DZY;	ENSMUST00000051163.3;
Q91XZ4	Q91XZ4;	5DZX;	ENSMUST00000061717.4;
Q91Y11	Q91Y11;		ENSMUST00000115659.6;
Q91Y13	Q91Y13;	5DZV;	ENSMUST00000192631.2;
Q91Y44	Q91Y44;	2WP1;2WP2;	ENSMUST00000031215.15 [Q91Y44-1];ENSMUST00000112677.10 [Q91Y44-2];
Q91Y57	Q91Y57;		ENSMUST00000032667.10;
Q91Y63	Q91Y63;		ENSMUST00000029208.15;
Q91Y74	Q91Y74;		ENSMUST00000034537.8;
Q91Y86	Q91Y86;		ENSMUST00000111945.9;
Q91Y97	Q91Y97;		ENSMUST00000029987.10;
Q91YA2	Q91YA2;		ENSMUST00000049699.9;
Q91YD1	Q91YD1;		ENSMUST00000062931.2;
Q91YD3	Q91YD3;		ENSMUST00000022535.9;ENSMUST00000225196.2;
Q91YD4	Q91YD4;		ENSMUST00000105401.9;
Q91YD9	Q91YD9;	3M3N;6UHC;	ENSMUST00000031695.15;
Q91YE2	Q91YE2;		ENSMUST00000080058.11;ENSMUST00000108382.2;
Q91YE3	Q91YE3;		ENSMUST00000034469.7;
Q91YE5	Q91YE5;		
Q91YE6	Q91YE6;		
Q91YE8	Q91YE8;		ENSMUST00000198584.2 [Q91YE8-1];
Q91YE9	Q91YE9;		ENSMUST00000002456.10 [Q91YE9-1];ENSMUST00000118657.8 [Q91YE9-2];
Q91YH5	Q91YH5;		ENSMUST00000025668.9 [Q91YH5-1];
Q91YH6	Q91YH6;		ENSMUST00000006431.8;
Q91YI0	Q91YI0;		ENSMUST00000159619.8;ENSMUST00000160129.8;ENSMUST00000161094.8;
Q91YI1	Q91YI1;		ENSMUST00000028678.9 [Q91YI1-1];ENSMUST00000076803.12 [Q91YI1-2];
Q91YI4	Q91YI4;		ENSMUST00000079056.9 [Q91YI4-2];ENSMUST00000102563.2 [Q91YI4-1];ENSMUST00000102564.11 [Q91YI4-1];ENSMUST00000108568.10 [Q91YI4-2];
Q91YI6	Q91YI6;	6LBJ;	ENSMUST00000048702.7 [Q91YI6-1];ENSMUST00000225868.2 [Q91YI6-2];
Q91YK2	Q91YK2;		ENSMUST00000081339.13;
Q91YL2	Q91YL2;	2ECT;	ENSMUST00000047203.9;
Q91YL7	Q91YL7;		ENSMUST00000031040.13 [Q91YL7-1];ENSMUST00000065543.8 [Q91YL7-2];
Q91YM2	Q91YM2;		ENSMUST00000075845.11;
Q91YN5	Q91YN5;	1VM8;	
Q91YN9	Q91YN9;	3CQX;3D0T;	ENSMUST00000044691.9;
Q91YP2	Q91YP2;		ENSMUST00000109315.5;
Q91YP6	Q91YP6;		ENSMUST00000070990.8 [Q91YP6-1];ENSMUST00000114069.8 [Q91YP6-1];ENSMUST00000141833.8 [Q91YP6-2];
Q91YQ1	Q91YQ1;		
Q91YQ5	Q91YQ5;		ENSMUST00000032143.8;
Q91YR1	Q91YR1;	1M4J;2D8B;2HD7;3DAW;6RSW;6YP9;7DS2;7DS4;7DS6;7DS8;7DSB;	ENSMUST00000023087.13;
Q91YR5	Q91YR5;		ENSMUST00000028017.16 [Q91YR5-3];
Q91YR9	Q91YR9;		ENSMUST00000030069.7;
Q91YS8	Q91YS8;		ENSMUST00000032409.15;
Q91YT0	Q91YT0;	6G2J;6G72;6ZR2;6ZTQ;7AK5;7AK6;7B93;7PSA;8C2S;8CA3;8CA4;8CA5;8IAO;8IAP;8IB4;8IB5;8IB9;8IBA;8IBD;8IBE;8IC2;8IC3;8OLT;8OM1;8PW5;8PW6;8PW7;8RGP;8RGQ;8RGR;8RGT;	ENSMUST00000042497.14;
Q91YT2	Q91YT2;		ENSMUST00000064364.3 [Q91YT2-2];ENSMUST00000077078.12 [Q91YT2-1];
Q91YT7	Q91YT7;		ENSMUST00000152796.8;
Q91YT8	Q91YT8;		ENSMUST00000027800.15;ENSMUST00000161523.8;
Q91YU6	Q91YU6;		ENSMUST00000039016.14;ENSMUST00000178087.3;ENSMUST00000179108.9;
Q91YU7			ENSMUST00000003687.8;
Q91YW3	Q91YW3;	3IEG;	ENSMUST00000022734.9;
Q91YX0	Q91YX0;		ENSMUST00000045154.6;
Q91YX5	Q91YX5;		ENSMUST00000110855.8;
Q91YY2	Q91YY2;		ENSMUST00000064272.10;ENSMUST00000111313.10;
Q91YY5	Q91YY5;		
Q91Z31	Q91Z31;		ENSMUST00000029780.12 [Q91Z31-2];ENSMUST00000200097.5 [Q91Z31-1];
Q91Z40	Q91Z40;		ENSMUST00000045097.11;ENSMUST00000171263.8;
Q91Z46	Q91Z46;		ENSMUST00000172306.3 [Q91Z46-1];
Q91Z67	Q91Z67;		ENSMUST00000097588.9;
Q91Z83	Q91Z83;	8Q6T;	ENSMUST00000102803.11;ENSMUST00000168485.8;
Q91Z92	Q91Z92;		ENSMUST00000052185.5;
Q91Z96	Q91Z96;		ENSMUST00000035635.10 [Q91Z96-1];ENSMUST00000112974.6 [Q91Z96-2];
Q91ZA3	Q91ZA3;		ENSMUST00000038374.13;
Q91ZA8	Q91ZA8;		ENSMUST00000104999.4 [Q91ZA8-1];
Q91ZB0	Q91ZB0;		ENSMUST00000035548.16;
Q91ZD1	Q91ZD1;	2EE8;	ENSMUST00000022952.6 [Q91ZD1-2];ENSMUST00000228152.2 [Q91ZD1-1];
Q91ZD4	Q91ZD4;		ENSMUST00000027837.13;ENSMUST00000111263.9;
Q91ZD6	Q91ZD6;		ENSMUST00000075946.12 [Q91ZD6-2];ENSMUST00000114825.3 [Q91ZD6-2];ENSMUST00000114829.9 [Q91ZD6-1];
Q91ZE0	Q91ZE0;		
Q91ZE5	Q91ZE5;		ENSMUST00000025004.7;
Q91ZE6			
Q91ZE9	Q91ZE9;	2VOG;	ENSMUST00000125860.3;
Q91ZF0	Q91ZF0;	1WJZ;	ENSMUST00000102555.11;
Q91ZF2	Q91ZF2;		ENSMUST00000021892.7;ENSMUST00000224986.2;
Q91ZH7	Q91ZH7;		ENSMUST00000117726.9 [Q91ZH7-2];ENSMUST00000117828.9 [Q91ZH7-1];
Q91ZI0			ENSMUST00000024238.11;
Q91ZI8		4TR3;4TR4;	ENSMUST00000173014.3;
Q91ZJ0	Q91ZJ0;	2KP7;	ENSMUST00000124334.8;
Q91ZJ5	Q91ZJ5;		ENSMUST00000060895.6 [Q91ZJ5-2];ENSMUST00000102875.11 [Q91ZJ5-1];
Q91ZJ9	Q91ZJ9;		ENSMUST00000010195.14 [Q91ZJ9-1];ENSMUST00000112387.9 [Q91ZJ9-2];
Q91ZK0	Q91ZK0;		ENSMUST00000037294.8;
Q91ZK4	Q91ZK4;		ENSMUST00000064806.13 [Q91ZK4-2];ENSMUST00000084338.7 [Q91ZK4-1];ENSMUST00000124071.9 [Q91ZK4-2];
Q91ZM2	Q91ZM2;	2HDV;2HDX;8ATK;	ENSMUST00000032978.8 [Q91ZM2-3];ENSMUST00000205340.2 [Q91ZM2-2];ENSMUST00000205440.2 [Q91ZM2-2];ENSMUST00000205497.2 [Q91ZM2-4];ENSMUST00000205733.2 [Q91ZM2-1];ENSMUST00000205889.2 [Q91ZM2-4];ENSMUST00000206664.2 [Q91ZM2-5];
Q91ZP3	Q91ZP3;	7KIH;7KIL;	
Q91ZP4	Q91ZP4;		ENSMUST00000120757.2;
Q91ZP6	Q91ZP6;		
Q91ZP9	Q91ZP9;		ENSMUST00000098363.10 [Q91ZP9-1];
Q91ZQ1	Q91ZQ1;		ENSMUST00000025956.13 [Q91ZQ1-1];ENSMUST00000112329.3 [Q91ZQ1-2];
Q91ZQ5	Q91ZQ5;		ENSMUST00000029824.9;ENSMUST00000196999.5;
Q91ZR1	Q91ZR1;		ENSMUST00000093040.13;
Q91ZR2	Q91ZR2;		
Q91ZR4	Q91ZR4;		ENSMUST00000017549.13;
Q91ZR5	Q91ZR5;	7EEB;	ENSMUST00000043380.5;
Q91ZS8	Q91ZS8;	2L2K;	ENSMUST00000020496.14 [Q91ZS8-2];ENSMUST00000098374.9 [Q91ZS8-1];ENSMUST00000105406.8 [Q91ZS8-1];
Q91ZT5	Q91ZT5;		ENSMUST00000161188.9 [Q91ZT5-2];ENSMUST00000161861.8 [Q91ZT5-1];ENSMUST00000162671.8 [Q91ZT5-1];
Q91ZU6		2IAK;	ENSMUST00000097785.10 [Q91ZU6-1];ENSMUST00000097786.10 [Q91ZU6-2];ENSMUST00000183302.6 [Q91ZU6-5];
Q91ZU9	Q91ZU9;		ENSMUST00000045085.8;
Q91ZV0	Q91ZV0;		
Q91ZV4	Q91ZV4;		ENSMUST00000012331.7;ENSMUST00000113524.8;
Q91ZV7	Q91ZV7;		ENSMUST00000017561.15 [Q91ZV7-1];ENSMUST00000107565.3 [Q91ZV7-2];
Q91ZV8	Q91ZV8;		ENSMUST00000033876.14;
Q91ZW2	Q91ZW2;	5KXH;5KXQ;5KY0;5KY2;5KY3;5KY4;5KY5;5KY7;5KY8;5KY9;	ENSMUST00000049863.12;
Q91ZW3	Q91ZW3;		ENSMUST00000043359.9;
Q91ZW8	Q91ZW8;		ENSMUST00000011445.8 [Q91ZW8-1];ENSMUST00000209176.2 [Q91ZW8-2];
Q91ZX1	Q91ZX1;		ENSMUST00000012847.3 [Q91ZX1-1];ENSMUST00000207979.2 [Q91ZX1-2];
Q91ZX6	Q91ZX6;		ENSMUST00000023561.8 [Q91ZX6-1];
Q91ZX7			
Q91ZZ2			ENSMUST00000102872.11;
Q91ZZ3	Q91ZZ3;		ENSMUST00000036825.14;ENSMUST00000134110.2;
Q91ZZ5	Q91ZZ5;		ENSMUST00000065745.10;
Q920A0	Q920A0;		ENSMUST00000124051.10;
Q920A7	Q920A7;		ENSMUST00000001520.13 [Q920A7-1];ENSMUST00000098320.6 [Q920A7-2];
Q920B0	Q920B0;		ENSMUST00000032146.14 [Q920B0-1];ENSMUST00000113355.9 [Q920B0-2];
Q920B9	Q920B9;		
Q920C1	Q920C1;		ENSMUST00000063029.13 [Q920C1-1];ENSMUST00000074660.12 [Q920C1-2];ENSMUST00000112878.9 [Q920C1-1];
Q920E3	Q920E3;		ENSMUST00000042299.4;
Q920E5	Q920E5;		ENSMUST00000081848.13;ENSMUST00000196709.5;
Q920F6	Q920F6;		ENSMUST00000023068.8;
Q920G3	Q920G3;		ENSMUST00000012798.14;ENSMUST00000122423.8;
Q920G8	Q920G8;		ENSMUST00000037064.5 [Q920G8-1];ENSMUST00000179116.3 [Q920G8-4];ENSMUST00000183695.8 [Q920G8-3];ENSMUST00000183840.8 [Q920G8-5];ENSMUST00000184816.8 [Q920G8-3];ENSMUST00000184914.2 [Q920G8-2];
Q920H1	Q920H1;		ENSMUST00000043803.13 [Q920H1-1];ENSMUST00000187157.7 [Q920H1-2];ENSMUST00000189750.2 [Q920H1-3];
Q920L1	Q920L1;		ENSMUST00000010807.6;
Q920L5	Q920L5;		ENSMUST00000071402.7;ENSMUST00000199910.5;
Q920N2	Q920N2;		ENSMUST00000099512.3;ENSMUST00000163193.9;
Q920N7	Q920N7;		ENSMUST00000059295.10;
Q920P3	Q920P3;		ENSMUST00000030036.6 [Q920P3-1];
Q920Q2	Q920Q2;	2LSG;2LSJ;4FJO;6C59;6C8C;	ENSMUST00000027251.12;
Q920Q4	Q920Q4;		
Q920Q6	Q920Q6;		ENSMUST00000092794.12 [Q920Q6-1];ENSMUST00000107909.8 [Q920Q6-2];
Q920Q8	Q920Q8;		ENSMUST00000023918.13 [Q920Q8-1];ENSMUST00000097543.8 [Q920Q8-4];ENSMUST00000111887.10 [Q920Q8-2];ENSMUST00000186745.2 [Q920Q8-2];
Q920R0	Q920R0;		ENSMUST00000027178.13 [Q920R0-1];ENSMUST00000163058.2 [Q920R0-1];
Q920R6	Q920R6;		ENSMUST00000040259.8;ENSMUST00000114908.5;
Q920V1	Q920V1;		ENSMUST00000061826.3;
Q921B4	Q921B4;		
Q921C3	Q921C3;		ENSMUST00000023631.17 [Q921C3-1];ENSMUST00000099502.9 [Q921C3-1];ENSMUST00000232755.2 [Q921C3-2];
Q921C5	Q921C5;		ENSMUST00000048544.14 [Q921C5-2];ENSMUST00000110085.11 [Q921C5-1];
Q921D4	Q921D4;	6W1S;8T1I;8T1L;	ENSMUST00000161211.8;
Q921D9	Q921D9;		ENSMUST00000085553.13 [Q921D9-1];
Q921E2	Q921E2;		ENSMUST00000070673.9;
Q921E6	Q921E6;	2QXV;	ENSMUST00000107234.3 [Q921E6-1];ENSMUST00000238981.2 [Q921E6-1];
Q921F2	Q921F2;	3D2W;	ENSMUST00000084125.10;
Q921G7	Q921G7;		ENSMUST00000029386.14;
Q921H8	Q921H8;		ENSMUST00000039784.12;
Q921I1	Q921I1;		ENSMUST00000035158.16;ENSMUST00000112645.8;
Q921J2	Q921J2;	4O25;4O2L;4O2R;	ENSMUST00000030787.9;
Q921J4	Q921J4;		ENSMUST00000079496.9;
Q921K2			ENSMUST00000027777.12;
Q921L3	Q921L3;		ENSMUST00000097473.10;ENSMUST00000195015.6;
Q921L8	Q921L8;		ENSMUST00000045737.14;ENSMUST00000114950.2;ENSMUST00000114952.8;
Q921M4	Q921M4;		ENSMUST00000113377.8 [Q921M4-1];
Q921M7	Q921M7;	7AJL;	ENSMUST00000063838.11;ENSMUST00000164532.3;ENSMUST00000228226.2;
Q921N6	Q921N6;		ENSMUST00000018143.16 [Q921N6-1];ENSMUST00000150571.2 [Q921N6-2];
Q921N8	Q921N8;		ENSMUST00000057884.6;ENSMUST00000072581.9;ENSMUST00000116358.8;
Q921Q6	Q921Q6;		
Q921Q7	Q921Q7;		ENSMUST00000225427.2;
Q921T1	Q921T1;		
Q921T2	Q921T2;		ENSMUST00000027738.14 [Q921T2-3];ENSMUST00000097527.10 [Q921T2-2];
Q921V5	Q921V5;		ENSMUST00000060579.10;
Q921W0	Q921W0;		ENSMUST00000000759.9;
Q922B1	Q922B1;		ENSMUST00000040261.7;
Q922B6	Q922B6;		
Q922D8	Q922D8;		ENSMUST00000021443.7;
Q922G0	Q922G0;		ENSMUST00000085206.11;
Q922G7	Q922G7;	8I7O;8I7R;8IYJ;8TO0;	ENSMUST00000030658.13;ENSMUST00000102616.8;
Q922H1	Q922H1;	1WIR;	ENSMUST00000032715.13;
Q922H4	Q922H4;		ENSMUST00000037796.14;ENSMUST00000113584.8;
Q922I5	Q922I5;		ENSMUST00000060271.3;
Q922J3	Q922J3;	2CP7;	ENSMUST00000111564.8 [Q922J3-2];ENSMUST00000111566.9 [Q922J3-1];
Q922J9	Q922J9;		ENSMUST00000033018.15 [Q922J9-1];ENSMUST00000067929.15 [Q922J9-3];ENSMUST00000164745.8 [Q922J9-1];
Q922K7	Q922K7;		
Q922K9	Q922K9;	2D8J;2DLY;	ENSMUST00000019913.15;ENSMUST00000170771.3;
Q922P8	Q922P8;		ENSMUST00000025645.14;
Q922P9	Q922P9;		ENSMUST00000023189.15;
Q922Q2	Q922Q2;		ENSMUST00000021866.10;
Q922R0	Q922R0;		ENSMUST00000036333.14;
Q922R5	Q922R5;		ENSMUST00000020755.12 [Q922R5-1];ENSMUST00000102856.9 [Q922R5-2];
Q922S4	Q922S4;	1MC0;	ENSMUST00000163751.10 [Q922S4-1];
Q922S8	Q922S8;	1V8J;1V8K;3EDL;5XJA;5XJB;	ENSMUST00000065896.9;
Q922U2	Q922U2;		ENSMUST00000023709.7;
Q922X9	Q922X9;	4C4A;6OGN;	ENSMUST00000071592.12;
Q922Y0	Q922Y0;		ENSMUST00000016670.9;
Q922Y1	Q922Y1;	1WHC;	ENSMUST00000166407.9;ENSMUST00000238036.2;
Q922Y2	Q922Y2;		ENSMUST00000107802.8;
Q922Z0	Q922Z0;		ENSMUST00000019977.8 [Q922Z0-1];ENSMUST00000216830.2 [Q922Z0-2];
Q923A8			ENSMUST00000037607.11;
Q923B3	Q923B3;		
Q923B6	Q923B6;		ENSMUST00000115421.3;
Q923D2	Q923D2;		ENSMUST00000037399.16;
Q923D5	Q923D5;		ENSMUST00000116514.4;
Q923E4	Q923E4;		ENSMUST00000020257.13 [Q923E4-1];ENSMUST00000120239.8 [Q923E4-1];ENSMUST00000177694.8 [Q923E4-2];
Q923I7	Q923I7;		ENSMUST00000118169.8;
Q923J1	Q923J1;	1IA9;1IAH;1IAJ;5ZX5;6BWD;6BWF;8SI2;8SI3;8SI4;8SI5;8SI6;8SI7;8SI8;8SIA;8SIB;8W2L;	ENSMUST00000103224.10;
Q923L3			ENSMUST00000082104.7 [Q923L3-1];
Q923S6	Q923S6;		ENSMUST00000111807.5 [Q923S6-2];ENSMUST00000111808.11 [Q923S6-1];ENSMUST00000235290.2 [Q923S6-3];
Q923T7	Q923T7;		ENSMUST00000109213.9 [Q923T7-2];
Q923T9	Q923T9;		ENSMUST00000071816.7 [Q923T9-1];ENSMUST00000080440.14 [Q923T9-2];ENSMUST00000100837.11 [Q923T9-3];
Q923U0	Q923U0;		ENSMUST00000020849.9 [Q923U0-1];ENSMUST00000107867.8 [Q923U0-2];ENSMUST00000107869.9 [Q923U0-3];
Q923W1	Q923W1;		ENSMUST00000052712.6;
Q923X1	Q923X1;		ENSMUST00000046977.12;
Q923X4	Q923X4;		ENSMUST00000111957.10 [Q923X4-2];ENSMUST00000129653.3 [Q923X4-2];ENSMUST00000145969.8 [Q923X4-2];ENSMUST00000185362.7 [Q923X4-1];
Q923Y8	Q923Y8;	8JLJ;8JLK;8WC3;8WC4;8WC5;8WC6;8WC7;8WC9;8WCB;8WCC;8ZSV;	ENSMUST00000051532.5;
Q923Z0	Q923Z0;		ENSMUST00000008878.10;
Q923Z4	Q923Z4;		ENSMUST00000061035.4;
Q924A0	Q924A0;		ENSMUST00000111646.8 [Q924A0-9];
Q924A2	Q924A2;		ENSMUST00000163320.8 [Q924A2-2];ENSMUST00000169266.8 [Q924A2-4];
Q924A4	Q924A4;		ENSMUST00000058610.8;
Q924C1	Q924C1;		ENSMUST00000087031.7 [Q924C1-1];
Q924C5	Q924C5;		ENSMUST00000107348.2;
Q924C6	Q924C6;		ENSMUST00000026190.14;ENSMUST00000171432.2;
Q924H5	Q924H5;		ENSMUST00000007790.11 [Q924H5-2];ENSMUST00000067692.13 [Q924H5-1];
Q924K8	Q924K8;	2CRG;	ENSMUST00000067826.15 [Q924K8-1];
Q924L1	Q924L1;		ENSMUST00000037001.10 [Q924L1-1];ENSMUST00000229648.2 [Q924L1-2];ENSMUST00000230294.2 [Q924L1-3];
Q924M7	Q924M7;		ENSMUST00000034856.15;
Q924N4	Q924N4;		ENSMUST00000028549.14 [Q924N4-1];ENSMUST00000053666.8 [Q924N4-2];
Q924N9	Q924N9;		
Q924S7	Q924S7;		ENSMUST00000093298.12;
Q924S8	Q924S8;		ENSMUST00000028829.13 [Q924S8-1];ENSMUST00000110901.2 [Q924S8-2];
Q924S9	Q924S9;		ENSMUST00000023660.9;
Q924T3	Q924T3;		
Q924T7	Q924T7;	5Y3T;	ENSMUST00000019443.15 [Q924T7-1];
Q924W5	Q924W5;		ENSMUST00000020931.6 [Q924W5-1];ENSMUST00000218866.2 [Q924W5-2];
Q924W6	Q924W6;	7EBJ;7EBK;	ENSMUST00000033339.8 [Q924W6-3];ENSMUST00000106741.10 [Q924W6-1];
Q924X1	Q924X1;		ENSMUST00000041516.9;
Q924X6	Q924X6;		ENSMUST00000143601.8 [Q924X6-1];ENSMUST00000238569.2 [Q924X6-1];
Q924X7	Q924X7;		ENSMUST00000090414.11;ENSMUST00000106745.9;ENSMUST00000121748.8;
Q924Z4	Q924Z4;		ENSMUST00000015858.12;
Q925B0	Q925B0;		ENSMUST00000095313.5 [Q925B0-1];ENSMUST00000218332.2 [Q925B0-2];
Q925D8	Q925D8;		ENSMUST00000030949.4;
Q925E7	Q925E7;		ENSMUST00000041097.13;
Q925F2	Q925F2;		ENSMUST00000002011.14;
Q925F3	Q925F3;		ENSMUST00000020971.14;ENSMUST00000062149.6;
Q925F4	Q925F4;		ENSMUST00000028761.5;
Q925G2	Q925G2;		ENSMUST00000028403.3 [Q925G2-1];
Q925H0	Q925H0;		ENSMUST00000021045.13 [Q925H0-2];ENSMUST00000066197.7 [Q925H0-1];
Q925H1	Q925H1;		
Q925H4	Q925H4;		
Q925I1	Q925I1;		ENSMUST00000030903.12 [Q925I1-1];
Q925I4	Q925I4;		ENSMUST00000030510.14;
Q925I7	Q925I7;		ENSMUST00000058692.9 [Q925I7-2];ENSMUST00000168039.8 [Q925I7-1];ENSMUST00000214892.2 [Q925I7-3];
Q925J9	Q925J9;	1XDK;8T1I;8T1L;	ENSMUST00000018304.7 [Q925J9-4];ENSMUST00000107545.9 [Q925J9-1];
Q925K9	Q925K9;	8IYJ;	ENSMUST00000050373.7;
Q925N4	Q925N4;		ENSMUST00000115302.2;ENSMUST00000161053.8;
Q925P2	Q925P2;		ENSMUST00000044547.10 [Q925P2-1];ENSMUST00000064862.13 [Q925P2-3];ENSMUST00000066503.14 [Q925P2-2];
Q925Q3	Q925Q3;		ENSMUST00000068326.14 [Q925Q3-1];ENSMUST00000076051.12 [Q925Q3-2];ENSMUST00000111890.9 [Q925Q3-3];
Q925S4	Q925S4;		
Q925T6	Q925T6;	1V5Q;	ENSMUST00000077871.14 [Q925T6-2];ENSMUST00000105261.9 [Q925T6-4];ENSMUST00000138410.8 [Q925T6-1];ENSMUST00000144825.8 [Q925T6-3];
Q925U4	Q925U4;		ENSMUST00000089162.5;
Q93092	Q93092;	2CWN;2E1D;	ENSMUST00000026576.5 [Q93092-1];
Q96DY5	Q96DY5;		ENSMUST00000054927.14 [Q96DY5-1];ENSMUST00000060255.14 [Q96DY5-3];ENSMUST00000102661.4 [Q96DY5-2];
Q96EQ9	Q96EQ9;	4C1Q;	ENSMUST00000147532.8 [Q96EQ9-4];ENSMUST00000167994.10 [Q96EQ9-1];
Q99020	Q99020;		ENSMUST00000074669.10;
Q99052	Q99052;		
Q99104	Q99104;	2IX7;3WB8;4KP3;4ZLK;6KU0;7YV9;8OF8;	ENSMUST00000123128.8;
Q99246	Q99246;		ENSMUST00000112250.6 [Q99246-4];ENSMUST00000224198.3 [Q99246-3];ENSMUST00000238504.2 [Q99246-2];
Q99J09	Q99J09;		ENSMUST00000010278.12;
Q99J21	Q99J21;	5WPQ;5WPT;5WPV;5YDZ;5YE1;5YE2;5YE5;7SQ6;7SQ7;7SQ8;7SQ9;9CBZ;9CC2;	ENSMUST00000004683.13 [Q99J21-1];
Q99J31	Q99J31;		ENSMUST00000033560.9;ENSMUST00000113826.8;
Q99J39	Q99J39;		ENSMUST00000098367.5 [Q99J39-1];
Q99J45	Q99J45;		ENSMUST00000031034.12;
Q99J47	Q99J47;		ENSMUST00000042281.14 [Q99J47-1];
Q99J56	Q99J56;		ENSMUST00000022993.7;
Q99J72	Q99J72;		ENSMUST00000175714.8 [Q99J72-1];ENSMUST00000175752.8 [Q99J72-4];ENSMUST00000176325.8 [Q99J72-2];ENSMUST00000177098.8 [Q99J72-3];
Q99J79	Q99J79;		ENSMUST00000028696.5;
Q99J83	Q99J83;		ENSMUST00000039286.5;
Q99J85	Q99J85;		
Q99J87	Q99J87;		ENSMUST00000017974.13;
Q99J93	Q99J93;		ENSMUST00000081649.10;
Q99J94	Q99J94;		ENSMUST00000111827.4;
Q99J95	Q99J95;		ENSMUST00000009699.16 [Q99J95-1];ENSMUST00000120105.8 [Q99J95-2];
Q99J99	Q99J99;	5WQJ;5WQK;	ENSMUST00000043865.8;ENSMUST00000167140.8;ENSMUST00000169133.8;ENSMUST00000229739.2;
Q99JA0	Q99JA0;		ENSMUST00000032906.11 [Q99JA0-1];
Q99JA4	Q99JA4;		ENSMUST00000064892.4 [Q99JA4-1];ENSMUST00000113480.2 [Q99JA4-1];
Q99JB0	Q99JB0;		ENSMUST00000114086.8;
Q99JB2	Q99JB2;		ENSMUST00000030169.15;
Q99JB4	Q99JB4;	5TZN;6E7D;	ENSMUST00000032472.11;
Q99JB6	Q99JB6;	4I1L;7TDW;7TDX;8SRO;8SRP;	ENSMUST00000045566.7;ENSMUST00000115738.8;ENSMUST00000115739.9;ENSMUST00000115740.9;ENSMUST00000234363.2;ENSMUST00000235116.2;
Q99JB7	Q99JB7;		ENSMUST00000021707.8;
Q99JB8	Q99JB8;	3M3W;3QE6;3SYV;	ENSMUST00000028694.12;ENSMUST00000059566.11;ENSMUST00000111349.9;ENSMUST00000168916.8;
Q99JF8	Q99JF8;		ENSMUST00000030207.15 [Q99JF8-1];ENSMUST00000107215.9 [Q99JF8-2];
Q99JG2	Q99JG2;		ENSMUST00000027682.9;
Q99JG7	Q99JG7;		ENSMUST00000087737.10;
Q99JH7	Q99JH7;		ENSMUST00000008297.5 [Q99JH7-1];ENSMUST00000238807.2 [Q99JH7-2];
Q99JH8	Q99JH8;		ENSMUST00000002855.14;
Q99JI1	Q99JI1;		ENSMUST00000040715.8;
Q99JI6	Q99JI6;		ENSMUST00000064667.9;
Q99JL1	Q99JL1;		ENSMUST00000028801.8;ENSMUST00000110218.9;
Q99JN2	Q99JN2;		ENSMUST00000120488.3 [Q99JN2-1];ENSMUST00000165790.9 [Q99JN2-1];
Q99JP0	Q99JP0;		ENSMUST00000025089.9;
Q99JP6	Q99JP6;		ENSMUST00000003669.8 [Q99JP6-2];ENSMUST00000110124.9 [Q99JP6-2];ENSMUST00000140212.8 [Q99JP6-1];
Q99JR1	Q99JR1;		ENSMUST00000021930.10;
Q99JR5	Q99JR5;		ENSMUST00000030560.9;ENSMUST00000105998.8;ENSMUST00000105999.9;
Q99JR6	Q99JR6;	5Z9R;	ENSMUST00000112935.8;
Q99JR8	Q99JR8;		ENSMUST00000021052.16 [Q99JR8-1];ENSMUST00000106843.8 [Q99JR8-2];
Q99JT2	Q99JT2;		ENSMUST00000033444.11;
Q99JT9	Q99JT9;	1VR3;5I8S;5I8T;5I8Y;5I91;5I93;	ENSMUST00000020957.13;
Q99JW4	Q99JW4;		
Q99JW5	Q99JW5;		ENSMUST00000053577.9;ENSMUST00000234623.2;
Q99JX3	Q99JX3;	5GMI;5GMJ;5GML;5H3J;	ENSMUST00000028509.11 [Q99JX3-1];
Q99JX7	Q99JX7;		ENSMUST00000010241.14;
Q99JY0	Q99JY0;		ENSMUST00000026841.15;ENSMUST00000114783.6;ENSMUST00000114786.8;
Q99JY1	Q99JY1;		
Q99JY3	Q99JY3;		ENSMUST00000067506.14 [Q99JY3-2];ENSMUST00000090070.6 [Q99JY3-1];
Q99JY8	Q99JY8;		ENSMUST00000064139.8;
Q99JY9	Q99JY9;	7AQK;	ENSMUST00000027579.17;ENSMUST00000178474.8;
Q99JZ7	Q99JZ7;		ENSMUST00000030811.2;ENSMUST00000073600.9;
Q99K10	Q99K10;	3B3Q;	ENSMUST00000075054.10 [Q99K10-1];ENSMUST00000193603.6 [Q99K10-1];
Q99K23	Q99K23;	3OQC;	ENSMUST00000034051.7;
Q99K24	Q99K24;		ENSMUST00000059551.7;ENSMUST00000117276.11;ENSMUST00000168076.2;
Q99K28	Q99K28;		ENSMUST00000028691.7 [Q99K28-2];ENSMUST00000080008.13 [Q99K28-1];
Q99K30	Q99K30;		ENSMUST00000026577.13 [Q99K30-1];
Q99K41	Q99K41;		ENSMUST00000031055.8;
Q99K48	Q99K48;	2CPJ;2RS8;	ENSMUST00000033673.7 [Q99K48-1];
Q99K67	Q99K67;		ENSMUST00000031707.14;
Q99K70	Q99K70;	5X6V;	ENSMUST00000030399.7 [Q99K70-1];ENSMUST00000155757.8 [Q99K70-2];
Q99K74	Q99K74;	6W1S;8T1I;8T1L;	ENSMUST00000017354.13 [Q99K74-1];
Q99K82	Q99K82;		ENSMUST00000028806.12 [Q99K82-1];ENSMUST00000110180.2 [Q99K82-8];ENSMUST00000110182.9 [Q99K82-10];ENSMUST00000110183.9 [Q99K82-5];ENSMUST00000110186.9 [Q99K82-2];ENSMUST00000110188.8 [Q99K82-6];ENSMUST00000110189.9 [Q99K82-7];ENSMUST00000183947.8 [Q99K82-4];
Q99K90	Q99K90;	3A9J;7E62;	ENSMUST00000146444.8;
Q99KB8	Q99KB8;		
Q99KD6		7O37;7O3C;7O3E;8PW5;	
Q99KG3	Q99KG3;		ENSMUST00000064911.7 [Q99KG3-1];ENSMUST00000082089.14 [Q99KG3-2];ENSMUST00000084383.10 [Q99KG3-2];ENSMUST00000115374.8 [Q99KG3-1];ENSMUST00000115375.8 [Q99KG3-3];ENSMUST00000177738.8 [Q99KG3-3];
Q99KG5	Q99KG5;		ENSMUST00000001279.15 [Q99KG5-1];ENSMUST00000098553.11 [Q99KG5-3];ENSMUST00000108116.10 [Q99KG5-2];ENSMUST00000205961.2 [Q99KG5-1];
Q99KG7	Q99KG7;		ENSMUST00000035279.4;ENSMUST00000112359.9;
Q99KH8	Q99KH8;		ENSMUST00000079817.8;
Q99KI0	Q99KI0;		ENSMUST00000023116.7;
Q99KJ0	Q99KJ0;		ENSMUST00000020962.12;ENSMUST00000142867.8;
Q99KJ8	Q99KJ8;		ENSMUST00000026479.11;
Q99KK2	Q99KK2;	1QWJ;3EWI;	
Q99KP6	Q99KP6;	8D5J;8D5K;	ENSMUST00000025642.14 [Q99KP6-1];ENSMUST00000179297.3 [Q99KP6-2];
Q99KQ4	Q99KQ4;	2GVL;2H3B;2H3D;7Q8T;	ENSMUST00000020886.9;
Q99KR6	Q99KR6;		ENSMUST00000031434.8;
Q99KR7	Q99KR7;		ENSMUST00000022419.7;
Q99KS2	Q99KS2;		ENSMUST00000117989.2 [Q99KS2-1];
Q99KU0	Q99KU0;		ENSMUST00000018315.10;
Q99KV1	Q99KV1;		ENSMUST00000004574.14;ENSMUST00000166487.10;ENSMUST00000178320.2;
Q99KW3	Q99KW3;		ENSMUST00000109689.9 [Q99KW3-4];ENSMUST00000109690.11 [Q99KW3-3];ENSMUST00000140228.8 [Q99KW3-5];
Q99KY4	Q99KY4;		
Q99L02	Q99L02;		ENSMUST00000200948.2;ENSMUST00000202798.2;
Q99L43	Q99L43;		ENSMUST00000103181.11;
Q99L45	Q99L45;		ENSMUST00000099173.11;
Q99L88	Q99L88;		ENSMUST00000039769.13 [Q99L88-1];ENSMUST00000110200.3 [Q99L88-2];
Q99L90	Q99L90;		ENSMUST00000041190.17;
Q99LB2	Q99LB2;		ENSMUST00000022821.8;
Q99LC3	Q99LC3;	6G2J;6G72;6ZR2;6ZTQ;7AK5;7AK6;7B93;7PSA;8C2S;8CA3;8CA5;8IAO;8IAQ;8IB4;8IB6;8IB9;8IBB;8IBD;8IBF;8IC2;8IC4;8OLT;8OM1;8PW5;8PW6;8PW7;8RGP;8RGQ;8RGR;8RGT;	ENSMUST00000027478.7;
Q99LE1	Q99LE1;	4KP3;	ENSMUST00000031347.8 [Q99LE1-1];
Q99LF1	Q99LF1;		ENSMUST00000102636.4;
Q99LF4	Q99LF4;		ENSMUST00000001834.4;
Q99LG0	Q99LG0;		ENSMUST00000026710.12;
Q99LG4	Q99LG4;	4ABN;	ENSMUST00000006451.8;
Q99LH2	Q99LH2;		ENSMUST00000021990.4;
Q99LI2	Q99LI2;		ENSMUST00000029483.15;ENSMUST00000106609.8;
Q99LI5	Q99LI5;		ENSMUST00000047734.15;ENSMUST00000112046.2;
Q99LI8	Q99LI8;		ENSMUST00000106205.9;
Q99LI9	Q99LI9;		ENSMUST00000028475.9;ENSMUST00000165219.9;
Q99LJ8	Q99LJ8;		ENSMUST00000023830.16;
Q99LM2	Q99LM2;		ENSMUST00000103152.11;
Q99LM3	Q99LM3;	2JV9;2K3S;	ENSMUST00000028471.6;
Q99LQ1	Q99LQ1;		ENSMUST00000021416.9;
Q99LQ4	Q99LQ4;		ENSMUST00000030395.9;
Q99LQ7	Q99LQ7;		ENSMUST00000006587.7;
Q99LR1	Q99LR1;		ENSMUST00000056149.15 [Q99LR1-1];
Q99LU0	Q99LU0;		ENSMUST00000210564.3;
Q99LX0	Q99LX0;		ENSMUST00000030805.14;ENSMUST00000105673.8;ENSMUST00000105674.8;ENSMUST00000105675.8;
Q99LY2	Q99LY2;		ENSMUST00000032944.9;
Q99M02	Q99M02;		ENSMUST00000172767.9;
Q99M04	Q99M04;		ENSMUST00000122026.6;
Q99M15	Q99M15;		ENSMUST00000114741.4;
Q99M51	Q99M51;		ENSMUST00000116522.8;
Q99M80	Q99M80;		ENSMUST00000109441.2 [Q99M80-2];ENSMUST00000109443.8 [Q99M80-3];ENSMUST00000109445.9 [Q99M80-4];
Q99M87	Q99M87;		ENSMUST00000060067.12 [Q99M87-1];ENSMUST00000115854.4 [Q99M87-2];ENSMUST00000229529.2 [Q99M87-3];
Q99MA9	Q99MA9;		ENSMUST00000044125.11;
Q99MB1	Q99MB1;	3CIG;3CIY;7C77;7DA7;7DAS;7WM4;	ENSMUST00000034056.12;ENSMUST00000167106.3;ENSMUST00000209772.2;
Q99MD6		2LV3;	
Q99MD9	Q99MD9;		ENSMUST00000081182.5 [Q99MD9-2];
Q99ME7	Q99ME7;		ENSMUST00000027859.12;
Q99ME9	Q99ME9;		ENSMUST00000222098.2;
Q99MH5	Q99MH5;	8WZB;8X2U;	ENSMUST00000079287.12 [Q99MH5-1];ENSMUST00000134875.8 [Q99MH5-2];
Q99MH6	Q99MH6;		ENSMUST00000034086.13;
Q99MI1	Q99MI1;		ENSMUST00000079582.5 [Q99MI1-4];ENSMUST00000184838.8 [Q99MI1-2];
Q99MI6	Q99MI6;		ENSMUST00000038811.10;ENSMUST00000204036.2;
Q99MJ6	Q99MJ6;		
Q99MK8	Q99MK8;		ENSMUST00000088737.11;
Q99MK9	Q99MK9;		ENSMUST00000010211.7 [Q99MK9-2];ENSMUST00000093786.9 [Q99MK9-1];
Q99ML0	Q99ML0;		ENSMUST00000010188.9;
Q99ML1	Q99ML1;	2ROC;2VOF;	ENSMUST00000002152.13;
Q99ML2	Q99ML2;		ENSMUST00000001626.10 [Q99ML2-1];ENSMUST00000108626.8 [Q99ML2-2];
Q99ML8	Q99ML8;		ENSMUST00000052724.5;
Q99ML9	Q99ML9;		ENSMUST00000034739.12 [Q99ML9-1];ENSMUST00000113595.2 [Q99ML9-1];ENSMUST00000215848.2 [Q99ML9-2];
Q99MN1	Q99MN1;		ENSMUST00000034426.14;
Q99MP8	Q99MP8;		ENSMUST00000031414.15 [Q99MP8-1];ENSMUST00000111765.8 [Q99MP8-2];
Q99MQ1	Q99MQ1;		ENSMUST00000131445.8 [Q99MQ1-2];ENSMUST00000143791.8 [Q99MQ1-1];
Q99MQ3	Q99MQ3;		ENSMUST00000030536.13;
Q99MQ4	Q99MQ4;		ENSMUST00000021820.14;ENSMUST00000177948.2;
Q99MR0	Q99MR0;		ENSMUST00000139395.8;
Q99MR6	Q99MR6;		ENSMUST00000197466.5 [Q99MR6-3];ENSMUST00000199243.5 [Q99MR6-4];
Q99MR8	Q99MR8;		ENSMUST00000029259.10;
Q99MS3	Q99MS3;		ENSMUST00000023360.14 [Q99MS3-1];ENSMUST00000124947.8 [Q99MS3-3];ENSMUST00000128757.8 [Q99MS3-2];
Q99MS4	Q99MS4;		
Q99MS7	Q99MS7;		
Q99MS8	Q99MS8;		ENSMUST00000239401.2;
Q99MT2	Q99MT2;		ENSMUST00000005630.11;
Q99MT6	Q99MT6;		ENSMUST00000029326.6;
Q99MU3	Q99MU3;		ENSMUST00000029563.14 [Q99MU3-2];ENSMUST00000098924.9 [Q99MU3-5];ENSMUST00000107405.6 [Q99MU3-1];ENSMUST00000118341.6 [Q99MU3-4];ENSMUST00000121094.8 [Q99MU3-3];
Q99MV1	Q99MV1;	4B9W;4B9X;	ENSMUST00000078723.11;ENSMUST00000111604.2;ENSMUST00000111606.8;ENSMUST00000121249.8;
Q99MV2	Q99MV2;		ENSMUST00000039088.9;
Q99MV5	Q99MV5;		
Q99MV7	Q99MV7;		ENSMUST00000095793.3 [Q99MV7-1];ENSMUST00000223627.2 [Q99MV7-4];
Q99MW1	Q99MW1;		ENSMUST00000024171.14;
Q99MY0	Q99MY0;		ENSMUST00000050658.6;
Q99MY8			ENSMUST00000090933.5;ENSMUST00000186583.7;
Q99MZ3	Q99MZ3;	4GNT;	ENSMUST00000005507.10 [Q99MZ3-1];ENSMUST00000128691.8 [Q99MZ3-4];ENSMUST00000129008.5 [Q99MZ3-5];ENSMUST00000153519.8 [Q99MZ3-3];
Q99N11	Q99N11;		ENSMUST00000091672.13 [Q99N11-1];ENSMUST00000095914.7 [Q99N11-2];
Q99N13	Q99N13;	1TQE;	
Q99N14	Q99N14;		ENSMUST00000021242.5;
Q99N16	Q99N16;		ENSMUST00000003574.5;
Q99N28	Q99N28;	5ZO2;	ENSMUST00000111220.8;
Q99N32	Q99N32;		ENSMUST00000031096.11 [Q99N32-1];
Q99N42	Q99N42;		ENSMUST00000023285.5;
Q99N43	Q99N43;		ENSMUST00000020662.15;
Q99N48	Q99N48;		ENSMUST00000097430.10 [Q99N48-1];
Q99N50	Q99N50;		ENSMUST00000107210.3 [Q99N50-5];ENSMUST00000107211.8 [Q99N50-4];ENSMUST00000190731.7 [Q99N50-1];ENSMUST00000190837.7 [Q99N50-3];
Q99N57	Q99N57;		ENSMUST00000000451.14 [Q99N57-1];ENSMUST00000112949.8 [Q99N57-1];
Q99N69	Q99N69;		ENSMUST00000025601.8;
Q99N80	Q99N80;		
Q99N99	Q99N99;		ENSMUST00000043458.9;
Q99NA2	Q99NA2;		ENSMUST00000042646.8;
Q99NB1	Q99NB1;		ENSMUST00000028944.4;
Q99NB8	Q99NB8;	2KNZ;	ENSMUST00000008748.8;
Q99NB9	Q99NB9;		
Q99NE5	Q99NE5;		
Q99NF1	Q99NF1;		ENSMUST00000119103.2;
Q99NF2	Q99NF2;		ENSMUST00000006646.15 [Q99NF2-2];ENSMUST00000100334.11 [Q99NF2-1];ENSMUST00000102931.11 [Q99NF2-3];
Q99NF3	Q99NF3;		ENSMUST00000031810.15 [Q99NF3-1];ENSMUST00000115130.3 [Q99NF3-2];
Q99NG0	Q99NG0;		
Q99NH0	Q99NH0;		ENSMUST00000014421.15 [Q99NH0-1];
Q99NH2	Q99NH2;	2KOH;2KOJ;	ENSMUST00000108752.10 [Q99NH2-5];ENSMUST00000160717.8 [Q99NH2-5];
Q99NH7	Q99NH7;		ENSMUST00000030878.8;
Q99NH8	Q99NH8;		ENSMUST00000024791.15 [Q99NH8-1];ENSMUST00000113237.4 [Q99NH8-2];
Q99P21	Q99P21;	7EF8;7EF9;7EFA;	ENSMUST00000102699.8;
Q99P30	Q99P30;		ENSMUST00000073521.12 [Q99P30-1];ENSMUST00000109109.8 [Q99P30-2];ENSMUST00000134593.2 [Q99P30-5];ENSMUST00000147605.8 [Q99P30-3];
Q99P47	Q99P47;		ENSMUST00000034225.7;
Q99P50	Q99P50;		ENSMUST00000057186.2;
Q99P58	Q99P58;	2IEY;2IEZ;2IF0;2ZET;	ENSMUST00000069749.9;ENSMUST00000117692.8;ENSMUST00000121693.8;
Q99P65	Q99P65;		ENSMUST00000117513.8;
Q99P68	Q99P68;	2KD3;	ENSMUST00000001534.7;
Q99P72	Q99P72;	2KO2;	ENSMUST00000060992.6 [Q99P72-1];ENSMUST00000078830.11 [Q99P72-5];ENSMUST00000102841.8 [Q99P72-3];ENSMUST00000102842.10 [Q99P72-4];ENSMUST00000102843.10 [Q99P72-2];ENSMUST00000170731.8 [Q99P72-5];
Q99P88	Q99P88;		ENSMUST00000163765.3;
Q99P91	Q99P91;		ENSMUST00000031840.10;
Q99PA5	Q99PA5;		
Q99PD7	Q99PD7;		ENSMUST00000110007.8;
Q99PE8	Q99PE8;		ENSMUST00000066175.10;
Q99PF4		2WBX;2WCP;2WD0;2WHV;3MVS;4APX;4AQ8;4AQA;4AQE;4AXW;4XXW;5I8D;5TFK;5TFL;5ULU;5UN2;5UZ8;5VH2;5VT8;5WJM;6N2E;7SKH;7SUU;7T3S;7T80;7U71;7UQU;8TRI;	ENSMUST00000105461.10 [Q99PF4-1];ENSMUST00000105463.9 [Q99PF4-2];
Q99PG0	Q99PG0;		ENSMUST00000029325.5;
Q99PH1	Q99PH1;		ENSMUST00000062304.7;
Q99PH4	Q99PH4;		
Q99PI5	Q99PI5;	7KIQ;	ENSMUST00000129635.8 [Q99PI5-1];ENSMUST00000156570.8 [Q99PI5-2];
Q99PI8	Q99PI8;	5O0K;5O0L;5O0M;5O0N;5O0O;5O0P;5O0Q;5O0R;7R86;	ENSMUST00000059589.6;
Q99PJ1	Q99PJ1;	4APX;4AQ8;4AQA;4AQE;4AXW;4XXW;5KJ4;5TPK;5W1D;6BWN;6C10;6C13;6C14;6CV7;6EET;6N22;8TON;	ENSMUST00000092420.13 [Q99PJ1-6];ENSMUST00000105424.10 [Q99PJ1-2];ENSMUST00000105426.10 [Q99PJ1-4];ENSMUST00000105429.10 [Q99PJ1-5];ENSMUST00000124046.8 [Q99PJ1-12];ENSMUST00000125006.9 [Q99PJ1-22];ENSMUST00000125055.9 [Q99PJ1-3];ENSMUST00000125517.9 [Q99PJ1-16];ENSMUST00000126920.9 [Q99PJ1-8];ENSMUST00000129404.9 [Q99PJ1-9];ENSMUST00000131321.9 [Q99PJ1-4];ENSMUST00000131724.9 [Q99PJ1-11];ENSMUST00000134009.9 [Q99PJ1-23];ENSMUST00000136096.9 [Q99PJ1-3];ENSMUST00000144302.9 [Q99PJ1-13];ENSMUST00000146682.8 [Q99PJ1-20];ENSMUST00000147189.9 [Q99PJ1-7];ENSMUST00000151116.9 [Q99PJ1-10];ENSMUST00000152655.9 [Q99PJ1-17];ENSMUST00000152819.9 [Q99PJ1-15];ENSMUST00000155701.9 [Q99PJ1-14];ENSMUST00000177107.8 [Q99PJ1-18];ENSMUST00000177420.7 [Q99PJ1-21];ENSMUST00000191709.6 [Q99PJ1-25];ENSMUST00000191854.6 [Q99PJ1-19];ENSMUST00000193361.6 [Q99PJ1-1];ENSMUST00000193739.6 [Q99PJ1-26];
Q99PJ2	Q99PJ2;		ENSMUST00000026008.9;
Q99PL5	Q99PL5;		ENSMUST00000037875.6 [Q99PL5-3];
Q99PL7	Q99PL7;		ENSMUST00000026220.7 [Q99PL7-1];ENSMUST00000237324.2 [Q99PL7-2];
Q99PL8	Q99PL8;		ENSMUST00000045560.15;ENSMUST00000164473.2;
Q99PM3	Q99PM3;		ENSMUST00000021345.14;
Q99PN0	Q99PN0;		
Q99PN3	Q99PN3;		ENSMUST00000053434.15 [Q99PN3-1];ENSMUST00000123715.8 [Q99PN3-2];ENSMUST00000130367.8 [Q99PN3-1];
Q99PP2	Q99PP2;		ENSMUST00000113481.9 [Q99PP2-1];ENSMUST00000138127.8 [Q99PP2-2];
Q99PP6	Q99PP6;		ENSMUST00000060315.12 [Q99PP6-1];ENSMUST00000106848.8 [Q99PP6-1];ENSMUST00000106849.9 [Q99PP6-1];
Q99PP7	Q99PP7;		
Q99PQ2	Q99PQ2;		ENSMUST00000093061.7 [Q99PQ2-1];ENSMUST00000108810.10 [Q99PQ2-2];
Q99PT1	Q99PT1;	4F38;	ENSMUST00000067936.6;ENSMUST00000106197.10;
Q99PT3	Q99PT3;		
Q99PT9	Q99PT9;	5GSY;5GSZ;	ENSMUST00000084368.12;
Q99PU5	Q99PU5;		ENSMUST00000034822.12;
Q99PU7	Q99PU7;		ENSMUST00000022458.11;
Q99PU8	Q99PU8;		ENSMUST00000062368.13 [Q99PU8-3];ENSMUST00000111991.9 [Q99PU8-2];ENSMUST00000165596.8 [Q99PU8-1];ENSMUST00000197928.5 [Q99PU8-2];ENSMUST00000198425.5 [Q99PU8-1];ENSMUST00000199529.5 [Q99PU8-2];ENSMUST00000200066.5 [Q99PU8-2];
Q99PV0	Q99PV0;		ENSMUST00000018449.11;ENSMUST00000102510.8;
Q99PV5	Q99PV5;		ENSMUST00000032386.11;
Q99PV8	Q99PV8;		ENSMUST00000066060.11 [Q99PV8-1];ENSMUST00000109891.3 [Q99PV8-2];
Q99PW4	Q99PW4;		
Q99PW8	Q99PW8;		ENSMUST00000030539.10;
Q9BCZ4			ENSMUST00000101801.8;
Q9CPN8	Q9CPN8;	7VKL;7VSJ;7YEW;7YEX;7YEY;	ENSMUST00000031838.9;
Q9CPP6	Q9CPP6;	6G2J;6G72;6ZR2;6ZTQ;7AK5;7AK6;7B93;7PSA;8C2S;8CA3;8CA5;8IAO;8IAP;8IB4;8IB5;8IB9;8IBA;8IBD;8IBE;8IC2;8IC3;8OLT;8OM1;8PW5;8PW6;8PW7;8RGP;8RGQ;8RGR;8RGT;	ENSMUST00000023851.9;
Q9CPQ1	Q9CPQ1;	7O37;7O3C;7O3E;8PW5;8PW6;8PW7;	ENSMUST00000014457.15;ENSMUST00000153512.2;ENSMUST00000156915.3;
Q9CPR4	Q9CPR4;	6SWA;7CPU;7CPV;7LS1;7LS2;	ENSMUST00000079716.6;ENSMUST00000237431.2;
Q9CPR8	Q9CPR8;		ENSMUST00000094331.5;
Q9CPT4	Q9CPT4;		ENSMUST00000019723.8;
Q9CPU0	Q9CPU0;	2ZA0;4KYH;4KYK;4OPN;4PV5;4X2A;6L0U;	ENSMUST00000167624.2;ENSMUST00000235547.2;ENSMUST00000236335.2;
Q9CPU9	Q9CPU9;		ENSMUST00000084530.9;
Q9CPV0	Q9CPV0;		ENSMUST00000075980.12 [Q9CPV0-1];ENSMUST00000094081.5 [Q9CPV0-2];
Q9CPV1	Q9CPV1;		ENSMUST00000040188.16;ENSMUST00000177604.2;
Q9CPV7	Q9CPV7;		ENSMUST00000076891.7 [Q9CPV7-1];ENSMUST00000224291.2 [Q9CPV7-4];ENSMUST00000224897.2 [Q9CPV7-1];ENSMUST00000225495.2 [Q9CPV7-2];ENSMUST00000225963.2 [Q9CPV7-3];ENSMUST00000226103.2 [Q9CPV7-1];
Q9CPV9	Q9CPV9;		ENSMUST00000050360.14;ENSMUST00000170388.6;ENSMUST00000196583.5;ENSMUST00000199609.2;
Q9CPW0	Q9CPW0;		ENSMUST00000060839.8 [Q9CPW0-2];ENSMUST00000199100.5 [Q9CPW0-2];
Q9CPX5	Q9CPX5;		ENSMUST00000025929.12 [Q9CPX5-1];ENSMUST00000239394.2 [Q9CPX5-4];
Q9CPX6	Q9CPX6;		ENSMUST00000023343.4;
Q9CPX8	Q9CPX8;	7O37;7O3C;7O3H;8IAO;8IAR;8IB4;8IB7;8IB9;8IBC;8IBD;8IBG;8IC2;8IC5;8PW5;8PW6;8PW7;	ENSMUST00000020372.6;
Q9CPY3	Q9CPY3;		ENSMUST00000025704.3 [Q9CPY3-1];
Q9CPY4	Q9CPY4;		ENSMUST00000025779.11;
Q9CPY7	Q9CPY7;		ENSMUST00000046122.11 [Q9CPY7-1];
Q9CPZ6	Q9CPZ6;		ENSMUST00000052919.8;
Q9CQ10	Q9CQ10;		ENSMUST00000059462.12;ENSMUST00000065364.5;
Q9CQ19	Q9CQ19;		ENSMUST00000088552.7;
Q9CQ20	Q9CQ20;		ENSMUST00000008179.7;ENSMUST00000115524.8;
Q9CQ22	Q9CQ22;		ENSMUST00000033131.12;
Q9CQ26	Q9CQ26;		ENSMUST00000068054.9;ENSMUST00000206400.2;ENSMUST00000206592.2;
Q9CQ33	Q9CQ33;		ENSMUST00000023444.11 [Q9CQ33-1];
Q9CQ37	Q9CQ37;		ENSMUST00000027687.8;
Q9CQ43	Q9CQ43;		ENSMUST00000051605.9 [Q9CQ43-1];ENSMUST00000082122.14 [Q9CQ43-2];
Q9CQ45	Q9CQ45;		ENSMUST00000046770.10;
Q9CQ49	Q9CQ49;		ENSMUST00000023460.7;
Q9CQ69	Q9CQ69;	7O37;7O3C;7O3E;7O3H;8IAO;8IAR;8IB4;8IB7;8IB9;8IBC;8IBD;8IBG;8IC2;8IC5;8PW5;8PW6;8PW7;	ENSMUST00000061326.5;ENSMUST00000109021.4;
Q9CQ70	Q9CQ70;		ENSMUST00000105001.4;
Q9CQ73	Q9CQ73;		ENSMUST00000039408.3;
Q9CQ75	Q9CQ75;	6G2J;6G72;6ZR2;6ZTQ;7AK5;7AK6;7B93;7PSA;8C2S;8CA3;8CA4;8CA5;8IAO;8IAP;8IB4;8IB5;8IB9;8IBA;8IBD;8IBE;8IC2;8IC3;8OLT;8OM1;8PW5;8PW6;8PW7;8RGP;8RGQ;8RGR;8RGT;	ENSMUST00000014438.5;
Q9CQ76	Q9CQ76;		ENSMUST00000067085.7;
Q9CQ82	Q9CQ82;		ENSMUST00000146258.2 [Q9CQ82-1];
Q9CQ92	Q9CQ92;	1IYG;	ENSMUST00000019198.7;
Q9CQA3	Q9CQA3;		ENSMUST00000010007.9;
Q9CQB5	Q9CQB5;		ENSMUST00000029815.8;
Q9CQC8	Q9CQC8;		ENSMUST00000034955.8 [Q9CQC8-1];
Q9CQC9	Q9CQC9;		ENSMUST00000020653.6;
Q9CQD1	Q9CQD1;		ENSMUST00000017975.7;
Q9CQD4	Q9CQD4;		ENSMUST00000120722.2;
Q9CQD6	Q9CQD6;		ENSMUST00000048485.7;
Q9CQF3	Q9CQF3;		ENSMUST00000034204.11;
Q9CQF9	Q9CQF9;		ENSMUST00000032065.15;
Q9CQG2	Q9CQG2;		ENSMUST00000141755.8 [Q9CQG2-1];
Q9CQG9	Q9CQG9;		ENSMUST00000092788.4;
Q9CQI9	Q9CQI9;	6W1S;8T1I;8T1L;	ENSMUST00000037115.9;
Q9CQJ0	Q9CQJ0;		ENSMUST00000029794.11 [Q9CQJ0-1];
Q9CQJ2	Q9CQJ2;	4CKT;4CSE;4CV4;	ENSMUST00000085375.13;ENSMUST00000107811.4;ENSMUST00000210139.2;
Q9CQJ4	Q9CQJ4;	2CKL;	ENSMUST00000076110.11;ENSMUST00000187048.7;
Q9CQJ7	Q9CQJ7;		ENSMUST00000020685.10 [Q9CQJ7-2];ENSMUST00000020687.15 [Q9CQJ7-1];ENSMUST00000101340.11 [Q9CQJ7-1];ENSMUST00000117446.8 [Q9CQJ7-2];ENSMUST00000118368.8 [Q9CQJ7-1];ENSMUST00000121638.8 [Q9CQJ7-1];
Q9CQK7	Q9CQK7;		ENSMUST00000019917.6;
Q9CQK8	Q9CQK8;		ENSMUST00000071805.4;ENSMUST00000074449.7;ENSMUST00000090871.3;ENSMUST00000090872.7;ENSMUST00000193337.2;
Q9CQM9	Q9CQM9;	1WIK;	ENSMUST00000064404.8;
Q9CQN4	Q9CQN4;		ENSMUST00000041407.7;
Q9CQP2	Q9CQP2;	1H3Q;2J3W;	ENSMUST00000112194.2;ENSMUST00000116495.8;
Q9CQP8	Q9CQP8;	7EEB;	ENSMUST00000057716.6;
Q9CQR4	Q9CQR4;	2CY9;	ENSMUST00000006900.7;
Q9CQR6	Q9CQR6;		ENSMUST00000028087.6;
Q9CQR7	Q9CQR7;		ENSMUST00000043898.8;ENSMUST00000207747.2;
Q9CQS4	Q9CQS4;		ENSMUST00000060396.7;
Q9CQS5	Q9CQS5;		ENSMUST00000024620.8;
Q9CQT7	Q9CQT7;	2WP7;	ENSMUST00000152227.8;
Q9CQV4	Q9CQV4;		ENSMUST00000017946.6 [Q9CQV4-1];ENSMUST00000107295.10 [Q9CQV4-2];
Q9CQV6	Q9CQV6;	5WRD;5YIQ;5YIS;	ENSMUST00000034270.17;
Q9CQV7	Q9CQV7;		ENSMUST00000108195.10 [Q9CQV7-1];ENSMUST00000117223.4 [Q9CQV7-3];
Q9CQV8	Q9CQV8;	4GNT;5F74;5WFU;5WFX;	ENSMUST00000018470.10 [Q9CQV8-1];
Q9CQW1	Q9CQW1;		ENSMUST00000002818.9;
Q9CQW2	Q9CQW2;		ENSMUST00000032196.9;
Q9CQW7	Q9CQW7;		ENSMUST00000040519.12 [Q9CQW7-1];ENSMUST00000163220.10 [Q9CQW7-2];
Q9CQW9	Q9CQW9;		ENSMUST00000026565.7;
Q9CQY1	Q9CQY1;		ENSMUST00000035648.6;
Q9CQY6	Q9CQY6;		ENSMUST00000025045.15;
Q9CR14	Q9CR14;		ENSMUST00000004120.9 [Q9CR14-1];ENSMUST00000109509.8 [Q9CR14-2];
Q9CR16	Q9CR16;		ENSMUST00000029382.13;
Q9CR21	Q9CR21;	6G2J;6G72;6ZR2;6ZTQ;7AK5;7AK6;7B93;7PSA;8C2S;8CA3;8CA5;8IAO;8IAP;8IAQ;8IB4;8IB5;8IB6;8IB9;8IBA;8IBB;8IBD;8IBE;8IBF;8IC2;8IC3;8IC4;8OLT;8OM1;8PW5;8PW6;8PW7;8RGP;8RGQ;8RGR;8RGT;	ENSMUST00000033157.10;ENSMUST00000123296.8;
Q9CR23	Q9CR23;		ENSMUST00000063719.15;ENSMUST00000117950.2;ENSMUST00000165125.8;
Q9CR24	Q9CR24;		ENSMUST00000025802.10;ENSMUST00000155405.8;
Q9CR42	Q9CR42;		ENSMUST00000237142.2;
Q9CR50	Q9CR50;	2DKT;2ECM;	ENSMUST00000031345.15;
Q9CR51	Q9CR51;		ENSMUST00000035301.7;
Q9CR53	Q9CR53;		ENSMUST00000026817.11;
Q9CR57	Q9CR57;	6SWA;7CPU;7CPV;7LS1;7LS2;	ENSMUST00000165532.3;
Q9CR58	Q9CR58;		ENSMUST00000022580.8;
Q9CR61	Q9CR61;	6G2J;6G72;6ZR2;6ZTQ;7AK5;7AK6;7B93;7PSA;8C2S;8CA3;8CA5;8IAO;8IAQ;8IB4;8IB6;8IB9;8IBB;8IBD;8IBF;8IC2;8IC4;8OLT;8OM1;8PW5;8PW6;8PW7;8RGP;8RGQ;8RGR;8RGT;	ENSMUST00000036996.6;
Q9CR62	Q9CR62;		ENSMUST00000014750.15;
Q9CR68	Q9CR68;	7O37;8IAO;8IAR;8IB4;8IB7;8IB9;8IBC;8IBD;8IBG;8IC2;8IC5;8PW5;8PW6;8PW7;	ENSMUST00000042834.4;
Q9CR75	Q9CR75;		ENSMUST00000024698.10;
Q9CR84	Q9CR84;		ENSMUST00000090541.12;ENSMUST00000107684.2;ENSMUST00000107686.8;
Q9CR95	Q9CR95;	1TQZ;	ENSMUST00000032477.6;
Q9CRA5	Q9CRA5;		ENSMUST00000059680.7 [Q9CRA5-1];ENSMUST00000226517.2 [Q9CRA5-2];
Q9CRB3	Q9CRB3;		ENSMUST00000026554.11;ENSMUST00000185612.3;ENSMUST00000211372.2;
Q9CRB9	Q9CRB9;		ENSMUST00000066379.11;
Q9CRC0	Q9CRC0;		ENSMUST00000033074.8;
Q9CRD0	Q9CRD0;		ENSMUST00000031038.11 [Q9CRD0-1];ENSMUST00000071081.13 [Q9CRD0-3];ENSMUST00000166823.5 [Q9CRD0-3];ENSMUST00000200935.4 [Q9CRD0-2];ENSMUST00000202250.4 [Q9CRD0-3];
Q9CRY7	Q9CRY7;		ENSMUST00000020804.8;
Q9CRZ8	Q9CRZ8;		ENSMUST00000024794.12;
Q9CS42	Q9CS42;		ENSMUST00000026839.5;
Q9CS84	Q9CS84;	3BOD;3MW2;6PNP;6PNQ;	ENSMUST00000054059.15 [Q9CS84-3];ENSMUST00000072671.14 [Q9CS84-4];ENSMUST00000160844.10 [Q9CS84-2];ENSMUST00000161402.10 [Q9CS84-1];ENSMUST00000174331.8 [Q9CS84-5];ENSMUST00000197268.5 [Q9CS84-6];
Q9CSH3	Q9CSH3;		ENSMUST00000042471.11;
Q9CSN1	Q9CSN1;		
Q9CTA9	Q9CTA9;		
Q9CTG6	Q9CTG6;		ENSMUST00000037055.14;
Q9CTN5	Q9CTN5;		ENSMUST00000044000.12 [Q9CTN5-1];ENSMUST00000131033.8 [Q9CTN5-2];
Q9CTW2	Q9CTW2;		
Q9CTY5	Q9CTY5;		ENSMUST00000068999.14;
Q9CU62	Q9CU62;	2WD5;7DG5;	ENSMUST00000045312.6;
Q9CUN6	Q9CUN6;		ENSMUST00000085684.11;
Q9CUS9	Q9CUS9;		ENSMUST00000031530.9;
Q9CUU3	Q9CUU3;	5IWZ;	ENSMUST00000081134.10;
Q9CV60	Q9CV60;		ENSMUST00000020090.8;
Q9CVB6	Q9CVB6;	7AQK;	ENSMUST00000006467.14;ENSMUST00000113820.9;
Q9CVD2	Q9CVD2;		ENSMUST00000021606.12;
Q9CW03	Q9CW03;	2WD5;7DG5;	ENSMUST00000025930.10;
Q9CW42	Q9CW42;		ENSMUST00000048462.13;
Q9CW73	Q9CW73;		ENSMUST00000115269.9 [Q9CW73-2];ENSMUST00000159799.8 [Q9CW73-2];ENSMUST00000160899.8 [Q9CW73-2];ENSMUST00000161115.8 [Q9CW73-1];ENSMUST00000161431.3 [Q9CW73-1];
Q9CWE6	Q9CWE6;	8H93;8H94;8H95;8H96;8XI3;	ENSMUST00000034900.8;
Q9CWF2	Q9CWF2;		ENSMUST00000075774.5;
Q9CWF6	Q9CWF6;		ENSMUST00000034206.6;
Q9CWG8	Q9CWG8;		ENSMUST00000024887.6 [Q9CWG8-1];ENSMUST00000233068.2 [Q9CWG8-2];
Q9CWG9	Q9CWG9;		ENSMUST00000079033.6;
Q9CWH0	Q9CWH0;		ENSMUST00000097175.5;ENSMUST00000232448.2;
Q9CWH4	Q9CWH4;	6HFG;6NXF;7QWV;	ENSMUST00000098674.6;
Q9CWH6	Q9CWH6;		ENSMUST00000040860.3;
Q9CWI3	Q9CWI3;		ENSMUST00000033282.5;
Q9CWJ9	Q9CWJ9;		ENSMUST00000027384.6;
Q9CWK8	Q9CWK8;		ENSMUST00000037850.7;
Q9CWL2	Q9CWL2;		ENSMUST00000094464.10 [Q9CWL2-2];
Q9CWP4	Q9CWP4;		ENSMUST00000060301.6;ENSMUST00000168815.8;
Q9CWR0	Q9CWR0;		
Q9CWR2	Q9CWR2;		ENSMUST00000128302.8;
Q9CWR8	Q9CWR8;		ENSMUST00000000746.12;ENSMUST00000138785.8;ENSMUST00000151242.8;
Q9CWS0	Q9CWS0;		ENSMUST00000029845.15;
Q9CWS1	Q9CWS1;		ENSMUST00000017839.3 [Q9CWS1-1];
Q9CWT2	Q9CWT2;		ENSMUST00000116527.2;
Q9CWT3	Q9CWT3;		ENSMUST00000049152.15;ENSMUST00000114439.8;ENSMUST00000179365.8;
Q9CWU0	Q9CWU0;		ENSMUST00000032701.14 [Q9CWU0-2];
Q9CWU2	Q9CWU2;		ENSMUST00000118927.8;
Q9CWU5	Q9CWU5;	3V69;	ENSMUST00000034737.13 [Q9CWU5-1];ENSMUST00000167514.2 [Q9CWU5-3];ENSMUST00000173734.9 [Q9CWU5-2];
Q9CWV1	Q9CWV1;		ENSMUST00000028831.15 [Q9CWV1-1];ENSMUST00000066559.6 [Q9CWV1-2];
Q9CWV6	Q9CWV6;		ENSMUST00000151786.8;
Q9CWW7	Q9CWW7;		ENSMUST00000025444.8;
Q9CWY3	Q9CWY3;		ENSMUST00000034096.6;
Q9CWY8	Q9CWY8;	3KIO;3P5J;	ENSMUST00000109736.9;ENSMUST00000109738.10;ENSMUST00000147812.8;
Q9CWZ3	Q9CWZ3;		ENSMUST00000048915.11 [Q9CWZ3-2];ENSMUST00000196456.5 [Q9CWZ3-1];
Q9CX30	Q9CX30;		ENSMUST00000032809.10 [Q9CX30-1];ENSMUST00000108238.8 [Q9CX30-2];
Q9CX34	Q9CX34;		ENSMUST00000054908.10;
Q9CX47	Q9CX47;		ENSMUST00000030773.12;
Q9CX60	Q9CX60;		ENSMUST00000024857.14;
Q9CX80	Q9CX80;		ENSMUST00000021166.6;
Q9CX86	Q9CX86;		ENSMUST00000007980.7;
Q9CX92	Q9CX92;		ENSMUST00000020016.5;
Q9CXB2	Q9CXB2;		ENSMUST00000031263.2;
Q9CXB8	Q9CXB8;		
Q9CXC9	Q9CXC9;		ENSMUST00000079601.13;
Q9CXF0	Q9CXF0;		ENSMUST00000028223.10;ENSMUST00000240759.1;
Q9CXF7	Q9CXF7;		ENSMUST00000029730.5 [Q9CXF7-1];
Q9CXG9	Q9CXG9;		ENSMUST00000028232.7;
Q9CXH7	Q9CXH7;		ENSMUST00000024736.14 [Q9CXH7-1];
Q9CXI5	Q9CXI5;	2RQY;6H9U;6HA7;	ENSMUST00000159283.8;
Q9CXJ4	Q9CXJ4;		ENSMUST00000073076.12;ENSMUST00000115077.8;
Q9CXL7	Q9CXL7;		ENSMUST00000027476.6;
Q9CXM0	Q9CXM0;		ENSMUST00000023568.14 [Q9CXM0-1];ENSMUST00000069148.13 [Q9CXM0-2];
Q9CXS4	Q9CXS4;		ENSMUST00000018653.8 [Q9CXS4-1];
Q9CXT6	Q9CXT6;		ENSMUST00000033010.9;
Q9CXV0	Q9CXV0;	3MMK;6CME;	ENSMUST00000034869.11;
Q9CXV1	Q9CXV1;		ENSMUST00000000175.6;
Q9CXV9	Q9CXV9;		ENSMUST00000215683.2;
Q9CXW3	Q9CXW3;	1YSM;2JTT;	ENSMUST00000014370.11;
Q9CXW4	Q9CXW4;	6SWA;7CPU;7CPV;7LS1;7LS2;	ENSMUST00000102536.11;
Q9CXY1	Q9CXY1;		ENSMUST00000063272.13;ENSMUST00000078323.13;ENSMUST00000120327.3;
Q9CXY6	Q9CXY6;	4AT7;4AT8;4AT9;4ATB;	ENSMUST00000001042.10;
Q9CXZ1	Q9CXZ1;	6G2J;6G72;6ZR2;6ZTQ;7AK5;7AK6;7B93;7PSA;8IAO;8IAP;8IB4;8IB5;8IB9;8IBA;8IBD;8IBE;8IC2;8IC3;8OLT;8OM1;8PW5;8PW6;8PW7;8RGP;8RGQ;8RGR;8RGT;	
Q9CY27	Q9CY27;		ENSMUST00000019382.17;
Q9CY57	Q9CY57;		ENSMUST00000001043.14 [Q9CY57-2];ENSMUST00000049937.13 [Q9CY57-1];ENSMUST00000076639.11 [Q9CY57-3];ENSMUST00000107342.2 [Q9CY57-5];ENSMUST00000107343.8 [Q9CY57-4];ENSMUST00000107344.8 [Q9CY57-2];
Q9CY58	Q9CY58;	7LS1;7LS2;	ENSMUST00000042990.7 [Q9CY58-1];ENSMUST00000203077.3 [Q9CY58-2];ENSMUST00000204293.3 [Q9CY58-3];
Q9CY97	Q9CY97;		ENSMUST00000030905.9 [Q9CY97-1];ENSMUST00000105595.2 [Q9CY97-2];
Q9CYA0	Q9CYA0;		ENSMUST00000024042.5;
Q9CYB0	Q9CYB0;		ENSMUST00000039562.8;ENSMUST00000165015.9;
Q9CYC6	Q9CYC6;		ENSMUST00000025350.10;
Q9CYK2	Q9CYK2;	3SI1;3SI2;	
Q9CYN9	Q9CYN9;	9BRA;9BRQ;9BRR;9BRS;9BRT;9BRU;9BRY;9BRZ;	ENSMUST00000033313.3;
Q9CYP7	Q9CYP7;		ENSMUST00000208222.2;
Q9CYV5	Q9CYV5;		ENSMUST00000041968.11;
Q9CZ13	Q9CZ13;	7O37;7O3C;7O3E;7O3H;8IAO;8IAR;8IB4;8IB7;8IB9;8IBC;8IBD;8IBG;8IC2;8IC5;8PW5;8PW6;8PW7;	ENSMUST00000026743.14;
Q9CZ16	Q9CZ16;		ENSMUST00000025092.5;
Q9CZ28	Q9CZ28;		ENSMUST00000006217.10;
Q9CZ42	Q9CZ42;		
Q9CZ52	Q9CZ52;		ENSMUST00000042025.12 [Q9CZ52-1];ENSMUST00000204805.3 [Q9CZ52-2];
Q9CZ57	Q9CZ57;		ENSMUST00000030475.3 [Q9CZ57-1];
Q9CZA5	Q9CZA5;		ENSMUST00000048067.10;ENSMUST00000115256.2;ENSMUST00000115257.8;ENSMUST00000115258.9;
Q9CZA6	Q9CZA6;		ENSMUST00000023359.13 [Q9CZA6-1];ENSMUST00000115795.9 [Q9CZA6-2];ENSMUST00000117958.8 [Q9CZA6-3];
Q9CZD0	Q9CZD0;		ENSMUST00000030453.5;
Q9CZD3	Q9CZD3;		ENSMUST00000003572.10;
Q9CZE3	Q9CZE3;		ENSMUST00000019974.5;
Q9CZJ6	Q9CZJ6;		ENSMUST00000099554.5;
Q9CZK6	Q9CZK6;		ENSMUST00000023157.6;
Q9CZM2	Q9CZM2;	6SWA;7CPU;7CPV;7LS1;7LS2;	ENSMUST00000079419.12;ENSMUST00000080281.14;ENSMUST00000100799.9;ENSMUST00000112598.9;
Q9CZN4	Q9CZN4;		ENSMUST00000170672.9 [Q9CZN4-1];
Q9CZN7	Q9CZN7;		ENSMUST00000026470.6 [Q9CZN7-1];ENSMUST00000219239.2 [Q9CZN7-2];
Q9CZP5	Q9CZP5;	6U1Y;6UKO;6UKP;6UKS;8T14;8T5U;8T7U;8TBY;8TI0;8TP1;8TPL;	ENSMUST00000027358.11;ENSMUST00000113732.2;ENSMUST00000113733.10;
Q9CZR2	Q9CZR2;		ENSMUST00000166825.8;
Q9CZS3	Q9CZS3;		ENSMUST00000023357.14;
Q9CZT5	Q9CZT5;		ENSMUST00000038770.4;
Q9CZT8	Q9CZT8;		ENSMUST00000003502.4;ENSMUST00000106650.9;
Q9CZU3	Q9CZU3;		ENSMUST00000022281.5;
Q9CZV8	Q9CZV8;		ENSMUST00000103143.10 [Q9CZV8-1];
Q9CZW4	Q9CZW4;		ENSMUST00000035779.15;ENSMUST00000142704.8;
Q9CZW5	Q9CZW5;		ENSMUST00000166897.3;
Q9CZW6	Q9CZW6;	1UJR;2RSF;4QPL;	ENSMUST00000037548.11;ENSMUST00000160144.9;ENSMUST00000160372.9;ENSMUST00000162335.8;
Q9CZX0	Q9CZX0;	8AVG;	ENSMUST00000022609.7 [Q9CZX0-2];ENSMUST00000225355.2 [Q9CZX0-1];
Q9CZX5	Q9CZX5;		ENSMUST00000022528.6;
Q9CZX7	Q9CZX7;		ENSMUST00000029875.4;
Q9CZX8	Q9CZX8;	7CPU;7CPV;7LS1;7LS2;	ENSMUST00000108429.8;ENSMUST00000108430.10;
Q9D020	Q9D020;	2BDU;2G06;2G07;2G08;2G09;2G0A;2Q4T;4FE3;4KX3;4KX5;	ENSMUST00000031793.8 [Q9D020-3];ENSMUST00000101367.9 [Q9D020-1];
Q9D024	Q9D024;		ENSMUST00000002043.10 [Q9D024-1];ENSMUST00000106865.8 [Q9D024-3];
Q9D030	Q9D030;		
Q9D032	Q9D032;		ENSMUST00000030367.15 [Q9D032-1];ENSMUST00000072753.13 [Q9D032-2];
Q9D067	Q9D067;		ENSMUST00000020437.13 [Q9D067-1];
Q9D071	Q9D071;	6TBL;6TC0;	ENSMUST00000026168.9 [Q9D071-3];ENSMUST00000171561.8 [Q9D071-1];
Q9D074	Q9D074;		ENSMUST00000023159.10 [Q9D074-3];ENSMUST00000070658.16 [Q9D074-1];ENSMUST00000229038.2 [Q9D074-2];ENSMUST00000230990.2 [Q9D074-4];
Q9D084	Q9D084;		ENSMUST00000030813.10 [Q9D084-1];ENSMUST00000105695.2 [Q9D084-2];
Q9D099	Q9D099;		ENSMUST00000033020.14;
Q9D0C1	Q9D0C1;		ENSMUST00000029740.14;
Q9D0F1	Q9D0F1;		ENSMUST00000024851.10;
Q9D0F3	Q9D0F3;		ENSMUST00000048260.15;ENSMUST00000120461.9;ENSMUST00000236866.2;
Q9D0F4	Q9D0F4;		ENSMUST00000016553.5;
Q9D0I4	Q9D0I4;		ENSMUST00000064765.6;ENSMUST00000107720.9;
Q9D0I9	Q9D0I9;		ENSMUST00000018992.4;
Q9D0J4	Q9D0J4;	1KSG;1KSH;1KSJ;4GOK;	ENSMUST00000025893.7;
Q9D0K1	Q9D0K1;	1WXU;	ENSMUST00000020523.4;
Q9D0L1	Q9D0L1;		ENSMUST00000045909.8;ENSMUST00000221807.2;
Q9D0L8	Q9D0L8;		ENSMUST00000009679.11 [Q9D0L8-1];ENSMUST00000025427.14 [Q9D0L8-3];
Q9D0M3	Q9D0M3;	7O37;7O3C;7O3E;7O3H;8IAO;8IAR;8IB4;8IB7;8IB9;8IBC;8IBD;8IBG;8IC2;8IC5;8PW5;8PW6;8PW7;	ENSMUST00000023210.8 [Q9D0M3-1];
Q9D0P7	Q9D0P7;		ENSMUST00000090561.10;ENSMUST00000102629.8;
Q9D0P8	Q9D0P8;		ENSMUST00000016781.8;
Q9D0R2	Q9D0R2;		ENSMUST00000022849.7;
Q9D0R4	Q9D0R4;		ENSMUST00000004507.11;
Q9D0T1	Q9D0T1;		ENSMUST00000080622.9;
Q9D0T2	Q9D0T2;		ENSMUST00000027970.14;
Q9D0U6	Q9D0U6;		ENSMUST00000023212.15;ENSMUST00000160853.8;ENSMUST00000161527.8;
Q9D0W5	Q9D0W5;		ENSMUST00000024802.10;
Q9D0Z3	Q9D0Z3;		ENSMUST00000062824.12 [Q9D0Z3-1];ENSMUST00000106433.2 [Q9D0Z3-3];ENSMUST00000106434.8 [Q9D0Z3-2];
Q9D103	Q9D103;		ENSMUST00000026564.9;ENSMUST00000106040.8;ENSMUST00000106042.9;
Q9D154	Q9D154;		ENSMUST00000076352.8;
Q9D198	Q9D198;		ENSMUST00000030622.3;
Q9D1A2	Q9D1A2;	2ZOF;2ZOG;	ENSMUST00000025546.17;ENSMUST00000168419.3;
Q9D1C1	Q9D1C1;		ENSMUST00000088248.13;
Q9D1C2	Q9D1C2;		ENSMUST00000023064.9;
Q9D1D4	Q9D1D4;		ENSMUST00000040766.9 [Q9D1D4-1];
Q9D1D6	Q9D1D6;		ENSMUST00000067072.5;
Q9D1E5	Q9D1E5;		ENSMUST00000023736.10 [Q9D1E5-1];
Q9D1E6	Q9D1E6;	1V6E;1WHG;	ENSMUST00000006254.6;
Q9D1E8	Q9D1E8;		ENSMUST00000149565.8;
Q9D1F9			ENSMUST00000165839.3;ENSMUST00000213388.2;ENSMUST00000215420.2;
Q9D1G1	Q9D1G1;		ENSMUST00000025804.7;
Q9D1M0	Q9D1M0;		ENSMUST00000032440.6;
Q9D1M4	Q9D1M4;		ENSMUST00000001757.9;
Q9D1N2	Q9D1N2;		ENSMUST00000023243.11;
Q9D1N4	Q9D1N4;	8T03;8T04;8T06;8T07;	ENSMUST00000009358.9;
Q9D1P2	Q9D1P2;	1WGS;	ENSMUST00000033070.9 [Q9D1P2-1];
Q9D1P4	Q9D1P4;		ENSMUST00000001825.9;
Q9D1Q6	Q9D1Q6;		ENSMUST00000030028.5;
Q9D1R9	Q9D1R9;	6SWA;7CPU;7CPV;7LS1;7LS2;	ENSMUST00000062601.14;ENSMUST00000079085.11;ENSMUST00000196202.5;
Q9D1T0	Q9D1T0;		ENSMUST00000053568.2;ENSMUST00000114247.2;ENSMUST00000210032.2;
Q9D1X0	Q9D1X0;		ENSMUST00000014920.8;
Q9D1Z3	Q9D1Z3;		ENSMUST00000042702.7;
Q9D219	Q9D219;		ENSMUST00000046521.14;ENSMUST00000166341.2;
Q9D236	Q9D236;		ENSMUST00000087629.10 [Q9D236-3];ENSMUST00000114233.3 [Q9D236-4];
Q9D244	Q9D244;		
Q9D270	Q9D270;		ENSMUST00000030110.15;ENSMUST00000107239.8;
Q9D275	Q9D275;		ENSMUST00000027943.6;
Q9D281	Q9D281;		ENSMUST00000031080.15;
Q9D287	Q9D287;		ENSMUST00000005830.15;
Q9D2A5	Q9D2A5;		ENSMUST00000029547.10 [Q9D2A5-1];ENSMUST00000107369.2 [Q9D2A5-1];
Q9D2C7	Q9D2C7;		ENSMUST00000023749.15;ENSMUST00000159209.8;ENSMUST00000159531.3;ENSMUST00000160635.8;ENSMUST00000161250.8;
Q9D2E1	Q9D2E1;		ENSMUST00000000421.6;
Q9D2G2	Q9D2G2;		ENSMUST00000053811.10 [Q9D2G2-1];ENSMUST00000221357.2 [Q9D2G2-1];
Q9D2G5	Q9D2G5;		ENSMUST00000061091.14 [Q9D2G5-6];ENSMUST00000080283.13 [Q9D2G5-1];
Q9D2H2	Q9D2H2;		
Q9D2I5	Q9D2I5;		ENSMUST00000027434.15 [Q9D2I5-1];ENSMUST00000113309.9 [Q9D2I5-3];ENSMUST00000131412.8 [Q9D2I5-2];
Q9D2L1	Q9D2L1;		ENSMUST00000239063.2;
Q9D2L6	Q9D2L6;		
Q9D2N4	Q9D2N4;		ENSMUST00000047954.15 [Q9D2N4-6];
Q9D2N8	Q9D2N8;		ENSMUST00000022460.11;
Q9D2N9	Q9D2N9;		ENSMUST00000031388.13;
Q9D2U9	Q9D2U9;	1U35;2F8N;5B1L;5B1M;5XM0;5XM1;7DBH;7VBM;	ENSMUST00000078267.5;
Q9D2V6			ENSMUST00000057167.9;ENSMUST00000225259.2;
Q9D2V7	Q9D2V7;		ENSMUST00000038552.13;
Q9D2Y4	Q9D2Y4;	4BTF;4M68;4M69;	ENSMUST00000056157.14 [Q9D2Y4-1];ENSMUST00000120432.3 [Q9D2Y4-2];
Q9D2Y5	Q9D2Y5;		
Q9D2Y9	Q9D2Y9;		ENSMUST00000022207.10;
Q9D2Z1	Q9D2Z1;		ENSMUST00000094753.6;
Q9D304	Q9D304;		ENSMUST00000113026.2;
Q9D309	Q9D309;	2YOP;2YOQ;	ENSMUST00000049721.9;
Q9D312	Q9D312;		ENSMUST00000017743.3;
Q9D328	Q9D328;		ENSMUST00000037687.8;
Q9D358	Q9D358;	2P4U;5JNU;	ENSMUST00000062740.15 [Q9D358-1];
Q9D379	Q9D379;		ENSMUST00000036928.12;
Q9D387	Q9D387;		ENSMUST00000057503.7;
Q9D394	Q9D394;	2CXF;2CXL;2DWG;2DWK;	ENSMUST00000031229.11 [Q9D394-1];ENSMUST00000196686.2 [Q9D394-3];ENSMUST00000196894.5 [Q9D394-4];ENSMUST00000199312.5 [Q9D394-3];
Q9D3A8	Q9D3A8;		ENSMUST00000160456.8 [Q9D3A8-1];
Q9D3A9	Q9D3A9;		ENSMUST00000079415.12 [Q9D3A9-4];ENSMUST00000119661.8 [Q9D3A9-1];ENSMUST00000129423.8 [Q9D3A9-1];
Q9D3B1	Q9D3B1;		ENSMUST00000061156.10;
Q9D3F7	Q9D3F7;		ENSMUST00000020308.5;
Q9D3G2	Q9D3G2;		
Q9D3G9	Q9D3G9;		ENSMUST00000031106.8;ENSMUST00000201533.2;
Q9D3N2	Q9D3N2;		ENSMUST00000090277.3 [Q9D3N2-1];ENSMUST00000228998.2 [Q9D3N2-3];ENSMUST00000229121.2 [Q9D3N2-2];ENSMUST00000229825.2 [Q9D3N2-4];
Q9D3R9	Q9D3R9;		ENSMUST00000009740.9 [Q9D3R9-1];
Q9D3U0	Q9D3U0;		ENSMUST00000020520.11;ENSMUST00000058163.11;ENSMUST00000109525.8;
Q9D411	Q9D411;		ENSMUST00000007735.9 [Q9D411-3];ENSMUST00000164809.9 [Q9D411-4];ENSMUST00000226591.2 [Q9D411-1];ENSMUST00000228395.2 [Q9D411-2];
Q9D415	Q9D415;	7YKH;7YKI;	ENSMUST00000060072.12 [Q9D415-2];ENSMUST00000133983.8 [Q9D415-2];ENSMUST00000135938.8 [Q9D415-3];ENSMUST00000155016.8 [Q9D415-1];
Q9D424	Q9D424;		ENSMUST00000080415.11 [Q9D424-1];ENSMUST00000115857.9 [Q9D424-1];ENSMUST00000119108.8 [Q9D424-3];ENSMUST00000121018.8 [Q9D424-2];ENSMUST00000150758.8 [Q9D424-1];ENSMUST00000186263.2 [Q9D424-1];ENSMUST00000191078.7 [Q9D424-1];ENSMUST00000234735.2 [Q9D424-2];
Q9D439	Q9D439;	8I7R;8IYJ;8TO0;	ENSMUST00000114895.4 [Q9D439-1];
Q9D489	Q9D489;		ENSMUST00000029369.5;
Q9D494	Q9D494;		ENSMUST00000028661.6;
Q9D4B1	Q9D4B1;		ENSMUST00000090246.5;
Q9D4B2	Q9D4B2;		ENSMUST00000092684.12;
Q9D4F2	Q9D4F2;		ENSMUST00000045674.4;
Q9D4G2	Q9D4G2;	7Z8Z;	ENSMUST00000002145.12;ENSMUST00000238192.2;
Q9D4H4	Q9D4H4;		ENSMUST00000013220.8 [Q9D4H4-1];
Q9D4H8	Q9D4H8;		ENSMUST00000025073.12 [Q9D4H8-2];ENSMUST00000162301.8 [Q9D4H8-1];
Q9D4H9	Q9D4H9;		ENSMUST00000090632.11 [Q9D4H9-3];ENSMUST00000115511.9 [Q9D4H9-2];
Q9D4I2	Q9D4I2;		ENSMUST00000089178.11 [Q9D4I2-1];ENSMUST00000188048.7 [Q9D4I2-2];ENSMUST00000189540.7 [Q9D4I2-2];
Q9D4J7	Q9D4J7;		ENSMUST00000078944.13 [Q9D4J7-1];ENSMUST00000154864.4 [Q9D4J7-2];
Q9D4M9	Q9D4M9;		ENSMUST00000030778.9;
Q9D4R2	Q9D4R2;		ENSMUST00000038692.6 [Q9D4R2-1];
Q9D4V7	Q9D4V7;	6VIH;6VII;6VIJ;6VIK;	ENSMUST00000023524.13 [Q9D4V7-1];ENSMUST00000130028.2 [Q9D4V7-2];
Q9D513	Q9D513;		ENSMUST00000024972.7;
Q9D517	Q9D517;		ENSMUST00000001240.12;ENSMUST00000105387.8;ENSMUST00000105388.8;ENSMUST00000105389.8;ENSMUST00000105390.8;ENSMUST00000166360.8;
Q9D5A0	Q9D5A0;		ENSMUST00000056949.5;
Q9D5A9	Q9D5A9;		
Q9D5J6	Q9D5J6;		ENSMUST00000006105.7;
Q9D5S1	Q9D5S1;		ENSMUST00000039146.4;
Q9D5S7	Q9D5S7;		ENSMUST00000070189.10;
Q9D5T0	Q9D5T0;		ENSMUST00000070210.6;ENSMUST00000235412.2;ENSMUST00000236011.2;ENSMUST00000236985.2;
Q9D5T7	Q9D5T7;		ENSMUST00000029754.13 [Q9D5T7-1];ENSMUST00000090797.11 [Q9D5T7-2];ENSMUST00000107154.4 [Q9D5T7-2];ENSMUST00000171191.6 [Q9D5T7-2];
Q9D5V2	Q9D5V2;		ENSMUST00000001599.4;
Q9D5V5	Q9D5V5;	2WZK;	
Q9D5V6	Q9D5V6;		ENSMUST00000033723.4;
Q9D5Y1	Q9D5Y1;		ENSMUST00000029222.8;
Q9D611	Q9D611;		ENSMUST00000029213.5;
Q9D658	Q9D658;		ENSMUST00000053232.8;ENSMUST00000163582.9;ENSMUST00000165541.8;ENSMUST00000230177.2;
Q9D659	Q9D659;		ENSMUST00000105460.8;
Q9D666	Q9D666;	5YWZ;	ENSMUST00000058716.14 [Q9D666-1];ENSMUST00000078690.13 [Q9D666-4];ENSMUST00000110882.8 [Q9D666-5];ENSMUST00000110883.9 [Q9D666-2];ENSMUST00000110884.9 [Q9D666-3];
Q9D687	Q9D687;		ENSMUST00000022048.6;
Q9D6F4	Q9D6F4;		ENSMUST00000031121.10;
Q9D6F9	Q9D6F9;		ENSMUST00000071135.6;
Q9D6H2	Q9D6H2;		ENSMUST00000046558.8;ENSMUST00000106749.8;ENSMUST00000152717.8;
Q9D6J1	Q9D6J1;		ENSMUST00000008350.16;
Q9D6J6	Q9D6J6;	6G2J;6G72;6ZR2;6ZTQ;7AK5;7AK6;7B93;7PSA;8C2S;8CA3;8CA4;8CA5;8IAO;8IAP;8IB4;8IB5;8IB9;8IBA;8IBD;8IBE;8IC2;8IC3;8OLT;8OM1;8PW5;8PW6;8PW7;8RGP;8RGQ;8RGR;8RGT;	ENSMUST00000024909.15 [Q9D6J6-2];ENSMUST00000143987.9 [Q9D6J6-1];
Q9D6K5	Q9D6K5;		ENSMUST00000114201.3 [Q9D6K5-3];ENSMUST00000163402.8 [Q9D6K5-1];ENSMUST00000164386.8 [Q9D6K5-4];ENSMUST00000169158.2 [Q9D6K5-2];
Q9D6K9	Q9D6K9;	2CQX;5E8N;5E8O;5E8P;	ENSMUST00000023762.13 [Q9D6K9-1];ENSMUST00000109035.11 [Q9D6K9-2];
Q9D6N1	Q9D6N1;		ENSMUST00000029071.9;
Q9D6R2	Q9D6R2;		ENSMUST00000167866.2 [Q9D6R2-1];
Q9D6T0	Q9D6T0;		ENSMUST00000003513.11 [Q9D6T0-1];ENSMUST00000107829.9 [Q9D6T0-2];
Q9D6X5	Q9D6X5;		ENSMUST00000073228.12 [Q9D6X5-1];ENSMUST00000109858.2 [Q9D6X5-2];ENSMUST00000109859.9 [Q9D6X5-2];ENSMUST00000109861.8 [Q9D6X5-1];
Q9D6Y1	Q9D6Y1;		ENSMUST00000027988.8;
Q9D6Y7	Q9D6Y7;	2L90;6AGV;	ENSMUST00000067927.9 [Q9D6Y7-1];ENSMUST00000210428.2 [Q9D6Y7-4];
Q9D6Z0	Q9D6Z0;		ENSMUST00000002737.7 [Q9D6Z0-1];ENSMUST00000074141.14 [Q9D6Z0-2];
Q9D6Z6	Q9D6Z6;		ENSMUST00000028363.2;
Q9D700	Q9D700;		ENSMUST00000036631.14;ENSMUST00000161713.2;ENSMUST00000170204.8;
Q9D708	Q9D708;		ENSMUST00000098910.3;ENSMUST00000098911.10;ENSMUST00000107331.8;ENSMUST00000107333.8;ENSMUST00000107334.8;ENSMUST00000107335.2;
Q9D709	Q9D709;		ENSMUST00000001456.11;ENSMUST00000107552.2;ENSMUST00000107553.8;
Q9D733	Q9D733;		ENSMUST00000033255.8;
Q9D752	Q9D752;	4FJO;5O8K;6EKJ;6EKL;6EKM;	ENSMUST00000030860.9;ENSMUST00000084129.9;
Q9D777	Q9D777;	1U5X;1U5Y;1U5Z;1XU1;1XU2;3K48;	
Q9D783	Q9D783;		
Q9D787	Q9D787;		ENSMUST00000023455.14;ENSMUST00000164458.10;ENSMUST00000231712.2;
Q9D7C9	Q9D7C9;		ENSMUST00000005069.8;
Q9D7F7	Q9D7F7;		ENSMUST00000029049.7;
Q9D7G0	Q9D7G0;		ENSMUST00000033809.4;
Q9D7I0	Q9D7I0;		ENSMUST00000026737.12 [Q9D7I0-1];ENSMUST00000112059.10 [Q9D7I0-2];ENSMUST00000154184.5 [Q9D7I0-3];ENSMUST00000200515.5 [Q9D7I0-5];
Q9D7I8	Q9D7I8;		ENSMUST00000029183.3 [Q9D7I8-1];
Q9D7L8	Q9D7L8;		ENSMUST00000072633.4;ENSMUST00000102495.8;
Q9D7P6	Q9D7P6;	1WFZ;	ENSMUST00000026937.12;
Q9D7Q1	Q9D7Q1;		ENSMUST00000086475.3 [Q9D7Q1-1];ENSMUST00000159963.8 [Q9D7Q1-1];ENSMUST00000160060.8 [Q9D7Q1-2];
Q9D7R2	Q9D7R2;		
Q9D7S0	Q9D7S0;		ENSMUST00000013787.11;ENSMUST00000108826.3;
Q9D7S9	Q9D7S9;		ENSMUST00000030128.6;
Q9D7V9	Q9D7V9;	6DXY;	ENSMUST00000113102.10;
Q9D7W5	Q9D7W5;	6W1S;8T1I;8T1L;	ENSMUST00000019229.15;
Q9D7X3	Q9D7X3;	8TO0;	ENSMUST00000003612.13;ENSMUST00000107172.8;
Q9D7Z6	Q9D7Z6;		ENSMUST00000029919.7;
Q9D806	Q9D806;		ENSMUST00000034413.8;
Q9D808	Q9D808;		
Q9D816	Q9D816;		ENSMUST00000025966.5;
Q9D818	Q9D818;		ENSMUST00000028329.13 [Q9D818-2];ENSMUST00000100323.3 [Q9D818-3];ENSMUST00000114293.9 [Q9D818-1];
Q9D823	Q9D823;	6SWA;7CPU;7CPV;7LS1;7LS2;	ENSMUST00000045356.9;
Q9D842	Q9D842;		ENSMUST00000032130.8 [Q9D842-1];ENSMUST00000065997.5 [Q9D842-3];
Q9D850	Q9D850;		ENSMUST00000029891.12 [Q9D850-1];ENSMUST00000154922.8 [Q9D850-2];
Q9D856	Q9D856;		ENSMUST00000042666.13;ENSMUST00000167859.2;
Q9D892	Q9D892;		ENSMUST00000103193.5;
Q9D8B1	Q9D8B1;		ENSMUST00000019942.6 [Q9D8B1-1];ENSMUST00000162610.8 [Q9D8B1-2];
Q9D8B3	Q9D8B3;		ENSMUST00000044277.10;
Q9D8B6	Q9D8B6;		ENSMUST00000028995.5;
Q9D8B7	Q9D8B7;	5GMI;	ENSMUST00000034472.16;
Q9D8C3	Q9D8C3;		ENSMUST00000070801.11 [Q9D8C3-2];
Q9D8C4	Q9D8C4;		ENSMUST00000010502.13;
Q9D8D0	Q9D8D0;		ENSMUST00000089161.10 [Q9D8D0-1];
Q9D8E6	Q9D8E6;	6SWA;7CPU;7CPV;7LS1;7LS2;	ENSMUST00000034966.9;
Q9D8F1	Q9D8F1;		ENSMUST00000041100.4 [Q9D8F1-1];ENSMUST00000100568.3 [Q9D8F1-2];
Q9D8H7	Q9D8H7;		ENSMUST00000035780.4 [Q9D8H7-1];
Q9D8I1	Q9D8I1;		ENSMUST00000025211.6;
Q9D8K8	Q9D8K8;		ENSMUST00000018821.9;
Q9D8M3	Q9D8M3;		ENSMUST00000117892.2;
Q9D8M7	Q9D8M7;		
Q9D8S4	Q9D8S4;		ENSMUST00000034524.5;
Q9D8T2	Q9D8T2;	6AO3;6KMV;6N9N;6VIE;	ENSMUST00000023238.6;
Q9D8T7	Q9D8T7;		ENSMUST00000160488.8 [Q9D8T7-2];ENSMUST00000161023.8 [Q9D8T7-1];
Q9D8U4	Q9D8U4;		ENSMUST00000057679.10;
Q9D8U8	Q9D8U8;	5TP1;	ENSMUST00000028909.5;ENSMUST00000110030.10;
Q9D8V0	Q9D8V0;	1INQ;1JUF;	ENSMUST00000089059.9 [Q9D8V0-4];ENSMUST00000125366.8 [Q9D8V0-1];
Q9D8Y7	Q9D8Y7;		ENSMUST00000013851.4;
Q9D8Y8	Q9D8Y8;		ENSMUST00000027505.13 [Q9D8Y8-1];ENSMUST00000190476.2 [Q9D8Y8-2];
Q9D8Z2	Q9D8Z2;		ENSMUST00000031508.5;
Q9D906	Q9D906;		ENSMUST00000032457.17;ENSMUST00000182793.8;ENSMUST00000182902.8;
Q9D915	Q9D915;		ENSMUST00000052622.6;
Q9D925	Q9D925;		ENSMUST00000077706.10;ENSMUST00000120918.8;
Q9D945	Q9D945;		ENSMUST00000020444.16 [Q9D945-1];ENSMUST00000130198.3 [Q9D945-1];
Q9D952	Q9D952;		ENSMUST00000037007.4;
Q9D964	Q9D964;		ENSMUST00000028624.9;
Q9D967	Q9D967;	1U7O;1U7P;	ENSMUST00000002400.7;
Q9D968	Q9D968;	1WFT;	ENSMUST00000020478.14;
Q9D992	Q9D992;		ENSMUST00000025699.9 [Q9D992-2];ENSMUST00000113528.2 [Q9D992-1];
Q9D995	Q9D995;		ENSMUST00000103107.5 [Q9D995-1];
Q9D9D3	Q9D9D3;		ENSMUST00000040217.6;
Q9D9D8	Q9D9D8;	8I7O;8I7R;8IYJ;	ENSMUST00000026018.4;
Q9D9I4	Q9D9I4;		ENSMUST00000028963.14;
Q9D9J7	Q9D9J7;	5B5K;	ENSMUST00000033100.5;
Q9D9M2	Q9D9M2;		ENSMUST00000085614.6 [Q9D9M2-1];
Q9D9Q6	Q9D9Q6;		ENSMUST00000019876.12;
Q9D9R0	Q9D9R0;		ENSMUST00000050004.3 [Q9D9R0-2];ENSMUST00000234316.2 [Q9D9R0-1];
Q9D9T8	Q9D9T8;	8I7O;8I7R;8IYJ;8TO0;	
Q9D9U9	Q9D9U9;	8I7R;8IYJ;8TO0;	ENSMUST00000085894.12;
Q9D9V2	Q9D9V2;		ENSMUST00000030309.6 [Q9D9V2-1];ENSMUST00000107097.9 [Q9D9V2-2];
Q9D9V4	Q9D9V4;	7DMP;8WZB;8X2U;	ENSMUST00000024762.3;
Q9D9W1	Q9D9W1;		ENSMUST00000010280.11 [Q9D9W1-2];ENSMUST00000066319.8 [Q9D9W1-1];
Q9D9X6	Q9D9X6;		ENSMUST00000038223.8;
Q9D9X8	Q9D9X8;	4YF2;	ENSMUST00000103222.4 [Q9D9X8-2];ENSMUST00000103223.8 [Q9D9X8-2];
Q9D9Z1	Q9D9Z1;		ENSMUST00000134661.8;
Q9DA08	Q9DA08;		ENSMUST00000032956.10;
Q9DA19	Q9DA19;		ENSMUST00000058615.10 [Q9DA19-1];
Q9DA32	Q9DA32;		
Q9DA37	Q9DA37;		ENSMUST00000022292.10;
Q9DA48	Q9DA48;		ENSMUST00000029927.6;
Q9DA75	Q9DA75;	7N98;	ENSMUST00000030408.12;
Q9DA79	Q9DA79;		ENSMUST00000034371.9;
Q9DA80	Q9DA80;	8WZB;8X2U;	ENSMUST00000024572.10;
Q9DA97	Q9DA97;		
Q9DAA4	Q9DAA4;		ENSMUST00000031967.6;
Q9DAG4	Q9DAG4;	8IYJ;	ENSMUST00000063456.5 [Q9DAG4-1];
Q9DAG5	Q9DAG5;		ENSMUST00000040609.9;
Q9DAG6	Q9DAG6;		ENSMUST00000073617.5;
Q9DAH2	Q9DAH2;		ENSMUST00000052211.4;
Q9DAJ4	Q9DAJ4;		ENSMUST00000093357.12 [Q9DAJ4-1];ENSMUST00000149050.2 [Q9DAJ4-2];
Q9DAK2	Q9DAK2;	8I7O;8I7R;8IYJ;8TO0;	ENSMUST00000041463.7;
Q9DAM2	Q9DAM2;	7EEB;	ENSMUST00000054327.3;
Q9DAN6	Q9DAN6;	6X46;	ENSMUST00000023129.15;ENSMUST00000136480.8;ENSMUST00000141364.8;ENSMUST00000146675.8;ENSMUST00000153930.8;
Q9DAP7	Q9DAP7;		ENSMUST00000005607.9;
Q9DAQ9	Q9DAQ9;		ENSMUST00000034473.7 [Q9DAQ9-1];ENSMUST00000214287.2 [Q9DAQ9-2];
Q9DAR7	Q9DAR7;	1VLR;	ENSMUST00000034539.12;
Q9DAU1	Q9DAU1;		ENSMUST00000059844.13 [Q9DAU1-1];
Q9DAV9	Q9DAV9;		ENSMUST00000030127.13;
Q9DAX2	Q9DAX2;		ENSMUST00000063879.13 [Q9DAX2-1];
Q9DAZ9	Q9DAZ9;	1WFK;2D8V;	ENSMUST00000090174.11;
Q9DB00	Q9DB00;	1UG2;	ENSMUST00000081695.15;
Q9DB05	Q9DB05;		ENSMUST00000006181.7;
Q9DB07	Q9DB07;		ENSMUST00000002099.11;ENSMUST00000118186.2;ENSMUST00000239014.2;
Q9DB10	Q9DB10;		ENSMUST00000023086.15;
Q9DB34	Q9DB34;		ENSMUST00000005711.6;ENSMUST00000210587.2;
Q9DB40	Q9DB40;	6W1S;8T1I;8T1L;	ENSMUST00000028139.11 [Q9DB40-1];ENSMUST00000113830.11 [Q9DB40-2];
Q9DB50	Q9DB50;		ENSMUST00000069041.15;
Q9DB60	Q9DB60;		ENSMUST00000030935.10;
Q9DB77	Q9DB77;	7O37;7O3C;7O3E;7O3H;8IAO;8IAR;8IB4;8IB7;8IB9;8IBC;8IBD;8IBG;8IC2;8IC5;8PW5;8PW6;8PW7;	ENSMUST00000033176.7;
Q9DB96	Q9DB96;		ENSMUST00000022815.10;
Q9DBA6	Q9DBA6;		ENSMUST00000020284.5;
Q9DBB1	Q9DBB1;		ENSMUST00000020118.5;
Q9DBC7	Q9DBC7;		ENSMUST00000049527.7;ENSMUST00000106677.8;
Q9DBD0	Q9DBD0;	3MC2;	ENSMUST00000035163.10;
Q9DBD2	Q9DBD2;		ENSMUST00000079012.13;ENSMUST00000101032.10;
Q9DBD5	Q9DBD5;		ENSMUST00000019065.10;
Q9DBE0	Q9DBE0;	6ZEK;7A0A;	ENSMUST00000023805.3;
Q9DBF1	Q9DBF1;		ENSMUST00000066208.13 [Q9DBF1-1];ENSMUST00000174518.8 [Q9DBF1-2];
Q9DBG1	Q9DBG1;		ENSMUST00000027356.7;
Q9DBG3	Q9DBG3;	6OWO;6OXL;7RW8;7RW9;7RWA;7RWB;7RWC;8T1O;	ENSMUST00000018875.13 [Q9DBG3-2];ENSMUST00000065692.14 [Q9DBG3-1];
Q9DBG9	Q9DBG9;	3DIW;3DJ1;3DJ3;	ENSMUST00000040687.12;
Q9DBH0	Q9DBH0;		ENSMUST00000166615.3;
Q9DBI0	Q9DBI0;		ENSMUST00000017086.5 [Q9DBI0-1];ENSMUST00000229516.2 [Q9DBI0-2];ENSMUST00000230159.2 [Q9DBI0-3];
Q9DBI2	Q9DBI2;		ENSMUST00000040454.5;
Q9DBJ1	Q9DBJ1;		ENSMUST00000011896.8;
Q9DBK0	Q9DBK0;		ENSMUST00000022120.5;
Q9DBL1	Q9DBL1;		ENSMUST00000015829.15;
Q9DBL7	Q9DBL7;	2F6R;	ENSMUST00000001806.10;ENSMUST00000107308.4;
Q9DBL9	Q9DBL9;	5A4H;	ENSMUST00000111497.5 [Q9DBL9-2];ENSMUST00000156520.8 [Q9DBL9-1];
Q9DBM0	Q9DBM0;		ENSMUST00000045714.15 [Q9DBM0-1];
Q9DBM2	Q9DBM2;		ENSMUST00000023559.7;
Q9DBN5	Q9DBN5;		ENSMUST00000034141.18 [Q9DBN5-1];ENSMUST00000122188.10 [Q9DBN5-3];ENSMUST00000155433.10 [Q9DBN5-2];
Q9DBN9	Q9DBN9;		ENSMUST00000027655.8 [Q9DBN9-1];
Q9DBP0	Q9DBP0;		ENSMUST00000094787.8;
Q9DBP5	Q9DBP5;		
Q9DBQ7	Q9DBQ7;		ENSMUST00000027876.11 [Q9DBQ7-1];ENSMUST00000161908.8 [Q9DBQ7-3];ENSMUST00000162234.2 [Q9DBQ7-2];ENSMUST00000170359.8 [Q9DBQ7-3];
Q9DBR0	Q9DBR0;		ENSMUST00000002699.7;
Q9DBR1	Q9DBR1;		ENSMUST00000028921.6 [Q9DBR1-1];
Q9DBR4	Q9DBR4;	1WGU;2ROZ;2YSZ;2YT0;2YT1;	ENSMUST00000159786.8 [Q9DBR4-3];ENSMUST00000162349.8 [Q9DBR4-1];
Q9DBR7	Q9DBR7;		ENSMUST00000070663.6 [Q9DBR7-2];ENSMUST00000219263.2 [Q9DBR7-1];
Q9DBS1	Q9DBS1;		ENSMUST00000032183.6;
Q9DBS2	Q9DBS2;		ENSMUST00000030896.15;
Q9DBT4	Q9DBT4;		ENSMUST00000064831.6 [Q9DBT4-1];ENSMUST00000184973.8 [Q9DBT4-1];ENSMUST00000185072.8 [Q9DBT4-1];
Q9DBT5	Q9DBT5;		ENSMUST00000078912.7 [Q9DBT5-2];ENSMUST00000102637.8 [Q9DBT5-1];ENSMUST00000102638.8 [Q9DBT5-1];
Q9DBU2	Q9DBU2;		ENSMUST00000115860.8;ENSMUST00000150655.3;ENSMUST00000186375.8;
Q9DBU3	Q9DBU3;		ENSMUST00000025270.8;
Q9DBU5	Q9DBU5;		ENSMUST00000067837.10;ENSMUST00000161859.8;ENSMUST00000169407.9;
Q9DBV4	Q9DBV4;	6JO7;6NK3;6NK6;6NK7;8EWF;8SQN;	ENSMUST00000030947.4;
Q9DBX1	Q9DBX1;		ENSMUST00000022595.8;
Q9DBX5			ENSMUST00000111926.9;
Q9DBX6	Q9DBX6;		ENSMUST00000043314.10;
Q9DBX7	Q9DBX7;		ENSMUST00000040821.5;
Q9DBY0	Q9DBY0;		ENSMUST00000113265.8 [Q9DBY0-2];
Q9DBY1	Q9DBY1;		
Q9DBY8	Q9DBY8;	2RRE;	ENSMUST00000027797.9;
Q9DBZ5	Q9DBZ5;		ENSMUST00000066070.7 [Q9DBZ5-1];ENSMUST00000207683.2 [Q9DBZ5-2];
Q9DBZ9			
Q9DC04	Q9DC04;	1WHD;	ENSMUST00000084521.11 [Q9DC04-3];ENSMUST00000107420.8 [Q9DC04-1];ENSMUST00000107424.2 [Q9DC04-6];
Q9DC23	Q9DC23;	3APO;3APQ;3APS;5AYK;5AYL;	ENSMUST00000028392.8;
Q9DC26	Q9DC26;		ENSMUST00000031655.4;ENSMUST00000118527.8;
Q9DC28	Q9DC28;	4JJR;5X17;	ENSMUST00000018274.10 [Q9DC28-1];ENSMUST00000070575.14 [Q9DC28-2];
Q9DC29	Q9DC29;		ENSMUST00000027396.15;
Q9DC33	Q9DC33;		ENSMUST00000034879.5 [Q9DC33-1];ENSMUST00000214869.2 [Q9DC33-4];ENSMUST00000215269.2 [Q9DC33-1];ENSMUST00000217518.2 [Q9DC33-2];
Q9DC37	Q9DC37;	8R8Q;	ENSMUST00000029344.10;
Q9DC40	Q9DC40;	4CKT;4CSE;	ENSMUST00000024987.6 [Q9DC40-1];ENSMUST00000115181.9 [Q9DC40-1];
Q9DC50	Q9DC50;	1XL7;1XL8;1XMC;1XMD;	ENSMUST00000003720.5;
Q9DC51	Q9DC51;	3AB3;	ENSMUST00000000001.5;
Q9DC70	Q9DC70;	6G2J;6G72;6ZR2;6ZTQ;7AK5;7AK6;7B93;7PSA;8C2S;8CA3;8CA5;8IAO;8IAP;8IB4;8IB5;8IB9;8IBA;8IBD;8IBE;8IC2;8IC3;8OLT;8OM1;8PW5;8PW6;8PW7;8RGP;8RGQ;8RGR;8RGT;	ENSMUST00000020361.7;ENSMUST00000105364.8;
Q9DCA7	Q9DCA7;		ENSMUST00000026541.15;ENSMUST00000166758.4;ENSMUST00000211044.2;ENSMUST00000211283.2;
Q9DCB1	Q9DCB1;		ENSMUST00000161796.9 [Q9DCB1-2];ENSMUST00000162246.9 [Q9DCB1-1];ENSMUST00000185315.7 [Q9DCB1-3];ENSMUST00000190154.2 [Q9DCB1-3];
Q9DCB4	Q9DCB4;		ENSMUST00000035085.12 [Q9DCB4-4];ENSMUST00000070218.12 [Q9DCB4-3];ENSMUST00000111872.9 [Q9DCB4-3];ENSMUST00000161412.8 [Q9DCB4-8];ENSMUST00000162065.8 [Q9DCB4-3];ENSMUST00000162097.8 [Q9DCB4-1];ENSMUST00000164754.9 [Q9DCB4-1];ENSMUST00000172380.10 [Q9DCB4-2];ENSMUST00000178410.2 [Q9DCB4-2];
Q9DCC8	Q9DCC8;		ENSMUST00000179857.3;
Q9DCD5	Q9DCD5;		ENSMUST00000012440.14 [Q9DCD5-2];ENSMUST00000164342.10 [Q9DCD5-2];ENSMUST00000180283.2 [Q9DCD5-2];ENSMUST00000225080.2 [Q9DCD5-2];ENSMUST00000225413.2 [Q9DCD5-1];
Q9DCD6	Q9DCD6;	5YIR;6A9X;7FB5;	ENSMUST00000018711.15;
Q9DCE9	Q9DCE9;		ENSMUST00000035266.11;
Q9DCF1	Q9DCF1;		ENSMUST00000002100.8 [Q9DCF1-1];
Q9DCH4	Q9DCH4;		ENSMUST00000033342.7;
Q9DCH6	Q9DCH6;		ENSMUST00000069537.3;ENSMUST00000178385.9;ENSMUST00000209117.2;
Q9DCJ1	Q9DCJ1;		ENSMUST00000070888.14;ENSMUST00000179163.3;ENSMUST00000234335.2;ENSMUST00000234686.2;
Q9DCJ5	Q9DCJ5;	6G2J;6G72;6ZR2;6ZTQ;7AK5;7AK6;7B93;7PSA;8C2S;8CA3;8CA5;8IAO;8IAP;8IAQ;8IB4;8IB5;8IB6;8IB9;8IBA;8IBB;8IBD;8IBE;8IBF;8IC2;8IC3;8IC4;8OLT;8OM1;8PW5;8PW6;8PW7;8RGP;8RGQ;8RGR;8RGT;	ENSMUST00000070112.6;
Q9DCM0	Q9DCM0;		ENSMUST00000077191.7;
Q9DCM2	Q9DCM2;		ENSMUST00000031897.8;
Q9DCN1	Q9DCN1;	6O3P;	ENSMUST00000025065.12 [Q9DCN1-1];ENSMUST00000174122.2 [Q9DCN1-2];
Q9DCP2	Q9DCP2;		ENSMUST00000010208.14;ENSMUST00000167868.8;ENSMUST00000177567.8;ENSMUST00000193932.6;
Q9DCP9	Q9DCP9;		ENSMUST00000000356.10;
Q9DCR2	Q9DCR2;		ENSMUST00000025357.9;
Q9DCS3	Q9DCS3;		ENSMUST00000030742.11;
Q9DCT2	Q9DCT2;	6G2J;6G72;6ZR2;6ZTQ;7AK5;7AK6;7B93;7PSA;8C2S;8CA3;8CA5;8IAO;8IAP;8IB4;8IB5;8IB9;8IBA;8IBD;8IBE;8IC2;8IC3;8OLT;8OM1;8PW5;8PW6;8PW7;8RGP;8RGQ;8RGR;8RGT;	ENSMUST00000005647.4;
Q9DCV3	Q9DCV3;		ENSMUST00000033001.6;
Q9DCV6	Q9DCV6;		ENSMUST00000025314.7;ENSMUST00000235904.2;
Q9DCW4	Q9DCW4;		ENSMUST00000004729.5;
Q9DCX8	Q9DCX8;	3GB5;3GFD;3GH8;3TNZ;3TO0;	ENSMUST00000019896.5;
Q9DCZ4	Q9DCZ4;		ENSMUST00000113895.2 [Q9DCZ4-2];ENSMUST00000113896.8 [Q9DCZ4-2];ENSMUST00000113897.9 [Q9DCZ4-3];ENSMUST00000113898.8 [Q9DCZ4-1];
Q9DD02	Q9DD02;		ENSMUST00000075010.12 [Q9DD02-2];ENSMUST00000153470.9 [Q9DD02-1];
Q9DD03	Q9DD03;		ENSMUST00000065418.7;
Q9DD06	Q9DD06;		ENSMUST00000204267.3;ENSMUST00000204930.3;
Q9EP52	Q9EP52;		ENSMUST00000024906.6;ENSMUST00000233580.2;
Q9EP53	Q9EP53;		ENSMUST00000028155.12 [Q9EP53-2];ENSMUST00000113867.9 [Q9EP53-3];ENSMUST00000113869.8 [Q9EP53-1];ENSMUST00000113870.3 [Q9EP53-2];
Q9EP64	Q9EP64;		ENSMUST00000033602.9;
Q9EP66	Q9EP66;		ENSMUST00000057145.7;
Q9EP69	Q9EP69;		ENSMUST00000026270.9;ENSMUST00000238984.2;
Q9EP71	Q9EP71;		ENSMUST00000090339.11;ENSMUST00000169385.3;
Q9EP73	Q9EP73;	6SRU;	ENSMUST00000016640.8;
Q9EP78	Q9EP78;		ENSMUST00000044138.8;
Q9EP95	Q9EP95;		ENSMUST00000238847.2;
Q9EP96	Q9EP96;		ENSMUST00000032364.14 [Q9EP96-1];ENSMUST00000165990.8 [Q9EP96-1];
Q9EP97	Q9EP97;		ENSMUST00000005336.9;ENSMUST00000066760.8;
Q9EP98	Q9EP98;		
Q9EPA7	Q9EPA7;		ENSMUST00000030845.13;ENSMUST00000105693.2;
Q9EPB4	Q9EPB4;	2N1F;	ENSMUST00000033056.5;
Q9EPB7	Q9EPB7;		ENSMUST00000090473.7;
Q9EPC1	Q9EPC1;		ENSMUST00000033030.14;ENSMUST00000106643.8;
Q9EPC2	Q9EPC2;		ENSMUST00000000186.9;
Q9EPK2	Q9EPK2;		ENSMUST00000033372.13 [Q9EPK2-1];ENSMUST00000115387.8 [Q9EPK2-4];ENSMUST00000115391.8 [Q9EPK2-1];ENSMUST00000133619.2 [Q9EPK2-3];ENSMUST00000134349.8 [Q9EPK2-2];
Q9EPK5	Q9EPK5;	5GN0;	ENSMUST00000029380.14 [Q9EPK5-1];ENSMUST00000120977.2 [Q9EPK5-2];
Q9EPK8	Q9EPK8;	8J1B;8J1D;8J1F;8J1H;8JKM;	ENSMUST00000071968.9;ENSMUST00000112225.8;
Q9EPL0	Q9EPL0;		ENSMUST00000116349.9;
Q9EPL2	Q9EPL2;	6F9I;	ENSMUST00000039144.7 [Q9EPL2-1];ENSMUST00000105691.8 [Q9EPL2-2];
Q9EPL4	Q9EPL4;		ENSMUST00000033163.8;
Q9EPL5	Q9EPL5;		ENSMUST00000217651.3;
Q9EPL8	Q9EPL8;		ENSMUST00000084731.5;
Q9EPM5	Q9EPM5;		ENSMUST00000102599.4 [Q9EPM5-1];
Q9EPN1			ENSMUST00000029374.8 [Q9EPN1-1];
Q9EPQ1	Q9EPQ1;		ENSMUST00000059349.6;ENSMUST00000197315.5;
Q9EPQ2	Q9EPQ2;		ENSMUST00000111603.10 [Q9EPQ2-1];
Q9EPQ8	Q9EPQ8;		ENSMUST00000048966.7 [Q9EPQ8-2];ENSMUST00000109510.10 [Q9EPQ8-1];
Q9EPR2	Q9EPR2;		ENSMUST00000029629.15 [Q9EPR2-1];ENSMUST00000061165.9 [Q9EPR2-2];
Q9EPR4	Q9EPR4;		ENSMUST00000028815.15 [Q9EPR4-1];
Q9EPR5	Q9EPR5;	6FFY;6FG9;	ENSMUST00000037370.14;
Q9EPS3	Q9EPS3;		ENSMUST00000034785.8;ENSMUST00000185675.7;
Q9EPT5	Q9EPT5;		ENSMUST00000035148.13 [Q9EPT5-1];ENSMUST00000188664.2 [Q9EPT5-2];
Q9EPU0	Q9EPU0;		ENSMUST00000075666.8 [Q9EPU0-1];ENSMUST00000215817.2 [Q9EPU0-2];
Q9EPU5	Q9EPU5;	4YN0;	ENSMUST00000024708.6;
Q9EPW0	Q9EPW0;		
Q9EPW2	Q9EPW2;		ENSMUST00000032174.12;ENSMUST00000113530.4;ENSMUST00000203039.3;ENSMUST00000203607.2;
Q9EPW9	Q9EPW9;	3A79;	ENSMUST00000062315.7;
Q9EPZ6	Q9EPZ6;		
Q9EQ00	Q9EQ00;		ENSMUST00000110408.3;
Q9EQ09	Q9EQ09;		ENSMUST00000032265.13;
Q9EQ14	Q9EQ14;		ENSMUST00000026449.3;
Q9EQ21	Q9EQ21;		ENSMUST00000062620.9;
Q9EQ28	Q9EQ28;		
Q9EQ31	Q9EQ31;		ENSMUST00000039164.4;
Q9EQ32	Q9EQ32;		ENSMUST00000059672.9 [Q9EQ32-1];
Q9EQ61	Q9EQ61;		ENSMUST00000020705.5;
Q9EQ79	Q9EQ79;		
Q9EQ80	Q9EQ80;		ENSMUST00000087521.13;ENSMUST00000171597.2;
Q9EQC1	Q9EQC1;		ENSMUST00000046863.12;
Q9EQC4	Q9EQC4;		ENSMUST00000034796.14;
Q9EQC5	Q9EQC5;		ENSMUST00000236978.2;
Q9EQD0	Q9EQD0;	8S7C;	ENSMUST00000063982.7;ENSMUST00000116133.4;
Q9EQF2	Q9EQF2;		ENSMUST00000031899.14;
Q9EQF4	Q9EQF4;	5EJN;5JYJ;	ENSMUST00000034409.14 [Q9EQF4-1];
Q9EQF5	Q9EQF5;		ENSMUST00000022915.11;ENSMUST00000110306.9;
Q9EQG7	Q9EQG7;	5VEN;5VEO;	ENSMUST00000024756.5;ENSMUST00000154166.8;
Q9EQG9	Q9EQG9;		ENSMUST00000077672.12 [Q9EQG9-1];ENSMUST00000109444.3 [Q9EQG9-2];
Q9EQH2	Q9EQH2;		ENSMUST00000169114.3;
Q9EQH3	Q9EQH3;	6VAB;6VAC;7U6F;8TTA;8TTC;	ENSMUST00000034131.10;
Q9EQH4	Q9EQH4;		ENSMUST00000067103.4 [Q9EQH4-1];ENSMUST00000233121.2 [Q9EQH4-2];ENSMUST00000233174.2 [Q9EQH4-3];
Q9EQH7	Q9EQH7;		ENSMUST00000137404.8 [Q9EQH7-2];
Q9EQJ0	Q9EQJ0;	6C96;6C9A;	ENSMUST00000046426.10 [Q9EQJ0-1];
Q9EQJ9	Q9EQJ9;		ENSMUST00000064371.14 [Q9EQJ9-2];ENSMUST00000122303.2 [Q9EQJ9-2];
Q9EQK7	Q9EQK7;		
Q9EQM0	Q9EQM0;		
Q9EQM6	Q9EQM6;		ENSMUST00000009321.11;
Q9EQN3	Q9EQN3;		ENSMUST00000100539.10;
Q9EQN9	Q9EQN9;		ENSMUST00000044021.12 [Q9EQN9-1];ENSMUST00000159230.8 [Q9EQN9-2];
Q9EQP2	Q9EQP2;	5MTV;5MVF;7SOX;	ENSMUST00000028755.8;
Q9EQQ0	Q9EQQ0;		
Q9EQQ2	Q9EQQ2;		ENSMUST00000025364.6;
Q9EQQ9	Q9EQQ9;		ENSMUST00000026243.5 [Q9EQQ9-1];
Q9EQR3	Q9EQR3;		
Q9EQR5	Q9EQR5;		ENSMUST00000048077.12;
Q9EQT3	Q9EQT3;		ENSMUST00000045487.4;
Q9EQU3	Q9EQU3;	3WPF;3WPG;3WPH;3WPI;4QDH;5ZLN;	ENSMUST00000062241.11;
Q9EQU5	Q9EQU5;		ENSMUST00000067996.7 [Q9EQU5-2];ENSMUST00000102866.10 [Q9EQU5-1];
Q9EQW6	Q9EQW6;		ENSMUST00000035608.10;
Q9EQW7	Q9EQW7;	5DJO;	
Q9EQW8	Q9EQW8;		ENSMUST00000173932.8;
Q9EQX0	Q9EQX0;	2JSH;2JSI;2JSJ;	ENSMUST00000064993.8 [Q9EQX0-1];ENSMUST00000203770.3 [Q9EQX0-1];ENSMUST00000204163.3 [Q9EQX0-2];
Q9EQY0	Q9EQY0;	4PL3;4PL4;4PL5;	ENSMUST00000001059.9 [Q9EQY0-1];ENSMUST00000106801.8 [Q9EQY0-2];
Q9EQZ6	Q9EQZ6;	1O7F;2BYV;3CF6;4F7Z;4MGI;4MGK;4MGY;4MGZ;4MH0;	ENSMUST00000090826.12 [Q9EQZ6-1];ENSMUST00000102698.10 [Q9EQZ6-3];
Q9EQZ7	Q9EQZ7;		ENSMUST00000082054.12 [Q9EQZ7-1];ENSMUST00000226410.2 [Q9EQZ7-2];
Q9ER00	Q9ER00;		ENSMUST00000030698.5;
Q9ER35	Q9ER35;		ENSMUST00000026175.9;
Q9ER39	Q9ER39;	6FV0;	ENSMUST00000028200.9;
Q9ER41	Q9ER41;		ENSMUST00000028199.12;
Q9ER42	Q9ER42;		ENSMUST00000021813.5;
Q9ER60	Q9ER60;		
Q9ER62	Q9ER62;		ENSMUST00000075588.13 [Q9ER62-1];ENSMUST00000084396.4 [Q9ER62-2];ENSMUST00000146692.8 [Q9ER62-2];
Q9ER65	Q9ER65;		ENSMUST00000035027.13 [Q9ER65-1];ENSMUST00000162295.2 [Q9ER65-2];
Q9ER69	Q9ER69;		ENSMUST00000159986.8 [Q9ER69-2];ENSMUST00000160781.8 [Q9ER69-2];
Q9ER71	Q9ER71;		ENSMUST00000055390.6 [Q9ER71-1];
Q9ER74	Q9ER74;		
Q9ER75	Q9ER75;		ENSMUST00000167261.3;
Q9ER97	Q9ER97;	1Q1F;1W92;2VRY;3GK9;3GKT;3GLN;4MU5;4NZI;4O1T;4O2G;4O35;4O4T;4O4Z;5EET;5EOH;5EQM;5EU2;5EV5;5EYJ;5EYS;5F0B;5F2A;5MJC;5MJD;5NVI;5NW6;5O17;5O18;5O1K;5O27;6EYE;6H5Z;6H6C;6H6I;6H6J;6I3T;6I40;6R1Q;6RA6;7OHD;	ENSMUST00000021420.14;
Q9ER99	Q9ER99;		
Q9ERA6	Q9ERA6;		ENSMUST00000031288.14;
Q9ERB5	Q9ERB5;		ENSMUST00000032362.12;
Q9ERC8	Q9ERC8;		ENSMUST00000056102.9;
Q9ERD7	Q9ERD7;		ENSMUST00000071134.4;
Q9ERE3	Q9ERE3;	1XTE;1XTN;	ENSMUST00000097826.6;ENSMUST00000166384.8;ENSMUST00000168907.8;ENSMUST00000171265.8;
Q9ERE7	Q9ERE7;	2I9S;2KGL;2KMI;2RQK;2RQM;3OFH;	ENSMUST00000094215.10;
Q9ERE9	Q9ERE9;		ENSMUST00000023291.6;
Q9ERG0	Q9ERG0;		ENSMUST00000073691.5 [Q9ERG0-1];ENSMUST00000109024.9 [Q9ERG0-2];
Q9ERG2	Q9ERG2;		ENSMUST00000013130.15;
Q9ERH4	Q9ERH4;		ENSMUST00000028771.8 [Q9ERH4-2];ENSMUST00000068225.15 [Q9ERH4-1];
Q9ERH7	Q9ERH7;		ENSMUST00000028600.14;ENSMUST00000111124.8;
Q9ERH8	Q9ERH8;		ENSMUST00000022036.14;
Q9ERI2	Q9ERI2;	3BC1;	ENSMUST00000034722.5;ENSMUST00000184146.8;
Q9ERI5	Q9ERI5;		ENSMUST00000047616.10 [Q9ERI5-1];
Q9ERK0	Q9ERK0;	5WNI;5WNJ;5WNK;5WNL;5WNM;	ENSMUST00000019386.10;
Q9ERK7	Q9ERK7;		ENSMUST00000029562.5;
Q9ERL9	Q9ERL9;		ENSMUST00000048976.8;ENSMUST00000193924.6;
Q9ERP3	Q9ERP3;		ENSMUST00000013771.15;
Q9ERQ3	Q9ERQ3;		ENSMUST00000041124.13;
Q9ERR1	Q9ERR1;	5YI4;6KZJ;	ENSMUST00000018880.14 [Q9ERR1-1];ENSMUST00000101017.9 [Q9ERR1-2];ENSMUST00000108672.2 [Q9ERR1-2];
Q9ERS2	Q9ERS2;	6G2J;6G72;6ZR2;6ZTQ;7AK5;7AK6;7B93;7PSA;8C2S;8CA3;8CA5;8IAO;8IAP;8IB4;8IB5;8IB9;8IBA;8IBD;8IBE;8IC2;8IC3;8OLT;8OM1;8PW5;8PW6;8PW7;8RGP;8RGQ;8RGR;8RGT;	ENSMUST00000110167.5;
Q9ERS5	Q9ERS5;	1V5P;	ENSMUST00000064883.14;ENSMUST00000128715.8;
Q9ERS7	Q9ERS7;		ENSMUST00000095020.9;ENSMUST00000194296.6;
Q9ERU9			ENSMUST00000003310.7;
Q9ERV1	Q9ERV1;		ENSMUST00000000449.9;
Q9ERV7	Q9ERV7;		ENSMUST00000026580.12;ENSMUST00000106005.9;
Q9ERZ3	Q9ERZ3;		ENSMUST00000063093.10;ENSMUST00000187510.7;
Q9ERZ4	Q9ERZ4;		ENSMUST00000172278.8;
Q9ERZ6	Q9ERZ6;		ENSMUST00000131615.9 [Q9ERZ6-1];
Q9ES00	Q9ES00;	2KR4;	ENSMUST00000103212.10;
Q9ES03	Q9ES03;		ENSMUST00000052946.12 [Q9ES03-1];ENSMUST00000166018.4 [Q9ES03-2];
Q9ES07	Q9ES07;		
Q9ES17	Q9ES17;		ENSMUST00000029273.8;
Q9ES18	Q9ES18;		ENSMUST00000003238.14;
Q9ES28	Q9ES28;	2ESW;6JMT;	ENSMUST00000098938.9 [Q9ES28-8];ENSMUST00000110909.9 [Q9ES28-5];
Q9ES30	Q9ES30;		ENSMUST00000022853.15;
Q9ES34	Q9ES34;		ENSMUST00000074002.12;
Q9ES46	Q9ES46;		ENSMUST00000023072.7;
Q9ES52	Q9ES52;	6DLG;	ENSMUST00000042275.15 [Q9ES52-2];ENSMUST00000072999.13 [Q9ES52-4];ENSMUST00000167032.2 [Q9ES52-5];ENSMUST00000168783.8 [Q9ES52-3];ENSMUST00000169754.8 [Q9ES52-1];ENSMUST00000170300.8 [Q9ES52-6];
Q9ES56	Q9ES56;		ENSMUST00000034623.8;
Q9ES57	Q9ES57;	4BFG;4BFI;	ENSMUST00000057488.15;
Q9ES63	Q9ES63;		ENSMUST00000054055.7;ENSMUST00000198068.3;ENSMUST00000200535.6;
Q9ES64	Q9ES64;	1V6B;	
Q9ES70	Q9ES70;		ENSMUST00000054234.10;ENSMUST00000112895.8;
Q9ES74	Q9ES74;		ENSMUST00000186017.7;ENSMUST00000187407.7;
Q9ES82	Q9ES82;		ENSMUST00000114739.2;
Q9ES83	Q9ES83;		ENSMUST00000095715.5;
Q9ES88	Q9ES88;		ENSMUST00000001122.6;
Q9ES89	Q9ES89;	1OMX;1OMZ;1ON6;1ON8;	ENSMUST00000029575.12;ENSMUST00000106502.2;
Q9ES90	Q9ES90;		ENSMUST00000064480.7;ENSMUST00000169198.3;ENSMUST00000186298.7;
Q9ES97	Q9ES97;		ENSMUST00000025667.14 [Q9ES97-4];ENSMUST00000065304.13 [Q9ES97-1];ENSMUST00000088169.7 [Q9ES97-3];ENSMUST00000088171.12 [Q9ES97-2];ENSMUST00000235593.2 [Q9ES97-5];
Q9ESB3	Q9ESB3;		
Q9ESC8	Q9ESC8;		ENSMUST00000060945.12;
Q9ESD1	Q9ESD1;		
Q9ESD7	Q9ESD7;		ENSMUST00000081904.7 [Q9ESD7-2];ENSMUST00000113818.8 [Q9ESD7-3];ENSMUST00000168387.8 [Q9ESD7-1];
Q9ESE1			
Q9ESF1	Q9ESF1;		
Q9ESG2	Q9ESG2;		ENSMUST00000023530.5;
Q9ESG4	Q9ESG4;		ENSMUST00000015545.10;ENSMUST00000112280.8;
Q9ESG8	Q9ESG8;		ENSMUST00000026154.9;
Q9ESG9	Q9ESG9;		ENSMUST00000024701.9;
Q9ESJ1	Q9ESJ1;		ENSMUST00000046948.10;
Q9ESJ7	Q9ESJ7;		ENSMUST00000113245.9;
Q9ESK4	Q9ESK4;	1WES;2G6Q;	ENSMUST00000080353.3;
Q9ESK9	Q9ESK9;		ENSMUST00000027040.13;
Q9ESL4	Q9ESL4;		ENSMUST00000090824.12 [Q9ESL4-1];ENSMUST00000135469.8 [Q9ESL4-2];
Q9ESM6	Q9ESM6;		ENSMUST00000019503.14;ENSMUST00000113744.2;
Q9ESN2	Q9ESN2;		
Q9ESN3	Q9ESN3;		ENSMUST00000025010.14 [Q9ESN3-1];ENSMUST00000128597.3 [Q9ESN3-2];
Q9ESN4	Q9ESN4;	4QQH;4QQL;4QQO;4QQP;5YBZ;	ENSMUST00000061545.7;
Q9ESN6	Q9ESN6;		ENSMUST00000065380.13;ENSMUST00000107691.8;ENSMUST00000107692.8;ENSMUST00000107693.9;
Q9ESN9	Q9ESN9;	6EJN;	ENSMUST00000088345.12 [Q9ESN9-1];ENSMUST00000115228.9 [Q9ESN9-5];ENSMUST00000117509.8 [Q9ESN9-3];ENSMUST00000119115.8 [Q9ESN9-2];ENSMUST00000120035.8 [Q9ESN9-4];ENSMUST00000146923.8 [Q9ESN9-1];
Q9ESP5	Q9ESP5;		ENSMUST00000022262.6;ENSMUST00000224714.2;
Q9ESS0	Q9ESS0;		ENSMUST00000048655.8;
Q9ESS2	Q9ESS2;		ENSMUST00000219228.2;
Q9EST1	Q9EST1;		ENSMUST00000017348.3;
Q9EST3	Q9EST3;		ENSMUST00000020734.11 [Q9EST3-2];ENSMUST00000110048.8 [Q9EST3-2];ENSMUST00000110049.8 [Q9EST3-1];ENSMUST00000179770.8 [Q9EST3-1];
Q9EST5	Q9EST5;		ENSMUST00000102926.5 [Q9EST5-1];
Q9EST8	Q9EST8;		ENSMUST00000036273.13 [Q9EST8-1];ENSMUST00000096026.9 [Q9EST8-2];ENSMUST00000114457.8 [Q9EST8-2];ENSMUST00000114458.8 [Q9EST8-1];
Q9ESU6	Q9ESU6;	2DWW;2JNS;3JVJ;3JVK;3JVL;3JVM;3MUK;3MUL;	ENSMUST00000120276.9 [Q9ESU6-2];ENSMUST00000121285.8 [Q9ESU6-1];
Q9ESU7			ENSMUST00000108496.9;
Q9ESW4	Q9ESW4;		ENSMUST00000031977.12 [Q9ESW4-1];
Q9ESX2	Q9ESX2;		ENSMUST00000047997.8;ENSMUST00000107622.2;
Q9ESX5	Q9ESX5;		ENSMUST00000033776.15;
Q9ESY9	Q9ESY9;	6NWX;	ENSMUST00000222087.4;
Q9ESZ8	Q9ESZ8;	1Q60;	ENSMUST00000059042.15 [Q9ESZ8-1];ENSMUST00000082057.10 [Q9ESZ8-6];ENSMUST00000111261.12 [Q9ESZ8-2];ENSMUST00000173888.8 [Q9ESZ8-5];ENSMUST00000174155.8 [Q9ESZ8-1];ENSMUST00000174354.8 [Q9ESZ8-2];ENSMUST00000174513.8 [Q9ESZ8-4];ENSMUST00000174772.8 [Q9ESZ8-6];
Q9ET01	Q9ET01;		ENSMUST00000071250.13;
Q9ET22	Q9ET22;		ENSMUST00000028332.8;
Q9ET26	Q9ET26;		ENSMUST00000078050.7;ENSMUST00000109214.8;
Q9ET38	Q9ET38;	3X29;	ENSMUST00000084309.12 [Q9ET38-1];ENSMUST00000094823.4 [Q9ET38-2];
Q9ET39	Q9ET39;		ENSMUST00000171330.7 [Q9ET39-2];ENSMUST00000194561.2 [Q9ET39-3];ENSMUST00000195656.6 [Q9ET39-1];
Q9ET47	Q9ET47;	5ET0;5ET1;	ENSMUST00000030785.15 [Q9ET47-1];ENSMUST00000070018.14 [Q9ET47-2];ENSMUST00000080042.13 [Q9ET47-4];ENSMUST00000084114.12 [Q9ET47-3];ENSMUST00000105653.8 [Q9ET47-7];ENSMUST00000105657.9 [Q9ET47-5];
Q9ET54	Q9ET54;	2LQR;	ENSMUST00000034057.14 [Q9ET54-2];ENSMUST00000121200.9 [Q9ET54-3];ENSMUST00000121493.9 [Q9ET54-4];ENSMUST00000121785.9 [Q9ET54-1];
Q9ET66	Q9ET66;		ENSMUST00000114701.10 [Q9ET66-1];ENSMUST00000155348.3 [Q9ET66-2];
Q9ET77	Q9ET77;		ENSMUST00000026357.12;ENSMUST00000167439.2;
Q9ET78	Q9ET78;		ENSMUST00000017961.11;ENSMUST00000109425.3;
Q9ET80	Q9ET80;		ENSMUST00000038382.5;
Q9JHC0			
Q9JHD1	Q9JHD1;	5ML0;	ENSMUST00000000724.15;
Q9JHD2	Q9JHD2;	7BY1;	ENSMUST00000103118.4;
Q9JHE3	Q9JHE3;		ENSMUST00000096119.5;ENSMUST00000236030.2;ENSMUST00000236504.2;ENSMUST00000237104.2;
Q9JHE4	Q9JHE4;		ENSMUST00000063004.14;ENSMUST00000078757.8;ENSMUST00000109981.2;
Q9JHE6	Q9JHE6;		ENSMUST00000086851.2;
Q9JHF5			ENSMUST00000001801.11;ENSMUST00000126070.9;ENSMUST00000145791.8;
Q9JHF7	Q9JHF7;		ENSMUST00000031982.5;
Q9JHF9	Q9JHF9;	2Z64;3VQ1;3VQ2;5IJB;5IJC;5IJD;7MLM;8WQT;8WRY;8WSA;	ENSMUST00000026881.11;
Q9JHG0	Q9JHG0;		ENSMUST00000063871.13;
Q9JHG6	Q9JHG6;	1WEY;	ENSMUST00000023672.10 [Q9JHG6-2];ENSMUST00000060005.15 [Q9JHG6-1];ENSMUST00000231410.2 [Q9JHG6-3];ENSMUST00000232197.2 [Q9JHG6-3];ENSMUST00000232239.2 [Q9JHG6-4];
Q9JHG7	Q9JHG7;		ENSMUST00000053215.14;ENSMUST00000085469.6;ENSMUST00000156904.8;ENSMUST00000220366.2;
Q9JHH2	Q9JHH2;		ENSMUST00000009396.13 [Q9JHH2-1];
Q9JHH6	Q9JHH6;		ENSMUST00000022576.10;
Q9JHI0	Q9JHI0;		ENSMUST00000026411.8;
Q9JHI4	Q9JHI4;		ENSMUST00000031713.9 [Q9JHI4-1];
Q9JHI5	Q9JHI5;		ENSMUST00000028807.6;
Q9JHI7	Q9JHI7;		ENSMUST00000029269.12;
Q9JHI8	Q9JHI8;		ENSMUST00000032781.14 [Q9JHI8-1];ENSMUST00000068829.13 [Q9JHI8-3];
Q9JHI9	Q9JHI9;		ENSMUST00000027137.11;
Q9JHJ3	Q9JHJ3;	6NYQ;8R8Q;	ENSMUST00000177005.8;
Q9JHJ7	Q9JHJ7;		ENSMUST00000024928.4;
Q9JHJ8	Q9JHJ8;		ENSMUST00000105393.3 [Q9JHJ8-1];
Q9JHK5	Q9JHK5;	1UHW;	ENSMUST00000102881.10;
Q9JHL0	Q9JHL0;		ENSMUST00000036362.13 [Q9JHL0-1];ENSMUST00000077636.8 [Q9JHL0-2];ENSMUST00000200998.4 [Q9JHL0-1];
Q9JHL1	Q9JHL1;		
Q9JHP7	Q9JHP7;		ENSMUST00000027213.14 [Q9JHP7-2];ENSMUST00000065767.9 [Q9JHP7-1];
Q9JHQ5	Q9JHQ5;		ENSMUST00000026274.14;
Q9JHR7	Q9JHR7;		
Q9JHR9	Q9JHR9;		ENSMUST00000001561.12 [Q9JHR9-2];ENSMUST00000120405.4 [Q9JHR9-1];
Q9JHS3	Q9JHS3;	1SKO;1SZV;1VET;1VEU;2ZL1;3CPT;	ENSMUST00000029698.15;
Q9JHS4	Q9JHS4;		ENSMUST00000015501.11;
Q9JHU3	Q9JHU3;		ENSMUST00000021939.8 [Q9JHU3-1];
Q9JHU4		3ERR;3J1T;3J1U;3WUQ;5AYH;6RZA;6RZB;	ENSMUST00000018851.14;
Q9JHW2	Q9JHW2;	2W1V;	ENSMUST00000023432.10;
Q9JHW4	Q9JHW4;		ENSMUST00000165242.4;
Q9JHW9	Q9JHW9;		ENSMUST00000015278.15;
Q9JHX3	Q9JHX3;		ENSMUST00000033000.8;
Q9JHZ2	Q9JHZ2;		ENSMUST00000022875.7;
Q9JI10	Q9JI10;		ENSMUST00000018476.14 [Q9JI10-1];ENSMUST00000067033.8 [Q9JI10-2];
Q9JI11	Q9JI11;		ENSMUST00000018353.14;
Q9JI13	Q9JI13;		ENSMUST00000090413.6 [Q9JI13-1];
Q9JI18			
Q9JI33	Q9JI33;	4WNX;	ENSMUST00000020204.5;
Q9JI39	Q9JI39;		ENSMUST00000075578.7;
Q9JI44	Q9JI44;		ENSMUST00000102687.4 [Q9JI44-1];
Q9JI46	Q9JI46;		ENSMUST00000025050.13;
Q9JI57	Q9JI57;		ENSMUST00000073161.12 [Q9JI57-2];ENSMUST00000074114.12 [Q9JI57-8];ENSMUST00000100650.10 [Q9JI57-5];ENSMUST00000100652.10 [Q9JI57-1];ENSMUST00000100654.10 [Q9JI57-9];ENSMUST00000111245.9 [Q9JI57-7];ENSMUST00000167084.9 [Q9JI57-10];ENSMUST00000200944.4 [Q9JI57-10];ENSMUST00000202554.4 [Q9JI57-6];
Q9JI59	Q9JI59;	5GMJ;	ENSMUST00000114195.8;
Q9JI60	Q9JI60;	4Q95;	ENSMUST00000029632.7;
Q9JI70	Q9JI70;		ENSMUST00000028730.13;ENSMUST00000110089.9;
Q9JI71	Q9JI71;		ENSMUST00000102517.4;
Q9JI76	Q9JI76;		ENSMUST00000008582.4;
Q9JI78	Q9JI78;	2D5U;2F4M;2F4O;2G9F;2G9G;2HPJ;2HPL;2I74;	ENSMUST00000022310.7;
Q9JI81	Q9JI81;		ENSMUST00000021891.5;
Q9JI90	Q9JI90;		ENSMUST00000072376.13 [Q9JI90-1];ENSMUST00000171461.3 [Q9JI90-1];ENSMUST00000236116.2 [Q9JI90-1];ENSMUST00000236649.2 [Q9JI90-2];
Q9JI91	Q9JI91;		ENSMUST00000064204.14;ENSMUST00000168193.8;
Q9JI99	Q9JI99;		ENSMUST00000021450.6;
Q9JIA1	Q9JIA1;	8HPW;8HPX;	ENSMUST00000198045.5 [Q9JIA1-3];ENSMUST00000198518.5 [Q9JIA1-1];
Q9JIA7	Q9JIA7;		ENSMUST00000072836.7;ENSMUST00000107737.11;ENSMUST00000210060.2;
Q9JIB0	Q9JIB0;		ENSMUST00000038644.5;
Q9JIB6	Q9JIB6;		ENSMUST00000042220.3;ENSMUST00000118574.8;
Q9JID9	Q9JID9;	1V5M;	ENSMUST00000005188.14;ENSMUST00000196397.5;
Q9JIF0	Q9JIF0;		ENSMUST00000107843.11 [Q9JIF0-1];ENSMUST00000207370.2 [Q9JIF0-2];
Q9JIF3	Q9JIF3;		ENSMUST00000028129.13;
Q9JIF7	Q9JIF7;	5A1U;5A1V;5A1W;5A1X;5A1Y;5NZR;5NZS;5NZT;5NZU;5NZV;	ENSMUST00000033012.9;
Q9JIH2	Q9JIH2;	2C1M;	ENSMUST00000165443.4;ENSMUST00000230411.2;
Q9JII1	Q9JII1;		ENSMUST00000145701.8;
Q9JII5	Q9JII5;		ENSMUST00000092305.6 [Q9JII5-1];ENSMUST00000105362.8 [Q9JII5-2];
Q9JII6	Q9JII6;	4GAC;	ENSMUST00000030455.15;
Q9JIK5	Q9JIK5;	3ZIN;	ENSMUST00000045866.9;
Q9JIL4	Q9JIL4;	2D90;2EDZ;3NGH;3R68;3R69;4F8K;4R2Z;	
Q9JIM1	Q9JIM1;		ENSMUST00000051574.13 [Q9JIM1-1];ENSMUST00000064889.13 [Q9JIM1-2];ENSMUST00000097317.10 [Q9JIM1-1];ENSMUST00000163492.8 [Q9JIM1-2];ENSMUST00000166119.8 [Q9JIM1-1];ENSMUST00000167692.8 [Q9JIM1-1];ENSMUST00000171847.8 [Q9JIM1-2];
Q9JIP3	Q9JIP3;	3VBC;	ENSMUST00000016110.13 [Q9JIP3-1];
Q9JIP4	Q9JIP4;	8A3B;	ENSMUST00000164273.9;
Q9JIP6	Q9JIP6;		ENSMUST00000057893.7;
Q9JIP7	Q9JIP7;	5A9D;	ENSMUST00000088386.8;
Q9JIQ3	Q9JIQ3;		ENSMUST00000111587.10;ENSMUST00000125652.8;
Q9JIQ8	Q9JIQ8;		ENSMUST00000000395.8;
Q9JIS5	Q9JIS5;		ENSMUST00000035371.9;
Q9JIS7	Q9JIS7;		
Q9JIS8	Q9JIS8;		ENSMUST00000116429.9;
Q9JIW4	Q9JIW4;	2IHM;6GO3;6GO4;6GO5;6GO6;6GO7;	ENSMUST00000020767.4;
Q9JIW5	Q9JIW5;		ENSMUST00000029371.3;
Q9JIW9	Q9JIW9;		ENSMUST00000004565.15;
Q9JIX8	Q9JIX8;		ENSMUST00000022793.15 [Q9JIX8-1];ENSMUST00000111484.9 [Q9JIX8-4];ENSMUST00000126166.8 [Q9JIX8-3];ENSMUST00000148754.10 [Q9JIX8-2];ENSMUST00000167015.8 [Q9JIX8-2];
Q9JIX9	Q9JIX9;		
Q9JIY2	Q9JIY2;	2MQ1;3VK6;	ENSMUST00000101499.10 [Q9JIY2-1];ENSMUST00000185739.8 [Q9JIY2-2];ENSMUST00000188326.3 [Q9JIY2-4];
Q9JIY5	Q9JIY5;		ENSMUST00000089645.13;
Q9JIY7	Q9JIY7;		ENSMUST00000032073.7;
Q9JIY8	Q9JIY8;		ENSMUST00000087656.5;ENSMUST00000174143.2;
Q9JIZ5			ENSMUST00000005862.9;
Q9JIZ9	Q9JIZ9;		ENSMUST00000019605.4;ENSMUST00000108632.8;ENSMUST00000108633.9;
Q9JJ00	Q9JJ00;		ENSMUST00000093801.10;ENSMUST00000186364.2;
Q9JJ04	Q9JJ04;		ENSMUST00000023482.13;ENSMUST00000114712.8;
Q9JJ06	Q9JJ06;		ENSMUST00000040159.6;
Q9JJ11	Q9JJ11;	4LPZ;4PKY;	
Q9JJ26	Q9JJ26;		ENSMUST00000023180.15;
Q9JJ28	Q9JJ28;		ENSMUST00000002889.5;
Q9JJ43	Q9JJ43;		ENSMUST00000056416.9 [Q9JJ43-1];ENSMUST00000115841.10 [Q9JJ43-1];ENSMUST00000229741.2 [Q9JJ43-3];ENSMUST00000230658.3 [Q9JJ43-1];ENSMUST00000231088.3 [Q9JJ43-4];ENSMUST00000249861.1 [Q9JJ43-5];
Q9JJ48	Q9JJ48;		ENSMUST00000028866.9;
Q9JJ57	Q9JJ57;		ENSMUST00000065970.6 [Q9JJ57-2];ENSMUST00000101368.9 [Q9JJ57-3];ENSMUST00000109340.9 [Q9JJ57-1];
Q9JJ59	Q9JJ59;	7V5C;7V5D;7VFI;	ENSMUST00000031354.11 [Q9JJ59-1];
Q9JJ61	Q9JJ61;		ENSMUST00000021558.8;ENSMUST00000218943.2;ENSMUST00000219993.2;
Q9JJ66	Q9JJ66;		ENSMUST00000006565.13;
Q9JJ69	Q9JJ69;		ENSMUST00000086993.11 [Q9JJ69-4];
Q9JJ78	Q9JJ78;		ENSMUST00000022612.10;
Q9JJ94	Q9JJ94;		ENSMUST00000028342.7;
Q9JJA7	Q9JJA7;		ENSMUST00000030944.11 [Q9JJA7-1];
Q9JJA9	Q9JJA9;		ENSMUST00000000543.6;
Q9JJC6	Q9JJC6;		ENSMUST00000062153.12;
Q9JJD0	Q9JJD0;		ENSMUST00000040445.9;
Q9JJE7	Q9JJE7;		ENSMUST00000115995.4;
Q9JJF2	Q9JJF2;		ENSMUST00000038860.12 [Q9JJF2-1];
Q9JJF3	Q9JJF3;		ENSMUST00000053744.9;
Q9JJF9	Q9JJF9;		ENSMUST00000028844.11;
Q9JJG0	Q9JJG0;		ENSMUST00000207282.2 [Q9JJG0-3];
Q9JJG9	Q9JJG9;		ENSMUST00000047860.9;
Q9JJH7	Q9JJH7;		ENSMUST00000009390.10 [Q9JJH7-1];ENSMUST00000150867.2 [Q9JJH7-3];
Q9JJI8	Q9JJI8;	6SWA;7CPU;7CPV;7LS1;7LS2;	ENSMUST00000077915.10;ENSMUST00000082092.5;ENSMUST00000106599.8;ENSMUST00000106602.10;
Q9JJJ3	Q9JJJ3;		ENSMUST00000074465.9;ENSMUST00000113570.8;
Q9JJJ7	Q9JJJ7;		ENSMUST00000077595.12 [Q9JJJ7-1];ENSMUST00000082320.12 [Q9JJJ7-2];ENSMUST00000089402.10 [Q9JJJ7-4];ENSMUST00000089403.10 [Q9JJJ7-3];
Q9JJK5	Q9JJK5;		ENSMUST00000161576.8;
Q9JJL3	Q9JJL3;		ENSMUST00000042812.9 [Q9JJL3-1];
Q9JJN0	Q9JJN0;		ENSMUST00000024749.9;
Q9JJN6	Q9JJN6;		ENSMUST00000030839.13;ENSMUST00000105692.2;
Q9JJP2	Q9JJP2;		ENSMUST00000097762.11 [Q9JJP2-4];ENSMUST00000105643.8 [Q9JJP2-3];ENSMUST00000105644.10 [Q9JJP2-1];ENSMUST00000133533.8 [Q9JJP2-2];
Q9JJR7	Q9JJR7;		ENSMUST00000035372.3;
Q9JJS0	Q9JJS0;		ENSMUST00000007423.12;
Q9JJS6	Q9JJS6;		ENSMUST00000034308.16;
Q9JJS7	Q9JJS7;		ENSMUST00000053373.2;
Q9JJT2	Q9JJT2;		ENSMUST00000028787.12 [Q9JJT2-5];ENSMUST00000066958.11 [Q9JJT2-1];ENSMUST00000110234.8 [Q9JJT2-6];ENSMUST00000110235.2 [Q9JJT2-3];ENSMUST00000110239.8 [Q9JJT2-4];ENSMUST00000110240.10 [Q9JJT2-2];
Q9JJT9	Q9JJT9;		ENSMUST00000008445.7;
Q9JJV2	Q9JJV2;	2V8C;2V8F;	ENSMUST00000066882.10 [Q9JJV2-1];ENSMUST00000119344.8 [Q9JJV2-3];ENSMUST00000122210.2 [Q9JJV2-3];
Q9JJV4	Q9JJV4;		ENSMUST00000021066.4;
Q9JJV5	Q9JJV5;		ENSMUST00000084615.10;
Q9JJV9	Q9JJV9;		ENSMUST00000120420.2 [Q9JJV9-1];
Q9JJW5	Q9JJW5;		ENSMUST00000029761.14;
Q9JJW6	Q9JJW6;	2F3J;2KT5;2YKA;	
Q9JJX6	Q9JJX6;		
Q9JJX7	Q9JJX7;	4GYZ;4GZ0;4GZ1;4GZ2;4PUQ;5HT2;5INK;5INL;5INM;5INN;5INP;5INQ;5J3Z;5J42;5TVP;5TVQ;	ENSMUST00000038039.3;
Q9JJX8	Q9JJX8;		ENSMUST00000094836.6;
Q9JJY3	Q9JJY3;		ENSMUST00000067512.8;ENSMUST00000212896.2;
Q9JJY4	Q9JJY4;		ENSMUST00000090680.11;
Q9JJY9	Q9JJY9;	6WEO;	ENSMUST00000096691.5;
Q9JJZ2	Q9JJZ2;		ENSMUST00000032233.9;
Q9JJZ4	Q9JJZ4;		ENSMUST00000124992.8;
Q9JJZ5	Q9JJZ5;		ENSMUST00000000412.3;
Q9JJZ6	Q9JJZ6;		ENSMUST00000063694.10;
Q9JJZ8	Q9JJZ8;		ENSMUST00000027288.10;ENSMUST00000194195.6;
Q9JJZ9	Q9JJZ9;		ENSMUST00000102999.2;
Q9JK24	Q9JK24;		ENSMUST00000021410.10;
Q9JK37	Q9JK37;		ENSMUST00000090469.8;
Q9JK38	Q9JK38;		ENSMUST00000046191.9;ENSMUST00000227468.2;
Q9JK42	Q9JK42;		ENSMUST00000038431.8;
Q9JK45	Q9JK45;		ENSMUST00000029667.13;
Q9JK48	Q9JK48;	1X43;	ENSMUST00000163279.6 [Q9JK48-1];ENSMUST00000198254.5 [Q9JK48-2];ENSMUST00000199531.5 [Q9JK48-3];
Q9JK81	Q9JK81;		ENSMUST00000113682.9;
Q9JK83	Q9JK83;	1NF3;6JUE;	ENSMUST00000052125.7 [Q9JK83-1];
Q9JK91	Q9JK91;		ENSMUST00000035079.10;
Q9JK95	Q9JK95;		ENSMUST00000019998.9;
Q9JK97	Q9JK97;		ENSMUST00000030376.8;
Q9JKB1	Q9JKB1;		ENSMUST00000002289.8;
Q9JKB3	Q9JKB3;		ENSMUST00000032309.13 [Q9JKB3-1];ENSMUST00000087865.4 [Q9JKB3-2];
Q9JKC0	Q9JKC0;		ENSMUST00000004936.10;ENSMUST00000201401.2;
Q9JKC6	Q9JKC6;		ENSMUST00000084436.10;ENSMUST00000124444.2;ENSMUST00000137488.2;
Q9JKC7	Q9JKC7;		ENSMUST00000019662.11;
Q9JKC8	Q9JKC8;		ENSMUST00000154460.8;
Q9JKD8	Q9JKD8;	5T1J;	ENSMUST00000001484.3;
Q9JKD9	Q9JKD9;	2KVF;2KVG;2KVH;	ENSMUST00000108150.2 [Q9JKD9-2];
Q9JKE1	Q9JKE1;		ENSMUST00000048065.6;
Q9JKE2	Q9JKE2;	1U9K;	ENSMUST00000048782.7;
Q9JKE5	Q9JKE5;		
Q9JKF1	Q9JKF1;		ENSMUST00000167377.3;
Q9JKF4	Q9JKF4;		ENSMUST00000024118.11 [Q9JKF4-1];ENSMUST00000112554.9 [Q9JKF4-2];
Q9JKF6	Q9JKF6;	2L7J;5B21;	ENSMUST00000034510.9;
Q9JKJ9	Q9JKJ9;		ENSMUST00000170988.2;
Q9JKK1	Q9JKK1;		ENSMUST00000027743.13 [Q9JKK1-1];ENSMUST00000195302.6 [Q9JKK1-2];
Q9JKK8	Q9JKK8;		
Q9JKL5	Q9JKL5;		ENSMUST00000031304.14;
Q9JKN1	Q9JKN1;		ENSMUST00000067485.4;
Q9JKN6	Q9JKN6;		ENSMUST00000021438.8;
Q9JKP5	Q9JKP5;		ENSMUST00000192607.6;
Q9JKQ4	Q9JKQ4;		ENSMUST00000034184.12;
Q9JKR6	Q9JKR6;		ENSMUST00000066601.13;ENSMUST00000160902.8;ENSMUST00000161318.8;
Q9JKS4	Q9JKS4;	1WJL;	ENSMUST00000022327.13 [Q9JKS4-1];ENSMUST00000022328.14 [Q9JKS4-3];ENSMUST00000022330.9 [Q9JKS4-5];ENSMUST00000090040.12 [Q9JKS4-2];ENSMUST00000227819.2 [Q9JKS4-6];ENSMUST00000228044.2 [Q9JKS4-4];
Q9JKS5	Q9JKS5;		
Q9JKT4	Q9JKT4;		ENSMUST00000053652.6;
Q9JKU8	Q9JKU8;		ENSMUST00000028003.9;ENSMUST00000111377.8;
Q9JKV1	Q9JKV1;	2R2Y;2Z59;	ENSMUST00000061437.5;
Q9JKV2	Q9JKV2;		ENSMUST00000044551.8;ENSMUST00000118869.8;
Q9JKW0	Q9JKW0;		ENSMUST00000032888.10;
Q9JKX3	Q9JKX3;		ENSMUST00000031729.13 [Q9JKX3-1];ENSMUST00000196471.5 [Q9JKX3-1];ENSMUST00000198783.5 [Q9JKX3-1];ENSMUST00000198866.5 [Q9JKX3-1];ENSMUST00000199054.5 [Q9JKX3-1];
Q9JKX4	Q9JKX4;		ENSMUST00000018841.3 [Q9JKX4-1];
Q9JKX6	Q9JKX6;		ENSMUST00000026927.10;
Q9JKX8	Q9JKX8;		ENSMUST00000023070.7;
Q9JKY0	Q9JKY0;		ENSMUST00000087215.7;
Q9JKY5	Q9JKY5;		ENSMUST00000000939.15;
Q9JKZ2	Q9JKZ2;		ENSMUST00000113975.3;
Q9JL04	Q9JL04;		ENSMUST00000030039.13;
Q9JL06	Q9JL06;		ENSMUST00000034325.6;ENSMUST00000164890.8;
Q9JL11	Q9JL11;		
Q9JL12	Q9JL12;		
Q9JL16	Q9JL16;		ENSMUST00000038142.15 [Q9JL16-2];ENSMUST00000118867.8 [Q9JL16-2];ENSMUST00000120331.4 [Q9JL16-2];ENSMUST00000121645.8 [Q9JL16-1];
Q9JL18	Q9JL18;		
Q9JL19	Q9JL19;		
Q9JL26	Q9JL26;		ENSMUST00000042286.12 [Q9JL26-1];
Q9JL27	Q9JL27;		ENSMUST00000069800.6;
Q9JL35	Q9JL35;		ENSMUST00000033597.9;
Q9JL56	Q9JL56;		ENSMUST00000038791.15;
Q9JL60	Q9JL60;		ENSMUST00000030733.9;ENSMUST00000105964.2;ENSMUST00000105965.8;ENSMUST00000168553.8;
Q9JL99	Q9JL99;		ENSMUST00000032262.14 [Q9JL99-1];ENSMUST00000112081.9 [Q9JL99-2];
Q9JLA2	Q9JLA2;		ENSMUST00000028361.5;
Q9JLB2	Q9JLB2;	1VA8;1VF6;	ENSMUST00000082024.7;
Q9JLB4			ENSMUST00000091436.7;
Q9JLB9	Q9JLB9;	3AXA;5B22;	ENSMUST00000023334.15 [Q9JLB9-1];ENSMUST00000023335.13 [Q9JLB9-2];ENSMUST00000096052.9 [Q9JLB9-3];
Q9JLC3		2KV1;	ENSMUST00000101800.7;ENSMUST00000115262.9;
Q9JLF6	Q9JLF6;		
Q9JLF7	Q9JLF7;		
Q9JLI3	Q9JLI3;		
Q9JLI6	Q9JLI6;		
Q9JLI7	Q9JLI7;		ENSMUST00000023468.6;
Q9JLI8	Q9JLI8;		ENSMUST00000019118.8 [Q9JLI8-1];ENSMUST00000197041.2 [Q9JLI8-2];
Q9JLJ0	Q9JLJ0;		ENSMUST00000023143.14;ENSMUST00000117360.8;
Q9JLJ1			ENSMUST00000112268.4;
Q9JLJ2	Q9JLJ2;		ENSMUST00000028004.11 [Q9JLJ2-2];
Q9JLJ4	Q9JLJ4;		ENSMUST00000021793.15;
Q9JLJ5	Q9JLJ5;		ENSMUST00000006557.13;ENSMUST00000067896.4;ENSMUST00000167636.8;
Q9JLK4	Q9JLK4;		
Q9JLK7	Q9JLK7;		ENSMUST00000031519.14 [Q9JLK7-1];ENSMUST00000112112.2 [Q9JLK7-2];
Q9JLL3	Q9JLL3;		ENSMUST00000111234.10 [Q9JLL3-1];ENSMUST00000111236.4 [Q9JLL3-1];ENSMUST00000224371.2 [Q9JLL3-3];ENSMUST00000225730.2 [Q9JLL3-3];
Q9JLM8	Q9JLM8;		ENSMUST00000054237.14 [Q9JLM8-1];
Q9JLN6	Q9JLN6;		ENSMUST00000022642.6 [Q9JLN6-1];ENSMUST00000111072.8 [Q9JLN6-3];ENSMUST00000224039.2 [Q9JLN6-2];
Q9JLN9	Q9JLN9;		ENSMUST00000057580.8 [Q9JLN9-2];ENSMUST00000103221.10 [Q9JLN9-1];
Q9JLQ0	Q9JLQ0;	2JTE;2KRM;2KRN;2KRO;2LZ6;2MCN;	ENSMUST00000024709.9;
Q9JLQ2	Q9JLQ2;	6JMT;	ENSMUST00000112185.9;
Q9JLR5	Q9JLR5;		ENSMUST00000006818.4;
Q9JLT4		1ZDL;1ZKQ;3DGZ;	
Q9JLV1	Q9JLV1;	1UK5;	ENSMUST00000033136.9;
Q9JLV2	Q9JLV2;		ENSMUST00000041059.12 [Q9JLV2-1];ENSMUST00000103140.5 [Q9JLV2-2];
Q9JLV5	Q9JLV5;	1IUY;	ENSMUST00000163119.8;
Q9JLV6	Q9JLV6;	1UJX;1YJ5;1YJM;3U7E;3U7F;3U7G;3U7H;3ZVL;3ZVM;3ZVN;	
Q9JLY0	Q9JLY0;		ENSMUST00000070116.12;ENSMUST00000123826.2;ENSMUST00000125362.8;
Q9JLZ3	Q9JLZ3;		
Q9JLZ8	Q9JLZ8;		ENSMUST00000097958.3 [Q9JLZ8-1];ENSMUST00000209294.2 [Q9JLZ8-1];ENSMUST00000210167.2 [Q9JLZ8-2];
Q9JM05	Q9JM05;		ENSMUST00000005064.14;
Q9JM13	Q9JM13;		ENSMUST00000026390.8;ENSMUST00000119797.8;
Q9JM14	Q9JM14;	2JAO;2JAR;	ENSMUST00000021082.7;
Q9JM51	Q9JM51;		ENSMUST00000102852.6;
Q9JM52	Q9JM52;		ENSMUST00000102558.11 [Q9JM52-2];ENSMUST00000102559.11 [Q9JM52-1];
Q9JM54	Q9JM54;	2JM6;2NLA;2ROD;	ENSMUST00000025399.9;
Q9JM58	Q9JM58;		ENSMUST00000008032.14;
Q9JM61	Q9JM61;		
Q9JM62	Q9JM62;		ENSMUST00000105354.8 [Q9JM62-1];ENSMUST00000105355.8 [Q9JM62-2];ENSMUST00000186864.7 [Q9JM62-1];
Q9JM63	Q9JM63;		ENSMUST00000056136.4;
Q9JM71	Q9JM71;		ENSMUST00000079859.7;
Q9JM73	Q9JM73;		ENSMUST00000015749.7;
Q9JM84	Q9JM84;		ENSMUST00000047008.9 [Q9JM84-1];ENSMUST00000109938.8 [Q9JM84-1];ENSMUST00000109939.3 [Q9JM84-2];
Q9JM90	Q9JM90;		ENSMUST00000198435.5 [Q9JM90-1];
Q9JM95	Q9JM95;		ENSMUST00000072111.8 [Q9JM95-1];ENSMUST00000081879.12 [Q9JM95-2];ENSMUST00000095044.10 [Q9JM95-1];ENSMUST00000183538.8 [Q9JM95-3];
Q9JM96	Q9JM96;		ENSMUST00000053536.5;ENSMUST00000106616.2;
Q9JM99	Q9JM99;		
Q9JMA1	Q9JMA1;	1WGG;	ENSMUST00000092096.14;
Q9JMA2	Q9JMA2;	6H62;7B2I;7OV9;7OVO;7OVS;7OWZ;	ENSMUST00000002902.8;
Q9JMA9	Q9JMA9;		ENSMUST00000033414.8;
Q9JMB0	Q9JMB0;		ENSMUST00000091579.6;
Q9JMB1	Q9JMB1;		ENSMUST00000020566.7 [Q9JMB1-1];ENSMUST00000077433.13 [Q9JMB1-2];
Q9JMB7	Q9JMB7;	2XFM;4P1Z;	ENSMUST00000086056.8 [Q9JMB7-1];ENSMUST00000195959.2 [Q9JMB7-2];
Q9JMB8	Q9JMB8;	5E55;5E5U;	ENSMUST00000089215.12 [Q9JMB8-1];ENSMUST00000162872.2 [Q9JMB8-1];
Q9JMC8	Q9JMC8;		ENSMUST00000030142.4;
Q9JMD0	Q9JMD0;		ENSMUST00000017567.14 [Q9JMD0-3];ENSMUST00000053740.15 [Q9JMD0-1];ENSMUST00000165565.8 [Q9JMD0-2];ENSMUST00000178665.8 [Q9JMD0-3];ENSMUST00000188489.7 [Q9JMD0-3];
Q9JMD3	Q9JMD3;		ENSMUST00000032927.14;ENSMUST00000164479.9;ENSMUST00000210192.2;
Q9JME2	Q9JME2;		ENSMUST00000040110.8;
Q9JME5	Q9JME5;		ENSMUST00000082090.15;
Q9JMG3	Q9JMG3;		ENSMUST00000030799.15 [Q9JMG3-1];ENSMUST00000115033.8 [Q9JMG3-1];
Q9JMG7	Q9JMG7;	1N27;	ENSMUST00000026094.6 [Q9JMG7-2];ENSMUST00000107305.8 [Q9JMG7-1];
Q9JMH3	Q9JMH3;		ENSMUST00000070898.6;ENSMUST00000165109.2;ENSMUST00000166259.8;
Q9JMH6			ENSMUST00000020484.9 [Q9JMH6-2];ENSMUST00000219368.3 [Q9JMH6-1];ENSMUST00000219442.3 [Q9JMH6-2];ENSMUST00000219962.3 [Q9JMH6-2];
Q9JMH7	Q9JMH7;		ENSMUST00000036331.7;
Q9JMH9	Q9JMH9;		ENSMUST00000092884.11 [Q9JMH9-5];ENSMUST00000092887.11 [Q9JMH9-1];ENSMUST00000102488.8 [Q9JMH9-1];ENSMUST00000108375.9 [Q9JMH9-3];ENSMUST00000108376.9 [Q9JMH9-4];ENSMUST00000130305.9 [Q9JMH9-7];ENSMUST00000130627.9 [Q9JMH9-6];ENSMUST00000164334.8 [Q9JMH9-2];
Q9JMI0	Q9JMI0;		ENSMUST00000027463.11;ENSMUST00000160810.2;ENSMUST00000161002.8;
Q9JMI7	Q9JMI7;	7BPS;	ENSMUST00000078001.7;
Q9JMK0	Q9JMK0;		ENSMUST00000109221.9;
Q9JMK2	Q9JMK2;		ENSMUST00000117786.9;ENSMUST00000120859.9;
Q9NYQ2	Q9NYQ2;		ENSMUST00000029464.9;
Q9QUG2	Q9QUG2;	2LSJ;4FJO;6C59;6C8C;	ENSMUST00000022172.12 [Q9QUG2-1];
Q9QUG3	Q9QUG3;	1I17;1Z65;	ENSMUST00000110169.2;ENSMUST00000110170.8;ENSMUST00000110171.9;ENSMUST00000110172.9;
Q9QUG9	Q9QUG9;		ENSMUST00000035716.15 [Q9QUG9-1];ENSMUST00000113471.3 [Q9QUG9-3];ENSMUST00000113472.8 [Q9QUG9-3];ENSMUST00000113475.8 [Q9QUG9-3];ENSMUST00000113476.8 [Q9QUG9-1];ENSMUST00000167240.8 [Q9QUG9-1];
Q9QUI0	Q9QUI0;	4F38;7U2P;	ENSMUST00000007959.14;
Q9QUI1	Q9QUI1;		ENSMUST00000099955.4 [Q9QUI1-1];ENSMUST00000161368.2 [Q9QUI1-2];
Q9QUI6	Q9QUI6;		
Q9QUJ0	Q9QUJ0;		ENSMUST00000075062.5 [Q9QUJ0-1];ENSMUST00000208740.2 [Q9QUJ0-2];
Q9QUJ7	Q9QUJ7;		ENSMUST00000033634.5 [Q9QUJ7-1];ENSMUST00000112903.8 [Q9QUJ7-2];ENSMUST00000112904.8 [Q9QUJ7-2];ENSMUST00000112907.8 [Q9QUJ7-1];
Q9QUK3	Q9QUK3;		ENSMUST00000027554.8;
Q9QUK4	Q9QUK4;		ENSMUST00000067975.12;ENSMUST00000117913.8;
Q9QUK6	Q9QUK6;	2Z64;3VQ1;3VQ2;5IJB;5IJC;5IJD;7MLM;8WQT;8WRY;8WSA;	ENSMUST00000048096.12;
Q9QUK9	Q9QUK9;		ENSMUST00000064324.12;
Q9QUL3	Q9QUL3;		ENSMUST00000030531.14;ENSMUST00000105804.2;
Q9QUM0	Q9QUM0;		ENSMUST00000103086.4;
Q9QUM4	Q9QUM4;		ENSMUST00000015460.5 [Q9QUM4-1];
Q9QUM9	Q9QUM9;	3UNB;3UNE;3UNF;3UNH;8YPK;8YVP;	ENSMUST00000021412.9;
Q9QUN3	Q9QUN3;	2EO6;	ENSMUST00000054769.7;
Q9QUN7	Q9QUN7;	2Z81;2Z82;3A79;3A7B;3A7C;5D3I;	
Q9QUQ5	Q9QUQ5;	5Z96;6JZO;7CQP;	ENSMUST00000029311.11 [Q9QUQ5-1];ENSMUST00000200048.5 [Q9QUQ5-2];
Q9QUR7	Q9QUR7;		ENSMUST00000034689.8;
Q9QUR8	Q9QUR8;		ENSMUST00000043059.9;
Q9QUS4	Q9QUS4;		ENSMUST00000019924.9;
Q9QUS6	Q9QUS6;		
Q9QUT0	Q9QUT0;		ENSMUST00000024721.8;
Q9QVP9	Q9QVP9;		ENSMUST00000022622.14;ENSMUST00000178730.8;
Q9QWG7	Q9QWG7;		ENSMUST00000031199.11 [Q9QWG7-1];ENSMUST00000117455.8 [Q9QWG7-1];ENSMUST00000120150.2 [Q9QWG7-1];
Q9QWH1	Q9QWH1;	2NA1;	ENSMUST00000030588.13 [Q9QWH1-1];ENSMUST00000106079.10 [Q9QWH1-2];ENSMUST00000106080.8 [Q9QWH1-1];
Q9QWI6	Q9QWI6;		
Q9QWK4	Q9QWK4;		ENSMUST00000015998.8;
Q9QWK5	Q9QWK5;		ENSMUST00000022142.7;ENSMUST00000222155.2;
Q9QWL7	Q9QWL7;		ENSMUST00000080893.7;
Q9QWT9	Q9QWT9;		ENSMUST00000173492.9 [Q9QWT9-1];
Q9QWV4	Q9QWV4;		ENSMUST00000077916.12;
Q9QWV9	Q9QWV9;		ENSMUST00000012104.7;ENSMUST00000169707.8;
Q9QWW1	Q9QWW1;	1I7A;5ZZ9;	ENSMUST00000026922.15 [Q9QWW1-2];ENSMUST00000207983.2 [Q9QWW1-1];
Q9QWY8	Q9QWY8;	5C6R;5C79;8HLO;	ENSMUST00000110115.9 [Q9QWY8-4];ENSMUST00000175793.8 [Q9QWY8-3];ENSMUST00000176384.8 [Q9QWY8-2];ENSMUST00000177374.8 [Q9QWY8-1];
Q9QX11	Q9QX11;		ENSMUST00000017276.14 [Q9QX11-2];
Q9QX15	Q9QX15;		ENSMUST00000059091.6;
Q9QX29	Q9QX29;	6AEI;	ENSMUST00000040184.4;
Q9QX47	Q9QX47;		ENSMUST00000114036.9 [Q9QX47-2];ENSMUST00000114037.9 [Q9QX47-1];
Q9QX60	Q9QX60;		ENSMUST00000014698.10 [Q9QX60-1];
Q9QX66	Q9QX66;		ENSMUST00000049977.13 [Q9QX66-2];ENSMUST00000065181.12 [Q9QX66-1];
Q9QX96	Q9QX96;		ENSMUST00000058326.6;
Q9QX98	Q9QX98;		ENSMUST00000028068.3;
Q9QXA3			
Q9QXA6	Q9QXA6;		ENSMUST00000032703.10;ENSMUST00000118383.8;ENSMUST00000118969.8;
Q9QXC1	Q9QXC1;	6HPV;6HT9;7AUW;	ENSMUST00000023587.12;ENSMUST00000167399.2;ENSMUST00000170805.9;ENSMUST00000231768.2;ENSMUST00000232097.2;
Q9QXD6	Q9QXD6;		ENSMUST00000092888.11;
Q9QXD8	Q9QXD8;		ENSMUST00000026269.4;
Q9QXE0	Q9QXE0;		ENSMUST00000022437.16;ENSMUST00000156431.8;
Q9QXE4	Q9QXE4;		ENSMUST00000029865.4 [Q9QXE4-1];
Q9QXE7	Q9QXE7;		ENSMUST00000088217.12;
Q9QXF8	Q9QXF8;	1R8X;1R8Y;	ENSMUST00000002846.9;
Q9QXG4	Q9QXG4;		ENSMUST00000029135.15;
Q9QXH4	Q9QXH4;		ENSMUST00000033053.8;
Q9QXI7	Q9QXI7;		
Q9QXJ1	Q9QXJ1;		
Q9QXK2	Q9QXK2;		ENSMUST00000077088.11;
Q9QXK7	Q9QXK7;		ENSMUST00000067284.10;
Q9QXK9	Q9QXK9;		ENSMUST00000029709.7 [Q9QXK9-2];ENSMUST00000107581.9 [Q9QXK9-1];
Q9QXL1	Q9QXL1;		
Q9QXL2	Q9QXL2;	5YAY;5YBE;	ENSMUST00000088614.13 [Q9QXL2-1];ENSMUST00000109287.4 [Q9QXL2-3];ENSMUST00000109288.9 [Q9QXL2-2];
Q9QXL8	Q9QXL8;	8I7R;8IYJ;8TO0;	ENSMUST00000191947.6;ENSMUST00000193683.6;ENSMUST00000193808.6;
Q9QXM0	Q9QXM0;		ENSMUST00000037315.13;
Q9QXM1	Q9QXM1;		
Q9QXN0	Q9QXN0;		
Q9QXN3	Q9QXN3;		ENSMUST00000117083.2 [Q9QXN3-1];ENSMUST00000119245.8 [Q9QXN3-1];ENSMUST00000122410.8 [Q9QXN3-2];ENSMUST00000179395.8 [Q9QXN3-2];
Q9QXN5	Q9QXN5;	2HUO;3BXD;	ENSMUST00000023282.9;
Q9QXP0	Q9QXP0;		ENSMUST00000032766.5;
Q9QXP6	Q9QXP6;		ENSMUST00000114822.2 [Q9QXP6-2];
Q9QXS1		1SH5;1SH6;4Q57;	ENSMUST00000023226.13 [Q9QXS1-3];ENSMUST00000054449.14 [Q9QXS1-4];ENSMUST00000071869.12 [Q9QXS1-12];ENSMUST00000072692.11 [Q9QXS1-14];ENSMUST00000073418.13 [Q9QXS1-1];ENSMUST00000074834.12 [Q9QXS1-13];ENSMUST00000076442.12 [Q9QXS1-2];ENSMUST00000089610.10 [Q9QXS1-8];ENSMUST00000169108.8 [Q9QXS1-10];ENSMUST00000169714.8 [Q9QXS1-5];
Q9QXS6	Q9QXS6;		ENSMUST00000021950.15 [Q9QXS6-1];ENSMUST00000109923.9 [Q9QXS6-3];
Q9QXT5	Q9QXT5;		ENSMUST00000100290.13 [Q9QXT5-2];ENSMUST00000102907.13 [Q9QXT5-1];ENSMUST00000150404.10 [Q9QXT5-1];ENSMUST00000166920.10 [Q9QXT5-1];ENSMUST00000239075.2 [Q9QXT5-1];
Q9QXT8	Q9QXT8;	2JUL;	ENSMUST00000103215.11 [Q9QXT8-1];
Q9QXU7	Q9QXU7;		ENSMUST00000032152.14 [Q9QXU7-1];ENSMUST00000101120.11 [Q9QXU7-2];ENSMUST00000203738.2 [Q9QXU7-3];
Q9QXV0	Q9QXV0;		ENSMUST00000041096.4;
Q9QXV1	Q9QXV1;	2DNV;	ENSMUST00000026663.8;
Q9QXV3	Q9QXV3;		ENSMUST00000054399.6 [Q9QXV3-1];ENSMUST00000209565.2 [Q9QXV3-2];ENSMUST00000210041.2 [Q9QXV3-2];ENSMUST00000210740.2 [Q9QXV3-2];ENSMUST00000211007.2 [Q9QXV3-2];
Q9QXV8	Q9QXV8;		ENSMUST00000022709.6;
Q9QXV9	Q9QXV9;		ENSMUST00000038569.8;ENSMUST00000108107.2;ENSMUST00000108109.8;
Q9QXW2	Q9QXW2;		ENSMUST00000015239.10 [Q9QXW2-1];
Q9QXW9	Q9QXW9;		ENSMUST00000022787.8;
Q9QXX0	Q9QXX0;		ENSMUST00000028735.8;
Q9QXX3	Q9QXX3;		ENSMUST00000023364.7;
Q9QXX4	Q9QXX4;		ENSMUST00000015256.15;ENSMUST00000188414.4;
Q9QXX8	Q9QXX8;		ENSMUST00000022586.2;
Q9QXY1	Q9QXY1;		
Q9QXY6	Q9QXY6;		ENSMUST00000024860.9;
Q9QXY7	Q9QXY7;		ENSMUST00000015486.7;
Q9QXZ0			
Q9QXZ6	Q9QXZ6;		ENSMUST00000042119.6;
Q9QXZ7	Q9QXZ7;		ENSMUST00000034831.3;
Q9QXZ9	Q9QXZ9;		ENSMUST00000022331.3 [Q9QXZ9-1];ENSMUST00000168444.9 [Q9QXZ9-2];
Q9QY01	Q9QY01;		ENSMUST00000004920.4;
Q9QY05	Q9QY05;		ENSMUST00000052380.5;
Q9QY06	Q9QY06;		
Q9QY14	Q9QY14;		ENSMUST00000050940.4;
Q9QY15	Q9QY15;		ENSMUST00000034612.7 [Q9QY15-1];
Q9QY23	Q9QY23;		ENSMUST00000066873.5 [Q9QY23-1];ENSMUST00000106039.9 [Q9QY23-2];
Q9QY24	Q9QY24;	1J75;2HEO;	ENSMUST00000109116.3 [Q9QY24-2];
Q9QY30	Q9QY30;		ENSMUST00000102709.8;ENSMUST00000102710.10;
Q9QY31	Q9QY31;		ENSMUST00000006762.7;
Q9QY36	Q9QY36;		ENSMUST00000033763.15;
Q9QY40	Q9QY40;		ENSMUST00000002079.7;
Q9QY42	Q9QY42;		ENSMUST00000054867.8 [Q9QY42-1];ENSMUST00000200812.2 [Q9QY42-3];
Q9QY53	Q9QY53;		
Q9QY80	Q9QY80;		
Q9QY81	Q9QY81;		ENSMUST00000032179.14;
Q9QY84	Q9QY84;		ENSMUST00000095079.6;
Q9QY93	Q9QY93;	2A3Q;2OIE;2OIG;2Q4P;6SQW;6SQY;6SQZ;	ENSMUST00000035276.5;
Q9QY96	Q9QY96;		ENSMUST00000063597.14 [Q9QY96-1];ENSMUST00000114847.9 [Q9QY96-2];ENSMUST00000172826.2 [Q9QY96-1];
Q9QYB1	Q9QYB1;		ENSMUST00000037099.9;
Q9QYB2	Q9QYB2;		ENSMUST00000069334.8 [Q9QYB2-2];ENSMUST00000071533.13 [Q9QYB2-1];
Q9QYB5	Q9QYB5;		ENSMUST00000025999.7 [Q9QYB5-1];ENSMUST00000050096.15 [Q9QYB5-2];ENSMUST00000111741.10 [Q9QYB5-2];ENSMUST00000235846.2 [Q9QYB5-2];ENSMUST00000236296.2 [Q9QYB5-1];ENSMUST00000237224.2 [Q9QYB5-2];ENSMUST00000237301.2 [Q9QYB5-1];ENSMUST00000237430.2 [Q9QYB5-1];ENSMUST00000237832.2 [Q9QYB5-2];ENSMUST00000238130.2 [Q9QYB5-2];
Q9QYB8	Q9QYB8;		ENSMUST00000032069.8 [Q9QYB8-1];ENSMUST00000203196.3 [Q9QYB8-2];ENSMUST00000203279.2 [Q9QYB8-3];ENSMUST00000203366.3 [Q9QYB8-2];ENSMUST00000203724.3 [Q9QYB8-1];ENSMUST00000203786.3 [Q9QYB8-1];ENSMUST00000204059.3 [Q9QYB8-1];ENSMUST00000205034.3 [Q9QYB8-2];
Q9QYC0	Q9QYC0;		ENSMUST00000114338.9 [Q9QYC0-2];ENSMUST00000114340.9 [Q9QYC0-1];
Q9QYC3	Q9QYC3;		ENSMUST00000060747.8;
Q9QYC7	Q9QYC7;		ENSMUST00000065906.9;
Q9QYE0	Q9QYE0;		ENSMUST00000003369.10;
Q9QYE3	Q9QYE3;		ENSMUST00000000881.13 [Q9QYE3-1];ENSMUST00000109516.8 [Q9QYE3-13];ENSMUST00000118955.2 [Q9QYE3-14];
Q9QYE5	Q9QYE5;		ENSMUST00000075827.5;
Q9QYE9	Q9QYE9;	2D9V;	ENSMUST00000079176.14 [Q9QYE9-1];ENSMUST00000107044.10 [Q9QYE9-4];ENSMUST00000107045.9 [Q9QYE9-3];ENSMUST00000107046.8 [Q9QYE9-4];ENSMUST00000107047.10 [Q9QYE9-2];ENSMUST00000116287.9 [Q9QYE9-3];
Q9QYF1	Q9QYF1;		ENSMUST00000161204.8 [Q9QYF1-1];
Q9QYG0	Q9QYG0;	2QMQ;	ENSMUST00000004673.15 [Q9QYG0-1];ENSMUST00000111632.5 [Q9QYG0-2];
Q9QYH6	Q9QYH6;		ENSMUST00000026142.8;
Q9QYH9	Q9QYH9;		ENSMUST00000005976.8;
Q9QYI5	Q9QYI5;		ENSMUST00000055223.14 [Q9QYI5-2];ENSMUST00000082158.13 [Q9QYI5-1];ENSMUST00000187058.7 [Q9QYI5-2];ENSMUST00000188290.7 [Q9QYI5-1];ENSMUST00000188346.7 [Q9QYI5-1];ENSMUST00000188931.7 [Q9QYI5-3];
Q9QYI6	Q9QYI6;		ENSMUST00000015049.5;
Q9QYJ1	Q9QYJ1;		
Q9QYJ7	Q9QYJ7;		ENSMUST00000120984.9;ENSMUST00000184703.8;
Q9QYK4	Q9QYK4;		ENSMUST00000065904.5;
Q9QYK5	Q9QYK5;		ENSMUST00000088174.4;
Q9QYK7	Q9QYK7;		ENSMUST00000030284.10;ENSMUST00000064167.8;
Q9QYM8	Q9QYM8;		ENSMUST00000075550.4;
Q9QYP6	Q9QYP6;		ENSMUST00000044454.12 [Q9QYP6-1];ENSMUST00000133580.8 [Q9QYP6-1];ENSMUST00000134433.8 [Q9QYP6-2];ENSMUST00000154583.8 [Q9QYP6-3];
Q9QYR6		5GNV;	ENSMUST00000110639.8 [Q9QYR6-1];
Q9QYR7	Q9QYR7;		ENSMUST00000021653.8 [Q9QYR7-1];ENSMUST00000120927.8 [Q9QYR7-2];
Q9QYR9	Q9QYR9;		ENSMUST00000021649.8;
Q9QYS2	Q9QYS2;		ENSMUST00000004076.5;
Q9QYS9	Q9QYS9;	4DNN;	ENSMUST00000042296.9 [Q9QYS9-3];ENSMUST00000097414.11 [Q9QYS9-4];ENSMUST00000233645.2 [Q9QYS9-1];ENSMUST00000233828.2 [Q9QYS9-4];
Q9QYX7			ENSMUST00000030691.17 [Q9QYX7-1];ENSMUST00000182407.8 [Q9QYX7-2];
Q9QYY0	Q9QYY0;		ENSMUST00000034150.10;
Q9QYY1	Q9QYY1;	1MD6;	ENSMUST00000028360.8;ENSMUST00000114490.7;ENSMUST00000168941.8;
Q9QYY8	Q9QYY8;		ENSMUST00000024869.8 [Q9QYY8-1];
Q9QYY9	Q9QYY9;	1E3E;1E3I;1E3L;	ENSMUST00000013458.9;
Q9QYZ3	Q9QYZ3;		ENSMUST00000059824.7;ENSMUST00000162940.3;
Q9QYZ4	Q9QYZ4;		
Q9QYZ6	Q9QYZ6;		
Q9QYZ8	Q9QYZ8;	2JTK;	ENSMUST00000029665.7;
Q9QZ03	Q9QZ03;		ENSMUST00000015467.9;
Q9QZ04	Q9QZ04;		ENSMUST00000080403.7;
Q9QZ05	Q9QZ05;	1UKX;4OTN;	ENSMUST00000102527.10 [Q9QZ05-2];ENSMUST00000110869.2 [Q9QZ05-5];ENSMUST00000110870.8 [Q9QZ05-4];
Q9QZ06	Q9QZ06;		ENSMUST00000001950.12;
Q9QZ08	Q9QZ08;		ENSMUST00000037376.14;
Q9QZ11	Q9QZ11;		ENSMUST00000039725.12;
Q9QZ15	Q9QZ15;		ENSMUST00000041779.13;ENSMUST00000161365.8;
Q9QZ39	Q9QZ39;		ENSMUST00000009732.8;
Q9QZ41	Q9QZ41;		ENSMUST00000002368.16 [Q9QZ41-2];ENSMUST00000171808.8 [Q9QZ41-1];
Q9QZ47	Q9QZ47;		
Q9QZ59	Q9QZ59;		ENSMUST00000025755.11 [Q9QZ59-1];ENSMUST00000087525.5 [Q9QZ59-4];
Q9QZ67	Q9QZ67;		ENSMUST00000020835.16;
Q9QZ73	Q9QZ73;		ENSMUST00000108182.10;
Q9QZ82	Q9QZ82;		ENSMUST00000034874.14;
Q9QZ85	Q9QZ85;	1TPZ;1TQ2;1TQ4;1TQ6;1TQD;4LV5;4LV8;5FPH;	ENSMUST00000032473.7;ENSMUST00000066912.13;ENSMUST00000237185.2;
Q9QZ88	Q9QZ88;	1Z2W;1Z2X;3PSN;3PSO;6TL0;6VAB;6VAC;7U6F;8FUD;8TTA;8TTC;8TTD;	ENSMUST00000118830.8 [Q9QZ88-2];ENSMUST00000155671.8 [Q9QZ88-1];
Q9QZB0	Q9QZB0;		ENSMUST00000117676.8;ENSMUST00000131996.8;
Q9QZB1	Q9QZB1;		ENSMUST00000002533.15;
Q9QZB6	Q9QZB6;		ENSMUST00000030025.10 [Q9QZB6-1];
Q9QZC1	Q9QZC1;		ENSMUST00000029271.5;
Q9QZD4	Q9QZD4;		ENSMUST00000023206.14;
Q9QZD8	Q9QZD8;		ENSMUST00000026899.4;
Q9QZD9	Q9QZD9;		ENSMUST00000102593.11;
Q9QZE2	Q9QZE2;		ENSMUST00000169819.5 [Q9QZE2-1];
Q9QZE7	Q9QZE7;		ENSMUST00000075896.7;
Q9QZF2	Q9QZF2;		ENSMUST00000045970.8;
Q9QZH1			
Q9QZH6	Q9QZH6;		
Q9QZI9	Q9QZI9;		ENSMUST00000017851.4;
Q9QZJ6	Q9QZJ6;		ENSMUST00000148517.8;
Q9QZK2	Q9QZK2;		ENSMUST00000029766.9 [Q9QZK2-1];
Q9QZK7	Q9QZK7;		ENSMUST00000047877.5 [Q9QZK7-1];ENSMUST00000223563.2 [Q9QZK7-1];
Q9QZL0	Q9QZL0;	4M66;4M69;6JPD;6OKO;	ENSMUST00000022830.14;
Q9QZL6	Q9QZL6;		
Q9QZL9	Q9QZL9;		ENSMUST00000033057.9;
Q9QZM0	Q9QZM0;		ENSMUST00000060714.10;
Q9QZM2	Q9QZM2;	1G5H;1G5I;8F69;8F6B;	ENSMUST00000021060.6;
Q9QZM3	Q9QZM3;		ENSMUST00000046506.7;
Q9QZM4	Q9QZM4;		ENSMUST00000022663.7;
Q9QZN1	Q9QZN1;		ENSMUST00000024761.13 [Q9QZN1-1];
Q9QZN4	Q9QZN4;		ENSMUST00000030858.14;ENSMUST00000056965.12;ENSMUST00000105706.8;ENSMUST00000168503.8;
Q9QZQ0	Q9QZQ0;	5SY7;	
Q9QZQ1	Q9QZQ1;	1WLN;1WXA;3AXA;6AMB;	ENSMUST00000139666.8 [Q9QZQ1-3];ENSMUST00000150848.8 [Q9QZQ1-2];
Q9QZQ3	Q9QZQ3;		ENSMUST00000030803.2;
Q9QZQ8	Q9QZQ8;		ENSMUST00000016081.13 [Q9QZQ8-1];ENSMUST00000045788.9 [Q9QZQ8-2];
Q9QZR0	Q9QZR0;		ENSMUST00000027357.12;
Q9QZR5	Q9QZR5;		ENSMUST00000161779.8 [Q9QZR5-1];ENSMUST00000162359.8 [Q9QZR5-2];
Q9QZR9	Q9QZR9;		ENSMUST00000087050.7 [Q9QZR9-1];
Q9QZS0	Q9QZS0;		ENSMUST00000113457.9;
Q9QZS2	Q9QZS2;	2MP2;	ENSMUST00000030992.13;ENSMUST00000182047.2;ENSMUST00000182709.8;
Q9QZS3	Q9QZS3;	1WJ1;5YQG;	ENSMUST00000021647.14 [Q9QZS3-2];ENSMUST00000117217.8 [Q9QZS3-4];ENSMUST00000129335.8 [Q9QZS3-1];ENSMUST00000154043.8 [Q9QZS3-3];
Q9QZS5	Q9QZS5;		ENSMUST00000018012.14 [Q9QZS5-1];ENSMUST00000117123.2 [Q9QZS5-2];
Q9QZS7	Q9QZS7;		ENSMUST00000006825.9 [Q9QZS7-1];ENSMUST00000126297.9 [Q9QZS7-2];
Q9QZS8	Q9QZS8;		ENSMUST00000074248.11 [Q9QZS8-1];ENSMUST00000113242.5 [Q9QZS8-2];
Q9QZT4	Q9QZT4;		ENSMUST00000030526.7 [Q9QZT4-2];
Q9QZU4	Q9QZU4;		
Q9QZW0	Q9QZW0;		ENSMUST00000101527.3 [Q9QZW0-1];
Q9QZW9	Q9QZW9;		
Q9QZX7	Q9QZX7;		ENSMUST00000065211.9 [Q9QZX7-1];ENSMUST00000108447.8 [Q9QZX7-2];ENSMUST00000108448.8 [Q9QZX7-1];ENSMUST00000121738.8 [Q9QZX7-1];ENSMUST00000128556.8 [Q9QZX7-3];
Q9QZZ4		6Y38;6Y9N;7R91;7RB8;7RB9;7UDT;7UDU;	ENSMUST00000071880.9 [Q9QZZ4-1];ENSMUST00000081823.12 [Q9QZZ4-3];ENSMUST00000094135.9 [Q9QZZ4-2];
Q9QZZ6	Q9QZZ6;		ENSMUST00000027861.6;
Q9R001	Q9R001;		ENSMUST00000023611.7;
Q9R002	Q9R002;	4JBJ;4JBK;4L5Q;4L5R;4L5S;4L5T;4LNQ;	ENSMUST00000000266.9;
Q9R007	Q9R007;		ENSMUST00000101491.11 [Q9R007-1];ENSMUST00000129948.9 [Q9R007-3];
Q9R016	Q9R016;	5YUD;6B5B;7RAV;8FML;	ENSMUST00000049789.3;
Q9R049	Q9R049;		ENSMUST00000053766.14 [Q9R049-2];
Q9R053	Q9R053;		ENSMUST00000070617.8;ENSMUST00000215718.2;
Q9R059	Q9R059;		ENSMUST00000038684.6;
Q9R060	Q9R060;		ENSMUST00000023146.5;
Q9R061	Q9R061;		ENSMUST00000044252.7;
Q9R062	Q9R062;		ENSMUST00000178328.8;
Q9R069	Q9R069;		ENSMUST00000003061.14;
Q9R078	Q9R078;		ENSMUST00000031486.14;ENSMUST00000111999.8;
Q9R088	Q9R088;		
Q9R092	Q9R092;		ENSMUST00000026462.7;ENSMUST00000219183.2;ENSMUST00000219447.2;
Q9R097	Q9R097;		ENSMUST00000028783.14;ENSMUST00000110816.8;ENSMUST00000110817.3;
Q9R0A0	Q9R0A0;		ENSMUST00000103217.11;
Q9R0A1	Q9R0A1;		ENSMUST00000007207.15;
Q9R0A5	Q9R0A5;		ENSMUST00000110730.10;ENSMUST00000178324.2;
Q9R0B6	Q9R0B6;		ENSMUST00000028187.7;
Q9R0B7	Q9R0B7;		ENSMUST00000021937.12;
Q9R0C0	Q9R0C0;		ENSMUST00000005954.9 [Q9R0C0-1];
Q9R0C8	Q9R0C8;		ENSMUST00000046864.14 [Q9R0C8-1];ENSMUST00000106576.3 [Q9R0C8-3];
Q9R0E1	Q9R0E1;		ENSMUST00000004968.11;
Q9R0E2	Q9R0E2;		ENSMUST00000019199.14;
Q9R0G6	Q9R0G6;	1MZ9;3V2N;3V2P;3V2Q;3V2R;	ENSMUST00000003659.9;
Q9R0G7	Q9R0G7;		ENSMUST00000068415.11;ENSMUST00000176438.9;ENSMUST00000177302.8;
Q9R0G8	Q9R0G8;		ENSMUST00000064937.14;
Q9R0H0	Q9R0H0;		ENSMUST00000066587.12 [Q9R0H0-2];ENSMUST00000072948.11 [Q9R0H0-1];
Q9R0H5	Q9R0H5;		ENSMUST00000023710.6;
Q9R0K7	Q9R0K7;		ENSMUST00000089003.12;ENSMUST00000101045.10;
Q9R0L1	Q9R0L1;		ENSMUST00000036127.9 [Q9R0L1-1];ENSMUST00000173859.2 [Q9R0L1-2];
Q9R0L6	Q9R0L6;		ENSMUST00000045218.9 [Q9R0L6-1];ENSMUST00000211247.2 [Q9R0L6-2];
Q9R0L9	Q9R0L9;		ENSMUST00000019962.15;
Q9R0M0			ENSMUST00000090558.11 [Q9R0M0-1];
Q9R0M4	Q9R0M4;		ENSMUST00000026698.8;
Q9R0M5	Q9R0M5;	1IG3;2F17;	ENSMUST00000067888.14 [Q9R0M5-1];ENSMUST00000114644.8 [Q9R0M5-2];
Q9R0M6	Q9R0M6;	1YZL;4QXA;	ENSMUST00000112091.9;
Q9R0M8	Q9R0M8;		ENSMUST00000115660.12;ENSMUST00000155967.3;
Q9R0N0	Q9R0N0;		ENSMUST00000021114.5;
Q9R0N3	Q9R0N3;		ENSMUST00000090945.5;ENSMUST00000107505.8;
Q9R0N4	Q9R0N4;		ENSMUST00000029441.4;
Q9R0N5	Q9R0N5;		ENSMUST00000065957.7;
Q9R0N6	Q9R0N6;		ENSMUST00000118276.8 [Q9R0N6-2];ENSMUST00000122393.2 [Q9R0N6-1];
Q9R0N7	Q9R0N7;	3N5A;6LCY;	ENSMUST00000073899.6 [Q9R0N7-1];ENSMUST00000223586.2 [Q9R0N7-3];ENSMUST00000224135.3 [Q9R0N7-4];
Q9R0N8	Q9R0N8;		ENSMUST00000090697.11 [Q9R0N8-1];ENSMUST00000117221.9 [Q9R0N8-2];ENSMUST00000121834.8 [Q9R0N8-1];
Q9R0N9	Q9R0N9;		ENSMUST00000073459.12;
Q9R0P1	Q9R0P1;		
Q9R0P5	Q9R0P5;		ENSMUST00000103172.4;
Q9R0P9	Q9R0P9;		ENSMUST00000031131.11;
Q9R0Q1	Q9R0Q1;		ENSMUST00000033608.15 [Q9R0Q1-1];ENSMUST00000113294.8 [Q9R0Q1-3];ENSMUST00000113297.9 [Q9R0Q1-2];
Q9R0Q3	Q9R0Q3;		ENSMUST00000060226.11;
Q9R0Q7	Q9R0Q7;	7Y04;8H77;	ENSMUST00000052798.14;
Q9R0Q8	Q9R0Q8;		ENSMUST00000032239.11;
Q9R0R4	Q9R0R4;		ENSMUST00000039026.8;
Q9R0S2	Q9R0S2;		ENSMUST00000029141.6;
Q9R0S3	Q9R0S3;		ENSMUST00000031390.10;
Q9R0T7	Q9R0T7;		ENSMUST00000031913.5;
Q9R0T8	Q9R0T8;		ENSMUST00000062108.10;
Q9R0U0	Q9R0U0;		ENSMUST00000097844.9 [Q9R0U0-2];ENSMUST00000105853.10 [Q9R0U0-1];ENSMUST00000126641.2 [Q9R0U0-3];
Q9R0W9	Q9R0W9;		ENSMUST00000033882.10;
Q9R0X0	Q9R0X0;	6W1S;8T1I;8T1L;	ENSMUST00000024778.3 [Q9R0X0-1];
Q9R0X4	Q9R0X4;		ENSMUST00000026324.10;
Q9R0X5	Q9R0X5;		
Q9R0Y5	Q9R0Y5;		ENSMUST00000068271.5 [Q9R0Y5-2];ENSMUST00000113277.8 [Q9R0Y5-1];ENSMUST00000113278.9 [Q9R0Y5-1];
Q9R0Z9	Q9R0Z9;		
Q9R100	Q9R100;		ENSMUST00000029871.12;
Q9R109	Q9R109;		ENSMUST00000199678.4 [Q9R109-1];
Q9R111	Q9R111;		ENSMUST00000087600.10;
Q9R117	Q9R117;	4E1Z;4E20;	ENSMUST00000214454.2;
Q9R118	Q9R118;		ENSMUST00000006367.8;
Q9R144	Q9R144;		
Q9R155	Q9R155;	7WK1;7WK7;7WL2;7WL7;7WL8;7WL9;7WLA;7WLB;7WLE;8HZN;	ENSMUST00000001253.8;
Q9R158	Q9R158;		ENSMUST00000049577.3;
Q9R159	Q9R159;		
Q9R160	Q9R160;		ENSMUST00000051614.5;
Q9R171	Q9R171;		ENSMUST00000034076.16;ENSMUST00000169693.3;
Q9R182	Q9R182;		ENSMUST00000030280.7;
Q9R187	Q9R187;		ENSMUST00000003312.5;
Q9R190	Q9R190;		ENSMUST00000096240.3;
Q9R194	Q9R194;	4I6E;4I6G;4I6J;4MLP;4U8H;6KX8;7D0N;7EJ9;7V8Y;7V8Z;	ENSMUST00000090559.12;ENSMUST00000111278.2;
Q9R1A8	Q9R1A8;		ENSMUST00000076894.11;
Q9R1B9	Q9R1B9;		ENSMUST00000173107.8;
Q9R1C0	Q9R1C0;		ENSMUST00000066272.6;
Q9R1C6	Q9R1C6;		ENSMUST00000000285.9;ENSMUST00000107894.8;
Q9R1C7	Q9R1C7;		ENSMUST00000239398.2 [Q9R1C7-1];
Q9R1E0	Q9R1E0;		ENSMUST00000053764.7;
Q9R1E6	Q9R1E6;	3NKM;3NKN;3NKO;3NKP;3NKQ;3NKR;3WAV;3WAW;3WAX;3WAY;4GTW;4GTX;4GTY;4GTZ;5HRT;5INH;5JVG;5LIA;5OHI;5OLB;6LEH;6Y5M;7MFH;	ENSMUST00000041591.16 [Q9R1E6-1];ENSMUST00000167541.3 [Q9R1E6-3];ENSMUST00000171545.9 [Q9R1E6-2];
Q9R1I1	Q9R1I1;		
Q9R1J0	Q9R1J0;		ENSMUST00000033715.5;
Q9R1K5	Q9R1K5;		ENSMUST00000140901.8;
Q9R1K7	Q9R1K7;		ENSMUST00000069503.13;ENSMUST00000167178.9;
Q9R1K9	Q9R1K9;		ENSMUST00000114551.10;
Q9R1L5	Q9R1L5;		ENSMUST00000109741.9;
Q9R1M5	Q9R1M5;	8H93;8H94;8H95;8H96;8XI3;	ENSMUST00000015866.14 [Q9R1M5-3];ENSMUST00000086341.12 [Q9R1M5-5];ENSMUST00000108441.8 [Q9R1M5-6];ENSMUST00000133237.2 [Q9R1M5-7];ENSMUST00000139661.8 [Q9R1M5-8];
Q9R1P0	Q9R1P0;	3UNB;3UNE;3UNF;3UNH;8YPK;8YVP;	ENSMUST00000034848.14;
Q9R1P1	Q9R1P1;	3UNB;3UNE;3UNF;3UNH;8YPK;8YVP;	ENSMUST00000103147.5;
Q9R1P4	Q9R1P4;	3UNB;3UNE;3UNF;3UNH;8YPK;8YVP;	ENSMUST00000033008.10;
Q9R1Q9	Q9R1Q9;	9BRA;9BRQ;9BRR;9BRS;9BRT;9BRU;9BRY;9BRZ;	ENSMUST00000019231.12;
Q9R1R0	Q9R1R0;		ENSMUST00000112961.10 [Q9R1R0-1];ENSMUST00000112963.8 [Q9R1R0-1];ENSMUST00000112966.10 [Q9R1R0-2];ENSMUST00000148852.4 [Q9R1R0-2];
Q9R1R2	Q9R1R2;		ENSMUST00000057525.14;ENSMUST00000106789.8;ENSMUST00000147044.4;
Q9R1S0	Q9R1S0;		ENSMUST00000102657.10;
Q9R1S7	Q9R1S7;		ENSMUST00000002850.8;
Q9R1T4	Q9R1T4;		ENSMUST00000053456.11 [Q9R1T4-2];ENSMUST00000060474.14 [Q9R1T4-3];ENSMUST00000115239.10 [Q9R1T4-1];
Q9R1V4	Q9R1V4;		ENSMUST00000103081.10;
Q9R1V6	Q9R1V6;	7EXE;	ENSMUST00000046838.14 [Q9R1V6-1];ENSMUST00000050166.14 [Q9R1V6-4];ENSMUST00000088744.12 [Q9R1V6-13];ENSMUST00000088761.11 [Q9R1V6-3];ENSMUST00000115388.9 [Q9R1V6-6];
Q9R1V7	Q9R1V7;		ENSMUST00000087374.10 [Q9R1V7-1];ENSMUST00000114103.8 [Q9R1V7-3];ENSMUST00000114107.3 [Q9R1V7-2];
Q9R1W5	Q9R1W5;		ENSMUST00000074262.9;
Q9R1X4	Q9R1X4;		ENSMUST00000055539.11 [Q9R1X4-1];ENSMUST00000105242.8 [Q9R1X4-2];ENSMUST00000105244.8 [Q9R1X4-6];ENSMUST00000105245.3 [Q9R1X4-1];
Q9R1X5	Q9R1X5;		ENSMUST00000079158.13;
Q9R1Y5	Q9R1Y5;		ENSMUST00000131720.3 [Q9R1Y5-1];
Q9R1Z8	Q9R1Z8;		ENSMUST00000022682.6;
Q9R207	Q9R207;		ENSMUST00000029879.15;
Q9R210	Q9R210;		ENSMUST00000086932.10;ENSMUST00000113288.8;
Q9R216	Q9R216;		ENSMUST00000062572.3;
Q9R224	Q9R224;		ENSMUST00000058125.9;ENSMUST00000113118.2;ENSMUST00000113120.2;
Q9R226	Q9R226;		ENSMUST00000022954.7;ENSMUST00000229234.2;ENSMUST00000229683.2;
Q9R229	Q9R229;		ENSMUST00000032125.7;
Q9R233	Q9R233;	6GB7;	ENSMUST00000234247.2 [Q9R233-1];
Q9R244	Q9R244;		ENSMUST00000124189.3 [Q9R244-4];
Q9R269	Q9R269;		
Q9R2B6	Q9R2B6;		
Q9WTI7	Q9WTI7;	4R8G;	ENSMUST00000069057.13 [Q9WTI7-2];ENSMUST00000102504.10 [Q9WTI7-2];ENSMUST00000102505.10 [Q9WTI7-1];ENSMUST00000108431.3 [Q9WTI7-3];
Q9WTJ2	Q9WTJ2;		ENSMUST00000025861.3;
Q9WTJ5	Q9WTJ5;		ENSMUST00000097648.6;
Q9WTJ6	Q9WTJ6;		ENSMUST00000025840.16 [Q9WTJ6-1];ENSMUST00000127142.2 [Q9WTJ6-2];ENSMUST00000142193.8 [Q9WTJ6-2];
Q9WTK0	Q9WTK0;		ENSMUST00000032961.4;
Q9WTK2	Q9WTK2;		ENSMUST00000075220.14 [Q9WTK2-1];ENSMUST00000163595.3 [Q9WTK2-2];
Q9WTK5	Q9WTK5;	3JV5;3JV6;	ENSMUST00000073116.13;ENSMUST00000111881.4;ENSMUST00000236591.2;
Q9WTK7	Q9WTK7;		ENSMUST00000003152.14 [Q9WTK7-1];ENSMUST00000144883.8 [Q9WTK7-2];
Q9WTK8	Q9WTK8;		ENSMUST00000050442.15 [Q9WTK8-1];ENSMUST00000109125.8 [Q9WTK8-4];ENSMUST00000109126.5 [Q9WTK8-3];
Q9WTL4	Q9WTL4;		ENSMUST00000029711.9;
Q9WTL7	Q9WTL7;		ENSMUST00000067567.5;ENSMUST00000105852.8;
Q9WTL8	Q9WTL8;	4F3L;8OSJ;8OSK;8OSL;	ENSMUST00000047321.9 [Q9WTL8-4];ENSMUST00000210074.2 [Q9WTL8-3];ENSMUST00000210238.2 [Q9WTL8-4];
Q9WTM5	Q9WTM5;		ENSMUST00000107771.12;ENSMUST00000211214.2;
Q9WTN0	Q9WTN0;		ENSMUST00000170957.3;
Q9WTN3	Q9WTN3;		ENSMUST00000020846.8 [Q9WTN3-1];
Q9WTP3	Q9WTP3;		ENSMUST00000025054.10;
Q9WTP6	Q9WTP6;		ENSMUST00000030583.13 [Q9WTP6-1];ENSMUST00000102604.11 [Q9WTP6-2];
Q9WTP9	Q9WTP9;		ENSMUST00000037807.3;
Q9WTQ5	Q9WTQ5;		ENSMUST00000045730.7 [Q9WTQ5-1];ENSMUST00000215696.2 [Q9WTQ5-2];
Q9WTR0	Q9WTR0;		ENSMUST00000029881.10;
Q9WTR1	Q9WTR1;	7XEM;7XEO;7XER;7XEU;7XEV;7XEW;7YEP;	ENSMUST00000018651.14;ENSMUST00000102643.2;
Q9WTR2	Q9WTR2;		
Q9WTR5	Q9WTR5;	3K5R;3K6F;	ENSMUST00000117160.2;
Q9WTR6	Q9WTR6;		ENSMUST00000029297.6;
Q9WTS2	Q9WTS2;	6VLF;6VLG;	ENSMUST00000062804.8;ENSMUST00000171770.10;ENSMUST00000177595.9;
Q9WTS4			ENSMUST00000016294.8 [Q9WTS4-1];ENSMUST00000115059.8 [Q9WTS4-1];
Q9WTS5			
Q9WTS6		6FAY;	
Q9WTU0	Q9WTU0;		ENSMUST00000035540.9;
Q9WTU3	Q9WTU3;	3WFN;	
Q9WTU6	Q9WTU6;		ENSMUST00000020634.14 [Q9WTU6-4];ENSMUST00000043321.6 [Q9WTU6-1];ENSMUST00000102778.8 [Q9WTU6-2];ENSMUST00000109178.8 [Q9WTU6-3];ENSMUST00000109179.9 [Q9WTU6-2];ENSMUST00000164643.8 [Q9WTU6-3];ENSMUST00000178543.8 [Q9WTU6-1];
Q9WTV6	Q9WTV6;	5CHT;5CHV;	ENSMUST00000032198.11;
Q9WTV7	Q9WTV7;		ENSMUST00000070705.6;ENSMUST00000121153.8;
Q9WTW2	Q9WTW2;		ENSMUST00000049333.13;ENSMUST00000170954.10;ENSMUST00000178946.9;ENSMUST00000179842.3;ENSMUST00000207358.2;ENSMUST00000207995.2;ENSMUST00000208260.2;
Q9WTW5	Q9WTW5;		ENSMUST00000024595.4;
Q9WTX2	Q9WTX2;		ENSMUST00000002808.7;
Q9WTX4	Q9WTX4;		ENSMUST00000130158.8 [Q9WTX4-1];ENSMUST00000164721.8 [Q9WTX4-1];
Q9WTX5	Q9WTX5;		ENSMUST00000037324.12;ENSMUST00000109072.2;
Q9WTX6	Q9WTX6;		ENSMUST00000031697.9;
Q9WTX8	Q9WTX8;		ENSMUST00000031534.9 [Q9WTX8-1];ENSMUST00000110829.7 [Q9WTX8-2];
Q9WTY4	Q9WTY4;		ENSMUST00000169082.3;
Q9WTZ1	Q9WTZ1;	6V9I;	ENSMUST00000057500.6;
Q9WTZ2	Q9WTZ2;		ENSMUST00000081381.6;ENSMUST00000098362.11;
Q9WTZ9	Q9WTZ9;		ENSMUST00000053540.11 [Q9WTZ9-1];ENSMUST00000113112.2 [Q9WTZ9-2];ENSMUST00000113113.2 [Q9WTZ9-1];ENSMUST00000178632.8 [Q9WTZ9-1];
Q9WU01	Q9WU01;		ENSMUST00000027226.12 [Q9WU01-1];ENSMUST00000188257.7 [Q9WU01-2];
Q9WU03	Q9WU03;		ENSMUST00000098604.12 [Q9WU03-1];ENSMUST00000108236.5 [Q9WU03-2];ENSMUST00000207601.2 [Q9WU03-3];
Q9WU19	Q9WU19;		ENSMUST00000028704.3;
Q9WU22	Q9WU22;		ENSMUST00000064091.12;
Q9WU38	Q9WU38;		ENSMUST00000033161.7;
Q9WU39	Q9WU39;		ENSMUST00000000221.6;
Q9WU40	Q9WU40;		
Q9WU42	Q9WU42;		ENSMUST00000111394.8 [Q9WU42-2];ENSMUST00000111398.8 [Q9WU42-1];
Q9WU56	Q9WU56;		ENSMUST00000031481.13 [Q9WU56-2];ENSMUST00000031483.15 [Q9WU56-1];ENSMUST00000112426.8 [Q9WU56-4];ENSMUST00000170468.8 [Q9WU56-2];
Q9WU60	Q9WU60;		ENSMUST00000028781.9;
Q9WU62	Q9WU62;		ENSMUST00000025562.9 [Q9WU62-2];ENSMUST00000237439.2 [Q9WU62-1];
Q9WU65	Q9WU65;		ENSMUST00000059657.4;
Q9WU72	Q9WU72;		ENSMUST00000033892.9 [Q9WU72-2];ENSMUST00000207792.3 [Q9WU72-1];
Q9WU78	Q9WU78;		ENSMUST00000035086.13 [Q9WU78-1];ENSMUST00000111861.4 [Q9WU78-3];
Q9WU79	Q9WU79;		ENSMUST00000003620.13;
Q9WUA3	Q9WUA3;		ENSMUST00000138703.8 [Q9WUA3-1];
Q9WUA5	Q9WUA5;		ENSMUST00000069106.5;
Q9WUA6	Q9WUA6;		ENSMUST00000019843.15 [Q9WUA6-2];ENSMUST00000111159.2 [Q9WUA6-1];ENSMUST00000111160.9 [Q9WUA6-1];
Q9WUB0	Q9WUB0;	3B08;3B0A;5Y3T;8IM5;	ENSMUST00000028964.14;ENSMUST00000109847.9;
Q9WUB6	Q9WUB6;		ENSMUST00000006378.9 [Q9WUB6-1];ENSMUST00000105788.2 [Q9WUB6-2];
Q9WUB7	Q9WUB7;		ENSMUST00000042617.14;ENSMUST00000105790.8;
Q9WUC3	Q9WUC3;		ENSMUST00000023241.12;ENSMUST00000065417.15;ENSMUST00000126129.8;
Q9WUD1	Q9WUD1;	2C2L;2C2V;3Q47;3Q49;3Q4A;	ENSMUST00000044911.10;
Q9WUE3	Q9WUE3;		ENSMUST00000041459.9;ENSMUST00000195235.6;
Q9WUE4	Q9WUE4;		ENSMUST00000010201.9;
Q9WUF3	Q9WUF3;		ENSMUST00000029950.10;ENSMUST00000178925.8;
Q9WUH2	Q9WUH2;		ENSMUST00000019374.14 [Q9WUH2-4];ENSMUST00000046870.13 [Q9WUH2-1];ENSMUST00000093486.10 [Q9WUH2-2];ENSMUST00000112026.4 [Q9WUH2-3];ENSMUST00000112030.9 [Q9WUH2-2];
Q9WUH5	Q9WUH5;		ENSMUST00000060524.11;
Q9WUH7	Q9WUH7;		ENSMUST00000026225.15;ENSMUST00000130549.8;ENSMUST00000179305.2;
Q9WUI0	Q9WUI0;		ENSMUST00000027778.8;
Q9WUI1	Q9WUI1;		ENSMUST00000088823.5;
Q9WUK6	Q9WUK6;		ENSMUST00000077225.8;ENSMUST00000195612.2;
Q9WUK7	Q9WUK7;		ENSMUST00000027809.8;
Q9WUL5	Q9WUL5;	3BOV;3BP5;3BP6;3RNK;3RNQ;	ENSMUST00000112576.4;ENSMUST00000235164.2;
Q9WUL6	Q9WUL6;	4G3C;4G3E;4G3F;4G3G;5T8O;5T8P;5T8Q;6G4Y;6G4Z;6MYN;7SZR;	ENSMUST00000021324.3;
Q9WUL7	Q9WUL7;	1FZQ;3BH6;3BH7;4GOJ;4ZI2;4ZI3;7OK7;	ENSMUST00000026009.10;
Q9WUL8	Q9WUL8;		ENSMUST00000094814.6 [Q9WUL8-1];
Q9WUM3	Q9WUM3;		ENSMUST00000008893.9;
Q9WUM4	Q9WUM4;		ENSMUST00000004646.13;
Q9WUN2	Q9WUN2;	4JL9;4JLC;6O8C;	ENSMUST00000020316.4;
Q9WUP0	Q9WUP0;		ENSMUST00000129680.8;
Q9WUP1	Q9WUP1;		ENSMUST00000045374.8;
Q9WUP4	Q9WUP4;		ENSMUST00000031143.13 [Q9WUP4-1];
Q9WUP7	Q9WUP7;	4WLQ;4WLR;	ENSMUST00000018333.13 [Q9WUP7-2];ENSMUST00000189936.7 [Q9WUP7-1];
Q9WUQ2	Q9WUQ2;		ENSMUST00000074840.12;
Q9WUR2	Q9WUR2;		ENSMUST00000021854.14 [Q9WUR2-2];ENSMUST00000171229.8 [Q9WUR2-1];ENSMUST00000178421.8 [Q9WUR2-2];
Q9WUR9	Q9WUR9;		ENSMUST00000102780.8;ENSMUST00000106945.8;ENSMUST00000106946.8;
Q9WUS4	Q9WUS4;		ENSMUST00000056517.3 [Q9WUS4-1];ENSMUST00000219644.2 [Q9WUS4-2];
Q9WUT2			
Q9WUT3	Q9WUT3;		ENSMUST00000024575.8;
Q9WUU8	Q9WUU8;	6N5M;6N6R;6N6S;	ENSMUST00000108885.8 [Q9WUU8-2];ENSMUST00000108886.8 [Q9WUU8-2];
Q9WUU9	Q9WUU9;		ENSMUST00000170795.3;
Q9WUV2	Q9WUV2;		ENSMUST00000200397.5;
Q9WUX5	Q9WUX5;		ENSMUST00000005751.13 [Q9WUX5-2];
Q9WUZ6	Q9WUZ6;		
Q9WUZ9	Q9WUZ9;		ENSMUST00000021662.12;ENSMUST00000110272.9;ENSMUST00000117286.2;ENSMUST00000120942.8;ENSMUST00000122194.8;
Q9WV02	Q9WV02;		ENSMUST00000114726.8 [Q9WV02-1];ENSMUST00000114730.8 [Q9WV02-1];ENSMUST00000140384.8 [Q9WV02-2];
Q9WV04	Q9WV04;		ENSMUST00000084952.8;
Q9WV06	Q9WV06;		ENSMUST00000026172.3;
Q9WV07	Q9WV07;		ENSMUST00000021268.9;
Q9WV08	Q9WV08;		ENSMUST00000057019.9;
Q9WV18	Q9WV18;		ENSMUST00000025338.16 [Q9WV18-1];ENSMUST00000172792.8 [Q9WV18-2];
Q9WV27	Q9WV27;		ENSMUST00000111243.2;
Q9WV30	Q9WV30;		ENSMUST00000075922.11 [Q9WV30-4];ENSMUST00000125721.8 [Q9WV30-1];ENSMUST00000133026.8 [Q9WV30-3];ENSMUST00000151114.8 [Q9WV30-2];ENSMUST00000169453.8 [Q9WV30-2];
Q9WV31	Q9WV31;		ENSMUST00000023268.14;ENSMUST00000110009.4;
Q9WV34	Q9WV34;		ENSMUST00000017458.11 [Q9WV34-1];ENSMUST00000100398.5 [Q9WV34-2];
Q9WV38	Q9WV38;		ENSMUST00000030826.4;
Q9WV52	Q9WV52;	1V3F;	ENSMUST00000021544.8;
Q9WV54	Q9WV54;		ENSMUST00000034000.15;
Q9WV55	Q9WV55;	2CRI;	ENSMUST00000024897.10;
Q9WV56	Q9WV56;	4YCG;4YCI;	ENSMUST00000100720.2;
Q9WV60	Q9WV60;	4NU1;5AIR;6AE3;8VME;8VMF;8VMG;	ENSMUST00000023507.13;
Q9WV66	Q9WV66;		ENSMUST00000067542.15;ENSMUST00000102747.8;ENSMUST00000102748.11;
Q9WV68	Q9WV68;		ENSMUST00000040907.8;
Q9WV69	Q9WV69;		ENSMUST00000022694.17 [Q9WV69-1];ENSMUST00000110984.4 [Q9WV69-2];ENSMUST00000228001.2 [Q9WV69-4];ENSMUST00000228009.2 [Q9WV69-2];ENSMUST00000228295.2 [Q9WV69-3];ENSMUST00000228824.2 [Q9WV69-4];
Q9WV71	Q9WV71;		ENSMUST00000043294.12;
Q9WV76	Q9WV76;		ENSMUST00000047285.7;ENSMUST00000076599.8;
Q9WV80	Q9WV80;	7D6D;7D6E;	
Q9WV85	Q9WV85;		ENSMUST00000024978.7;
Q9WV86	Q9WV86;	2RPA;5LB7;5NBT;6GZC;	
Q9WV89	Q9WV89;	1WI4;	ENSMUST00000020858.14 [Q9WV89-2];ENSMUST00000107872.8 [Q9WV89-3];ENSMUST00000107875.8 [Q9WV89-5];ENSMUST00000143203.8 [Q9WV89-1];
Q9WV91	Q9WV91;		ENSMUST00000102694.4;
Q9WV92	Q9WV92;		ENSMUST00000080208.7 [Q9WV92-1];ENSMUST00000112680.8 [Q9WV92-2];
Q9WV93	Q9WV93;		
Q9WVB0	Q9WVB0;		ENSMUST00000033995.14 [Q9WVB0-2];ENSMUST00000053251.12 [Q9WVB0-1];ENSMUST00000182987.8 [Q9WVB0-1];ENSMUST00000191473.7 [Q9WVB0-1];
Q9WVB3	Q9WVB3;	8H93;8H94;8H95;8H96;8XI3;	ENSMUST00000072020.9;
Q9WVB4	Q9WVB4;		ENSMUST00000069837.4;
Q9WVC3	Q9WVC3;		ENSMUST00000000058.7;
Q9WVC5	Q9WVC5;		ENSMUST00000022023.13;
Q9WVC6	Q9WVC6;		ENSMUST00000020145.12 [Q9WVC6-1];ENSMUST00000092673.11 [Q9WVC6-3];ENSMUST00000120509.8 [Q9WVC6-2];
Q9WVC8	Q9WVC8;	5DOW;	ENSMUST00000001254.6;
Q9WVD4	Q9WVD4;		ENSMUST00000004428.14 [Q9WVD4-2];ENSMUST00000115746.8 [Q9WVD4-1];
Q9WVE0	Q9WVE0;		ENSMUST00000043301.14;
Q9WVE8	Q9WVE8;	3LLL;	ENSMUST00000165095.9;ENSMUST00000171436.8;ENSMUST00000230679.2;ENSMUST00000231184.2;
Q9WVF6	Q9WVF6;		ENSMUST00000030528.9 [Q9WVF6-1];ENSMUST00000105806.2 [Q9WVF6-2];
Q9WVF7	Q9WVF7;		ENSMUST00000007296.12;
Q9WVF8	Q9WVF8;		ENSMUST00000010198.5;
Q9WVF9	Q9WVF9;	3RS1;	ENSMUST00000032519.12 [Q9WVF9-1];ENSMUST00000159866.8 [Q9WVF9-2];ENSMUST00000160867.3 [Q9WVF9-4];
Q9WVG5	Q9WVG5;		ENSMUST00000066532.5;
Q9WVG6	Q9WVG6;	2V74;2V7E;5IH3;5IS6;5IS7;5IS8;5IS9;5ISA;5ISB;5ISC;5ISD;5ISE;5ISF;5ISG;5ISH;5ISI;5K8V;5K8W;5K8X;5LGP;5LGQ;5LGR;5LGS;5LKJ;5LV2;5LV3;5NTC;5TBH;5TBI;5TBJ;7OKP;7OS4;7PPQ;7PPY;7PU8;7PUC;7PUQ;7PV6;7QPH;7QRD;	ENSMUST00000034703.15 [Q9WVG6-1];ENSMUST00000115395.10 [Q9WVG6-2];
Q9WVG7	Q9WVG7;		ENSMUST00000057021.9;
Q9WVG9	Q9WVG9;		ENSMUST00000033725.16 [Q9WVG9-1];ENSMUST00000112137.2 [Q9WVG9-2];
Q9WVH3	Q9WVH3;		ENSMUST00000062000.6;
Q9WVH4	Q9WVH4;		ENSMUST00000056974.4;ENSMUST00000105502.8;ENSMUST00000175881.8;
Q9WVH6	Q9WVH6;		ENSMUST00000028955.6;
Q9WVH9	Q9WVH9;		ENSMUST00000021603.9;
Q9WVI9	Q9WVI9;	1UKH;1UKI;3O17;3O2M;3V3V;6F5E;	ENSMUST00000050312.3 [Q9WVI9-1];ENSMUST00000111279.9 [Q9WVI9-3];
Q9WVJ0	Q9WVJ0;		ENSMUST00000041415.5;
Q9WVJ3	Q9WVJ3;		ENSMUST00000042167.10;ENSMUST00000228916.2;
Q9WVJ9	Q9WVJ9;		ENSMUST00000165485.8;ENSMUST00000166303.9;
Q9WVK0	Q9WVK0;		ENSMUST00000030865.9;
Q9WVK4	Q9WVK4;		ENSMUST00000025684.4;
Q9WVK5	Q9WVK5;		ENSMUST00000070080.6;
Q9WVK8	Q9WVK8;		ENSMUST00000021684.6;
Q9WVL0	Q9WVL0;	2CZ2;2CZ3;	ENSMUST00000063117.10;
Q9WVL3	Q9WVL3;	6UKN;	ENSMUST00000017900.9 [Q9WVL3-1];
Q9WVL4	Q9WVL4;		
Q9WVL5	Q9WVL5;		ENSMUST00000023330.8;
Q9WVL6	Q9WVL6;		
Q9WVL7	Q9WVL7;		ENSMUST00000031322.7;
Q9WVM1	Q9WVM1;		ENSMUST00000023756.12;ENSMUST00000171702.8;
Q9WVM3	Q9WVM3;		ENSMUST00000031422.10;ENSMUST00000122010.8;
Q9WVM8	Q9WVM8;		ENSMUST00000079472.4;
Q9WVP1	Q9WVP1;		
Q9WVP6	Q9WVP6;		ENSMUST00000099400.3;
Q9WVQ0	Q9WVQ0;		ENSMUST00000034162.8;
Q9WVQ1	Q9WVQ1;	6JJZ;6KKG;7D6F;7YKF;7YKG;7YKH;7YKI;	ENSMUST00000088516.10 [Q9WVQ1-1];ENSMUST00000101558.10 [Q9WVQ1-4];ENSMUST00000115267.7 [Q9WVQ1-2];ENSMUST00000197553.5 [Q9WVQ1-3];
Q9WVQ5	Q9WVQ5;		ENSMUST00000011055.7;
Q9WVR4	Q9WVR4;		
Q9WVS0	Q9WVS0;		ENSMUST00000102827.4;
Q9WVS4	Q9WVS4;		ENSMUST00000070565.15 [Q9WVS4-1];
Q9WVS6	Q9WVS6;	1MG8;2ZEQ;3B1L;	ENSMUST00000191124.7 [Q9WVS6-1];
Q9WVS7	Q9WVS7;	1WI0;	ENSMUST00000034920.11 [Q9WVS7-1];
Q9WVS8	Q9WVS8;		ENSMUST00000079080.13 [Q9WVS8-1];ENSMUST00000108714.2 [Q9WVS8-2];
Q9WVT6	Q9WVT6;	1RJ5;1RJ6;	ENSMUST00000036181.15;
Q9Z0D9	Q9Z0D9;		ENSMUST00000064165.5;ENSMUST00000215016.2;
Q9Z0E0	Q9Z0E0;		ENSMUST00000030637.14 [Q9Z0E0-1];ENSMUST00000106116.2 [Q9Z0E0-1];
Q9Z0E1	Q9Z0E1;		ENSMUST00000113980.4;
Q9Z0E2	Q9Z0E2;		ENSMUST00000007171.13;
Q9Z0E3	Q9Z0E3;		ENSMUST00000019257.15 [Q9Z0E3-2];ENSMUST00000105395.9 [Q9Z0E3-9];ENSMUST00000105396.9 [Q9Z0E3-6];ENSMUST00000128241.8 [Q9Z0E3-1];ENSMUST00000130972.8 [Q9Z0E3-4];ENSMUST00000140636.8 [Q9Z0E3-12];ENSMUST00000145975.8 [Q9Z0E3-3];ENSMUST00000148469.8 [Q9Z0E3-11];ENSMUST00000154374.2 [Q9Z0E3-5];ENSMUST00000155021.8 [Q9Z0E3-8];ENSMUST00000156417.8 [Q9Z0E3-10];
Q9Z0E6	Q9Z0E6;		ENSMUST00000165774.8;
Q9Z0E8	Q9Z0E8;		ENSMUST00000019044.8;
Q9Z0F1	Q9Z0F1;		ENSMUST00000109095.8 [Q9Z0F1-2];ENSMUST00000109096.9 [Q9Z0F1-2];ENSMUST00000180362.8 [Q9Z0F1-2];
Q9Z0F3	Q9Z0F3;	2KUA;	ENSMUST00000034709.7;
Q9Z0F4	Q9Z0F4;		ENSMUST00000065163.15;
Q9Z0F5	Q9Z0F5;		ENSMUST00000050562.6;
Q9Z0F6	Q9Z0F6;		ENSMUST00000025740.8;
Q9Z0F7	Q9Z0F7;		ENSMUST00000023826.5;
Q9Z0F8	Q9Z0F8;		ENSMUST00000064536.13 [Q9Z0F8-1];ENSMUST00000145118.8 [Q9Z0F8-2];
Q9Z0G0	Q9Z0G0;	5V6B;5V6E;5V6T;7NRN;	ENSMUST00000019577.10;
Q9Z0G2	Q9Z0G2;		ENSMUST00000002081.6;
Q9Z0G9	Q9Z0G9;	6AKE;6AKF;6AKG;	ENSMUST00000094245.4 [Q9Z0G9-1];
Q9Z0H0	Q9Z0H0;		ENSMUST00000031221.12 [Q9Z0H0-1];ENSMUST00000117196.9 [Q9Z0H0-2];ENSMUST00000118261.8 [Q9Z0H0-1];
Q9Z0H3	Q9Z0H3;		ENSMUST00000000925.10 [Q9Z0H3-1];ENSMUST00000121304.2 [Q9Z0H3-2];
Q9Z0H4	Q9Z0H4;		ENSMUST00000002176.13 [Q9Z0H4-7];ENSMUST00000100429.11 [Q9Z0H4-7];ENSMUST00000114924.10 [Q9Z0H4-9];ENSMUST00000114927.9 [Q9Z0H4-5];ENSMUST00000114934.11 [Q9Z0H4-9];ENSMUST00000142941.8 [Q9Z0H4-4];ENSMUST00000150624.9 [Q9Z0H4-5];ENSMUST00000182706.8 [Q9Z0H4-2];ENSMUST00000182851.8 [Q9Z0H4-1];
Q9Z0H7	Q9Z0H7;		ENSMUST00000029842.9;
Q9Z0H8	Q9Z0H8;		ENSMUST00000036999.10 [Q9Z0H8-2];ENSMUST00000100647.7 [Q9Z0H8-1];
Q9Z0I6	Q9Z0I6;		ENSMUST00000038038.8;
Q9Z0I7	Q9Z0I7;		ENSMUST00000037994.8;
Q9Z0J0	Q9Z0J0;		ENSMUST00000021668.10;
Q9Z0J1	Q9Z0J1;	6WBH;6WBJ;	ENSMUST00000030198.7;
Q9Z0J4	Q9Z0J4;	2O60;	ENSMUST00000142742.9 [Q9Z0J4-1];ENSMUST00000171055.2 [Q9Z0J4-1];
Q9Z0J7	Q9Z0J7;		ENSMUST00000003808.8;ENSMUST00000110103.2;
Q9Z0K7	Q9Z0K7;		ENSMUST00000190433.2;
Q9Z0K8	Q9Z0K8;		ENSMUST00000041416.8;
Q9Z0L0	Q9Z0L0;		ENSMUST00000006559.14;ENSMUST00000098500.5;
Q9Z0L2	Q9Z0L2;		ENSMUST00000070816.9 [Q9Z0L2-1];ENSMUST00000097913.9 [Q9Z0L2-1];
Q9Z0L3	Q9Z0L3;		ENSMUST00000060522.11 [Q9Z0L3-1];
Q9Z0L6			ENSMUST00000079793.7;
Q9Z0M1	Q9Z0M1;		ENSMUST00000007161.8;
Q9Z0M5	Q9Z0M5;		ENSMUST00000049572.15;ENSMUST00000178114.2;
Q9Z0M6	Q9Z0M6;		
Q9Z0P4	Q9Z0P4;		ENSMUST00000046945.13 [Q9Z0P4-1];ENSMUST00000105379.3 [Q9Z0P4-2];
Q9Z0P5	Q9Z0P5;	7DS3;	ENSMUST00000024047.12 [Q9Z0P5-1];ENSMUST00000188650.2 [Q9Z0P5-2];
Q9Z0P7	Q9Z0P7;		ENSMUST00000039922.13 [Q9Z0P7-1];ENSMUST00000111867.9 [Q9Z0P7-4];
Q9Z0R0	Q9Z0R0;		
Q9Z0R4	Q9Z0R4;	3HS8;3JV3;	ENSMUST00000056482.14 [Q9Z0R4-2];ENSMUST00000114002.9 [Q9Z0R4-1];
Q9Z0R9	Q9Z0R9;		ENSMUST00000025567.9;
Q9Z0S1	Q9Z0S1;		ENSMUST00000027916.13;
Q9Z0S2	Q9Z0S2;		ENSMUST00000000253.6;
Q9Z0S5	Q9Z0S5;	4P79;	ENSMUST00000001790.6;ENSMUST00000111093.8;
Q9Z0S6	Q9Z0S6;		ENSMUST00000047761.13 [Q9Z0S6-2];ENSMUST00000071546.14 [Q9Z0S6-3];ENSMUST00000100314.4 [Q9Z0S6-1];
Q9Z0S9	Q9Z0S9;		ENSMUST00000076961.9;
Q9Z0T6	Q9Z0T6;		ENSMUST00000064370.6;
Q9Z0T9	Q9Z0T9;	8FSO;	ENSMUST00000028348.9;ENSMUST00000059888.15;
Q9Z0U0	Q9Z0U0;		ENSMUST00000027741.12 [Q9Z0U0-1];ENSMUST00000111774.2 [Q9Z0U0-2];
Q9Z0U1	Q9Z0U1;	2CSJ;	ENSMUST00000099558.5;ENSMUST00000233658.3;
Q9Z0U9	Q9Z0U9;		ENSMUST00000087978.5;
Q9Z0V1	Q9Z0V1;		ENSMUST00000079169.5 [Q9Z0V1-1];ENSMUST00000098761.10 [Q9Z0V1-2];ENSMUST00000118360.8 [Q9Z0V1-1];
Q9Z0V2	Q9Z0V2;		ENSMUST00000081542.6;
Q9Z0W1	Q9Z0W1;		ENSMUST00000000122.7 [Q9Z0W1-1];
Q9Z0X0	Q9Z0X0;		ENSMUST00000076831.7;
Q9Z0X1	Q9Z0X1;	1GV4;3GD3;3GD4;5MIU;5MIV;8QNS;	ENSMUST00000037349.8 [Q9Z0X1-1];
Q9Z0X4	Q9Z0X4;		ENSMUST00000043259.10;
Q9Z0Y2	Q9Z0Y2;		ENSMUST00000031495.11;
Q9Z0Y9	Q9Z0Y9;	2ACL;3FAL;3FC6;	ENSMUST00000002177.9;ENSMUST00000111354.2;ENSMUST00000111356.8;
Q9Z0Z3	Q9Z0Z3;		ENSMUST00000096482.10 [Q9Z0Z3-1];ENSMUST00000110585.10 [Q9Z0Z3-2];
Q9Z0Z4	Q9Z0Z4;		ENSMUST00000033553.14 [Q9Z0Z4-1];ENSMUST00000113838.8 [Q9Z0Z4-1];
Q9Z0Z7	Q9Z0Z7;		ENSMUST00000005279.8;
Q9Z101	Q9Z101;		ENSMUST00000093195.7 [Q9Z101-1];ENSMUST00000211888.2 [Q9Z101-3];ENSMUST00000212430.2 [Q9Z101-2];
Q9Z103	Q9Z103;		ENSMUST00000057793.11;ENSMUST00000088001.6;
Q9Z104	Q9Z104;	2CRJ;	ENSMUST00000020454.11;ENSMUST00000105323.8;ENSMUST00000105324.9;
Q9Z110	Q9Z110;		ENSMUST00000025979.13 [Q9Z110-1];ENSMUST00000176939.8 [Q9Z110-2];
Q9Z120	Q9Z120;		ENSMUST00000006915.14;
Q9Z123	Q9Z123;		ENSMUST00000000641.15;
Q9Z125	Q9Z125;		
Q9Z126	Q9Z126;		ENSMUST00000031320.8;
Q9Z127	Q9Z127;		ENSMUST00000045557.10;
Q9Z129	Q9Z129;		ENSMUST00000032370.13 [Q9Z129-2];ENSMUST00000111803.9 [Q9Z129-1];
Q9Z131	Q9Z131;		ENSMUST00000091903.5 [Q9Z131-2];ENSMUST00000100730.10 [Q9Z131-3];ENSMUST00000140002.8 [Q9Z131-1];
Q9Z132	Q9Z132;		
Q9Z138	Q9Z138;		
Q9Z139	Q9Z139;		ENSMUST00000039630.6;
Q9Z140	Q9Z140;		ENSMUST00000074225.11;ENSMUST00000163767.8;ENSMUST00000171643.2;
Q9Z148	Q9Z148;		ENSMUST00000013931.12 [Q9Z148-1];ENSMUST00000078061.13 [Q9Z148-2];ENSMUST00000114033.9 [Q9Z148-3];
Q9Z172	Q9Z172;		ENSMUST00000020501.15 [Q9Z172-1];ENSMUST00000099538.6 [Q9Z172-2];
Q9Z175	Q9Z175;		ENSMUST00000000707.9;
Q9Z176	Q9Z176;		
Q9Z183	Q9Z183;	6MKD;6MKR;6MNG;6MNM;6MNN;6MNO;	ENSMUST00000026381.7;
Q9Z186	Q9Z186;		ENSMUST00000005364.12 [Q9Z186-1];ENSMUST00000112317.3 [Q9Z186-2];
Q9Z188	Q9Z188;		ENSMUST00000085901.13 [Q9Z188-1];ENSMUST00000172467.8 [Q9Z188-3];ENSMUST00000172761.8 [Q9Z188-2];
Q9Z1B3	Q9Z1B3;		ENSMUST00000070724.12 [Q9Z1B3-2];ENSMUST00000110116.8 [Q9Z1B3-1];ENSMUST00000131552.5 [Q9Z1B3-2];
Q9Z1B5	Q9Z1B5;		ENSMUST00000101343.2;ENSMUST00000116605.8;
Q9Z1B7	Q9Z1B7;		ENSMUST00000233984.2;
Q9Z1B8	Q9Z1B8;	5XFQ;	ENSMUST00000073724.7;
Q9Z1D1	Q9Z1D1;		ENSMUST00000004206.10;
Q9Z1E3	Q9Z1E3;		ENSMUST00000021413.9;
Q9Z1E4	Q9Z1E4;		ENSMUST00000003964.17;
Q9Z1F6	Q9Z1F6;		ENSMUST00000022603.8;
Q9Z1F9	Q9Z1F9;		ENSMUST00000102746.11;
Q9Z1G3	Q9Z1G3;	9BRA;9BRQ;9BRR;9BRS;9BRT;9BRU;	ENSMUST00000022904.8;
Q9Z1G4	Q9Z1G4;	9BRA;9BRQ;9BRR;9BRS;9BRT;9BRU;9BRY;9BRZ;	ENSMUST00000044721.13 [Q9Z1G4-2];ENSMUST00000092663.4 [Q9Z1G4-3];ENSMUST00000103110.10 [Q9Z1G4-1];
Q9Z1J1	Q9Z1J1;		
Q9Z1J2	Q9Z1J2;		ENSMUST00000226551.2 [Q9Z1J2-2];
Q9Z1J3	Q9Z1J3;		ENSMUST00000029147.16;
Q9Z1K5	Q9Z1K5;		ENSMUST00000171975.8;
Q9Z1K6	Q9Z1K6;		ENSMUST00000013338.14;
Q9Z1K7	Q9Z1K7;		
Q9Z1K8	Q9Z1K8;		ENSMUST00000000984.9;ENSMUST00000195970.5;ENSMUST00000197440.5;ENSMUST00000226753.2;
Q9Z1L3	Q9Z1L3;		ENSMUST00000064950.11;ENSMUST00000097467.8;ENSMUST00000111299.8;ENSMUST00000111300.8;
Q9Z1L4	Q9Z1L4;		ENSMUST00000033650.14;
Q9Z1L5	Q9Z1L5;		ENSMUST00000022567.9;
Q9Z1M0	Q9Z1M0;		ENSMUST00000100737.10;
Q9Z1M4	Q9Z1M4;		ENSMUST00000025749.15;
Q9Z1M7	Q9Z1M7;		ENSMUST00000004497.11;ENSMUST00000119826.7;ENSMUST00000212459.2;
Q9Z1N2	Q9Z1N2;	4DOV;4DOW;	ENSMUST00000102744.4;
Q9Z1N5	Q9Z1N5;		ENSMUST00000068056.12;ENSMUST00000172549.2;ENSMUST00000173731.8;
Q9Z1N6	Q9Z1N6;		ENSMUST00000002883.7;
Q9Z1N9	Q9Z1N9;		ENSMUST00000079978.13 [Q9Z1N9-2];ENSMUST00000107952.9 [Q9Z1N9-1];ENSMUST00000163653.8 [Q9Z1N9-3];
Q9Z1P4	Q9Z1P4;		ENSMUST00000020350.15;
Q9Z1P5	Q9Z1P5;		ENSMUST00000002379.15 [Q9Z1P5-1];ENSMUST00000087559.8 [Q9Z1P5-2];
Q9Z1P8	Q9Z1P8;		ENSMUST00000002360.17;
Q9Z1Q2	Q9Z1Q2;		ENSMUST00000007251.14;
Q9Z1Q3	Q9Z1Q3;		ENSMUST00000007259.4;
Q9Z1Q5	Q9Z1Q5;		ENSMUST00000007257.10;
Q9Z1R2	Q9Z1R2;		ENSMUST00000025250.14;
Q9Z1R3	Q9Z1R3;	2XKL;	ENSMUST00000025249.7;
Q9Z1S0	Q9Z1S0;		ENSMUST00000038341.8;
Q9Z1S3	Q9Z1S3;		ENSMUST00000102534.11;
Q9Z1S5	Q9Z1S5;		ENSMUST00000023095.14 [Q9Z1S5-2];ENSMUST00000116423.3 [Q9Z1S5-2];
Q9Z1S8	Q9Z1S8;		
Q9Z1T1	Q9Z1T1;		ENSMUST00000022196.5;
Q9Z1T2	Q9Z1T2;		ENSMUST00000022213.8;
Q9Z1T5	Q9Z1T5;	2MBV;	ENSMUST00000080553.9 [Q9Z1T5-1];
Q9Z1T6	Q9Z1T6;		ENSMUST00000097707.5 [Q9Z1T6-2];
Q9Z1W4	Q9Z1W4;		ENSMUST00000026408.7;
Q9Z1W5	Q9Z1W5;		ENSMUST00000029385.9;
Q9Z1W8	Q9Z1W8;		ENSMUST00000007340.4;
Q9Z1W9	Q9Z1W9;	5D9H;5DBX;	ENSMUST00000102715.4;
Q9Z1X0	Q9Z1X0;		ENSMUST00000098122.3 [Q9Z1X0-1];ENSMUST00000108018.9 [Q9Z1X0-2];ENSMUST00000177785.3 [Q9Z1X0-1];
Q9Z1X2	Q9Z1X2;		ENSMUST00000026568.10 [Q9Z1X2-1];
Q9Z1X4	Q9Z1X4;	4AT7;4AT8;4AT9;4ATB;5DV7;	ENSMUST00000067646.12 [Q9Z1X4-1];ENSMUST00000213603.2 [Q9Z1X4-3];ENSMUST00000214758.2 [Q9Z1X4-3];ENSMUST00000216892.2 [Q9Z1X4-2];
Q9Z1Y4	Q9Z1Y4;		ENSMUST00000024119.11;
Q9Z1Y9			
Q9Z1Z0	Q9Z1Z0;		ENSMUST00000031355.10 [Q9Z1Z0-1];ENSMUST00000202155.2 [Q9Z1Z0-2];
Q9Z1Z2	Q9Z1Z2;		ENSMUST00000064910.7;
Q9Z204	Q9Z204;		ENSMUST00000111610.12 [Q9Z204-1];ENSMUST00000227242.2 [Q9Z204-2];ENSMUST00000227458.2 [Q9Z204-4];ENSMUST00000227536.2 [Q9Z204-2];ENSMUST00000228198.2 [Q9Z204-5];ENSMUST00000228232.2 [Q9Z204-3];ENSMUST00000228748.2 [Q9Z204-3];
Q9Z205	Q9Z205;		ENSMUST00000075724.9 [Q9Z205-2];ENSMUST00000212320.2 [Q9Z205-1];
Q9Z206	Q9Z206;		ENSMUST00000091853.12 [Q9Z206-1];ENSMUST00000099946.6 [Q9Z206-2];
Q9Z207	Q9Z207;		ENSMUST00000168889.3;
Q9Z218	Q9Z218;	7W6T;	ENSMUST00000071500.13;
Q9Z222	Q9Z222;		ENSMUST00000055549.4;ENSMUST00000062844.11;
Q9Z238	Q9Z238;		ENSMUST00000108324.4;ENSMUST00000170901.8;
Q9Z239	Q9Z239;		ENSMUST00000039909.13;ENSMUST00000071697.11;ENSMUST00000108110.5;ENSMUST00000205439.2;ENSMUST00000205778.2;ENSMUST00000206012.2;ENSMUST00000206305.2;ENSMUST00000206328.2;ENSMUST00000206474.2;ENSMUST00000206860.2;
Q9Z247	Q9Z247;		ENSMUST00000031795.8;
Q9Z248	Q9Z248;		ENSMUST00000032359.15 [Q9Z248-4];ENSMUST00000087614.11 [Q9Z248-2];ENSMUST00000095350.12 [Q9Z248-1];ENSMUST00000160836.8 [Q9Z248-3];ENSMUST00000161335.8 [Q9Z248-3];ENSMUST00000162903.8 [Q9Z248-2];ENSMUST00000249348.1 [Q9Z248-3];ENSMUST00000249350.1 [Q9Z248-1];
Q9Z255	Q9Z255;		ENSMUST00000016452.11;
Q9Z257			ENSMUST00000031429.14;
Q9Z260	Q9Z260;		ENSMUST00000049697.5;
Q9Z261	Q9Z261;		ENSMUST00000018713.13;ENSMUST00000108597.8;
Q9Z265	Q9Z265;		ENSMUST00000066160.3;
Q9Z266	Q9Z266;		ENSMUST00000149884.2 [Q9Z266-1];
Q9Z273	Q9Z273;		ENSMUST00000041819.14;
Q9Z277	Q9Z277;		ENSMUST00000002825.6 [Q9Z277-1];
Q9Z280	Q9Z280;		
Q9Z295	Q9Z295;		
Q9Z2A0	Q9Z2A0;		ENSMUST00000102927.10;
Q9Z2A5	Q9Z2A5;		ENSMUST00000033139.15 [Q9Z2A5-1];ENSMUST00000035458.15 [Q9Z2A5-2];ENSMUST00000094017.5 [Q9Z2A5-3];ENSMUST00000178534.8 [Q9Z2A5-4];
Q9Z2A7	Q9Z2A7;		ENSMUST00000023214.11;
Q9Z2A9	Q9Z2A9;		ENSMUST00000072217.9 [Q9Z2A9-1];
Q9Z2B1	Q9Z2B1;		ENSMUST00000027237.12;
Q9Z2B2	Q9Z2B2;		ENSMUST00000033431.14 [Q9Z2B2-2];ENSMUST00000114936.8 [Q9Z2B2-1];ENSMUST00000177710.2 [Q9Z2B2-1];
Q9Z2B5	Q9Z2B5;	3QD2;4YZY;	
Q9Z2B9	Q9Z2B9;		ENSMUST00000239527.1;
Q9Z2C4	Q9Z2C4;		ENSMUST00000015358.8;
Q9Z2C5	Q9Z2C5;		ENSMUST00000033700.12;ENSMUST00000061970.12;ENSMUST00000114617.2;ENSMUST00000171933.8;
Q9Z2C8	Q9Z2C8;		
Q9Z2C9	Q9Z2C9;		ENSMUST00000048898.17;
Q9Z2D0	Q9Z2D0;		ENSMUST00000058679.7;
Q9Z2D1	Q9Z2D1;		ENSMUST00000034396.14;
Q9Z2D3	Q9Z2D3;		ENSMUST00000031845.13;ENSMUST00000170142.8;
Q9Z2D6	Q9Z2D6;	5NAF;	ENSMUST00000033770.13 [Q9Z2D6-2];ENSMUST00000100750.10 [Q9Z2D6-1];
Q9Z2D7	Q9Z2D7;	1NGN;3VXV;3VXX;3VYB;3VYQ;4EVV;4EW0;4EW4;	
Q9Z2D8	Q9Z2D8;		ENSMUST00000092295.10 [Q9Z2D8-1];ENSMUST00000105349.8 [Q9Z2D8-2];
Q9Z2E1	Q9Z2E1;		ENSMUST00000074058.11 [Q9Z2E1-1];ENSMUST00000114946.4 [Q9Z2E1-2];
Q9Z2E2	Q9Z2E2;		
Q9Z2E3	Q9Z2E3;		ENSMUST00000033153.9;
Q9Z2E5	Q9Z2E5;		ENSMUST00000044059.5;
Q9Z2E9	Q9Z2E9;		ENSMUST00000086058.13;ENSMUST00000159634.8;ENSMUST00000160556.8;
Q9Z2F2	Q9Z2F2;		ENSMUST00000031542.13;
Q9Z2F6	Q9Z2F6;		ENSMUST00000120537.8;
Q9Z2F7	Q9Z2F7;		ENSMUST00000022634.9;
Q9Z2G0	Q9Z2G0;	7ROY;	ENSMUST00000034775.10;
Q9Z2G1	Q9Z2G1;		ENSMUST00000060253.5;
Q9Z2G6	Q9Z2G6;	5B26;	ENSMUST00000021347.12 [Q9Z2G6-1];ENSMUST00000167466.2 [Q9Z2G6-2];
Q9Z2G9	Q9Z2G9;	2FMU;	ENSMUST00000085272.7 [Q9Z2G9-1];
Q9Z2H5	Q9Z2H5;		
Q9Z2H6	Q9Z2H6;		ENSMUST00000032240.4;
Q9Z2I0	Q9Z2I0;		ENSMUST00000005431.6;
Q9Z2I2	Q9Z2I2;		ENSMUST00000020964.7;
Q9Z2I4	Q9Z2I4;		ENSMUST00000115038.3 [Q9Z2I4-3];ENSMUST00000170512.8 [Q9Z2I4-4];
Q9Z2I8	Q9Z2I8;		ENSMUST00000079847.8 [Q9Z2I8-2];ENSMUST00000204224.3 [Q9Z2I8-1];
Q9Z2J0	Q9Z2J0;	7YTW;7YTY;	ENSMUST00000025212.8;
Q9Z2J6	Q9Z2J6;		ENSMUST00000037261.4;
Q9Z2K1	Q9Z2K1;		ENSMUST00000007280.9;
Q9Z2L6	Q9Z2L6;		ENSMUST00000025827.10;
Q9Z2N8	Q9Z2N8;		ENSMUST00000029214.14;
Q9Z2P8	Q9Z2P8;		ENSMUST00000074231.6;ENSMUST00000101285.10;
Q9Z2Q6	Q9Z2Q6;		ENSMUST00000096987.7;
Q9Z2R6	Q9Z2R6;		ENSMUST00000002127.14;
Q9Z2R9	Q9Z2R9;		ENSMUST00000100487.6;
Q9Z2S7	Q9Z2S7;		ENSMUST00000055738.12 [Q9Z2S7-1];ENSMUST00000112996.9 [Q9Z2S7-3];
Q9Z2U0	Q9Z2U0;	3UNB;3UNE;3UNF;3UNH;8YPK;8YVP;	ENSMUST00000029082.9;
Q9Z2U1	Q9Z2U1;	3UNB;3UNE;3UNF;3UNH;8YPK;8YVP;	ENSMUST00000090569.10;
Q9Z2U4	Q9Z2U4;		ENSMUST00000033429.9;ENSMUST00000114958.8;
Q9Z2V4	Q9Z2V4;		ENSMUST00000029017.6;
Q9Z2V5	Q9Z2V5;		ENSMUST00000033501.15;ENSMUST00000115642.8;
Q9Z2V6	Q9Z2V6;		
Q9Z2W1	Q9Z2W1;		ENSMUST00000027498.14;
Q9Z2W8	Q9Z2W8;		ENSMUST00000063508.15;
Q9Z2W9	Q9Z2W9;	3LSW;3LSX;	ENSMUST00000076349.12 [Q9Z2W9-1];
Q9Z2X2	Q9Z2X2;	2DVW;2DWZ;3AJI;	ENSMUST00000033805.15;
Q9Z2X8	Q9Z2X8;	1X2J;1X2R;2DYH;2Z32;3ADE;3WDZ;3WN7;4ZY3;5CGJ;5FNQ;5FNR;5FNS;5FNT;5FNU;5FZJ;5FZN;6QMC;6QMD;6QME;6QMJ;6QMK;6ZEW;6ZEX;6ZEY;6ZEZ;6ZF0;6ZF1;6ZF2;6ZF3;6ZF4;6ZF5;6ZF6;6ZF7;6ZF8;7C5E;7C60;7ECA;7OF8;7OF9;7OFA;7OFB;7OFC;7OFD;7OFE;7OFF;7P58;7P5E;7P5F;7P5I;7P5K;7P5N;7P5P;7YEN;8A46;8IN0;8Q1Q;8Q1R;	ENSMUST00000049567.10;ENSMUST00000164812.8;ENSMUST00000193982.2;ENSMUST00000194542.6;
Q9Z2Y2	Q9Z2Y2;		ENSMUST00000030266.12;ENSMUST00000084325.10;ENSMUST00000106421.9;
Q9Z2Y3	Q9Z2Y3;		ENSMUST00000060490.11 [Q9Z2Y3-3];ENSMUST00000079086.8 [Q9Z2Y3-2];ENSMUST00000080127.12 [Q9Z2Y3-1];ENSMUST00000102752.10 [Q9Z2Y3-5];ENSMUST00000109492.9 [Q9Z2Y3-4];
Q9Z2Z6	Q9Z2Z6;		ENSMUST00000035222.6;
Q9Z306	Q9Z306;		ENSMUST00000020586.7;
Q9Z309	Q9Z309;		ENSMUST00000041901.7;
Q9Z319	Q9Z319;		ENSMUST00000005352.10 [Q9Z319-1];ENSMUST00000167460.9 [Q9Z319-2];
Q9Z329			ENSMUST00000053273.15 [Q9Z329-1];ENSMUST00000079573.13 [Q9Z329-3];
Q9Z351	Q9Z351;		
S4R2E1	S4R2E1;		ENSMUST00000143752.8;
S4R2P9	S4R2P9;	2LT9;	ENSMUST00000085238.13 [S4R2P9-2];ENSMUST00000182208.8 [S4R2P9-1];
T1NXB5	T1NXB5;		ENSMUST00000053175.13;
V5TDK8	V5TDK8;		
V5TDL3	V5TDL3;		
V5TE25	V5TE25;		
V9GXG1	V9GXG1;		ENSMUST00000163961.3;
V9GXK1	V9GXK1;	8I7R;8IYJ;8TO0;	ENSMUST00000124565.4;
V9GXQ9	V9GXQ9;		ENSMUST00000184371.8;
W8DLN2	W8DLN2;		
W8DXL4	W8DXL4;		ENSMUST00000185462.7;
Z4YK94			ENSMUST00000105644;ENSMUST00000239448.2;
A0A024QYR9			ENSMUST00000249247.1;
A0A068EW80	A0A068EW80;		
A0A087WP33			ENSMUST00000189820.7;
A0A087WPU4			ENSMUST00000186342.3;
A0A087WRI3	A0A087WRI3;	8I7O;8I7R;8IYJ;	ENSMUST00000157048.4 [A0A087WRI3-2];ENSMUST00000189711.7 [A0A087WRI3-1];
A0A087WRU1	A0A087WRU1;		ENSMUST00000190436.7;
A0A0A0MQF6	A0A0A0MQF6;		ENSMUST00000117757.9;
A0A0A6YWX7	A0A0A6YWX7;		ENSMUST00000159554.7;
A0A0A6YXE7	A0A0A6YXE7;		ENSMUST00000126699.4;
A0A0A6YXG1			ENSMUST00000194446.7;
A0A0A6YXJ2	A0A0A6YXJ2;		ENSMUST00000195465.2;
A0A0A6YXW9	A0A0A6YXW9;		ENSMUST00000195272.6;
A0A0A6YY25	A0A0A6YY25;		ENSMUST00000133437.3;
A0A0B4J1E2	A0A0B4J1E2;		ENSMUST00000021428.9;
A0A0B6VRD5	A0A0B6VRD5;		
A0A0G2JDK2	A0A0G2JDK2;		ENSMUST00000197738.5;
A0A0G2JF42	A0A0G2JF42;		ENSMUST00000199233.5;
A0A0G2JFA5	A0A0G2JFA5;		ENSMUST00000198448.5;
A0A0G2JFE5	A0A0G2JFE5;		ENSMUST00000198660.5;
A0A0G2JFF1			ENSMUST00000197730.2;
A0A0G2JGE1	A0A0G2JGE1;		ENSMUST00000199519.5;
A0A0H2UH28	A0A0H2UH28;		ENSMUST00000163888.8;
A0A0M3U1B0	A0A0M3U1B0;		ENSMUST00000124093.3;
A0A0R4J039	A0A0R4J039;		ENSMUST00000023590.9;
A0A0R4J088	A0A0R4J088;		ENSMUST00000029771.13;
A0A0R4J093	A0A0R4J093;		ENSMUST00000030491.9;
A0A0R4J0B1	A0A0R4J0B1;		ENSMUST00000032557.15;
A0A0R4J0J3	A0A0R4J0J3;		ENSMUST00000036852.9;
A0A0R4J0P6	A0A0R4J0P6;		ENSMUST00000058884.10;
A0A0R4J0W3	A0A0R4J0W3;		ENSMUST00000072012.10;
A0A0R4J170			ENSMUST00000098948.10;
A0A0R4J187			ENSMUST00000069530.13;ENSMUST00000100399.11;
A0A0R4J1I3	A0A0R4J1I3;		ENSMUST00000113502.10;
A0A0R4J1R1			ENSMUST00000134667.8;ENSMUST00000138532.8;
A0A0R4J210	A0A0R4J210;		ENSMUST00000167924.2;
A0A0R4J227	A0A0R4J227;		ENSMUST00000164205.8;
A0A0R4J263			ENSMUST00000037489.15;ENSMUST00000114140.10;ENSMUST00000174595.2;
A0A0R4J2D2	A0A0R4J2D2;		ENSMUST00000186051.7;
A0A0U1RNP3	A0A0U1RNP3;		ENSMUST00000205712.2;
A0A0U1RNW0	A0A0U1RNW0;		ENSMUST00000205379.2;
A0A0U1RP12	A0A0U1RP12;		ENSMUST00000205854.2;
A0A0U1RP94	A0A0U1RP94;		ENSMUST00000206048.2;
A0A0U1RPD7	A0A0U1RPD7;		ENSMUST00000130798.3;
A0A0U1RPH0	A0A0U1RPH0;		ENSMUST00000148569.4;
A0A0U1RPM8	A0A0U1RPM8;		ENSMUST00000206528.2;
A0A0U1RPR9			ENSMUST00000127117.8;ENSMUST00000127290.8;
A0A0U1RPX4			ENSMUST00000205657.2;
A0A0U1RQ46	A0A0U1RQ46;		ENSMUST00000180544.3;
A0A0U1RQ87	A0A0U1RQ87;		ENSMUST00000206351.2;
A0A0U1RQB6			ENSMUST00000205765.2;
A0A0U5J4W4	A0A0U5J4W4;		
A0A140LHF3	A0A140LHF3;		ENSMUST00000207611.2;
A0A140LHL5	A0A140LHL5;		ENSMUST00000155327.8;
A0A140LHZ9	A0A140LHZ9;		ENSMUST00000209107.4;
A0A140LI67	A0A140LI67;	5ZDS;	ENSMUST00000208577.2;
A0A140LIJ0	A0A140LIJ0;		ENSMUST00000208216.2;
A0A140LIP1	A0A140LIP1;		ENSMUST00000208518.2;
A0A140LJ30	A0A140LJ30;		ENSMUST00000207660.3;
A0A140LJF0	A0A140LJF0;		ENSMUST00000207185.2;
A0A142K3A7	A0A142K3A7;		
A0A1B0GQX2	A0A1B0GQX2;		ENSMUST00000180458.9;ENSMUST00000180503.3;
A0A1B0GRD2	A0A1B0GRD2;		ENSMUST00000210620.2;
A0A1B0GRD7			ENSMUST00000210110.2;
A0A1B0GRU0	A0A1B0GRU0;		ENSMUST00000209634.2;
A0A1B0GS66	A0A1B0GS66;		ENSMUST00000123066.3;
A0A1B0GSV7	A0A1B0GSV7;		ENSMUST00000209253.2;
A0A1B0GSZ0	A0A1B0GSZ0;		ENSMUST00000131248.2;
A0A1B0GT25			ENSMUST00000210655.2;
A0A1B0GT49	A0A1B0GT49;		ENSMUST00000210511.2;
A0A1D5RLD8	A0A1D5RLD8;		ENSMUST00000212864.2;
A0A1D5RM97			ENSMUST00000211948.2;
A0A1D5RMH2	A0A1D5RMH2;		ENSMUST00000212831.2;
A0A1L1SV25	A0A1L1SV25;		ENSMUST00000217157.2;
A0A1V0DNR6	A0A1V0DNR6;		
A0A1W2P6H1			ENSMUST00000219084.3;
A0A1W2P7Y1			ENSMUST00000218276.2;
A0A1Y7VJX4	A0A1Y7VJX4;		ENSMUST00000223230.2;
A0A1Y7VJY8			ENSMUST00000220576.2;ENSMUST00000221481.2;
A0A1Y7VM56	A0A1Y7VM56;		ENSMUST00000221515.2;
A0A286YCS3			ENSMUST00000224956.2;
A0A286YD83	A0A286YD83;		ENSMUST00000124606.3;
A0A286YDM6	A0A286YDM6;		ENSMUST00000224468.2;
A0A2C9F2D9	A0A2C9F2D9;		ENSMUST00000097722.9;
A0A2I3BPC5	A0A2I3BPC5;		ENSMUST00000228911.2;
A0A2I3BPT1	A0A2I3BPT1;		ENSMUST00000227021.2;
A0A2I3BQS6			ENSMUST00000226414.2;
A0A2I3BQZ9	A0A2I3BQZ9;		ENSMUST00000226232.2;
A0A2R8VHF7	A0A2R8VHF7;	7EEB;	ENSMUST00000230604.2;
A0A338P672	A0A338P672;		ENSMUST00000232199.2;
A0A338P6S8	A0A338P6S8;		ENSMUST00000231781.2;
A0A338P7E9	A0A338P7E9;		ENSMUST00000232396.2;
A0A3B2WCG4	A0A3B2WCG4;		ENSMUST00000233557.2;
A0A3B2WCZ2	A0A3B2WCZ2;		ENSMUST00000233802.2;
A0A3Q4EGV1	A0A3Q4EGV1;		ENSMUST00000234985.2;
A0A494B9N2	A0A494B9N2;		ENSMUST00000236174.2;
A0A494BAP2	A0A494BAP2;		ENSMUST00000237880.2;
A0A494BAP7	A0A494BAP7;		ENSMUST00000235701.2;
A0A4P3APB9	A0A4P3APB9;		
A0A571BF02			ENSMUST00000156159.4;
A0A571BF63	A0A571BF63;		ENSMUST00000238273.3;
A0A571BG59			ENSMUST00000238305.2;
A0A5F8MPB5	A0A5F8MPB5;		ENSMUST00000238991.2;
A0A5F8MPB9	A0A5F8MPB9;		ENSMUST00000238858.2;
A0A5F8MPI9	A0A5F8MPI9;		ENSMUST00000238899.2;
A0A5F8MQ23	A0A5F8MQ23;		ENSMUST00000238913.2;
A0A668KL31			ENSMUST00000239177.2;
A0A668KLF8			ENSMUST00000239239.2;
A0A668KMA1			ENSMUST00000239261.2;
A0A6I8MX08			ENSMUST00000239407.2;
A0A6Q6QXN1			ENSMUST00000047099.13;ENSMUST00000131483.3;ENSMUST00000134538.9;
A0A7N4FLU7	A0A7N4FLU7;		ENSMUST00000101497.4;
A0A7N9VSG0	A0A7N9VSG0;		ENSMUST00000239506.1;
A0A7R8C347	A0A7R8C347;		
A0A991EPK0			ENSMUST00000247868.1;
A0A991EQV1			ENSMUST00000247866.1;
A0AA74KTE6			ENSMUST00000249596.1;
A0JLY1	A0JLY1;	8I7R;8IYJ;8TO0;	ENSMUST00000094942.4;
A0JNY3			ENSMUST00000110388.10;
A0PJC5	A0PJC5;		
A0PK84	A0PK84;		ENSMUST00000095521.3;ENSMUST00000222543.2;
A1A4C2	A1A4C2;		
A1A535	A1A535;		ENSMUST00000029419.8 [A1A535-1];
A1A553	A1A553;		
A1EGX6	A1EGX6;		
A1L0S4	A1L0S4;		
A1L338			ENSMUST00000147755.10;
A1L3C1	A1L3C1;		ENSMUST00000107927.5 [A1L3C1-1];
A1YYN4	A1YYN4;		
A1YYN8	A1YYN8;		
A2A484	A2A484;		ENSMUST00000109269.8;
A2A4V1	A2A4V1;		
A2A5R0	A2A5R0;		ENSMUST00000065753.2;
A2A654			ENSMUST00000106763.8;
A2A690	A2A690;		ENSMUST00000100330.10 [A2A690-1];
A2A6M5	A2A6M5;		ENSMUST00000068686.13 [A2A6M5-1];
A2A761	A2A761;		ENSMUST00000106280.8;ENSMUST00000106281.3;
A2A870	A2A870;		ENSMUST00000103031.8 [A2A870-1];ENSMUST00000106435.9 [A2A870-1];
A2A891	A2A891;		ENSMUST00000049790.14 [A2A891-1];ENSMUST00000097774.9 [A2A891-2];ENSMUST00000105668.8 [A2A891-3];ENSMUST00000105670.8 [A2A891-4];
A2A9T0	A2A9T0;		ENSMUST00000066078.12 [A2A9T0-1];ENSMUST00000107614.8 [A2A9T0-1];
A2AB59	A2AB59;		ENSMUST00000041385.14 [A2AB59-2];ENSMUST00000107024.9 [A2AB59-1];
A2ACT4	A2ACT4;		
A2AD85	A2AD85;		
A2ADU9	A2ADU9;		ENSMUST00000096361.5;
A2ADY9	A2ADY9;		ENSMUST00000102484.5;
A2AFQ2	A2AFQ2;		ENSMUST00000112617.4;
A2AFR3	A2AFR3;		ENSMUST00000112145.3 [A2AFR3-3];ENSMUST00000112149.9 [A2AFR3-1];ENSMUST00000238211.2 [A2AFR3-2];ENSMUST00000239138.2 [A2AFR3-3];
A2AFS3	A2AFS3;		ENSMUST00000048012.13 [A2AFS3-2];
A2AGA4	A2AGA4;		ENSMUST00000053202.12;ENSMUST00000106204.2;
A2AGX3	A2AGX3;		ENSMUST00000111274.9;ENSMUST00000178666.8;
A2AHC3	A2AHC3;		ENSMUST00000183461.8 [A2AHC3-1];
A2AHG0	A2AHG0;		ENSMUST00000045761.7 [A2AHG0-1];ENSMUST00000089561.10 [A2AHG0-1];ENSMUST00000110260.8 [A2AHG0-2];
A2AI38	A2AI38;		
A2AI52	A2AI52;		ENSMUST00000110416.3;
A2AJ26			ENSMUST00000102919.4;
A2AJ77	A2AJ77;		ENSMUST00000113470.3;
A2AKM2	A2AKM2;		ENSMUST00000030221.3 [A2AKM2-1];
A2ALI5	A2ALI5;		ENSMUST00000105646.3;
A2ALK8	A2ALK8;		ENSMUST00000075637.11;
A2AMQ5	A2AMQ5;		ENSMUST00000089461.11;
A2APA5	A2APA5;		ENSMUST00000029007.3;
A2APV2	A2APV2;		ENSMUST00000090952.11 [A2APV2-3];ENSMUST00000127122.9 [A2APV2-1];
A2APY7	A2APY7;		ENSMUST00000044825.5 [A2APY7-1];
A2AQ14	A2AQ14;		ENSMUST00000123818.2;
A2AQP0	A2AQP0;		ENSMUST00000092995.6;
A2AQW0	A2AQW0;		ENSMUST00000033665.9;
A2AR02	A2AR02;		ENSMUST00000040915.15;ENSMUST00000090858.10;
A2AR50	A2AR50;	2DTC;	ENSMUST00000042615.13 [A2AR50-2];ENSMUST00000091039.5 [A2AR50-1];ENSMUST00000131298.7 [A2AR50-3];
A2AR99	A2AR99;		
A2ARD6	A2ARD6;		ENSMUST00000028223.9;
A2ARM1	A2ARM1;		ENSMUST00000028665.5;
A2AT91	A2AT91;		ENSMUST00000134310.8;
A2ATD1	A2ATD1;		ENSMUST00000099307.4;
A2ATU0	A2ATU0;		ENSMUST00000095147.9;
A2AUM1			ENSMUST00000110874.8;
A2AUM2			ENSMUST00000110872.8;
A2AUY4	A2AUY4;		ENSMUST00000090925.13 [A2AUY4-1];ENSMUST00000112550.8 [A2AUY4-1];
A2AVJ5	A2AVJ5;		ENSMUST00000043845.14;ENSMUST00000163762.8;ENSMUST00000171088.8;
A2AWA9	A2AWA9;		ENSMUST00000061179.12 [A2AWA9-1];ENSMUST00000066055.10 [A2AWA9-2];ENSMUST00000112920.2 [A2AWA9-1];
A2AWP8	A2AWP8;		ENSMUST00000039204.10 [A2AWP8-4];ENSMUST00000069623.12 [A2AWP8-2];ENSMUST00000097820.9 [A2AWP8-3];ENSMUST00000105797.9 [A2AWP8-5];ENSMUST00000105799.8 [A2AWP8-1];
A2AWR3	A2AWR3;		ENSMUST00000076463.12 [A2AWR3-1];ENSMUST00000112043.8 [A2AWR3-1];ENSMUST00000112044.8 [A2AWR3-2];
A2AWT3	A2AWT3;		ENSMUST00000073234.9 [A2AWT3-1];ENSMUST00000107132.3 [A2AWT3-2];ENSMUST00000107134.8 [A2AWT3-1];
A2BDQ4	A2BDQ4;		ENSMUST00000108191.2;
A2BE28	A2BE28;		ENSMUST00000079987.13 [A2BE28-2];ENSMUST00000113864.3 [A2BE28-1];
A2CEE5	A2CEE5;		ENSMUST00000137712.9;
A2CEE6	A2CEE6;		ENSMUST00000065976.12;
A2CEE7	A2CEE7;		ENSMUST00000096348.10;
A2CF85	A2CF85;		
A2RRK3	A2RRK3;		
A2RS22	A2RS22;		
A2RSJ4	A2RSJ4;		ENSMUST00000020112.7;
A2RSY1	A2RSY1;		ENSMUST00000010597.10 [A2RSY1-2];ENSMUST00000185912.7 [A2RSY1-3];ENSMUST00000186470.2 [A2RSY1-1];
A2RTI3	A2RTI3;		
A2RTJ4	A2RTJ4;		
A2RTT4	A2RTT4;		
A2VDH4	A2VDH4;		
A3KFU9	A3KFU9;		
A3KGC3	A3KGC3;		ENSMUST00000156449.8;
A3KGC4	A3KGC4;		ENSMUST00000155215.8;
A3KGC5	A3KGC5;		ENSMUST00000134402.8;
A3KGE1	A3KGE1;		
A4Q9F6	A4Q9F6;		ENSMUST00000058266.9;
A6H584	A6H584;		
A6H5Y1	A6H5Y1;		ENSMUST00000031344.13;
A6H5Y3	A6H5Y3;		ENSMUST00000099856.6;
A6H639	A6H639;		ENSMUST00000113547.2;ENSMUST00000233588.2;
A6H667	A6H667;		
A6H6C9	A6H6C9;		
A6H6T1	A6H6T1;		ENSMUST00000047840.9;
A6PWD2	A6PWD2;		ENSMUST00000036701.8 [A6PWD2-2];ENSMUST00000105779.9 [A6PWD2-1];ENSMUST00000105780.8 [A6PWD2-1];
A6PWK7	A6PWK7;		ENSMUST00000154866.8;
A6PWK8	A6PWK8;		ENSMUST00000134381.8;
A6X919	A6X919;		ENSMUST00000115277.9 [A6X919-2];ENSMUST00000142064.8 [A6X919-1];ENSMUST00000170356.2 [A6X919-1];
A7E215	A7E215;		
A7ISQ0	A7ISQ0;		
A7ISQ1	A7ISQ1;		
A7ISQ2	A7ISQ2;		
A7XUX6	A7XUX6;		ENSMUST00000186969.2 [A7XUX6-1];
A8E0Y8	A8E0Y8;		ENSMUST00000147399.9;
A8IP90	A8IP90;		
A9C475	A9C475;		
A9E3L2	A9E3L2;		
B1AQ75	B1AQ75;		ENSMUST00000107416.3;
B1AQF4	B1AQF4;		ENSMUST00000107173.9;
B1AR51			ENSMUST00000080665.10;
B1ARD8	B1ARD8;		ENSMUST00000038141.15;ENSMUST00000092838.11;
B1AST7			ENSMUST00000106484.9;
B1AST8			ENSMUST00000003908.12;
B1ATG9	B1ATG9;		ENSMUST00000094894.4;
B1AUE5	B1AUE5;		ENSMUST00000103180.4;
B1AUN8	B1AUN8;		ENSMUST00000122850.2;
B1AUS6			ENSMUST00000029478.5;
B1AUW6	B1AUW6;		ENSMUST00000033769.15;
B1AV77	B1AV77;		ENSMUST00000108715.3;
B1AVD1	B1AVD1;		ENSMUST00000077775.11;
B1AVH7	B1AVH7;		ENSMUST00000084621.12 [B1AVH7-1];ENSMUST00000107750.2 [B1AVH7-2];
B1AW21			ENSMUST00000025391.11;ENSMUST00000114621.8;
B1AXF5	B1AXF5;		ENSMUST00000153588.8;
B1AXF6	B1AXF6;		ENSMUST00000133473.2;
B1AXN9	B1AXN9;		ENSMUST00000112493.8;
B1AYB6	B1AYB6;		ENSMUST00000112745.8 [B1AYB6-2];ENSMUST00000112754.8 [B1AYB6-1];
B1B1A8			ENSMUST00000023538.9;
B1B212	B1B212;		ENSMUST00000105522.9;ENSMUST00000131558.2;
B2BH30	B2BH30;		
B2CQD6	B2CQD6;		
B2CZK6	B2CZK6;		
B2RPV6	B2RPV6;		
B2RQA1	B2RQA1;		ENSMUST00000055064.8;
B2RQC2	B2RQC2;		ENSMUST00000053287.6;
B2RQE8	B2RQE8;		ENSMUST00000093893.12;
B2RQQ1			
B2RR84	B2RR84;		
B2RRX1	B2RRX1;		
B2RRZ4	B2RRZ4;		
B2RUP8	B2RUP8;		
B2RUR6			
B2RVW2	B2RVW2;		ENSMUST00000053250.5;
B2RW88	B2RW88;		ENSMUST00000080288.5;
B2RWH8			ENSMUST00000143922.2;
B2RWS4	B2RWS4;		
B2RWY1	B2RWY1;		
B2RX66	B2RX66;		
B2RX82			ENSMUST00000084830.2;
B2RXB0	B2RXB0;		ENSMUST00000115286.4;
B2RXC6			ENSMUST00000026322.9;
B2RXR2			
B2RXX9			
B2RXY7	B2RXY7;		
B2RY05	B2RY05;		
B2RY51			
B2RY71	B2RY71;		ENSMUST00000160285.2;
B3VQI8	B3VQI8;		
B6A8R8	B6A8R8;		ENSMUST00000203821.3;
B7U2G4	B7U2G4;		
B7ZCC9			ENSMUST00000153784.8 [B7ZCC9-1];ENSMUST00000154818.8 [B7ZCC9-2];
B7ZMP1	B7ZMP1;		ENSMUST00000041609.11 [B7ZMP1-2];ENSMUST00000163754.9 [B7ZMP1-1];
B7ZNN5			ENSMUST00000232049.2;
B7ZNR3	B7ZNR3;		
B7ZNR4	B7ZNR4;		
B7ZWE5	B7ZWE5;		
B9EHN0	B9EHN0;		
B9EJ30	B9EJ30;		
B9EJ57	B9EJ57;		ENSMUST00000177258.3;
B9EJR8	B9EJR8;		ENSMUST00000026975.11;
B9EKT6			
C0HK79	C0HK79;		ENSMUST00000057625.3;ENSMUST00000058119.9;
C0HK80	C0HK80;		ENSMUST00000057625.3;ENSMUST00000058119.9;
C0HKG5	C0HKG5;		ENSMUST00000089119.13;ENSMUST00000097420.7;ENSMUST00000179728.2;ENSMUST00000231550.2;ENSMUST00000231927.2;ENSMUST00000232307.2;
C0HKG6	C0HKG6;		ENSMUST00000089119.13;ENSMUST00000097420.7;ENSMUST00000179728.2;ENSMUST00000231550.2;ENSMUST00000231927.2;ENSMUST00000232307.2;
C0LQ91	C0LQ91;		
C4P6S0	C4P6S0;		ENSMUST00000165493.8 [C4P6S0-1];
C7ECU2	C7ECU2;		
C7G3P2	C7G3P2;		
D2CGM4	D2CGM4;		
D2KHZ9	D2KHZ9;		
D3YTS9	D3YTS9;		ENSMUST00000118216.8;
D3YU63	D3YU63;		ENSMUST00000119686.2;
D3YUP1	D3YUP1;		ENSMUST00000115394.8;
D3YWB8	D3YWB8;		ENSMUST00000118483.2;
D3YWE6	D3YWE6;		ENSMUST00000094463.5;
D3YWH2	D3YWH2;		ENSMUST00000125568.2;
D3YWH7	D3YWH7;		ENSMUST00000110825.2;
D3YWJ0	D3YWJ0;		ENSMUST00000150897.8;
D3YXM8	D3YXM8;		ENSMUST00000108341.2;
D3YXR4	D3YXR4;		ENSMUST00000144034.8;
D3YYR4	D3YYR4;		ENSMUST00000139228.8;
D3YZG8	D3YZG8;		ENSMUST00000071652.6;
D3YZZ2	D3YZZ2;		ENSMUST00000110993.2;
D3Z041	D3Z041;		ENSMUST00000110371.8;
D3Z0Y2	D3Z0Y2;		ENSMUST00000051925.5;
D3Z105	D3Z105;		ENSMUST00000143179.2;
D3Z1N8	D3Z1N8;		ENSMUST00000112071.8;
D3Z1U7	D3Z1U7;		ENSMUST00000111997.3;
D3Z2X2			
D3Z338	D3Z338;	7EEB;	ENSMUST00000143303.2;
D3Z365	D3Z365;		ENSMUST00000152761.8;
D3Z3G6	D3Z3G6;		ENSMUST00000050201.11;
D3Z3V2	D3Z3V2;		ENSMUST00000117534.8;
D3Z4R2			ENSMUST00000114973.9;
D3Z5L9	D3Z5L9;		ENSMUST00000076713.6;
D3Z6H8	D3Z6H8;		ENSMUST00000080898.4;
D3Z783	D3Z783;		ENSMUST00000128300.9;
D3Z7A5	D3Z7A5;		ENSMUST00000065403.7;
D3Z7G1	D3Z7G1;		ENSMUST00000143338.2;
D3Z7H4	D3Z7H4;	5WEK;5WEL;5WEM;5WEN;	ENSMUST00000073935.7;
D3Z7K3	D3Z7K3;		ENSMUST00000154161.3;
D3Z7Q2	D3Z7Q2;		ENSMUST00000147148.5;
D4PHA7	D4PHA7;		ENSMUST00000094452.4 [D4PHA7-1];
D6RI32	D6RI32;		ENSMUST00000154199.8;
E0CYA3	E0CYA3;		ENSMUST00000161063.9;
E0CYC6	E0CYC6;		
E0CYT1			ENSMUST00000159559.8;
E0CZE3			ENSMUST00000162581.8;
E5FYH1	E5FYH1;		ENSMUST00000178679.3;
E9PUP0	E9PUP0;		ENSMUST00000113428.9;
E9PUP9	E9PUP9;		ENSMUST00000113406.8;
E9PUQ0	E9PUQ0;		ENSMUST00000113403.8;
E9PUQ2	E9PUQ2;		ENSMUST00000113399.6;
E9PUQ4	E9PUQ4;		ENSMUST00000113398.8;
E9PVA2	E9PVA2;		ENSMUST00000098148.6;
E9PVD1	E9PVD1;		ENSMUST00000094320.11;
E9PVU7	E9PVU7;		ENSMUST00000120671.8;
E9PWK7	E9PWK7;		ENSMUST00000111054.2;
E9PWQ3		4IGI;4IHK;	ENSMUST00000056925.16;
E9PWV3	E9PWV3;		ENSMUST00000168974.9;
E9PWX8			ENSMUST00000171791.8;
E9PWZ3	E9PWZ3;		ENSMUST00000045186.11 [E9PWZ3-2];ENSMUST00000170239.9 [E9PWZ3-1];
E9PX60	E9PX60;		ENSMUST00000117073.2;
E9PX88	E9PX88;		ENSMUST00000121080.8;
E9PX90	E9PX90;		ENSMUST00000117357.8;
E9PX91	E9PX91;		ENSMUST00000120591.8;
E9PXD2			ENSMUST00000163663.3;
E9PXF0	E9PXF0;		ENSMUST00000071370.7;
E9PXT9	E9PXT9;		ENSMUST00000104926.3;
E9PXW9	E9PXW9;		ENSMUST00000067417.10;
E9PXX9	E9PXX9;		ENSMUST00000026820.11;ENSMUST00000119083.2;
E9PXY8	E9PXY8;		ENSMUST00000160405.8;
E9PYQ0	E9PYQ0;		ENSMUST00000166847.8;
E9PYU8	E9PYU8;		ENSMUST00000110677.8;
E9PYX3	E9PYX3;		ENSMUST00000165286.8;
E9Q0P8	E9Q0P8;		ENSMUST00000136451.8;
E9Q137	E9Q137;		ENSMUST00000046735.11 [E9Q137-1];ENSMUST00000163441.8 [E9Q137-1];ENSMUST00000169068.8 [E9Q137-1];
E9Q1M8	E9Q1M8;		ENSMUST00000166726.8;
E9Q286	E9Q286;		ENSMUST00000043493.7;
E9Q309			ENSMUST00000138762.8;
E9Q330	E9Q330;		ENSMUST00000169694.2;
E9Q392	E9Q392;		ENSMUST00000068487.12;
E9Q3L2	E9Q3L2;		ENSMUST00000232232.3;
E9Q3N0	E9Q3N0;		ENSMUST00000100832.10;
E9Q4J9	E9Q4J9;		ENSMUST00000113614.3;
E9Q4P1	E9Q4P1;		ENSMUST00000113512.8;ENSMUST00000113513.8;ENSMUST00000113514.8;ENSMUST00000113515.8;
E9Q4Q9	E9Q4Q9;		ENSMUST00000167462.8;
E9Q4S7			ENSMUST00000168621.5;
E9Q512	E9Q512;		ENSMUST00000021605.14;
E9Q5C3	E9Q5C3;		ENSMUST00000122448.8;
E9Q5L3	E9Q5L3;		ENSMUST00000117518.2;
E9Q5Z5	E9Q5Z5;		ENSMUST00000169357.2;
E9Q616			ENSMUST00000092956.4;
E9Q649	E9Q649;		ENSMUST00000171324.3;
E9Q6D6	E9Q6D6;		ENSMUST00000069637.15 [E9Q6D6-2];ENSMUST00000069692.10 [E9Q6D6-1];
E9Q6I0	E9Q6I0;		ENSMUST00000164856.3;
E9Q6J5			ENSMUST00000050556.11 [E9Q6J5-1];ENSMUST00000202908.2 [E9Q6J5-2];
E9Q6J9	E9Q6J9;		ENSMUST00000108474.2;
E9Q6Q2			ENSMUST00000162403.8;
E9Q6R7			ENSMUST00000076817.5;ENSMUST00000218635.2;
E9Q6W4	E9Q6W4;		ENSMUST00000108453.2;
E9Q700	E9Q700;		ENSMUST00000121064.8;
E9Q735	E9Q735;		ENSMUST00000117506.9;
E9Q793	E9Q793;		ENSMUST00000034521.8;
E9Q7E6	E9Q7E6;		ENSMUST00000117754.8;
E9Q7M2	E9Q7M2;		ENSMUST00000099090.7 [E9Q7M2-1];ENSMUST00000199164.2 [E9Q7M2-2];
E9Q7P9	E9Q7P9;	5CYX;7X2E;	ENSMUST00000037145.8;
E9Q7T7	E9Q7T7;		ENSMUST00000072910.6;
E9Q816	E9Q816;		ENSMUST00000031521.13;
E9Q8G5	E9Q8G5;		ENSMUST00000069862.11;
E9Q8Z8	E9Q8Z8;		ENSMUST00000111694.8;
E9Q9N6	E9Q9N6;		ENSMUST00000168872.8;
E9Q9R3	E9Q9R3;		ENSMUST00000061695.5 [E9Q9R3-1];
E9QAI5			ENSMUST00000200953.4;
E9QAN8	E9QAN8;		ENSMUST00000077730.7;
E9QAP7	E9QAP7;		ENSMUST00000041618.13;
E9QAS5			ENSMUST00000112390.8;
E9QJQ9			ENSMUST00000049265.15;
E9QJS1			ENSMUST00000001036.11;ENSMUST00000216874.2;
E9QK34			ENSMUST00000108308.10;ENSMUST00000191835.2;
E9QKG2	E9QKG2;		ENSMUST00000019929.13;
E9QL04	E9QL04;		ENSMUST00000086248;
E9QLL2	E9QLL2;		ENSMUST00000086074.12;
E9QLQ7			ENSMUST00000027693.8;ENSMUST00000112386.8;
E9QM73			ENSMUST00000091623.10;
E9QMI8			ENSMUST00000110097.9;
E9QMI9			ENSMUST00000110096.8;
E9QMX4	E9QMX4;		ENSMUST00000061611.15;
E9QNL4	E9QNL4;		ENSMUST00000026217.11;
E9QPK4			ENSMUST00000034980.9;
E9QPR4			ENSMUST00000099202.10;
E9QQ10			ENSMUST00000044492.10;
E9QQ30	E9QQ30;		ENSMUST00000034093.15;
E9QQ90	E9QQ90;		ENSMUST00000111657.11;
E9QQ96			ENSMUST00000052872.15;
F2Z3U6	F2Z3U6;		ENSMUST00000159644.4;
F2Z3X6	F2Z3X6;		ENSMUST00000052462.13;
F2Z400	F2Z400;		ENSMUST00000115407.9;
F2Z461	F2Z461;		ENSMUST00000031817.10;
F2Z471	F2Z471;		ENSMUST00000125694.8;
F2Z472	F2Z472;		ENSMUST00000017147.8 [F2Z472-1];ENSMUST00000109370.2 [F2Z472-2];
F6Q5A5			ENSMUST00000133890.8;
F6QA74	F6QA74;		ENSMUST00000128395.2;
F6R291			ENSMUST00000149593.2;
F6RDB7	F6RDB7;		ENSMUST00000128968.8;
F6RQA2	F6RQA2;		ENSMUST00000157067.9;
F6S4B9			ENSMUST00000138671.2;
F6S5Z6			ENSMUST00000143176.8;
F6S7W6			ENSMUST00000120463.9;
F6UND7	F6UND7;		ENSMUST00000003370.14;
F6V2R5	F6V2R5;		ENSMUST00000140224.8;
F6X479	F6X479;		ENSMUST00000131543.2;
F6X7K7	F6X7K7;		ENSMUST00000170056.2;
F6Y2T6	F6Y2T6;		ENSMUST00000143043.8;
F6YZJ7	F6YZJ7;		ENSMUST00000135056.8;
F6ZDE5			ENSMUST00000147488.2;
F6ZS70			ENSMUST00000171721.8;
F7A4A7	F7A4A7;		ENSMUST00000165341.5 [F7A4A7-1];
F7AAP4	F7AAP4;		ENSMUST00000048953.14;
F7BY26			ENSMUST00000112826.8;
F7CC62			ENSMUST00000161048.8;
F7CVL0	F7CVL0;		ENSMUST00000150338.8;
F7CVZ7	F7CVZ7;		ENSMUST00000166461.8;
F7DEU6	F7DEU6;		ENSMUST00000162739.8;
F8VPZ3	F8VPZ3;		ENSMUST00000108075.9;
F8VPZ9	F8VPZ9;		ENSMUST00000094821.4;ENSMUST00000210781.2;
F8VQ70			ENSMUST00000037408.9;ENSMUST00000217647.2;
F8WGF2			ENSMUST00000102557.10;
F8WHB1	F8WHB1;		ENSMUST00000101044.9;
F8WHG5	F8WHG5;		ENSMUST00000085917.5;
F8WI71	F8WI71;		ENSMUST00000029345.12;
G1JLS7	G1JLS7;		
G1K381	G1K381;		ENSMUST00000068860.13;
G3UVW3	G3UVW3;		ENSMUST00000140523.8;
G3UWC3	G3UWC3;		ENSMUST00000166281.3;
G3UWG2			ENSMUST00000002588.11;ENSMUST00000163370.8;
G3UWN0	G3UWN0;		ENSMUST00000172787.8;
G3UWV6	G3UWV6;		ENSMUST00000174041.8;
G3UZI3	G3UZI3;		ENSMUST00000174481.8;
G3UZX4	G3UZX4;		ENSMUST00000174024.8;
G3X8R7	G3X8R7;		ENSMUST00000009411.9;
G3X8U9	G3X8U9;		ENSMUST00000022504.12;
G3X940			ENSMUST00000044331.7;ENSMUST00000110696.8;
G3X9G4	G3X9G4;		ENSMUST00000072362.14;
G3X9G7	G3X9G7;		ENSMUST00000072465.9 [G3X9G7-1];ENSMUST00000215618.2 [G3X9G7-2];
G3X9J1			ENSMUST00000086538.10;ENSMUST00000163123.3;
G3X9P6	G3X9P6;		ENSMUST00000098802.10;
G3X9V4			ENSMUST00000053880.13;ENSMUST00000111905.8;
G3X9Z4	G3X9Z4;		ENSMUST00000119954.9;
G3XA18	G3XA18;		ENSMUST00000159345.8;
G5DDB7			ENSMUST00000214470.2;
G5E891	G5E891;		ENSMUST00000046901.14;
G5E897	G5E897;		ENSMUST00000037853.5;
G5E899	G5E899;		ENSMUST00000041388.11;
G5E8B1			ENSMUST00000048957.11;
G5E8G2	G5E8G2;		ENSMUST00000073394.3;
G5E8V9	G5E8V9;		ENSMUST00000098990.10 [G5E8V9-2];ENSMUST00000107687.9 [G5E8V9-3];ENSMUST00000143514.3 [G5E8V9-1];
H3BJC9	H3BJC9;		ENSMUST00000176824.8;
H3BJG4			ENSMUST00000177183.8;
H3BJH8	H3BJH8;		ENSMUST00000176728.2;
H3BJX8	H3BJX8;		ENSMUST00000175903.9;
H3BKG1			ENSMUST00000176491.8;ENSMUST00000176663.8;
H3BKL1			ENSMUST00000175765.8;ENSMUST00000176531.8;ENSMUST00000176685.8;ENSMUST00000177129.8;
H3BKT1	H3BKT1;		ENSMUST00000177375.2;ENSMUST00000239023.2;
H7BX05			ENSMUST00000047441.14;
H7BX44			ENSMUST00000076687.12;
H9LAN6			
I7GSQ5	I7GSQ5;		
I7HJS2			ENSMUST00000114180.11;
J3QK54	J3QK54;		ENSMUST00000178140.2;ENSMUST00000213610.2;
J3QNU6	J3QNU6;		ENSMUST00000179755.8;
J3QQ16			ENSMUST00000097653.11;
K3W4P8			ENSMUST00000084787.6;ENSMUST00000214408.2;
K7N6K2	K7N6K2;		ENSMUST00000106847.9;
M4TKR7			
O08524	O08524;		ENSMUST00000025936.12;
O08542	O08542;		ENSMUST00000029674.8;
O08576	O08576;		ENSMUST00000006750.8 [O08576-1];ENSMUST00000107102.8 [O08576-3];ENSMUST00000107103.8 [O08576-2];ENSMUST00000107105.9 [O08576-4];
O08582	O08582;	1KJ2;1KJ3;	ENSMUST00000046463.10;
O08584	O08584;		
O08585	O08585;		
O08614			
O08641	O08641;		ENSMUST00000020997.15 [O08641-1];ENSMUST00000110880.3 [O08641-2];
O08663	O08663;		ENSMUST00000047910.15;ENSMUST00000180840.8;
O08664	O08664;		ENSMUST00000061468.9;
O08672	O08672;		
O08742	O08742;		
O08784	O08784;		ENSMUST00000176630.8;
O08786	O08786;		ENSMUST00000031093.5;
O08810	O08810;		ENSMUST00000107060.8;
O08843	O08843;		
O08856	O08856;		ENSMUST00000093454.8;
O08970	O08970;		ENSMUST00000006123.11 [O08970-1];ENSMUST00000196733.5 [O08970-2];
O08989	O08989;	1X1R;1X1S;3KKO;3KKP;3KKQ;3PIR;3PIT;	ENSMUST00000035045.15;ENSMUST00000119472.8;ENSMUST00000122384.9;
O08999	O08999;		
O09030	O09030;		ENSMUST00000033418.8;
O09107	O09107;		
O09108	O09108;		
O09111	O09111;	6G2J;6G72;6ZR2;6ZTQ;7AK5;7AK6;7B93;7PSA;8C2S;8CA3;8CA5;8IAO;8IAQ;8IB4;8IB6;8IB9;8IBB;8IBD;8IBF;8IC2;8IC4;8OLT;8OM1;8PW5;8PW6;8PW7;8RGP;8RGQ;8RGR;8RGT;	ENSMUST00000116621.2;
O09117	O09117;		ENSMUST00000020885.13 [O09117-2];ENSMUST00000076698.13 [O09117-1];
O35071	O35071;		ENSMUST00000094499.11;ENSMUST00000102554.8;ENSMUST00000137119.3;
O35103	O35103;		ENSMUST00000065494.8;ENSMUST00000221170.2;
O35166	O35166;		ENSMUST00000021329.14;
O35207	O35207;		ENSMUST00000031341.11;ENSMUST00000104959.2;
O35215	O35215;	3KER;	ENSMUST00000001716.8;
O35218	O35218;		ENSMUST00000047357.10;
O35228	O35228;	7Z0L;7ZG0;	ENSMUST00000003274.8;
O35239	O35239;		ENSMUST00000034832.8;
O35242	O35242;		ENSMUST00000029910.12;
O35291	O35291;		
O35308	O35308;		ENSMUST00000039752.4;
O35326	O35326;		ENSMUST00000094693.11;ENSMUST00000110352.10;ENSMUST00000110356.3;
O35344	O35344;		ENSMUST00000022496.9;
O35348	O35348;		ENSMUST00000112027.9;
O35367	O35367;		ENSMUST00000105286.4;
O35407	O35407;		
O35411			
O35417	O35417;		
O35427	O35427;		ENSMUST00000026608.11;
O35469	O35469;		ENSMUST00000029463.13;ENSMUST00000170847.2;
O35474	O35474;		ENSMUST00000081769.13 [O35474-1];
O35486	O35486;	1ZWM;1ZWO;2A5M;6MYG;7RJ0;	ENSMUST00000040592.6;
O35490	O35490;		ENSMUST00000091776.7;ENSMUST00000099309.6;
O35558	O35558;		
O35602	O35602;		ENSMUST00000025396.5;
O35609	O35609;		ENSMUST00000029684.15;
O35626	O35626;		ENSMUST00000062405.8;
O35652	O35652;		ENSMUST00000177846.8;
O35683	O35683;	6G2J;6G72;6ZR2;6ZTQ;7AK5;7AK6;7B93;7PSA;8C2S;8CA3;8CA5;8IAO;8IAP;8IB4;8IB5;8IB9;8IBA;8IBD;8IBE;8IC2;8IC3;8OLT;8OM1;8PW5;8PW6;8PW7;8RGP;8RGQ;8RGR;8RGT;	ENSMUST00000016571.8;
O35684	O35684;	1JJO;	ENSMUST00000029423.9;
O35691	O35691;		
O35698	O35698;		ENSMUST00000100360.5;ENSMUST00000169382.3;ENSMUST00000171534.8;ENSMUST00000179508.2;ENSMUST00000180310.2;ENSMUST00000187277.7;ENSMUST00000188091.7;ENSMUST00000189592.7;ENSMUST00000190283.7;
O35709	O35709;		ENSMUST00000041623.9;
O35711	O35711;		ENSMUST00000098134.5 [O35711-4];
O35737	O35737;		ENSMUST00000069304.14;ENSMUST00000109142.8;
O35841	O35841;		ENSMUST00000028617.7;
O35857	O35857;		ENSMUST00000003029.14;
O35887	O35887;		ENSMUST00000031779.17;
O35892	O35892;		ENSMUST00000147552.8 [O35892-2];ENSMUST00000155094.8 [O35892-1];
O35984	O35984;		ENSMUST00000038149.13;
O54692	O54692;		ENSMUST00000034803.10;
O54707	O54707;		ENSMUST00000112063.9;
O54749	O54749;		ENSMUST00000030299.8;
O54782	O54782;		ENSMUST00000031002.10;
O54791	O54791;		ENSMUST00000096350.11;ENSMUST00000163691.3;ENSMUST00000229130.2;
O54796			
O54819	O54819;		ENSMUST00000028487.10 [O54819-1];ENSMUST00000111718.8 [O54819-1];
O54826	O54826;		ENSMUST00000028076.15;ENSMUST00000114680.9;
O54836	O54836;		
O54865	O54865;		ENSMUST00000029635.14;
O54887	O54887;		ENSMUST00000120929.9;
O54983	O54983;	4BV8;4BV9;4BVA;	ENSMUST00000033198.6;
O55040	O55040;		ENSMUST00000212058.2;
O55057	O55057;	5T4X;	ENSMUST00000027444.15;
O55060	O55060;	2GB4;3BGD;3BGI;	
O55106	O55106;		ENSMUST00000145910.9;
O55125	O55125;		ENSMUST00000038570.9;
O55189	O55189;		ENSMUST00000031226.9;
O55196	O55196;		ENSMUST00000031222.9;
O70125	O70125;		
O70137	O70137;		ENSMUST00000014747.3;
O70209	O70209;	1V5L;1X64;	ENSMUST00000034053.7;
O70218	O70218;		ENSMUST00000087674.6;
O70220	O70220;		ENSMUST00000042118.11;
O70230	O70230;		ENSMUST00000084727.11 [O70230-1];ENSMUST00000169638.4 [O70230-3];ENSMUST00000209505.2 [O70230-2];ENSMUST00000211798.2 [O70230-2];
O70251	O70251;		ENSMUST00000129339.8;
O70252	O70252;		ENSMUST00000004172.15;ENSMUST00000118885.8;ENSMUST00000120232.8;
O70273	O70273;		ENSMUST00000090475.10 [O70273-1];ENSMUST00000111174.8 [O70273-1];
O70279	O70279;		ENSMUST00000232423.2;
O70291	O70291;		ENSMUST00000001112.14;
O70311	O70311;		ENSMUST00000081932.13;
O70333	O70333;		ENSMUST00000024959.10;
O70338	O70338;		
O70340	O70340;		ENSMUST00000071782.8;
O70355	O70355;	6L7Z;	ENSMUST00000025198.15 [O70355-2];
O70366	O70366;		
O70410	O70410;		
O70439	O70439;	1GL2;	
O70472	O70472;		ENSMUST00000027290.12;ENSMUST00000194563.6;
O70479	O70479;		ENSMUST00000017759.9;ENSMUST00000108277.3;
O70555	O70555;		ENSMUST00000047477.4;
O70570	O70570;	4NOB;4NOF;7JG2;	ENSMUST00000027675.14;
O70591	O70591;		ENSMUST00000135941.8;
O77968	O77968;		
O88186	O88186;		ENSMUST00000032133.5;
O88200	O88200;		ENSMUST00000004587.11;
O88244			ENSMUST00000178819.2;
O88324	O88324;		ENSMUST00000015540.4;
O88338	O88338;		ENSMUST00000211903.2;
O88346	O88346;		ENSMUST00000071798.13 [O88346-2];ENSMUST00000108587.9 [O88346-1];ENSMUST00000163710.8 [O88346-3];
O88396	O88396;		ENSMUST00000062991.9;
O88425	O88425;		ENSMUST00000035053.12;ENSMUST00000200468.2;
O88456	O88456;		ENSMUST00000001845.13;ENSMUST00000126116.3;
O88472	O88472;		ENSMUST00000023140.6 [O88472-1];
O88492	O88492;		ENSMUST00000190703.7 [O88492-1];
O88512	O88512;		ENSMUST00000036041.15;
O88520	O88520;		ENSMUST00000025932.9;ENSMUST00000169861.9;
O88532	O88532;		ENSMUST00000122941.8;
O88575	O88575;		
O88627	O88627;		ENSMUST00000028652.12;ENSMUST00000110524.2;ENSMUST00000110525.8;
O88630	O88630;		ENSMUST00000010536.9;
O88685	O88685;		ENSMUST00000067663.14;
O88799			
O88803	O88803;		
O88822	O88822;		ENSMUST00000052725.15;ENSMUST00000169609.2;
O88842	O88842;		
O88843	O88843;		ENSMUST00000053594.7;ENSMUST00000217809.2;ENSMUST00000220279.2;
O88851	O88851;		ENSMUST00000028915.6;
O88853	O88853;		ENSMUST00000058004.4;
O88854	O88854;		ENSMUST00000055872.3;
O88855	O88855;		ENSMUST00000057569.4;
O88888	O88888;		ENSMUST00000057798.9;ENSMUST00000220297.2;
O88910	O88910;		
O88958	O88958;		ENSMUST00000063814.15;
O88968	O88968;		ENSMUST00000020710.11;ENSMUST00000109988.2;ENSMUST00000109989.10;ENSMUST00000109990.8;ENSMUST00000109991.8;ENSMUST00000109992.8;ENSMUST00000109993.9;
O88986	O88986;		ENSMUST00000006544.9;
O88995	O88995;		ENSMUST00000048994.7;
O89001	O89001;		ENSMUST00000021201.6;
O89013	O89013;		ENSMUST00000030254.15 [O89013-1];ENSMUST00000106927.2 [O89013-2];
O89016	O89016;		ENSMUST00000021666.6;
O89029	O89029;		
O89033	O89033;		ENSMUST00000092706.13;
O89079	O89079;	5A1V;5A1Y;5NZT;5NZV;	ENSMUST00000066469.14;
O89104	O89104;		ENSMUST00000141387.4;
O89116	O89116;	1VCS;	ENSMUST00000095950.3;
P00683	P00683;	3TSR;	
P01904	P01904;	1IEA;1IEB;1KT2;1KTD;	
P02104	P02104;		
P02798	P02798;		ENSMUST00000034214.8;
P03893	P03893;	6G2J;6G72;6ZR2;6ZTQ;7AK5;7AK6;7B93;7PSA;8C2S;8CA3;8CA5;8IAO;8IAQ;8IB4;8IB6;8IB9;8IBB;8IBD;8IBF;8IC2;8IC4;8OLT;8OM1;8PW5;8PW6;8PW7;8RGP;8RGQ;8RGR;8RGT;	ENSMUST00000082396.1;
P03899	P03899;	6G2J;6G72;6ZR2;6ZTQ;7AK5;7AK6;7B93;7PSA;8C2S;8CA3;8CA5;8IAO;8IAP;8IB4;8IB5;8IB9;8IBA;8IBD;8IBE;8IC2;8IC3;8OLT;8OM1;8PW5;8PW6;8PW7;8RGP;8RGQ;8RGR;8RGT;	ENSMUST00000082411.1;
P03903	P03903;	6G2J;6G72;6ZR2;6ZTQ;7AK5;7AK6;7B93;7PSA;8C2S;8CA3;8CA5;8IAO;8IAQ;8IB4;8IB6;8IB9;8IBB;8IBD;8IBF;8IC2;8IC4;8OLT;8OM1;8PW5;8PW6;8PW7;8RGP;8RGQ;8RGR;8RGT;	ENSMUST00000084013.1;
P03921	P03921;	6G2J;6G72;6ZR2;6ZTQ;7AK5;7AK6;7B93;7PSA;8C2S;8CA3;8CA5;8IAO;8IAQ;8IB4;8IB6;8IB9;8IBB;8IBD;8IBF;8IC2;8IC4;8OLT;8OM1;8PW5;8PW6;8PW7;8RGP;8RGQ;8RGR;8RGT;	ENSMUST00000082418.1;
P03940	P03940;		
P04224	P04224;	1FNE;1FNG;1I3R;1R5V;1R5W;3QIB;3QIU;3QIW;4P2O;4P2Q;4P2R;6BGA;	
P04342	P04342;		ENSMUST00000045028.15;
P04344	P04344;		ENSMUST00000027090.9;
P04443	P04443;		
P04444	P04444;		ENSMUST00000063957.6;
P04769	P04769;		ENSMUST00000224026.2;
P04918	P04918;	4Q5G;6PXZ;6PY0;	ENSMUST00000006956.9;
P05366	P05366;		ENSMUST00000128088.4;
P06344	P06344;	1K2D;1U3H;2P24;2PXY;2Z31;	
P06467	P06467;		ENSMUST00000020531.9;
P06796	P06796;		ENSMUST00000001667.13;ENSMUST00000113267.8;ENSMUST00000113271.3;
P06798	P06798;		
P07309	P07309;	2QPF;	ENSMUST00000075312.5;
P07310	P07310;		ENSMUST00000208710.2;
P07361	P07361;		ENSMUST00000075341.4;
P07628	P07628;		ENSMUST00000072204.5;
P07744	P07744;		ENSMUST00000023797.8;
P08042	P08042;		
P08607	P08607;		ENSMUST00000027657.14;
P08882	P08882;	3FZZ;3G01;	ENSMUST00000015585.4;
P08883	P08883;		ENSMUST00000022757.5;
P08884	P08884;		ENSMUST00000089549.8;
P09023	P09023;		ENSMUST00000000704.6;ENSMUST00000173432.3;
P09602	P09602;		ENSMUST00000075602.8;ENSMUST00000102552.8;ENSMUST00000102553.11;
P09633	P09633;		ENSMUST00000001706.7;
P09793	P09793;	1DQT;5E56;5E5M;	
P0C027	P0C027;		ENSMUST00000103006.4;ENSMUST00000103007.4;
P0C028	P0C028;		ENSMUST00000103006.4;ENSMUST00000103007.4;
P0C0P8	P0C0P8;		ENSMUST00000097983.5;
P0C242	P0C242;		ENSMUST00000038404.6;
P0C5J4	P0C5J4;		ENSMUST00000238289.2;
P0C6B2	P0C6B2;		ENSMUST00000041012.10 [P0C6B2-1];
P0C7W3	P0C7W3;		
P0C872	P0C872;	4QSZ;4QU2;	ENSMUST00000044675.5;
P0CG50	P0CG50;	2ZNV;3A1Q;3A9J;3A9K;3VHT;3WWQ;3WXG;4NQL;6N5M;	ENSMUST00000136312.2;ENSMUST00000156249.2;
P0DM40	P0DM40;		ENSMUST00000179162.7;
P0DM65	P0DM65;		ENSMUST00000201297.2;
P0DMN7	P0DMN7;		ENSMUST00000099945.6;ENSMUST00000238969.2;
P0DN34	P0DN34;	6G2J;6G72;6ZR2;6ZTQ;7AK5;7AK6;7B93;7PSA;8C2S;8CA3;8CA5;8IAO;8IAQ;8IB4;8IB6;8IB9;8IBB;8IBD;8IBF;8IC2;8IC4;8OLT;8OM1;8PW5;8PW6;8PW7;8RGP;8RGQ;8RGR;8RGT;	ENSMUST00000221191.2;ENSMUST00000221227.2;ENSMUST00000221422.2;
P0DW87			ENSMUST00000081291.13 [P0DW87-2];ENSMUST00000176274.2 [P0DW87-4];
P10078	P10078;		ENSMUST00000081022.9 [P10078-1];
P10629	P10629;		ENSMUST00000001711.6 [P10629-1];
P11033	P11033;		ENSMUST00000082093.7;
P11034	P11034;		ENSMUST00000022836.6;
P11088	P11088;		
P11369	P11369;		
P11591	P11591;		ENSMUST00000082287.3;
P11680	P11680;		ENSMUST00000001156.8;
P11714	P11714;		ENSMUST00000089129.7;
P12399	P12399;		ENSMUST00000021880.10;
P12787	P12787;	7O37;7O3C;7O3E;8PW5;8PW6;8PW7;	ENSMUST00000000090.8;
P12790	P12790;		ENSMUST00000082214.5;
P13366	P13366;		ENSMUST00000015578.5;
P13373	P13373;		ENSMUST00000075371.5;
P13634	P13634;		ENSMUST00000094365.11;ENSMUST00000181860.8;
P13705	P13705;		
P14097	P14097;		ENSMUST00000019074.4;
P14220	P14220;		ENSMUST00000063359.8;
P14430	P14430;		
P14439	P14439;		
P14576	P14576;	1RY1;1WGW;	ENSMUST00000021407.11 [P14576-1];ENSMUST00000110708.4 [P14576-1];ENSMUST00000220578.2 [P14576-1];
P14685	P14685;		ENSMUST00000017365.15;
P15037	P15037;		ENSMUST00000023612.17;
P15089	P15089;		ENSMUST00000001921.3;
P15265	P15265;		ENSMUST00000098888.7;ENSMUST00000194965.6;
P15307	P15307;		
P15392	P15392;		ENSMUST00000098657.5;
P15620	P15620;		ENSMUST00000074941.8;
P15656	P15656;		ENSMUST00000031280.2 [P15656-1];ENSMUST00000200059.2 [P15656-2];
P15945	P15945;		ENSMUST00000074359.4;
P15946	P15946;		ENSMUST00000007156.5;
P15947	P15947;		ENSMUST00000075162.5;
P16014	P16014;		ENSMUST00000028826.4;
P16015	P16015;		ENSMUST00000029076.6;
P16125	P16125;		ENSMUST00000032373.12;ENSMUST00000239397.2;
P16331	P16331;		ENSMUST00000020241.17;
P16563	P16563;	2A05;	ENSMUST00000024724.14;ENSMUST00000232709.2;ENSMUST00000233529.2;
P16627	P16627;		ENSMUST00000007248.5;
P17141	P17141;		ENSMUST00000068822.4;
P17533	P17533;		
P17534	P17534;		
P17717	P17717;		
P18165	P18165;		ENSMUST00000058150.8;
P18468	P18468;	1R5V;	
P19123	P19123;	6KLT;6KLU;	ENSMUST00000169169.8;
P19536	P19536;	7O37;7O3C;7O3E;8PW5;8PW6;8PW7;	
P19788	P19788;		ENSMUST00000032342.3;
P20352	P20352;		
P20662	P20662;		ENSMUST00000115891.2;ENSMUST00000187148.7;
P20863	P20863;		ENSMUST00000165819.9;ENSMUST00000207684.2;
P20934	P20934;		ENSMUST00000103236.4;ENSMUST00000133148.3;
P21183	P21183;		ENSMUST00000167925.3;ENSMUST00000204659.3;
P21300	P21300;		ENSMUST00000007449.9;
P21614	P21614;		ENSMUST00000049209.13;
P21658	P21658;		ENSMUST00000000187.7;
P21765	P21765;		ENSMUST00000110491.9;
P22339	P22339;		ENSMUST00000015456.10;
P23336	P23336;		ENSMUST00000113002.9 [P23336-1];ENSMUST00000164889.8 [P23336-1];
P23463	P23463;		ENSMUST00000019749.4;
P23738	P23738;		ENSMUST00000028838.5;
P23812	P23812;		ENSMUST00000001878.6;
P23881	P23881;	1WJT;	ENSMUST00000102533.11;
P23906	P23906;	1IRF;1IRG;2IRF;	ENSMUST00000034041.9;
P24456	P24456;		ENSMUST00000072776.5;
P24457	P24457;		ENSMUST00000170255.2;
P24638	P24638;		ENSMUST00000002172.14;ENSMUST00000239169.2;
P26149	P26149;		ENSMUST00000107021.8;ENSMUST00000107022.8;ENSMUST00000177651.2;
P26150	P26150;		ENSMUST00000090743.13;ENSMUST00000107019.8;
P26350	P26350;	2Z32;	ENSMUST00000045897.15;
P26516	P26516;		ENSMUST00000044106.6;
P27784	P27784;		ENSMUST00000019071.4;
P27790	P27790;		ENSMUST00000089510.5;
P27792	P27792;		ENSMUST00000037165.6;
P27811	P27811;	2M94;3M9Z;3T3A;	
P28235	P28235;		ENSMUST00000053753.8;
P28663	P28663;		ENSMUST00000028926.13;
P28666	P28666;		ENSMUST00000081777.8;
P29387	P29387;		ENSMUST00000108234.8;ENSMUST00000155737.8;
P29391	P29391;	1H96;1LB3;6Z3D;6ZH5;6ZLG;6ZLQ;	
P29758	P29758;		ENSMUST00000084500.8;
P30412	P30412;	2RMC;	ENSMUST00000025419.9;
P30415	P30415;		ENSMUST00000035112.13;
P30678	P30678;		ENSMUST00000043709.8;
P31254	P31254;		ENSMUST00000115894.3;ENSMUST00000190013.7;
P31532	P31532;		ENSMUST00000006952.9;
P32043	P32043;		ENSMUST00000001709.3;
P32067	P32067;		ENSMUST00000090852.11;ENSMUST00000166411.8;
P32211	P32211;		ENSMUST00000045537.4;
P32261	P32261;		ENSMUST00000064725.11;
P32304	P32304;		ENSMUST00000164639.8;
P32648	P32648;		
P32766	P32766;	6UIO;	ENSMUST00000028931.10;ENSMUST00000109947.2;
P33033	P33033;		ENSMUST00000038532.2;
P33146	P33146;		ENSMUST00000034443.7;
P33267	P33267;		ENSMUST00000003100.10;
P33610	P33610;		ENSMUST00000027312.11;
P33611	P33611;		ENSMUST00000025752.15;
P35242	P35242;		
P35293	P35293;		ENSMUST00000234810.2;
P35295	P35295;		ENSMUST00000033900.7;
P35375	P35375;		ENSMUST00000019608.7;
P35385	P35385;		ENSMUST00000102486.5;
P35412	P35412;		ENSMUST00000036211.8;ENSMUST00000197431.2;
P35459	P35459;		ENSMUST00000040404.8;
P35487	P35487;		ENSMUST00000057860.3;
P35492	P35492;		ENSMUST00000129421.8;
P35980	P35980;	6SWA;7CPU;7CPV;7LS1;7LS2;	ENSMUST00000072503.13;ENSMUST00000210640.2;
P37040	P37040;		ENSMUST00000005651.13;
P38585	P38585;		ENSMUST00000035812.14;
P39876	P39876;		ENSMUST00000020234.14;
P41588	P41588;		ENSMUST00000011315.10;
P42580	P42580;		ENSMUST00000054562.4;
P43024	P43024;		ENSMUST00000040154.10;
P43025	P43025;		
P43117	P43117;		ENSMUST00000029670.7;ENSMUST00000106126.2;
P43352	P43352;		ENSMUST00000162461.7;
P45377	P45377;	1FRB;	ENSMUST00000038406.7;
P45878	P45878;		ENSMUST00000070878.9;ENSMUST00000177752.9;
P46425	P46425;		ENSMUST00000042700.12;
P46471	P46471;		ENSMUST00000030769.7;
P46656	P46656;		ENSMUST00000034552.8;
P46686	P46686;		ENSMUST00000024233.15 [P46686-2];ENSMUST00000085331.14 [P46686-4];ENSMUST00000107759.10 [P46686-3];ENSMUST00000107762.10 [P46686-1];ENSMUST00000210868.2 [P46686-5];
P47199	P47199;		ENSMUST00000029850.15;ENSMUST00000192462.6;
P47212	P47212;		ENSMUST00000237521.2;
P47226	P47226;		
P47753	P47753;	7CCC;7PDZ;8P94;	
P47754	P47754;		ENSMUST00000015877.14;
P47758	P47758;	2FH5;2GO5;	ENSMUST00000035157.10;
P47802	P47802;		
P47867	P47867;		ENSMUST00000034699.8 [P47867-1];ENSMUST00000213324.2 [P47867-2];
P47876	P47876;		ENSMUST00000020704.8;
P47880	P47880;		ENSMUST00000023807.7;
P47936	P47936;		ENSMUST00000068830.4;ENSMUST00000097843.9;
P47968	P47968;		ENSMUST00000066134.6;
P48076	P48076;		
P48428	P48428;		ENSMUST00000046644.7;
P48722	P48722;		ENSMUST00000108086.7 [P48722-2];ENSMUST00000204702.3 [P48722-1];
P48771	P48771;	8PW5;8PW6;8PW7;	ENSMUST00000034881.8;
P48776	P48776;		ENSMUST00000029645.14;
P48972	P48972;	2D9A;	ENSMUST00000018005.10;
P48997	P48997;		
P49300	P49300;		ENSMUST00000102571.10;
P50283	P50283;		ENSMUST00000026159.6;
P50295	P50295;		ENSMUST00000093470.7;ENSMUST00000163856.3;
P50296	P50296;		ENSMUST00000070514.4;
P50405	P50405;	6VYN;6VZ0;6VZD;6VZE;6W1B;7MBK;	ENSMUST00000182014.10;
P50540	P50540;		ENSMUST00000025998.15 [P50540-2];ENSMUST00000111737.3 [P50540-1];ENSMUST00000235201.2 [P50540-2];ENSMUST00000235880.2 [P50540-2];ENSMUST00000236973.2 [P50540-2];
P50543	P50543;		ENSMUST00000029515.5;
P50608	P50608;		ENSMUST00000048183.8;
P50715	P50715;		
P50992	P50992;		ENSMUST00000033826.4;
P51658	P51658;		ENSMUST00000034304.9;
P51678	P51678;		ENSMUST00000039171.9;
P51855	P51855;		ENSMUST00000079691.13;
P51860	P51860;		ENSMUST00000121720.2;
P51879	P51879;		ENSMUST00000031622.13;ENSMUST00000085704.4;
P51942	P51942;		ENSMUST00000102576.4;
P52019	P52019;		ENSMUST00000022977.14;
P52432	P52432;		ENSMUST00000087026.13;
P52623	P52623;		
P52787	P52787;		ENSMUST00000025585.4;
P53395	P53395;		ENSMUST00000000349.11;
P53702	P53702;		ENSMUST00000033717.9;ENSMUST00000112115.2;
P53776	P53776;	3MMK;6CME;	ENSMUST00000027740.14;
P53808	P53808;		
P53811	P53811;		ENSMUST00000086635.9;
P53995	P53995;		ENSMUST00000014499.10;
P54369	P54369;		ENSMUST00000180036.8 [P54369-1];
P54615	P54615;		ENSMUST00000075523.11;ENSMUST00000107542.2;ENSMUST00000107543.8;
P54729	P54729;	1VEG;	ENSMUST00000068825.8;
P54775	P54775;	3AJI;	ENSMUST00000032824.10;
P54923	P54923;		ENSMUST00000002923.10;
P55271	P55271;	1D9S;	ENSMUST00000097981.6;
P55937	P55937;		
P56135	P56135;		ENSMUST00000161741.8;
P56212	P56212;		ENSMUST00000007800.8 [P56212-1];ENSMUST00000164467.8 [P56212-1];ENSMUST00000166549.2 [P56212-2];ENSMUST00000167885.8 [P56212-2];ENSMUST00000168166.8 [P56212-1];ENSMUST00000170308.8 [P56212-1];ENSMUST00000170310.2 [P56212-2];
P56380	P56380;		ENSMUST00000030154.7;
P56386	P56386;		ENSMUST00000051017.9;
P56390	P56390;		ENSMUST00000075853.6;
P56391	P56391;	7O37;7O3C;7O3E;8PW5;8PW6;8PW7;	ENSMUST00000075738.6;
P56400	P56400;		ENSMUST00000167388.3;
P56479	P56479;		ENSMUST00000065224.8;
P56484	P56484;		ENSMUST00000048777.4;
P56593	P56593;		ENSMUST00000075552.7;
P56654	P56654;		ENSMUST00000049178.3;
P56655	P56655;		ENSMUST00000035488.3;
P56657	P56657;		ENSMUST00000160476.9;
P56873	P56873;		ENSMUST00000025885.6;ENSMUST00000160852.8;
P56942	P56942;		ENSMUST00000048621.8;
P57110	P57110;		
P57746	P57746;	9BRA;9BRQ;9BRR;9BRS;9BRT;9BRU;	ENSMUST00000021536.9;
P57759	P57759;		ENSMUST00000130451.2;
P57784	P57784;		ENSMUST00000153609.8;
P57785	P57785;		ENSMUST00000085797.6;
P58019	P58019;		ENSMUST00000090429.8;ENSMUST00000111130.3;ENSMUST00000129749.9;
P58044	P58044;		ENSMUST00000240539.1;
P58069	P58069;		ENSMUST00000034984.8;
P58196	P58196;		ENSMUST00000034941.9;
P58307	P58307;		ENSMUST00000030562.13;ENSMUST00000119423.8;ENSMUST00000120154.9;ENSMUST00000164887.3;
P58544	P58544;		ENSMUST00000026093.9;
P58545	P58545;		ENSMUST00000075410.5;
P58660	P58660;		ENSMUST00000170584.2;
P58710	P58710;		ENSMUST00000059970.9;
P58871	P58871;		ENSMUST00000111605.9;
P59041	P59041;		ENSMUST00000071263.7;
P59053	P59053;		ENSMUST00000051482.2 [P59053-1];ENSMUST00000234613.2 [P59053-2];
P59222	P59222;		ENSMUST00000012161.5;
P59325	P59325;		ENSMUST00000050993.11;ENSMUST00000166123.9;ENSMUST00000222375.2;
P59383	P59383;		ENSMUST00000049787.3;
P59530	P59530;		ENSMUST00000067597.5;
P59708	P59708;		ENSMUST00000046207.9;
P59729	P59729;		ENSMUST00000056950.14;
P59808	P59808;	8J1I;	
P59999	P59999;	7AQK;	ENSMUST00000156898.5;
P60840	P60840;		ENSMUST00000037983.6 [P60840-2];ENSMUST00000058230.13 [P60840-1];
P61166	P61166;		ENSMUST00000040372.14;
P61211	P61211;		ENSMUST00000116234.9;
P61213	P61213;		ENSMUST00000101472.4;ENSMUST00000146905.2;
P61216	P61216;		ENSMUST00000143054.2;
P61219	P61219;		ENSMUST00000230271.2;
P61249	P61249;		ENSMUST00000137768.2;
P61294	P61294;	8IJ9;	ENSMUST00000035155.8;
P61327	P61327;		ENSMUST00000030348.6;
P61329	P61329;		ENSMUST00000100024.3 [P61329-1];ENSMUST00000232352.2 [P61329-2];
P61600	P61600;		ENSMUST00000110000.8;
P61622	P61622;		
P61759	P61759;		ENSMUST00000033540.6;
P61804	P61804;		ENSMUST00000022781.8;ENSMUST00000128231.2;
P62046	P62046;		ENSMUST00000088970.7;
P62071	P62071;		ENSMUST00000069449.7;
P62080	P62080;		ENSMUST00000029800.9;
P62254	P62254;		ENSMUST00000021148.13;
P62274	P62274;	7CPU;7CPV;7LS1;7LS2;	ENSMUST00000037023.9;
P62301	P62301;	7CPU;7CPV;7LS1;7LS2;	ENSMUST00000170953.3;
P62305	P62305;		ENSMUST00000166915.8;
P62307	P62307;		ENSMUST00000020203.7;
P62309	P62309;		ENSMUST00000089558.7;
P62317	P62317;		ENSMUST00000049294.4;
P62334	P62334;		ENSMUST00000022380.9;
P62696	P62696;	1E7N;	ENSMUST00000031295.8;ENSMUST00000112336.8;
P62717	P62717;	6SWA;7CPU;7CPV;7LS1;7LS2;	ENSMUST00000054220.10;
P62761	P62761;		ENSMUST00000072299.7;ENSMUST00000220506.2;
P62852	P62852;	7CPU;7CPV;7LS1;7LS2;	ENSMUST00000080300.9;ENSMUST00000216867.2;
P62880	P62880;		ENSMUST00000031726.15;ENSMUST00000150063.9;
P62892	P62892;	6SWA;7CPU;7LS1;7LS2;8P8N;	ENSMUST00000115231.4;
P62900	P62900;	6SWA;7CPU;7CPV;7LS1;7LS2;	ENSMUST00000086535.12;ENSMUST00000178079.8;ENSMUST00000179954.8;
P62956	P62956;		ENSMUST00000092891.6;
P63028	P63028;	5O9K;	ENSMUST00000110894.9;
P63030	P63030;		ENSMUST00000155364.8;
P63046	P63046;		ENSMUST00000082365.6 [P63046-1];ENSMUST00000229826.2 [P63046-2];
P63056	P63056;		ENSMUST00000051309.9 [P63056-1];ENSMUST00000081752.13 [P63056-2];
P63078	P63078;		ENSMUST00000078182.6;ENSMUST00000205459.2;ENSMUST00000205716.2;
P63154	P63154;		ENSMUST00000001818.5;
P63163	P63163;		ENSMUST00000059305.17;ENSMUST00000098402.5;
P63213	P63213;	6RMV;7PIV;7Y12;7Y15;8IHB;8IHF;8IHH;8IHI;8IHJ;8JSO;	ENSMUST00000055100.14;ENSMUST00000159028.8;ENSMUST00000159073.8;ENSMUST00000160013.8;ENSMUST00000161247.2;ENSMUST00000162425.8;
P63216	P63216;		ENSMUST00000096259.6;
P63271	P63271;		ENSMUST00000093955.12;
P63323	P63323;	7LS1;7LS2;	ENSMUST00000218107.2;ENSMUST00000220070.2;
P69525	P69525;		
P69566	P69566;		ENSMUST00000222651.2 [P69566-2];
P70121	P70121;		ENSMUST00000070143.13;ENSMUST00000110168.8;ENSMUST00000175805.9;
P70187	P70187;		ENSMUST00000029570.9;
P70194	P70194;	6JJJ;	
P70202	P70202;	1WNH;	ENSMUST00000058981.3;
P70205	P70205;		ENSMUST00000070736.12;
P70225	P70225;		ENSMUST00000098121.4;ENSMUST00000108006.4;ENSMUST00000238770.2;
P70238	P70238;		
P70239	P70239;		
P70240	P70240;		
P70241	P70241;		
P70277	P70277;		ENSMUST00000079545.6;
P70295	P70295;		ENSMUST00000092618.10;
P70296	P70296;	6ENS;	ENSMUST00000036951.13;
P70310	P70310;		ENSMUST00000111064.3;
P70321	P70321;		ENSMUST00000062709.4;
P70325	P70325;		ENSMUST00000000096.12;ENSMUST00000108047.8;
P70397	P70397;		ENSMUST00000160937.9 [P70397-2];ENSMUST00000171311.8 [P70397-2];
P70404	P70404;		ENSMUST00000052761.9;
P70408	P70408;	6CG6;	ENSMUST00000040562.14;ENSMUST00000166873.9;
P70426	P70426;		ENSMUST00000029692.15;
P70453	P70453;		ENSMUST00000091314.11 [P70453-1];ENSMUST00000099195.10 [P70453-2];
P70663	P70663;		ENSMUST00000031249.8;
P70679	P70679;		
P70698	P70698;	7MIP;	ENSMUST00000030381.8;
P80317	P80317;		
P81066	P81066;		ENSMUST00000074372.6;
P82019	P82019;	6M56;	ENSMUST00000081017.3;
P82976	P82976;		ENSMUST00000088311.6;
P83093	P83093;		ENSMUST00000117661.9;
P84096	P84096;		ENSMUST00000098230.11;ENSMUST00000106923.2;
P86046	P86046;		ENSMUST00000113212.4;
P86176	P86176;		
P86792	P86792;		ENSMUST00000098123.4;ENSMUST00000098128.4;ENSMUST00000178168.3;ENSMUST00000178864.3;
P86793	P86793;		ENSMUST00000098123.4;ENSMUST00000098128.4;ENSMUST00000178168.3;ENSMUST00000178864.3;
P97347	P97347;		ENSMUST00000045912.3;
P97352	P97352;	2CXJ;	ENSMUST00000048138.8;
P97355	P97355;		ENSMUST00000112529.8;
P97364			ENSMUST00000082428.6;
P97369	P97369;		ENSMUST00000096357.12;
P97372	P97372;	5MSK;5MX5;	ENSMUST00000104958.2;ENSMUST00000161807.8;
P97376	P97376;	2YUG;	ENSMUST00000033999.8;
P97379	P97379;		ENSMUST00000113127.7 [P97379-2];ENSMUST00000164378.8 [P97379-1];ENSMUST00000167918.8 [P97379-2];ENSMUST00000169094.8 [P97379-1];ENSMUST00000202258.4 [P97379-1];
P97390	P97390;		ENSMUST00000015891.6;
P97411	P97411;		ENSMUST00000038403.12 [P97411-1];ENSMUST00000115520.8 [P97411-1];
P97429	P97429;		ENSMUST00000001187.15;ENSMUST00000113675.8;
P97435	P97435;		ENSMUST00000023566.11;
P97447	P97447;	4J2X;	ENSMUST00000023854.10 [P97447-1];ENSMUST00000116596.8 [P97447-1];
P97457	P97457;	7NEP;7QIO;	ENSMUST00000032910.13;
P97504	P97504;		ENSMUST00000112263.2;
P97760	P97760;		ENSMUST00000109521.4;
P97762	P97762;		ENSMUST00000034763.10;
P97770	P97770;		ENSMUST00000032398.15 [P97770-1];
P97783	P97783;		ENSMUST00000065482.6;ENSMUST00000196025.5;ENSMUST00000198948.5;
P97799	P97799;		ENSMUST00000057866.13;ENSMUST00000167305.2;
P97805	P97805;		ENSMUST00000022269.7;
P98154	P98154;		
P98195	P98195;		
P98199	P98199;		ENSMUST00000069805.14;
P99027	P99027;		ENSMUST00000084434.11;ENSMUST00000106003.2;ENSMUST00000106004.8;
Q003I5	Q003I5;		
Q00897	Q00897;		ENSMUST00000078869.6;
Q00898	Q00898;		ENSMUST00000085054.5;ENSMUST00000122229.8;
Q00941	Q00941;		ENSMUST00000076046.7;ENSMUST00000237386.2;
Q01822	Q01822;		ENSMUST00000047793.6;
Q02284	Q02284;		ENSMUST00000063076.6;
Q02384	Q02384;	1GBR;	ENSMUST00000183277.8;
Q02739	Q02739;		ENSMUST00000046498.3;
Q02862	Q02862;		ENSMUST00000076379.8;
Q03172			
Q03249	Q03249;		
Q03385	Q03385;		ENSMUST00000028170.15;
Q03401	Q03401;		ENSMUST00000026498.5;
Q03402	Q03402;		ENSMUST00000026499.6;
Q04683	Q04683;		ENSMUST00000062215.8;ENSMUST00000179828.8;ENSMUST00000215293.2;
Q04892	Q04892;		ENSMUST00000054819.10;
Q04899	Q04899;		ENSMUST00000027697.12;
Q05186	Q05186;		ENSMUST00000006128.7;
Q05685	Q05685;		ENSMUST00000094141.7;ENSMUST00000210598.2;
Q05A36	Q05A36;		ENSMUST00000091852.5;
Q05A56	Q05A56;		ENSMUST00000031691.3;
Q05A62	Q05A62;		ENSMUST00000046340.9 [Q05A62-3];ENSMUST00000123491.8 [Q05A62-1];
Q05AH6	Q05AH6;		ENSMUST00000025924.4 [Q05AH6-1];
Q05BG3	Q05BG3;		
Q05BN5	Q05BN5;		
Q05CL1	Q05CL1;		
Q05D44	Q05D44;		ENSMUST00000027252.8;
Q06185	Q06185;		ENSMUST00000049628.16;
Q06770	Q06770;		ENSMUST00000044159.7;
Q06985	Q06985;		
Q06EZ3	Q06EZ3;		
Q07409	Q07409;	5E4Q;5E5R;5I99;	ENSMUST00000032159.7;ENSMUST00000203619.3;
Q07417	Q07417;		ENSMUST00000031524.11;
Q07424	Q07424;		ENSMUST00000033689.3;
Q07475	Q07475;		ENSMUST00000051087.16;ENSMUST00000168890.2;ENSMUST00000171533.9;ENSMUST00000237066.2;
Q07643	Q07643;		
Q07646	Q07646;		ENSMUST00000157040.8 [Q07646-2];ENSMUST00000163949.9 [Q07646-1];
Q07797	Q07797;		ENSMUST00000043722.10;
Q07916	Q07916;		ENSMUST00000176271.9 [Q07916-1];
Q07968	Q07968;		ENSMUST00000027615.7;
Q08091	Q08091;		ENSMUST00000001384.6 [Q08091-1];
Q08274	Q08274;		ENSMUST00000032570.14;
Q08423	Q08423;		ENSMUST00000024831.8;
Q08624	Q08624;		ENSMUST00000100164.5;
Q08652	Q08652;		ENSMUST00000035029.3;ENSMUST00000187905.7;ENSMUST00000189446.7;
Q08761	Q08761;		ENSMUST00000023629.9;
Q08EC4	Q08EC4;		ENSMUST00000099061.9 [Q08EC4-3];ENSMUST00000109136.3 [Q08EC4-1];ENSMUST00000228775.2 [Q08EC4-2];
Q0EEE2	Q0EEE2;		ENSMUST00000036690.7 [Q0EEE2-1];
Q0GA42	Q0GA42;		ENSMUST00000165311.3;
Q0KK59	Q0KK59;		ENSMUST00000101099.12;
Q0KL01	Q0KL01;		ENSMUST00000029907.6;
Q0P5V2	Q0P5V2;		ENSMUST00000040275.9;
Q0P5V9	Q0P5V9;		ENSMUST00000054266.13 [Q0P5V9-2];ENSMUST00000076224.12 [Q0P5V9-1];ENSMUST00000132607.2 [Q0P5V9-3];ENSMUST00000151288.8 [Q0P5V9-1];
Q0P5W1	Q0P5W1;		ENSMUST00000096191.11 [Q0P5W1-2];ENSMUST00000117598.8 [Q0P5W1-1];ENSMUST00000118923.8 [Q0P5W1-3];
Q0P5Y3	Q0P5Y3;		ENSMUST00000008957.13;ENSMUST00000177625.2;
Q0PCR6			ENSMUST00000186889.7;
Q0PD50	Q0PD50;		
Q0PGA0	Q0PGA0;		
Q0PGA1			ENSMUST00000210235.2;
Q0V8T7	Q0V8T7;		ENSMUST00000076038.7;
Q0V8T8	Q0V8T8;		ENSMUST00000086738.10 [Q0V8T8-1];
Q0V8T9	Q0V8T9;		ENSMUST00000043725.9;
Q0VB07	Q0VB07;		ENSMUST00000047745.6;
Q0VBB8	Q0VBB8;		
Q0VBD2	Q0VBD2;		ENSMUST00000027980.8;ENSMUST00000102985.8;
Q0VBK2	Q0VBK2;		ENSMUST00000077196.6;
Q0VBK8	Q0VBK8;		
Q0VBU9	Q0VBU9;		ENSMUST00000094018.6;
Q0VDT2	Q0VDT2;		ENSMUST00000059817.12 [Q0VDT2-1];ENSMUST00000117241.2 [Q0VDT2-2];
Q0VEI3	Q0VEI3;		
Q0VF58	Q0VF58;		ENSMUST00000115244.9;
Q0VGB7	Q0VGB7;		
Q0VGQ1	Q0VGQ1;		
Q0VGT4	Q0VGT4;		ENSMUST00000043108.9 [Q0VGT4-1];ENSMUST00000195955.2 [Q0VGT4-2];ENSMUST00000196141.5 [Q0VGT4-1];
Q0VGY8	Q0VGY8;		ENSMUST00000037526.11 [Q0VGY8-1];ENSMUST00000139863.3 [Q0VGY8-1];
Q0VGZ5	Q0VGZ5;		
Q0WXH3	Q0WXH3;		
Q0ZCJ7	Q0ZCJ7;		ENSMUST00000148532.4 [Q0ZCJ7-1];
Q11136	Q11136;		ENSMUST00000075068.14;
Q148B3	Q148B3;		
Q148V7	Q148V7;		
Q149B8	Q149B8;		ENSMUST00000105572.3;
Q149F3	Q149F3;		ENSMUST00000096368.4;
Q149G3	Q149G3;		
Q149T7	Q149T7;		ENSMUST00000002298.7;
Q14AE3	Q14AE3;		
Q14AW5	Q14AW5;		ENSMUST00000202994.4 [Q14AW5-3];
Q14B24	Q14B24;		ENSMUST00000020573.13;ENSMUST00000169684.2;
Q14B46	Q14B46;		ENSMUST00000068994.14 [Q14B46-1];ENSMUST00000117086.2 [Q14B46-2];ENSMUST00000118160.8 [Q14B46-1];ENSMUST00000147556.8 [Q14B46-2];
Q14B71	Q14B71;		ENSMUST00000150006.9 [Q14B71-1];ENSMUST00000163100.8 [Q14B71-1];
Q14B82	Q14B82;		
Q14BQ3	Q14BQ3;		ENSMUST00000069209.2;
Q14BT6	Q14BT6;		ENSMUST00000042553.8;
Q14C51	Q14C51;	7PNT;7PNU;7PNV;7PNW;	ENSMUST00000082094.5;
Q14C59	Q14C59;		ENSMUST00000038448.7;
Q14DH7	Q14DH7;		ENSMUST00000044668.5 [Q14DH7-2];ENSMUST00000165067.9 [Q14DH7-1];
Q14DP9	Q14DP9;		
Q14DQ3	Q14DQ3;		
Q14DT3			ENSMUST00000148677.2;
Q17ST2	Q17ST2;		ENSMUST00000107774.3 [Q17ST2-1];
Q1AJD0	Q1AJD0;		
Q1EHW4	Q1EHW4;	2RMS;	
Q1H9T6	Q1H9T6;	2DLQ;2YY9;	ENSMUST00000066715.11 [Q1H9T6-1];ENSMUST00000155389.8 [Q1H9T6-2];
Q1XID4	Q1XID4;		
Q27YN9			
Q2EY15	Q2EY15;		ENSMUST00000055535.9;
Q2KHK6	Q2KHK6;		ENSMUST00000089900.10;ENSMUST00000188404.7;ENSMUST00000188691.2;
Q2KHL1	Q2KHL1;		
Q2LA85	Q2LA85;		ENSMUST00000233092.2;
Q2LKV2	Q2LKV2;		
Q2M4J5	Q2M4J5;		
Q2MKA5	Q2MKA5;		ENSMUST00000093844.5 [Q2MKA5-2];ENSMUST00000213960.2 [Q2MKA5-1];
Q2TPA8	Q2TPA8;		ENSMUST00000030078.12;
Q2VIS4	Q2VIS4;		
Q2VLH6	Q2VLH6;		ENSMUST00000032234.5 [Q2VLH6-1];ENSMUST00000112541.8 [Q2VLH6-2];
Q2YFS2	Q2YFS2;		ENSMUST00000110978.7;
Q2YFS3	Q2YFS3;		ENSMUST00000058897.11 [Q2YFS3-1];ENSMUST00000110980.2 [Q2YFS3-2];
Q307W7	Q307W7;		ENSMUST00000097918.3;
Q30D77	Q30D77;		ENSMUST00000029848.5;
Q31099		1K8I;	ENSMUST00000041982.9;
Q31112	Q31112;		
Q31113	Q31113;		
Q31114	Q31114;		
Q32M02	Q32M02;		ENSMUST00000026445.3;
Q32M07	Q32M07;		ENSMUST00000074156.7;
Q32MG2	Q32MG2;		ENSMUST00000035243.5 [Q32MG2-2];ENSMUST00000164082.9 [Q32MG2-1];ENSMUST00000165569.3 [Q32MG2-3];
Q32MS5	Q32MS5;		
Q32NY4	Q32NY4;	5K24;	ENSMUST00000001166.14 [Q32NY4-1];ENSMUST00000097776.4 [Q32NY4-2];
Q32P12	Q32P12;		ENSMUST00000100392.5 [Q32P12-1];ENSMUST00000133930.8 [Q32P12-2];
Q32Q92	Q32Q92;		ENSMUST00000056822.4 [Q32Q92-1];ENSMUST00000222921.2 [Q32Q92-2];
Q32S49	Q32S49;		
Q32S50	Q32S50;		
Q32SD3	Q32SD3;		
Q32SD4	Q32SD4;		
Q3KNM2	Q3KNM2;		ENSMUST00000024078.15;
Q3KNY0			ENSMUST00000166193.9 [Q3KNY0-1];
Q3KNZ2	Q3KNZ2;		
Q3KQP7	Q3KQP7;		ENSMUST00000239050.2 [Q3KQP7-1];
Q3KR45			ENSMUST00000056495.14;ENSMUST00000109771.2;
Q3LAC4	Q3LAC4;		ENSMUST00000027056.12 [Q3LAC4-1];
Q3MI48	Q3MI48;		ENSMUST00000020435.11 [Q3MI48-2];
Q3SXB8	Q3SXB8;		
Q3T9A3			ENSMUST00000025921.15;
Q3T9E1	Q3T9E1;		
Q3T9Z9	Q3T9Z9;		ENSMUST00000048222.6 [Q3T9Z9-2];ENSMUST00000218055.2 [Q3T9Z9-1];ENSMUST00000218275.2 [Q3T9Z9-4];ENSMUST00000219457.2 [Q3T9Z9-4];
Q3TA14	Q3TA14;		
Q3TA38	Q3TA38;		ENSMUST00000067505.15 [Q3TA38-1];ENSMUST00000111619.10 [Q3TA38-2];
Q3TA59	Q3TA59;		ENSMUST00000133595.9;
Q3TAQ2			
Q3TB22			
Q3TB82	Q3TB82;		ENSMUST00000098513.6;
Q3TBD2	Q3TBD2;		ENSMUST00000043311.7 [Q3TBD2-2];
Q3TC46	Q3TC46;		ENSMUST00000061618.9;
Q3TC66	Q3TC66;		
Q3TC93	Q3TC93;		ENSMUST00000020927.10;
Q3TCI2	Q3TCI2;		
Q3TCX3	Q3TCX3;		ENSMUST00000029696.11 [Q3TCX3-1];ENSMUST00000198042.5 [Q3TCX3-2];ENSMUST00000199684.5 [Q3TCX3-2];
Q3TD41	Q3TD41;		
Q3TDI2	Q3TDI2;		
Q3TDL2	Q3TDL2;		
Q3TDZ7	Q3TDZ7;		
Q3TEW6	Q3TEW6;		ENSMUST00000111435.9 [Q3TEW6-1];
Q3THA0	Q3THA0;		
Q3THG5	Q3THG5;		
Q3THG9	Q3THG9;		ENSMUST00000070395.9;
Q3THK3	Q3THK3;		ENSMUST00000002733.7;
Q3THL7	Q3THL7;		
Q3THW5	Q3THW5;		ENSMUST00000109737.9;
Q3TI45			
Q3TIG8	Q3TIG8;		
Q3TIK0	Q3TIK0;		
Q3TIM6	Q3TIM6;		
Q3TIT8	Q3TIT8;		
Q3TIU4	Q3TIU4;		ENSMUST00000052932.10;
Q3TJ91	Q3TJ91;		ENSMUST00000103032.11;
Q3TJF3	Q3TJF3;		
Q3TJG1	Q3TJG1;		
Q3TJI8			ENSMUST00000160929.8;
Q3TJM4	Q3TJM4;		ENSMUST00000040776.6;
Q3TJT2	Q3TJT2;		
Q3TKY6	Q3TKY6;		ENSMUST00000022228.13;
Q3TL26	Q3TL26;		ENSMUST00000027769.6;
Q3TLH4			ENSMUST00000182660.8 [Q3TLH4-1];
Q3TLI0	Q3TLI0;		ENSMUST00000000384.8;
Q3TLK7	Q3TLK7;		
Q3TLR3	Q3TLR3;		
Q3TM01	Q3TM01;		
Q3TMN1			ENSMUST00000181091.8;
Q3TMX7	Q3TMX7;		ENSMUST00000036187.9 [Q3TMX7-2];ENSMUST00000091263.12 [Q3TMX7-3];
Q3TN07	Q3TN07;		
Q3TNL8	Q3TNL8;		ENSMUST00000095998.7 [Q3TNL8-1];
Q3TNS5			ENSMUST00000233972.2;
Q3TNY7	Q3TNY7;		
Q3TPD9	Q3TPD9;		
Q3TPJ7	Q3TPJ7;		ENSMUST00000042057.12 [Q3TPJ7-2];ENSMUST00000099492.10 [Q3TPJ7-1];
Q3TQC7			ENSMUST00000072061.12;
Q3TQH0	Q3TQH0;		
Q3TQI2	Q3TQI2;		
Q3TQL1	Q3TQL1;		
Q3TQQ9	Q3TQQ9;		ENSMUST00000045876.8 [Q3TQQ9-1];ENSMUST00000097493.10 [Q3TQQ9-2];
Q3TR01	Q3TR01;		
Q3TRA1	Q3TRA1;		
Q3TRI5	Q3TRI5;		
Q3TRJ1	Q3TRJ1;		
Q3TRL2			ENSMUST00000115411.8;
Q3TRM8	Q3TRM8;		ENSMUST00000052949.13;ENSMUST00000126234.8;
Q3TRQ9	Q3TRQ9;		
Q3TSV7	Q3TSV7;		
Q3TT99	Q3TT99;		ENSMUST00000041860.13;ENSMUST00000170049.2;
Q3TTU7	Q3TTU7;		
Q3TU15	Q3TU15;		
Q3TUH8	Q3TUH8;		
Q3TUL7	Q3TUL7;		ENSMUST00000064141.12 [Q3TUL7-1];ENSMUST00000112159.9 [Q3TUL7-3];ENSMUST00000154704.8 [Q3TUL7-1];
Q3TUQ7			ENSMUST00000228218.2;
Q3TV21	Q3TV21;		
Q3TV26	Q3TV26;		
Q3TV62	Q3TV62;		
Q3TVC7	Q3TVC7;		ENSMUST00000060455.15 [Q3TVC7-1];ENSMUST00000099489.9 [Q3TVC7-2];
Q3TWF3			ENSMUST00000226801.2;
Q3TXH3	Q3TXH3;		
Q3TXI9			
Q3TXR9	Q3TXR9;		
Q3TXT3	Q3TXT3;		ENSMUST00000095063.11 [Q3TXT3-1];ENSMUST00000107526.8 [Q3TXT3-2];
Q3TY86	Q3TY86;		ENSMUST00000023448.15 [Q3TY86-2];ENSMUST00000115685.10 [Q3TY86-1];
Q3TYS2	Q3TYS2;		ENSMUST00000038709.14;ENSMUST00000106115.8;
Q3TYU2	Q3TYU2;		ENSMUST00000075806.11 [Q3TYU2-1];
Q3TYU9	Q3TYU9;		
Q3TYV5	Q3TYV5;		
Q3TYX8	Q3TYX8;		ENSMUST00000080167.11 [Q3TYX8-2];ENSMUST00000127134.2 [Q3TYX8-1];
Q3TZ27	Q3TZ27;		
Q3TZ87	Q3TZ87;		ENSMUST00000040307.6;
Q3TZF1	Q3TZF1;		
Q3TZI5	Q3TZI5;		
Q3U0X8	Q3U0X8;	7S11;7S13;	ENSMUST00000023336.10;
Q3U128	Q3U128;	8E0P;8E0R;8E0W;	ENSMUST00000096554.12;ENSMUST00000236135.2;
Q3U1C2	Q3U1C2;		
Q3U1H9	Q3U1H9;		
Q3U1J7	Q3U1J7;		
Q3U1L4	Q3U1L4;		
Q3U1N0	Q3U1N0;		
Q3U1P2	Q3U1P2;		
Q3U1V3	Q3U1V3;		
Q3U1V7	Q3U1V7;		
Q3U1V8	Q3U1V8;		ENSMUST00000035987.9;
Q3U1Z5	Q3U1Z5;		ENSMUST00000038244.15 [Q3U1Z5-1];
Q3U258	Q3U258;		
Q3U285	Q3U285;		ENSMUST00000016026.14 [Q3U285-1];ENSMUST00000045586.13 [Q3U285-3];ENSMUST00000087164.10 [Q3U285-2];
Q3U2E0	Q3U2E0;		
Q3U2I3	Q3U2I3;		ENSMUST00000118726.8 [Q3U2I3-3];ENSMUST00000122327.7 [Q3U2I3-1];ENSMUST00000179474.9 [Q3U2I3-1];
Q3U2J5	Q3U2J5;		ENSMUST00000095188.7 [Q3U2J5-1];
Q3U2T0	Q3U2T0;		
Q3U2V3	Q3U2V3;		ENSMUST00000089049.4 [Q3U2V3-1];
Q3U320	Q3U320;		
Q3U382	Q3U382;		
Q3U3A1	Q3U3A1;		
Q3U3D7	Q3U3D7;		ENSMUST00000191758.6 [Q3U3D7-1];ENSMUST00000192095.6 [Q3U3D7-3];
Q3U3F4	Q3U3F4;		
Q3U3T8	Q3U3T8;		
Q3U472	Q3U472;		
Q3U478	Q3U478;		
Q3U479	Q3U479;		
Q3U485	Q3U485;		
Q3U4B4	Q3U4B4;		ENSMUST00000025682.12;
Q3U4B8	Q3U4B8;		
Q3U4I6	Q3U4I6;		
Q3U4N7	Q3U4N7;		ENSMUST00000043850.14 [Q3U4N7-1];
Q3U4P5			ENSMUST00000010753.14;ENSMUST00000111105.8;ENSMUST00000111106.8;ENSMUST00000111108.10;
Q3U564	Q3U564;		ENSMUST00000073909.6 [Q3U564-2];
Q3U595	Q3U595;		ENSMUST00000055413.13;
Q3U5D9			ENSMUST00000116436.9;
Q3U5I5	Q3U5I5;		
Q3U5U0	Q3U5U0;		
Q3U5U6	Q3U5U6;		
Q3U6J9	Q3U6J9;		
Q3U6K8	Q3U6K8;		
Q3U6S8	Q3U6S8;		
Q3U6Y9	Q3U6Y9;		
Q3U715	Q3U715;		
Q3U784	Q3U784;		
Q3U7B5	Q3U7B5;		
Q3U7K1	Q3U7K1;		
Q3U7K7			ENSMUST00000033264.12;ENSMUST00000106913.3;
Q3U841	Q3U841;		
Q3U868	Q3U868;		
Q3U8K3	Q3U8K3;		
Q3U9V5	Q3U9V5;		
Q3UA16	Q3UA16;		ENSMUST00000005365.15 [Q3UA16-1];ENSMUST00000112320.8 [Q3UA16-1];ENSMUST00000167875.9 [Q3UA16-2];
Q3UA37	Q3UA37;		
Q3UA65	Q3UA65;		
Q3UA94	Q3UA94;		
Q3UAD6	Q3UAD6;		
Q3UAT9	Q3UAT9;		
Q3UAX2	Q3UAX2;		
Q3UB54	Q3UB54;		
Q3UB74	Q3UB74;		ENSMUST00000117654.3;
Q3UB98	Q3UB98;		
Q3UBE9	Q3UBE9;		
Q3UBP0	Q3UBP0;		
Q3UBX0	Q3UBX0;		ENSMUST00000038128.15;
Q3UBY5	Q3UBY5;		
Q3UC10	Q3UC10;		
Q3UC44	Q3UC44;		
Q3UC67	Q3UC67;		
Q3UC79	Q3UC79;		
Q3UC81	Q3UC81;		
Q3UCD4	Q3UCD4;		
Q3UCH4	Q3UCH4;		
Q3UCJ0	Q3UCJ0;		
Q3UCW0	Q3UCW0;		
Q3UCZ2	Q3UCZ2;		
Q3UD69	Q3UD69;		
Q3UDA8	Q3UDA8;		
Q3UDE2	Q3UDE2;		ENSMUST00000016901.5;
Q3UDF0	Q3UDF0;		ENSMUST00000045702.6 [Q3UDF0-1];ENSMUST00000102890.11 [Q3UDF0-2];
Q3UDR8	Q3UDR8;		ENSMUST00000095263.10;
Q3UE37	Q3UE37;		ENSMUST00000100528.5;
Q3UEB3	Q3UEB3;		ENSMUST00000002599.11 [Q3UEB3-2];ENSMUST00000100527.13 [Q3UEB3-1];
Q3UEI1	Q3UEI1;		ENSMUST00000034307.14 [Q3UEI1-2];ENSMUST00000110095.3 [Q3UEI1-1];ENSMUST00000239487.2 [Q3UEI1-2];
Q3UER8			ENSMUST00000194175.2;
Q3UEV2	Q3UEV2;		
Q3UEW8	Q3UEW8;		
Q3UF82	Q3UF82;		
Q3UFB2	Q3UFB2;		ENSMUST00000098534.9 [Q3UFB2-1];ENSMUST00000199033.5 [Q3UFB2-2];
Q3UFK8	Q3UFK8;		ENSMUST00000025728.13;
Q3UFL0	Q3UFL0;		
Q3UFN7	Q3UFN7;		
Q3UFS5	Q3UFS5;		
Q3UFT3	Q3UFT3;		ENSMUST00000049260.7 [Q3UFT3-1];ENSMUST00000234115.2 [Q3UFT3-2];
Q3UFU7	Q3UFU7;		
Q3UFY7	Q3UFY7;		ENSMUST00000092688.12 [Q3UFY7-1];ENSMUST00000107397.2 [Q3UFY7-4];ENSMUST00000107398.8 [Q3UFY7-2];ENSMUST00000107399.9 [Q3UFY7-2];
Q3UFZ5	Q3UFZ5;		
Q3UG22	Q3UG22;		
Q3UG53	Q3UG53;		
Q3UGB9	Q3UGB9;		
Q3UGF2	Q3UGF2;		
Q3UGN6	Q3UGN6;		
Q3UGP8	Q3UGP8;		ENSMUST00000100309.3;
Q3UGR6	Q3UGR6;		
Q3UGX8			ENSMUST00000091146.12;
Q3UGY8	Q3UGY8;		ENSMUST00000215836.2;
Q3UH68	Q3UH68;		ENSMUST00000038188.14 [Q3UH68-2];ENSMUST00000101164.11 [Q3UH68-1];
Q3UH92	Q3UH92;		
Q3UH94			
Q3UHD3	Q3UHD3;		ENSMUST00000085554.5 [Q3UHD3-4];ENSMUST00000085558.11 [Q3UHD3-1];ENSMUST00000110515.9 [Q3UHD3-3];
Q3UHE1	Q3UHE1;		ENSMUST00000075258.13 [Q3UHE1-1];ENSMUST00000108508.3 [Q3UHE1-2];
Q3UHI0	Q3UHI0;		ENSMUST00000067700.13 [Q3UHI0-2];ENSMUST00000090024.11 [Q3UHI0-1];
Q3UHK1	Q3UHK1;		ENSMUST00000109283.2;
Q3UHL1	Q3UHL1;		ENSMUST00000035700.14;
Q3UHM0	Q3UHM0;		
Q3UHX9	Q3UHX9;		ENSMUST00000100220.5 [Q3UHX9-1];
Q3UHZ0	Q3UHZ0;		
Q3UI33			ENSMUST00000181217.8;
Q3UIA2	Q3UIA2;		ENSMUST00000098060.5 [Q3UIA2-2];ENSMUST00000106442.9 [Q3UIA2-1];ENSMUST00000205262.2 [Q3UIA2-4];ENSMUST00000207010.2 [Q3UIA2-3];
Q3UIJ9	Q3UIJ9;		ENSMUST00000093823.8;
Q3UIL3	Q3UIL3;		
Q3UIU2	Q3UIU2;	6G2J;6G72;6ZR2;6ZTQ;7AK5;7AK6;7B93;7PSA;8C2S;8CA3;8CA5;8IAO;8IAQ;8IB4;8IB6;8IB9;8IBB;8IBD;8IBF;8IC2;8IC4;8OLT;8OM1;8PW5;8PW6;8PW7;8RGP;8RGQ;8RGR;8RGT;	ENSMUST00000095128.10;
Q3UJ53	Q3UJ53;		
Q3UJ81	Q3UJ81;		ENSMUST00000095214.10 [Q3UJ81-1];ENSMUST00000121097.8 [Q3UJ81-2];ENSMUST00000127490.8 [Q3UJ81-3];
Q3UJB9	Q3UJB9;		
Q3UJE9	Q3UJE9;		
Q3UJF0	Q3UJF0;		ENSMUST00000086975.7;
Q3UJF1			ENSMUST00000107152.9;
Q3UJG0	Q3UJG0;		
Q3UJK6	Q3UJK6;		
Q3UJP5	Q3UJP5;		ENSMUST00000080517.14;
Q3UJV1	Q3UJV1;		ENSMUST00000098780.10;
Q3UK05	Q3UK05;		
Q3UK37	Q3UK37;		ENSMUST00000049271.13;
Q3UKJ7	Q3UKJ7;		ENSMUST00000030117.5 [Q3UKJ7-1];
Q3UKP8			
Q3UKR0			ENSMUST00000079421.15;ENSMUST00000170075.9;
Q3UKS0	Q3UKS0;		
Q3ULD5	Q3ULD5;		ENSMUST00000022148.7;
Q3ULD6	Q3ULD6;		
Q3ULL6			ENSMUST00000076265.13;
Q3ULM6	Q3ULM6;		ENSMUST00000100410.10 [Q3ULM6-4];ENSMUST00000117878.8 [Q3ULM6-3];
Q3UM02	Q3UM02;		
Q3UM18	Q3UM18;		ENSMUST00000117363.9 [Q3UM18-1];
Q3UM45	Q3UM45;		ENSMUST00000027494.11;
Q3UM63	Q3UM63;		
Q3UMA3			ENSMUST00000106203.9;
Q3UMB0	Q3UMB0;		
Q3UMQ8	Q3UMQ8;		
Q3UMT1	Q3UMT1;		ENSMUST00000013886.9;
Q3UN47	Q3UN47;		
Q3UN54	Q3UN54;		ENSMUST00000093868.9;
Q3UN55	Q3UN55;		
Q3UN58	Q3UN58;		ENSMUST00000097747.9 [Q3UN58-2];ENSMUST00000105627.8 [Q3UN58-3];ENSMUST00000178473.8 [Q3UN58-1];
Q3UN66	Q3UN66;		
Q3UNA4	Q3UNA4;		ENSMUST00000042329.12 [Q3UNA4-1];ENSMUST00000112913.2 [Q3UNA4-3];ENSMUST00000112914.8 [Q3UNA4-1];ENSMUST00000112916.9 [Q3UNA4-2];
Q3UNY0	Q3UNY0;		
Q3UPM9			
Q3UPR7	Q3UPR7;		ENSMUST00000051025.5;
Q3UPT4			ENSMUST00000208227.2;
Q3UQ22	Q3UQ22;		ENSMUST00000107742.11;
Q3UQ41	Q3UQ41;		ENSMUST00000101073.3;
Q3UQ52	Q3UQ52;		
Q3UQD4	Q3UQD4;		
Q3UQG9	Q3UQG9;		
Q3UQP1			ENSMUST00000194440.2;
Q3UQU0	Q3UQU0;		ENSMUST00000222399.2;
Q3UQV5	Q3UQV5;		ENSMUST00000032107.10 [Q3UQV5-1];ENSMUST00000119582.3 [Q3UQV5-2];
Q3UR70	Q3UR70;		ENSMUST00000095014.8 [Q3UR70-1];ENSMUST00000186694.7 [Q3UR70-1];
Q3UR96	Q3UR96;		
Q3UR97	Q3UR97;	4YMR;	ENSMUST00000056181.7;
Q3URE1	Q3URE1;		ENSMUST00000015160.6 [Q3URE1-1];ENSMUST00000212790.2 [Q3URE1-1];
Q3URR0	Q3URR0;		ENSMUST00000099985.6;
Q3URU4	Q3URU4;		
Q3URY0	Q3URY0;		ENSMUST00000096301.5;ENSMUST00000112843.2;
Q3URY6	Q3URY6;		ENSMUST00000095729.11 [Q3URY6-1];ENSMUST00000160262.9 [Q3URY6-1];
Q3USG4	Q3USG4;		ENSMUST00000081440.14;
Q3USH1	Q3USH1;		
Q3USH5	Q3USH5;		ENSMUST00000053737.9;
Q3USK2			ENSMUST00000239115.2;
Q3USZ2	Q3USZ2;		ENSMUST00000098973.3;ENSMUST00000164441.2;ENSMUST00000169398.3;
Q3USZ8	Q3USZ8;		ENSMUST00000113028.2;
Q3UT54	Q3UT54;		ENSMUST00000095217.11;ENSMUST00000173912.8;ENSMUST00000174443.8;
Q3UTH8	Q3UTH8;		ENSMUST00000113876.9 [Q3UTH8-2];ENSMUST00000113878.8 [Q3UTH8-1];ENSMUST00000113882.8 [Q3UTH8-4];ENSMUST00000113883.8 [Q3UTH8-4];ENSMUST00000181987.8 [Q3UTH8-3];ENSMUST00000182001.8 [Q3UTH8-2];ENSMUST00000199920.5 [Q3UTH8-2];
Q3UTN5			ENSMUST00000206198.2;
Q3UTP0	Q3UTP0;		
Q3UTQ7	Q3UTQ7;		ENSMUST00000117389.8 [Q3UTQ7-2];
Q3UTR7			ENSMUST00000063278.7;
Q3UU35	Q3UU35;		ENSMUST00000060574.9;
Q3UU61	Q3UU61;		
Q3UU67	Q3UU67;		ENSMUST00000231701.3 [Q3UU67-1];
Q3UUD2	Q3UUD2;		
Q3UUJ4	Q3UUJ4;		ENSMUST00000007444.14 [Q3UUJ4-1];ENSMUST00000103072.10 [Q3UUJ4-3];
Q3UUK0	Q3UUK0;		
Q3UV28	Q3UV28;		
Q3UV71	Q3UV71;		ENSMUST00000060095.15 [Q3UV71-1];ENSMUST00000100772.10 [Q3UV71-2];
Q3UV88			ENSMUST00000062315;ENSMUST00000239485.2;
Q3UVG8	Q3UVG8;		
Q3UVH8	Q3UVH8;		
Q3UVJ3	Q3UVJ3;		
Q3UVN4	Q3UVN4;		
Q3UVY1	Q3UVY1;		ENSMUST00000058535.6;
Q3UW26	Q3UW26;		ENSMUST00000098811.4;
Q3UWA4	Q3UWA4;		ENSMUST00000087158.11;
Q3UWW6	Q3UWW6;		
Q3UX10	Q3UX10;		ENSMUST00000021639.8;
Q3UX61	Q3UX61;		ENSMUST00000060265.6;
Q3UXR0	Q3UXR0;		
Q3UXR1	Q3UXR1;		
Q3UY90	Q3UY90;		ENSMUST00000043011.9 [Q3UY90-2];ENSMUST00000213773.2 [Q3UY90-2];ENSMUST00000214536.3 [Q3UY90-3];ENSMUST00000215990.3 [Q3UY90-1];
Q3UYH7	Q3UYH7;		ENSMUST00000065167.9;
Q3UYI5	Q3UYI5;		ENSMUST00000045726.8 [Q3UYI5-1];ENSMUST00000214026.2 [Q3UYI5-1];
Q3UYR4	Q3UYR4;		ENSMUST00000088904.10;
Q3UYU1	Q3UYU1;		
Q3UYW1	Q3UYW1;		
Q3UYZ1	Q3UYZ1;		
Q3UZ18	Q3UZ18;		ENSMUST00000034761.15 [Q3UZ18-1];ENSMUST00000117246.8 [Q3UZ18-2];
Q3UZ23	Q3UZ23;		
Q3UZ39	Q3UZ39;		ENSMUST00000097649.10 [Q3UZ39-1];ENSMUST00000097650.10 [Q3UZ39-2];
Q3UZ45	Q3UZ45;		ENSMUST00000092089.6;
Q3UZ57	Q3UZ57;		ENSMUST00000213088.3 [Q3UZ57-1];
Q3UZ96	Q3UZ96;		
Q3UZD7	Q3UZD7;		ENSMUST00000090487.12;
Q3UZH2	Q3UZH2;		
Q3UZJ3	Q3UZJ3;		
Q3UZR5			ENSMUST00000085133.13;
Q3UZZ4	Q3UZZ4;		ENSMUST00000228749.2;
Q3V009	Q3V009;		ENSMUST00000034698.9 [Q3V009-1];
Q3V023	Q3V023;		
Q3V050	Q3V050;		ENSMUST00000093029.9;
Q3V089	Q3V089;		ENSMUST00000094698.2;
Q3V0Q1			
Q3V0T4	Q3V0T4;		ENSMUST00000106237.10;
Q3V1B2	Q3V1B2;		
Q3V1D3	Q3V1D3;		ENSMUST00000090715.13;
Q3V1F2	Q3V1F2;		
Q3V1F8	Q3V1F8;		
Q3V1G6	Q3V1G6;		
Q3V1K8	Q3V1K8;		
Q3V256	Q3V256;		
Q3V268	Q3V268;		
Q3V2D0	Q3V2D0;		
Q3V2R6	Q3V2R6;		
Q3V301	Q3V301;		
Q3V363	Q3V363;		
Q3V3A1	Q3V3A1;		ENSMUST00000114248.3 [Q3V3A1-1];
Q3V3B1	Q3V3B1;		
Q3V3F6	Q3V3F6;		ENSMUST00000114664.8 [Q3V3F6-1];
Q3V4A4	Q3V4A4;		
Q3ZB23	Q3ZB23;		
Q3ZT31	Q3ZT31;	7WF8;7WF9;8HQL;	ENSMUST00000041582.15;ENSMUST00000170416.8;
Q45HK4	Q45HK4;		ENSMUST00000162752.2;
Q497J1	Q497J1;		ENSMUST00000055085.8;
Q497L8	Q497L8;		ENSMUST00000019978.9 [Q497L8-2];ENSMUST00000078314.14 [Q497L8-1];
Q497T8	Q497T8;		
Q497X0			ENSMUST00000177951.8;
Q497X5	Q497X5;		
Q4FE56			ENSMUST00000089302.11;
Q4FJL9	Q4FJL9;		
Q4FJP7	Q4FJP7;		
Q4FJQ8	Q4FJQ8;		
Q4FJZ6	Q4FJZ6;		
Q4FZF3	Q4FZF3;		ENSMUST00000008004.10;
Q4FZH1	Q4FZH1;		ENSMUST00000096164.6 [Q4FZH1-2];
Q4G0F8	Q4G0F8;		ENSMUST00000052449.6 [Q4G0F8-1];ENSMUST00000229126.2 [Q4G0F8-2];ENSMUST00000230703.2 [Q4G0F8-1];
Q4JHD9	Q4JHD9;		
Q4KL20	Q4KL20;		ENSMUST00000069740.14;ENSMUST00000183788.8;
Q4KL59	Q4KL59;		
Q4KL71	Q4KL71;		ENSMUST00000071805.4;ENSMUST00000074449.7;ENSMUST00000090871.3;ENSMUST00000090872.7;ENSMUST00000193337.2;
Q4QQM5	Q4QQM5;		ENSMUST00000068243.11 [Q4QQM5-3];ENSMUST00000073089.13 [Q4QQM5-1];ENSMUST00000199334.5 [Q4QQM5-2];
Q4VA53	Q4VA53;		ENSMUST00000016569.11 [Q4VA53-1];ENSMUST00000110486.2 [Q4VA53-2];ENSMUST00000202170.4 [Q4VA53-3];
Q4VAA2	Q4VAA2;		ENSMUST00000035484.11 [Q4VAA2-1];ENSMUST00000072249.13 [Q4VAA2-2];
Q4VAC9	Q4VAC9;		ENSMUST00000075249.6 [Q4VAC9-1];ENSMUST00000219063.2 [Q4VAC9-2];
Q4VAH7	Q4VAH7;		ENSMUST00000049985.15;
Q4VC17	Q4VC17;		ENSMUST00000093113.5;
Q501M5	Q501M5;		
Q504M8	Q504M8;		ENSMUST00000035797.16;
Q504N2	Q504N2;		ENSMUST00000106928.10 [Q504N2-1];
Q505D7	Q505D7;		ENSMUST00000063976.9;
Q505E1	Q505E1;		
Q505G8	Q505G8;		ENSMUST00000087927.11 [Q505G8-2];ENSMUST00000098614.9 [Q505G8-1];
Q505N6			ENSMUST00000105894.11;
Q50H33	Q50H33;		ENSMUST00000054095.6 [Q50H33-1];ENSMUST00000087231.4 [Q50H33-2];
Q53YJ1	Q53YJ1;		
Q53Z09			ENSMUST00000036092.10;
Q53Z43	Q53Z43;		
Q53Z59	Q53Z59;		
Q53ZT3	Q53ZT3;		
Q540E2	Q540E2;		
Q541G7	Q541G7;		
Q541Z2	Q541Z2;		
Q542U5	Q542U5;		
Q543B6	Q543B6;		
Q543H3	Q543H3;		
Q543M9			ENSMUST00000151826.2;
Q543R4	Q543R4;		
Q543W5	Q543W5;		
Q543W6	Q543W6;		
Q543X3	Q543X3;		
Q543Z5	Q543Z5;		
Q544D7	Q544D7;		
Q544E3	Q544E3;		
Q544H0	Q544H0;		
Q544K5	Q544K5;		
Q544L2	Q544L2;		
Q544N9	Q544N9;		
Q544P6	Q544P6;		
Q544T2	Q544T2;		
Q544T4	Q544T4;		
Q544U7	Q544U7;		
Q544Z6	Q544Z6;		
Q545A5	Q545A5;		
Q545C3	Q545C3;		
Q545H6	Q545H6;		
Q545P0	Q545P0;		
Q545Q1	Q545Q1;		
Q545R0	Q545R0;		
Q546G4	Q546G4;		
Q546I3	Q546I3;		
Q546K1	Q546K1;		
Q547R2	Q547R2;		
Q548I4	Q548I4;		
Q548J0	Q548J0;		
Q548M4	Q548M4;		
Q548V9	Q548V9;		
Q549D0	Q549D0;		
Q549J5	Q549J5;		
Q549X4	Q549X4;		
Q562E2	Q562E2;		ENSMUST00000063071.13 [Q562E2-2];ENSMUST00000167294.8 [Q562E2-1];
Q566J8	Q566J8;		
Q56A08	Q56A08;		ENSMUST00000049896.13;
Q56A10	Q56A10;		ENSMUST00000064763.7 [Q56A10-1];
Q56VR4	Q56VR4;		
Q570Y9	Q570Y9;		ENSMUST00000023056.8 [Q570Y9-2];ENSMUST00000096433.10 [Q570Y9-1];
Q571E4	Q571E4;		ENSMUST00000015171.11;
Q571F5	Q571F5;		ENSMUST00000068508.13 [Q571F5-4];ENSMUST00000117890.8 [Q571F5-1];ENSMUST00000120943.8 [Q571F5-1];
Q571F8	Q571F8;		ENSMUST00000044776.13;
Q571G4	Q571G4;		ENSMUST00000239512.1 [Q571G4-1];ENSMUST00000239513.1 [Q571G4-1];
Q58E65	Q58E65;		
Q58Y75	Q58Y75;		ENSMUST00000088117.11;
Q5D0E0			ENSMUST00000033939.13;
Q5DRQ8	Q5DRQ8;		ENSMUST00000094337.2;
Q5DTI8	Q5DTI8;		ENSMUST00000042158.13 [Q5DTI8-1];
Q5DTJ9	Q5DTJ9;		ENSMUST00000095580.3;
Q5DTS2	Q5DTS2;		
Q5DTS8	Q5DTS8;		
Q5DTT1	Q5DTT1;		ENSMUST00000056502.7 [Q5DTT1-2];ENSMUST00000087879.11 [Q5DTT1-1];ENSMUST00000118314.8 [Q5DTT1-2];
Q5DTU0	Q5DTU0;		ENSMUST00000111584.9 [Q5DTU0-2];ENSMUST00000118800.8 [Q5DTU0-1];
Q5DTW7	Q5DTW7;		ENSMUST00000046689.13 [Q5DTW7-1];ENSMUST00000100765.11 [Q5DTW7-1];ENSMUST00000189932.7 [Q5DTW7-1];
Q5DTX6	Q5DTX6;		ENSMUST00000037029.7;ENSMUST00000234153.2;
Q5DTY9	Q5DTY9;		ENSMUST00000091927.5;ENSMUST00000236889.2;
Q5DU25	Q5DU25;		
Q5EBG6	Q5EBG6;		ENSMUST00000044048.8;
Q5F226			ENSMUST00000068853.13;ENSMUST00000108864.2;
Q5F259	Q5F259;		ENSMUST00000037593.14 [Q5F259-1];ENSMUST00000092892.10 [Q5F259-2];
Q5F289	Q5F289;		ENSMUST00000045771.7;
Q5F293	Q5F293;		ENSMUST00000108639.8;ENSMUST00000108640.8;
Q5F2D0	Q5F2D0;		
Q5F2E7	Q5F2E7;		ENSMUST00000100802.11 [Q5F2E7-1];ENSMUST00000181023.2 [Q5F2E7-2];
Q5F2F2	Q5F2F2;		ENSMUST00000094004.5;
Q5FW53	Q5FW53;		ENSMUST00000090563.7;
Q5FW64	Q5FW64;		
Q5FW76	Q5FW76;		
Q5FWA6	Q5FWA6;		
Q5FWH2	Q5FWH2;		ENSMUST00000015271.12 [Q5FWH2-2];ENSMUST00000039734.12 [Q5FWH2-3];
Q5FWI9	Q5FWI9;		
Q5FWJ5	Q5FWJ5;		
Q5FWJ9	Q5FWJ9;		
Q5FWK3	Q5FWK3;		ENSMUST00000090614.11;ENSMUST00000111329.8;ENSMUST00000111330.3;
Q5GFD5	Q5GFD5;		ENSMUST00000044922.8;
Q5GH62	Q5GH62;		ENSMUST00000088542.4;
Q5HZH3	Q5HZH3;		
Q5HZI5	Q5HZI5;		
Q5HZK2	Q5HZK2;		ENSMUST00000079278.5;
Q5I2A0	Q5I2A0;		
Q5ICG4	Q5ICG4;		
Q5ICG5			ENSMUST00000101211.9;ENSMUST00000101213.9;
Q5ICG6	Q5ICG6;		
Q5JCS9	Q5JCS9;		ENSMUST00000034260.9;
Q5K2P8	Q5K2P8;		
Q5M8Q2	Q5M8Q2;		ENSMUST00000164729.3;ENSMUST00000177926.3;ENSMUST00000178595.2;ENSMUST00000178806.2;ENSMUST00000179004.2;ENSMUST00000179859.2;ENSMUST00000188439.2;
Q5NC03	Q5NC03;		ENSMUST00000101640.10;
Q5NC05	Q5NC05;		ENSMUST00000076941.12;
Q5NCM1	Q5NCM1;		ENSMUST00000021769.16;
Q5NCR9	Q5NCR9;		ENSMUST00000102494.8;
Q5NCS9	Q5NCS9;	4WOY;	ENSMUST00000018743.5;
Q5ND29	Q5ND29;		ENSMUST00000042972.7;
Q5ND43	Q5ND43;		
Q5ND52	Q5ND52;		ENSMUST00000040577.5;
Q5NTY0	Q5NTY0;		
Q5PR69	Q5PR69;		ENSMUST00000120639.9 [Q5PR69-4];ENSMUST00000121160.8 [Q5PR69-3];
Q5PSV9	Q5PSV9;	3VA1;3VA4;	
Q5QD06	Q5QD06;		ENSMUST00000092654.4;
Q5QD08	Q5QD08;	8PM2;	ENSMUST00000071691.4;
Q5QD10	Q5QD10;		ENSMUST00000092657.2;
Q5QD13	Q5QD13;		ENSMUST00000057080.4;
Q5QD16	Q5QD16;		ENSMUST00000045152.6;
Q5QD17	Q5QD17;		ENSMUST00000079134.5;
Q5QNQ6	Q5QNQ6;		ENSMUST00000070552.14;
Q5RJF7	Q5RJF7;		ENSMUST00000186622.3 [Q5RJF7-2];ENSMUST00000238905.2 [Q5RJF7-1];
Q5RJH6	Q5RJH6;		ENSMUST00000043560.15 [Q5RJH6-2];ENSMUST00000073441.13 [Q5RJH6-3];ENSMUST00000111836.4 [Q5RJH6-1];
Q5SFM8	Q5SFM8;		ENSMUST00000046972.14 [Q5SFM8-3];ENSMUST00000091920.6 [Q5SFM8-2];ENSMUST00000236240.2 [Q5SFM8-1];
Q5SRX1	Q5SRX1;		ENSMUST00000064019.15 [Q5SRX1-4];ENSMUST00000095254.12 [Q5SRX1-2];ENSMUST00000102682.5 [Q5SRX1-3];ENSMUST00000102683.11 [Q5SRX1-1];
Q5SS40	Q5SS40;		
Q5SS91	Q5SS91;		ENSMUST00000043377.6 [Q5SS91-1];ENSMUST00000102909.8 [Q5SS91-2];
Q5SSH8	Q5SSH8;		ENSMUST00000079681.6 [Q5SSH8-1];ENSMUST00000156294.8 [Q5SSH8-2];
Q5STE3	Q5STE3;		ENSMUST00000036796.8;
Q5SU73	Q5SU73;		ENSMUST00000107898.8;
Q5SUD9	Q5SUD9;		ENSMUST00000057975.8;
Q5SUF2	Q5SUF2;		ENSMUST00000021226.14 [Q5SUF2-2];ENSMUST00000107820.2 [Q5SUF2-1];ENSMUST00000107821.9 [Q5SUF2-1];ENSMUST00000166312.8 [Q5SUF2-3];
Q5SUF5			ENSMUST00000107792.8;
Q5SUF8			ENSMUST00000107791.8;
Q5SUF9			ENSMUST00000107790.8;
Q5SUG1			ENSMUST00000107786.8;
Q5SUG2			ENSMUST00000107785.2;
Q5SUR0	Q5SUR0;		ENSMUST00000021282.12;
Q5SV02			ENSMUST00000020649.14;
Q5SV85	Q5SV85;		ENSMUST00000049714.15 [Q5SV85-1];ENSMUST00000092834.12 [Q5SV85-2];
Q5SVL6	Q5SVL6;		ENSMUST00000102521.9 [Q5SVL6-1];
Q5SVT3	Q5SVT3;		ENSMUST00000076661.7 [Q5SVT3-1];
Q5SVY2	Q5SVY2;		
Q5SW28	Q5SW28;		ENSMUST00000021283.8;
Q5SWN9	Q5SWN9;		
Q5SWW4	Q5SWW4;	8T1L;	ENSMUST00000043624.9;
Q5SWY8	Q5SWY8;		ENSMUST00000051552.11;ENSMUST00000148584.2;
Q5SX78	Q5SX78;		
Q5SX79	Q5SX79;		ENSMUST00000018531.12 [Q5SX79-2];ENSMUST00000109013.9 [Q5SX79-1];
Q5SXR6			ENSMUST00000060766.16;
Q5SYH2	Q5SYH2;		ENSMUST00000052566.8;
Q5SYL1	Q5SYL1;		ENSMUST00000046361.5;
Q5SZA1	Q5SZA1;		ENSMUST00000006786.11 [Q5SZA1-2];ENSMUST00000099697.3 [Q5SZA1-1];
Q5SZT7	Q5SZT7;		ENSMUST00000068235.6;
Q5U452			ENSMUST00000039007.7;
Q5U458	Q5U458;		ENSMUST00000062904.11;
Q5U462	Q5U462;		ENSMUST00000039229.8;
Q5U4C1	Q5U4C1;		ENSMUST00000113144.8 [Q5U4C1-1];ENSMUST00000113145.8 [Q5U4C1-1];ENSMUST00000113147.8 [Q5U4C1-1];ENSMUST00000166554.2 [Q5U4C1-1];
Q5U4H9	Q5U4H9;		ENSMUST00000111994.10;ENSMUST00000163336.8;
Q5U901	Q5U901;		ENSMUST00000035577.7 [Q5U901-1];
Q5UAK0	Q5UAK0;		ENSMUST00000030247.11 [Q5UAK0-2];ENSMUST00000097945.10 [Q5UAK0-1];ENSMUST00000106855.2 [Q5UAK0-5];ENSMUST00000106857.8 [Q5UAK0-3];ENSMUST00000106858.8 [Q5UAK0-2];
Q5UBV8	Q5UBV8;		
Q5XF89	Q5XF89;		ENSMUST00000061350.13 [Q5XF89-1];ENSMUST00000100013.9 [Q5XF89-2];
Q5XFR0	Q5XFR0;		ENSMUST00000093059.3;
Q5XG73	Q5XG73;		ENSMUST00000028121.15 [Q5XG73-3];ENSMUST00000114523.10 [Q5XG73-3];ENSMUST00000114526.9 [Q5XG73-1];ENSMUST00000227809.2 [Q5XG73-2];
Q5XJY6	Q5XJY6;		
Q5XPI3	Q5XPI3;		ENSMUST00000160249.8 [Q5XPI3-1];ENSMUST00000160649.9 [Q5XPI3-1];ENSMUST00000162355.8 [Q5XPI3-2];ENSMUST00000178267.8 [Q5XPI3-1];
Q5Y5T3	Q5Y5T3;		ENSMUST00000165648.2;ENSMUST00000231700.2;
Q5YL88	Q5YL88;		
Q60652	Q60652;		ENSMUST00000014683.13;ENSMUST00000118060.8;
Q60653	Q60653;		ENSMUST00000074056.3;
Q60660	Q60660;		
Q60669	Q60669;		
Q60764	Q60764;		ENSMUST00000094340.4;
Q60767	Q60767;		ENSMUST00000028362.9;
Q60772	Q60772;		ENSMUST00000063531.5;ENSMUST00000097921.10;
Q60775	Q60775;		ENSMUST00000040131.13;ENSMUST00000110835.3;
Q60790	Q60790;		ENSMUST00000117551.4;
Q60837	Q60837;	8CR5;8OE0;8PB1;	ENSMUST00000000808.8;
Q60846	Q60846;		ENSMUST00000030339.13;
Q60850	Q60850;		
Q60854	Q60854;		ENSMUST00000043552.17;ENSMUST00000076532.14;ENSMUST00000167163.8;
Q60862	Q60862;		ENSMUST00000027198.12;
Q60899	Q60899;		ENSMUST00000008633.15;
Q60900	Q60900;	1D8Z;1D9A;1FNX;	ENSMUST00000003501.9 [Q60900-1];
Q60925	Q60925;		ENSMUST00000080885.12;
Q60948	Q60948;		
Q60996	Q60996;		ENSMUST00000084985.11 [Q60996-1];ENSMUST00000109832.3 [Q60996-3];ENSMUST00000221074.2 [Q60996-4];ENSMUST00000221715.2 [Q60996-2];
Q60I23			ENSMUST00000099151.6;
Q60I26	Q60I26;		
Q60I30	Q60I30;		
Q61011	Q61011;		ENSMUST00000024206.6;
Q61038	Q61038;		
Q61041	Q61041;		ENSMUST00000052164.4;
Q61045	Q61045;		ENSMUST00000020071.4;
Q61048	Q61048;		ENSMUST00000022601.7;
Q61096	Q61096;		
Q61125	Q61125;		ENSMUST00000041229.5;ENSMUST00000182899.2;
Q61133	Q61133;		ENSMUST00000038257.7;ENSMUST00000220440.2;
Q61151	Q61151;		ENSMUST00000021447.9;
Q61153			
Q61179	Q61179;	5OEM;5OEN;	ENSMUST00000130697.8;
Q61189	Q61189;	8G1U;	
Q61190	Q61190;	6WEO;	
Q61193	Q61193;	1RLF;4JGW;5CM8;5CM9;	ENSMUST00000047503.16;
Q61200	Q61200;		ENSMUST00000060369.4;ENSMUST00000160300.2;
Q61212	Q61212;		ENSMUST00000042747.4;
Q61265	Q61265;		
Q61387	Q61387;		ENSMUST00000025095.9;
Q61400	Q61400;		
Q61414	Q61414;		
Q61456	Q61456;		ENSMUST00000029368.7;ENSMUST00000197238.5;ENSMUST00000198320.5;
Q61458	Q61458;		ENSMUST00000022030.11;
Q61467	Q61467;		ENSMUST00000066384.7;
Q61475	Q61475;		ENSMUST00000027650.13;
Q61559	Q61559;		ENSMUST00000003512.9;
Q61578	Q61578;		ENSMUST00000021078.3;
Q61581	Q61581;		ENSMUST00000046746.10;
Q61597	Q61597;	2V2U;	ENSMUST00000027089.15;
Q61598	Q61598;		ENSMUST00000059515.8 [Q61598-2];ENSMUST00000223396.2 [Q61598-1];
Q61645	Q61645;		ENSMUST00000022691.14;ENSMUST00000161069.8;
Q61646	Q61646;		ENSMUST00000074898.8;
Q61702	Q61702;		ENSMUST00000163118.2;
Q61703	Q61703;		ENSMUST00000042290.14;
Q61704	Q61704;		ENSMUST00000006697.17;
Q61711	Q61711;		ENSMUST00000031246.9;
Q61716	Q61716;		ENSMUST00000170428.3;
Q61749	Q61749;		ENSMUST00000077693.10 [Q61749-1];ENSMUST00000114603.8 [Q61749-2];ENSMUST00000166769.8 [Q61749-2];
Q61792	Q61792;		ENSMUST00000043843.12;
Q61865	Q61865;		ENSMUST00000071986.13;
Q61878	Q61878;		ENSMUST00000028467.6;
Q61923	Q61923;		ENSMUST00000040751.6;ENSMUST00000112242.2;ENSMUST00000185333.2;
Q61941	Q61941;		
Q61979	Q61979;		ENSMUST00000109526.2 [Q61979-1];ENSMUST00000153739.9 [Q61979-3];
Q61983	Q61983;		ENSMUST00000006785.8;ENSMUST00000110413.8;
Q62082	Q62082;		ENSMUST00000196436.5 [Q62082-3];ENSMUST00000197186.2 [Q62082-3];
Q62084	Q62084;		ENSMUST00000070850.8;
Q62086	Q62086;		ENSMUST00000057792.9;
Q62100	Q62100;		ENSMUST00000050864.7;
Q62121	Q62121;		
Q62136	Q62136;		
Q62160	Q62160;		ENSMUST00000025019.9;
Q62176	Q62176;		ENSMUST00000029014.16;ENSMUST00000173393.8;
Q62177	Q62177;		
Q62203	Q62203;		
Q62225	Q62225;		ENSMUST00000085102.6;
Q62252	Q62252;		ENSMUST00000002013.11;
Q62270	Q62270;		
Q62308	Q62308;		
Q62313	Q62313;		ENSMUST00000070524.5;
Q62314	Q62314;	7RWA;	
Q62377	Q62377;		
Q62381	Q62381;		
Q62395	Q62395;		ENSMUST00000024827.5;
Q62415	Q62415;		ENSMUST00000054815.15;
Q62419	Q62419;		ENSMUST00000003268.11;
Q62426	Q62426;		ENSMUST00000005185.8;
Q62443	Q62443;		ENSMUST00000026670.5;
Q62446	Q62446;	3KZ7;	ENSMUST00000021332.10;
Q62507	Q62507;		ENSMUST00000085412.7;ENSMUST00000164782.10;
Q62511	Q62511;		ENSMUST00000038627.9 [Q62511-1];
Q62556	Q62556;		ENSMUST00000041674.14;
Q63871	Q63871;		ENSMUST00000180159.8;
Q63880	Q63880;		ENSMUST00000093222.13 [Q63880-1];ENSMUST00000093223.5 [Q63880-2];
Q640M1	Q640M1;		ENSMUST00000080713.5 [Q640M1-1];
Q640R3	Q640R3;		ENSMUST00000051839.9;
Q64143	Q64143;		ENSMUST00000030464.14;
Q64152	Q64152;		ENSMUST00000022163.15 [Q64152-1];ENSMUST00000134542.2 [Q64152-2];ENSMUST00000152704.8 [Q64152-2];
Q64176	Q64176;		ENSMUST00000034173.14;
Q64311	Q64311;		ENSMUST00000023362.15;
Q64323	Q64323;		ENSMUST00000033754.15;ENSMUST00000112255.8;
Q64324	Q64324;		ENSMUST00000160708.8;
Q64345	Q64345;		ENSMUST00000102825.4;
Q64355	Q64355;		ENSMUST00000022813.8;
Q64362	Q64362;		ENSMUST00000109609.9;ENSMUST00000120213.9;ENSMUST00000120349.8;ENSMUST00000125257.3;
Q64389	Q64389;		ENSMUST00000000696.7;
Q64448	Q64448;		ENSMUST00000061614.8;
Q64458	Q64458;		ENSMUST00000003137.15;
Q64459	Q64459;		ENSMUST00000035918.8;
Q64462	Q64462;		ENSMUST00000102707.10;
Q64464	Q64464;		ENSMUST00000031741.8;
Q64468	Q64468;		
Q64519	Q64519;		ENSMUST00000070478.4;
Q64674	Q64674;		ENSMUST00000006611.9;
Q64695	Q64695;		ENSMUST00000029140.12;
Q66JT7	Q66JT7;		ENSMUST00000031262.9;
Q66JX5	Q66JX5;		ENSMUST00000024636.15 [Q66JX5-2];ENSMUST00000097419.10 [Q66JX5-1];
Q66L42	Q66L42;		ENSMUST00000036453.14;
Q66LM6	Q66LM6;		ENSMUST00000039121.4 [Q66LM6-1];
Q673U1	Q673U1;		ENSMUST00000084628.5 [Q673U1-1];ENSMUST00000206880.2 [Q673U1-2];
Q679P5	Q679P5;		
Q67BJ4	Q67BJ4;		ENSMUST00000049530.14;ENSMUST00000164614.3;
Q67E05	Q67E05;		ENSMUST00000065039.3 [Q67E05-3];ENSMUST00000109499.8 [Q67E05-1];ENSMUST00000109500.8 [Q67E05-2];
Q68EF0	Q68EF0;		ENSMUST00000020375.7;
Q68FE6	Q68FE6;		ENSMUST00000043531.10;
Q68FE9	Q68FE9;		ENSMUST00000109157.2;ENSMUST00000109159.3;
Q68FF0	Q68FF0;		ENSMUST00000043356.13 [Q68FF0-1];ENSMUST00000093267.11 [Q68FF0-2];ENSMUST00000180260.8 [Q68FF0-1];
Q68FF7	Q68FF7;		ENSMUST00000069443.14 [Q68FF7-1];
Q68FF9	Q68FF9;		
Q68FG0	Q68FG0;		ENSMUST00000044382.7 [Q68FG0-1];ENSMUST00000119640.8 [Q68FG0-2];
Q68FL6	Q68FL6;		ENSMUST00000037290.12;
Q68FM4			ENSMUST00000037974.10;
Q68FM6	Q68FM6;		ENSMUST00000088592.6;ENSMUST00000229441.2;
Q69AB2	Q69AB2;		ENSMUST00000102897.11 [Q69AB2-1];ENSMUST00000239406.2 [Q69AB2-2];
Q69Z23			
Q69Z61	Q69Z61;		ENSMUST00000061070.6 [Q69Z61-1];ENSMUST00000094294.5 [Q69Z61-2];
Q69Z89	Q69Z89;		ENSMUST00000063635.15 [Q69Z89-5];ENSMUST00000085758.10 [Q69Z89-1];ENSMUST00000110784.8 [Q69Z89-3];
Q69ZJ3			
Q69ZJ7	Q69ZJ7;		
Q69ZM2	Q69ZM2;		
Q69ZQ2	Q69ZQ2;	1X4T;	ENSMUST00000089497.7;
Q69ZU8	Q69ZU8;		ENSMUST00000035719.11 [Q69ZU8-1];ENSMUST00000084748.9 [Q69ZU8-2];ENSMUST00000084749.8 [Q69ZU8-1];ENSMUST00000084750.8 [Q69ZU8-1];
Q69ZZ6	Q69ZZ6;		ENSMUST00000088896.10 [Q69ZZ6-1];ENSMUST00000172510.4 [Q69ZZ6-3];ENSMUST00000173140.4 [Q69ZZ6-3];ENSMUST00000204353.3 [Q69ZZ6-2];
Q6A026	Q6A026;		
Q6A035	Q6A035;		
Q6A0A2	Q6A0A2;		ENSMUST00000091829.4 [Q6A0A2-2];ENSMUST00000188211.8 [Q6A0A2-1];ENSMUST00000188939.7 [Q6A0A2-3];
Q6A0A9	Q6A0A9;		ENSMUST00000060805.7;
Q6A4L0	Q6A4L0;		ENSMUST00000084797.6;
Q6AXF6	Q6AXF6;		ENSMUST00000136381.8 [Q6AXF6-1];
Q6BCL1	Q6BCL1;		ENSMUST00000052079.8;
Q6DFU5	Q6DFU5;		
Q6DFV3	Q6DFV3;		
Q6DFV5	Q6DFV5;		ENSMUST00000075012.8 [Q6DFV5-3];ENSMUST00000100305.8 [Q6DFV5-2];ENSMUST00000106746.8 [Q6DFV5-1];
Q6DFV7	Q6DFV7;		ENSMUST00000068567.5 [Q6DFV7-1];ENSMUST00000092610.12 [Q6DFV7-5];ENSMUST00000213897.2 [Q6DFV7-6];ENSMUST00000215725.2 [Q6DFV7-2];ENSMUST00000215740.2 [Q6DFV7-1];ENSMUST00000216172.2 [Q6DFV7-3];ENSMUST00000217644.2 [Q6DFV7-4];
Q6DI71	Q6DI71;		
Q6DID3	Q6DID3;		ENSMUST00000076734.8;
Q6EJB6	Q6EJB6;		
Q6GQV0	Q6GQV0;		ENSMUST00000024930.8 [Q6GQV0-1];
Q6GQV9			
Q6GQW0	Q6GQW0;		ENSMUST00000105307.8 [Q6GQW0-1];
Q6GR78	Q6GR78;		
Q6GT24			ENSMUST00000071718.12;
Q6GV12	Q6GV12;		ENSMUST00000010049.6;
Q6I6G8	Q6I6G8;		ENSMUST00000087659.11 [Q6I6G8-1];ENSMUST00000097741.3 [Q6I6G8-2];ENSMUST00000120904.8 [Q6I6G8-1];
Q6IFX4	Q6IFX4;		ENSMUST00000076948.2;ENSMUST00000107445.8;
Q6IFZ6	Q6IFZ6;		ENSMUST00000087996.7;
Q6IMB1	Q6IMB1;		ENSMUST00000031646.8 [Q6IMB1-1];
Q6IME9	Q6IME9;		ENSMUST00000071104.6;
Q6IMH0	Q6IMH0;	8IYJ;	ENSMUST00000098480.9 [Q6IMH0-2];ENSMUST00000161029.9 [Q6IMH0-1];
Q6IR19	Q6IR19;		
Q6IYF8	Q6IYF8;		ENSMUST00000058213.6;
Q6J9G1	Q6J9G1;		ENSMUST00000049150.8 [Q6J9G1-1];ENSMUST00000121078.2 [Q6J9G1-2];
Q6JPI3	Q6JPI3;		
Q6KAR6	Q6KAR6;		ENSMUST00000035934.7;
Q6KAU4	Q6KAU4;		ENSMUST00000041555.10;
Q6NS46	Q6NS46;		ENSMUST00000072141.4;
Q6NS57	Q6NS57;		
Q6NS60	Q6NS60;		ENSMUST00000159062.8;ENSMUST00000161078.8;ENSMUST00000161546.2;
Q6NSR3	Q6NSR3;		
Q6NSV5	Q6NSV5;		
Q6NSV7	Q6NSV7;		ENSMUST00000051915.7 [Q6NSV7-4];ENSMUST00000090499.13 [Q6NSV7-1];ENSMUST00000090503.12 [Q6NSV7-2];ENSMUST00000224721.2 [Q6NSV7-5];ENSMUST00000224930.2 [Q6NSV7-6];ENSMUST00000225942.2 [Q6NSV7-3];
Q6NSW3	Q6NSW3;		
Q6NTA4	Q6NTA4;		ENSMUST00000039720.11;
Q6NV83	Q6NV83;		ENSMUST00000078374.13 [Q6NV83-3];ENSMUST00000079659.12 [Q6NV83-1];ENSMUST00000217176.2 [Q6NV83-2];
Q6NV84	Q6NV84;		
Q6NWW5	Q6NWW5;		ENSMUST00000030148.6 [Q6NWW5-2];ENSMUST00000108055.9 [Q6NWW5-1];
Q6NX74	Q6NX74;		
Q6NXI8	Q6NXI8;		
Q6NXK5	Q6NXK5;		ENSMUST00000032071.13;
Q6NXL6	Q6NXL6;		ENSMUST00000023457.13;ENSMUST00000231360.2;
Q6NXW0	Q6NXW0;		
Q6NXY9	Q6NXY9;		ENSMUST00000048993.12 [Q6NXY9-1];ENSMUST00000161920.2 [Q6NXY9-2];
Q6NZC7	Q6NZC7;		
Q6NZK8	Q6NZK8;		ENSMUST00000035824.11 [Q6NZK8-1];ENSMUST00000222028.2 [Q6NZK8-3];
Q6NZL6	Q6NZL6;		
Q6NZL8	Q6NZL8;		ENSMUST00000016907.8 [Q6NZL8-1];ENSMUST00000171496.9 [Q6NZL8-2];
Q6NZN0	Q6NZN0;		ENSMUST00000022715.14 [Q6NZN0-4];
Q6NZN1	Q6NZN1;		ENSMUST00000062322.11 [Q6NZN1-2];ENSMUST00000099392.10 [Q6NZN1-3];ENSMUST00000111899.8 [Q6NZN1-1];
Q6NZQ2	Q6NZQ2;		ENSMUST00000113853.3;
Q6P1B1	Q6P1B1;		ENSMUST00000236058.2;ENSMUST00000237294.2;
Q6P1C1	Q6P1C1;	5MW8;5MWL;5MWM;	ENSMUST00000220447.2;
Q6P1H6	Q6P1H6;		ENSMUST00000031474.11 [Q6P1H6-2];ENSMUST00000197188.5 [Q6P1H6-1];
Q6P200	Q6P200;		
Q6P238	Q6P238;		
Q6P253	Q6P253;		ENSMUST00000041703.10 [Q6P253-3];
Q6P2B2			ENSMUST00000117849.3;
Q6P3D7	Q6P3D7;		ENSMUST00000004473.15 [Q6P3D7-1];
Q6P3Y5	Q6P3Y5;		ENSMUST00000072292.12 [Q6P3Y5-3];ENSMUST00000076635.13 [Q6P3Y5-1];ENSMUST00000088898.11 [Q6P3Y5-1];ENSMUST00000114940.9 [Q6P3Y5-2];
Q6P3Z3	Q6P3Z3;		ENSMUST00000112905.4 [Q6P3Z3-2];ENSMUST00000190116.7 [Q6P3Z3-1];
Q6P3Z8			ENSMUST00000006973.12;
Q6P4S8	Q6P4S8;		ENSMUST00000200393.5;
Q6P4T0	Q6P4T0;		ENSMUST00000045351.13;
Q6P542	Q6P542;		ENSMUST00000043757.15;
Q6P571			ENSMUST00000076859.12;
Q6P5D4	Q6P5D4;		ENSMUST00000049060.8;ENSMUST00000121979.8;
Q6P5G3	Q6P5G3;		ENSMUST00000063718.11 [Q6P5G3-2];ENSMUST00000107853.8 [Q6P5G3-1];ENSMUST00000107854.9 [Q6P5G3-1];
Q6P5I3	Q6P5I3;		
Q6P6I6	Q6P6I6;		ENSMUST00000034720.12 [Q6P6I6-1];ENSMUST00000163972.2 [Q6P6I6-2];
Q6P6J9	Q6P6J9;		ENSMUST00000021959.11;
Q6P7W2	Q6P7W2;		ENSMUST00000003857.7 [Q6P7W2-1];
Q6P7W5	Q6P7W5;		ENSMUST00000040234.9;
Q6P8J2	Q6P8J2;		ENSMUST00000092969.2;ENSMUST00000108656.9;
Q6P8J7	Q6P8J7;		ENSMUST00000022122.4;
Q6P8L2	Q6P8L2;		
Q6P8X6	Q6P8X6;		ENSMUST00000028842.9 [Q6P8X6-1];
Q6P8Z1	Q6P8Z1;		ENSMUST00000061483.9;
Q6P9K8	Q6P9K8;		ENSMUST00000024958.9 [Q6P9K8-1];ENSMUST00000234717.2 [Q6P9K8-2];
Q6P9L4	Q6P9L4;		ENSMUST00000024779.15;
Q6P9L6	Q6P9L6;		ENSMUST00000040717.7;
Q6P9Q4	Q6P9Q4;		ENSMUST00000014922.5;
Q6P9R1	Q6P9R1;		ENSMUST00000031478.6;
Q6P9R4	Q6P9R4;	6BCB;	ENSMUST00000004684.13 [Q6P9R4-1];
Q6P9T4	Q6P9T4;		
Q6P9Y7	Q6P9Y7;		ENSMUST00000080834.15 [Q6P9Y7-1];ENSMUST00000183190.2 [Q6P9Y7-3];
Q6PAC4	Q6PAC4;		ENSMUST00000057405.9;
Q6PAL0	Q6PAL0;	7V9F;7V9G;7V9H;7V9I;	ENSMUST00000167488.9;
Q6PAL7	Q6PAL7;		ENSMUST00000044521.14;ENSMUST00000105914.2;ENSMUST00000105915.8;ENSMUST00000105916.8;
Q6PAL8	Q6PAL8;	3CWZ;	ENSMUST00000080437.13;
Q6PAQ4	Q6PAQ4;		ENSMUST00000114020.10;
Q6PCL9	Q6PCL9;		ENSMUST00000020513.10;
Q6PCM2	Q6PCM2;		ENSMUST00000053959.7 [Q6PCM2-1];ENSMUST00000223585.2 [Q6PCM2-1];
Q6PCP7	Q6PCP7;		
Q6PCZ4	Q6PCZ4;		ENSMUST00000033578.7;
Q6PD28	Q6PD28;		ENSMUST00000025695.10;
Q6PD29	Q6PD29;		ENSMUST00000031562.11 [Q6PD29-2];ENSMUST00000114590.8 [Q6PD29-1];
Q6PDD0	Q6PDD0;		ENSMUST00000079811.13;
Q6PDE7	Q6PDE7;		ENSMUST00000076443.10 [Q6PDE7-1];ENSMUST00000100903.3 [Q6PDE7-2];
Q6PDH4	Q6PDH4;		ENSMUST00000227191.3 [Q6PDH4-1];
Q6PDI6	Q6PDI6;		ENSMUST00000049031.6 [Q6PDI6-1];
Q6PDK8	Q6PDK8;		ENSMUST00000045521.9;
Q6PDL0	Q6PDL0;		ENSMUST00000041769.8;
Q6PDY0	Q6PDY0;		ENSMUST00000179549.3;
Q6PE54	Q6PE54;		ENSMUST00000018569.14;
Q6PE80			ENSMUST00000085948.11;
Q6PEB4	Q6PEB4;		ENSMUST00000027265.10 [Q6PEB4-1];ENSMUST00000114484.8 [Q6PEB4-1];ENSMUST00000135614.8 [Q6PEB4-2];
Q6PFD6	Q6PFD6;		ENSMUST00000021311.10;
Q6PFQ7	Q6PFQ7;		ENSMUST00000042135.14 [Q6PFQ7-1];ENSMUST00000100570.10 [Q6PFQ7-2];
Q6PFV6			ENSMUST00000113401.4;
Q6PFV8			
Q6PFX2	Q6PFX2;		ENSMUST00000062289.11 [Q6PFX2-1];ENSMUST00000115161.8 [Q6PFX2-3];
Q6PFX8	Q6PFX8;		ENSMUST00000049994.8;
Q6PG16	Q6PG16;		
Q6PGE2	Q6PGE2;		
Q6PGF2	Q6PGF2;	6JLE;	ENSMUST00000051772.10;
Q6PGF3	Q6PGF3;	6W1S;8T1I;8T1L;	ENSMUST00000105378.9;ENSMUST00000165684.8;
Q6PGF7	Q6PGF7;		ENSMUST00000098312.4;
Q6PGL7	Q6PGL7;		ENSMUST00000036759.11 [Q6PGL7-1];
Q6PHB0	Q6PHB0;		ENSMUST00000020185.5;
Q6PHQ8	Q6PHQ8;		ENSMUST00000022038.15;
Q6PHZ5	Q6PHZ5;	1WHY;	ENSMUST00000055843.9;
Q6PIX9	Q6PIX9;		ENSMUST00000042227.15 [Q6PIX9-1];ENSMUST00000106621.4 [Q6PIX9-1];
Q6PZD9	Q6PZD9;		ENSMUST00000064290.8;
Q6QD59	Q6QD59;		ENSMUST00000015725.16;
Q6QQR9	Q6QQR9;		
Q6R5P0	Q6R5P0;		ENSMUST00000063570.7;
Q6R653	Q6R653;		
Q6RFH4	Q6RFH4;		ENSMUST00000023339.5 [Q6RFH4-2];ENSMUST00000161347.9 [Q6RFH4-1];
Q6RHW0	Q6RHW0;		ENSMUST00000059707.3;
Q6RUT7	Q6RUT7;		ENSMUST00000088307.5;
Q6RUT8	Q6RUT8;		ENSMUST00000182621.8 [Q6RUT8-3];
Q6SJ95	Q6SJ95;		ENSMUST00000080453.8;
Q6SLK2			
Q6TAC4	Q6TAC4;		ENSMUST00000032238.5;
Q6TCG8	Q6TCG8;		ENSMUST00000069453.9;ENSMUST00000112969.10;
Q6VUP9	Q6VUP9;		ENSMUST00000048194.8;
Q6VYH9	Q6VYH9;		ENSMUST00000072097.14;ENSMUST00000165324.2;
Q6W3F0	Q6W3F0;		
Q6X4A1	Q6X4A1;		
Q6X632	Q6X632;		ENSMUST00000109430.2;
Q6X7S9	Q6X7S9;		ENSMUST00000059596.8;
Q6XC89	Q6XC89;		
Q6XJV6	Q6XJV6;		ENSMUST00000102805.4;
Q6XQH0	Q6XQH0;		ENSMUST00000178757.8;
Q6XVG2	Q6XVG2;		ENSMUST00000048959.5;
Q6XZL8			ENSMUST00000105336.9;
Q6Y4S4	Q6Y4S4;		ENSMUST00000178033.5 [Q6Y4S4-2];ENSMUST00000193888.6 [Q6Y4S4-2];ENSMUST00000194044.6 [Q6Y4S4-2];ENSMUST00000195286.5 [Q6Y4S4-2];
Q6YND2	Q6YND2;		ENSMUST00000043922.7 [Q6YND2-1];ENSMUST00000179605.9 [Q6YND2-2];
Q6YNI2	Q6YNI2;		ENSMUST00000061796.8;
Q6ZPE7	Q6ZPE7;		
Q6ZPF1	Q6ZPF1;		
Q6ZPK7	Q6ZPK7;		ENSMUST00000094868.10;
Q6ZPL9	Q6ZPL9;		ENSMUST00000071057.14;
Q6ZPQ6	Q6ZPQ6;		ENSMUST00000086123.11 [Q6ZPQ6-2];ENSMUST00000161938.8 [Q6ZPQ6-1];ENSMUST00000162812.8 [Q6ZPQ6-2];
Q6ZPS6	Q6ZPS6;		ENSMUST00000043551.11;
Q6ZPU9	Q6ZPU9;		ENSMUST00000065887.14 [Q6ZPU9-1];
Q6ZPX4			
Q6ZPX7	Q6ZPX7;		
Q6ZQ06	Q6ZQ06;		ENSMUST00000093802.6;
Q6ZQ12	Q6ZQ12;		ENSMUST00000109896.8 [Q6ZQ12-3];
Q6ZQ18	Q6ZQ18;		ENSMUST00000111178.2 [Q6ZQ18-1];
Q6ZQ38	Q6ZQ38;		ENSMUST00000020315.13;
Q6ZQ73	Q6ZQ73;		ENSMUST00000075995.7;
Q6ZQ82	Q6ZQ82;		ENSMUST00000097593.9;
Q6ZQ93			ENSMUST00000180046.8 [Q6ZQ93-1];
Q6ZQA0			ENSMUST00000133191.8 [Q6ZQA0-2];
Q6ZQM8	Q6ZQM8;		ENSMUST00000058237.14 [Q6ZQM8-1];
Q6ZWM8	Q6ZWM8;		
Q6ZWS1	Q6ZWS1;		
Q6ZWY6	Q6ZWY6;		ENSMUST00000072578.8;
Q6ZWZ2	Q6ZWZ2;		ENSMUST00000040008.4;
Q70E20	Q70E20;		
Q711T7	Q711T7;		ENSMUST00000033415.15;
Q71B07	Q71B07;		ENSMUST00000051377.15;
Q71FD7	Q71FD7;		ENSMUST00000006381.11;ENSMUST00000105784.8;ENSMUST00000105785.9;
Q71LX4	Q71LX4;	3G9W;	
Q75N62	Q75N62;		ENSMUST00000203083.3;ENSMUST00000203509.2;
Q761V0	Q761V0;		
Q766D5	Q766D5;		ENSMUST00000048002.7 [Q766D5-1];
Q76KJ5	Q76KJ5;		ENSMUST00000047036.10;
Q76LS9	Q76LS9;		ENSMUST00000039537.14 [Q76LS9-2];ENSMUST00000107187.9 [Q76LS9-1];ENSMUST00000168223.2 [Q76LS9-2];
Q76M72	Q76M72;		ENSMUST00000075619.5 [Q76M72-1];ENSMUST00000182102.8 [Q76M72-2];
Q76N33	Q76N33;		ENSMUST00000054956.15 [Q76N33-1];ENSMUST00000119603.2 [Q76N33-1];ENSMUST00000239240.2 [Q76N33-1];
Q78HU3	Q78HU3;		ENSMUST00000034272.9;
Q78IS1	Q78IS1;		ENSMUST00000058488.9;
Q78JN3	Q78JN3;		ENSMUST00000021853.12;
Q78NA6	Q78NA6;		
Q792F9			ENSMUST00000099972.5;
Q7JCZ3	Q7JCZ3;		
Q7M758	Q7M758;		ENSMUST00000044451.4;
Q7TMF3	Q7TMF3;	6G2J;6G72;6ZR2;6ZTQ;7AK5;7AK6;7B93;7PSA;8IAO;8IAP;8IB4;8IB5;8IB9;8IBA;8IBD;8IBE;8IC2;8IC3;8OLT;8OM1;8PW5;8PW6;8PW7;8RGP;8RGQ;8RGR;8RGT;	ENSMUST00000020209.16;
Q7TMJ8	Q7TMJ8;		ENSMUST00000045153.11 [Q7TMJ8-1];ENSMUST00000093399.11 [Q7TMJ8-2];
Q7TMV1	Q7TMV1;		
Q7TMW6	Q7TMW6;		ENSMUST00000002350.11 [Q7TMW6-1];ENSMUST00000134108.8 [Q7TMW6-2];
Q7TMY7	Q7TMY7;		ENSMUST00000048418.14 [Q7TMY7-1];
Q7TN02	Q7TN02;	8T1I;	ENSMUST00000058534.7;
Q7TN05	Q7TN05;		ENSMUST00000162342.8;
Q7TN31	Q7TN31;		ENSMUST00000022189.9;
Q7TN33	Q7TN33;		ENSMUST00000034840.10 [Q7TN33-1];ENSMUST00000121266.8 [Q7TN33-2];
Q7TN73	Q7TN73;		ENSMUST00000015333.12;
Q7TNE1	Q7TNE1;		ENSMUST00000068545.6;
Q7TNF0	Q7TNF0;		ENSMUST00000064110.14;
Q7TNG8	Q7TNG8;	8JDB;8JDC;8JDD;8JDE;8JDF;8JDG;8JDN;8JDO;8JDP;8JDQ;8JDR;8JDS;8JDT;8JDU;8JDV;8JDX;8JDY;8JDZ;	ENSMUST00000070004.4;
Q7TNK8	Q7TNK8;		ENSMUST00000066991.7;
Q7TNL7			ENSMUST00000019701.9;
Q7TNL9			ENSMUST00000058906.7;ENSMUST00000219839.2;
Q7TPD0	Q7TPD0;		ENSMUST00000029542.12 [Q7TPD0-1];ENSMUST00000071488.8 [Q7TPD0-1];
Q7TPD5	Q7TPD5;		
Q7TPG7	Q7TPG7;		ENSMUST00000238972.2;
Q7TPG8	Q7TPG8;		ENSMUST00000075080.6;ENSMUST00000122120.8;
Q7TPV2	Q7TPV2;		ENSMUST00000114516.8 [Q7TPV2-2];
Q7TQ62	Q7TQ62;		ENSMUST00000106708.8 [Q7TQ62-1];ENSMUST00000106709.9 [Q7TQ62-1];
Q7TQ65	Q7TQ65;		
Q7TQA3	Q7TQA3;		ENSMUST00000040925.4;
Q7TQA4	Q7TQA4;		ENSMUST00000095391.3;
Q7TQD5	Q7TQD5;		
Q7TQF2	Q7TQF2;		ENSMUST00000052236.13;
Q7TQH0	Q7TQH0;		ENSMUST00000040202.15 [Q7TQH0-1];
Q7TQP3	Q7TQP3;		ENSMUST00000053970.4;
Q7TS72	Q7TS72;		ENSMUST00000003850.8;
Q7TS74	Q7TS74;		ENSMUST00000052708.7 [Q7TS74-1];
Q7TSH6	Q7TSH6;		ENSMUST00000039280.9 [Q7TSH6-3];ENSMUST00000163419.9 [Q7TSH6-1];ENSMUST00000232371.2 [Q7TSH6-2];
Q7TSN6	Q7TSN6;		ENSMUST00000054738.5;
Q7TSS3			ENSMUST00000004330.10;
Q7TST5	Q7TST5;		ENSMUST00000081880.7;
Q7TT28	Q7TT28;		ENSMUST00000057910.16 [Q7TT28-1];
Q7TT36	Q7TT36;		ENSMUST00000030971.7;
Q7TT45	Q7TT45;		
Q80SS6	Q80SS6;		ENSMUST00000077985.4;
Q80SX5	Q80SX5;	8UG6;8UG7;8UG8;8UGA;	ENSMUST00000055490.9;ENSMUST00000106544.2;
Q80SY6	Q80SY6;		ENSMUST00000028702.10 [Q80SY6-2];ENSMUST00000066155.6 [Q80SY6-1];ENSMUST00000110662.9 [Q80SY6-4];ENSMUST00000119031.8 [Q80SY6-1];
Q80SZ7	Q80SZ7;		ENSMUST00000090031.12;ENSMUST00000118280.2;
Q80T21	Q80T21;		ENSMUST00000015994.4;ENSMUST00000117782.8;
Q80T23	Q80T23;		ENSMUST00000067529.9 [Q80T23-1];ENSMUST00000086165.4 [Q80T23-2];
Q80T69	Q80T69;		ENSMUST00000051139.13;ENSMUST00000068879.11;
Q80T79			ENSMUST00000100670.10 [Q80T79-3];ENSMUST00000162830.8 [Q80T79-3];
Q80T85	Q80T85;		ENSMUST00000054145.8;
Q80T91	Q80T91;		ENSMUST00000068967.11 [Q80T91-1];ENSMUST00000093829.9 [Q80T91-2];ENSMUST00000118485.8 [Q80T91-4];
Q80TA6	Q80TA6;		ENSMUST00000038172.16 [Q80TA6-1];ENSMUST00000071993.13 [Q80TA6-2];
Q80TB7	Q80TB7;		
Q80TE3	Q80TE3;		ENSMUST00000047786.6;
Q80TE7	Q80TE7;		
Q80TF4	Q80TF4;		ENSMUST00000035973.5 [Q80TF4-3];ENSMUST00000115313.8 [Q80TF4-5];ENSMUST00000115316.9 [Q80TF4-4];ENSMUST00000115317.9 [Q80TF4-1];ENSMUST00000115319.9 [Q80TF4-2];
Q80TF6			ENSMUST00000180041.9;
Q80TL4	Q80TL4;		ENSMUST00000069184.9 [Q80TL4-2];ENSMUST00000107975.8 [Q80TL4-1];ENSMUST00000107976.9 [Q80TL4-2];
Q80TN7	Q80TN7;		
Q80TT3	Q80TT3;		
Q80U12	Q80U12;		ENSMUST00000057631.12 [Q80U12-1];ENSMUST00000081799.6 [Q80U12-2];
Q80U23	Q80U23;		ENSMUST00000028951.14 [Q80U23-2];ENSMUST00000094456.10 [Q80U23-1];ENSMUST00000109875.8 [Q80U23-2];ENSMUST00000109877.10 [Q80U23-3];
Q80U57	Q80U57;		ENSMUST00000071093.9;ENSMUST00000106283.8;ENSMUST00000171363.2;
Q80U95	Q80U95;		ENSMUST00000049453.9;
Q80UC8	Q80UC8;		ENSMUST00000084650.6;
Q80UJ1	Q80UJ1;		ENSMUST00000041827.8;
Q80US4	Q80US4;		
Q80US8	Q80US8;		ENSMUST00000021941.8;
Q80UU1	Q80UU1;		
Q80UW3	Q80UW3;		ENSMUST00000059857.8 [Q80UW3-1];ENSMUST00000209035.2 [Q80UW3-1];
Q80UZ0	Q80UZ0;		
Q80V24	Q80V24;	4LN0;6SBA;	ENSMUST00000032459.14;
Q80V42	Q80V42;		ENSMUST00000020399.6 [Q80V42-1];
Q80V53	Q80V53;		ENSMUST00000099546.6;
Q80V91	Q80V91;		ENSMUST00000038217.14;
Q80VA5	Q80VA5;		ENSMUST00000051720.6 [Q80VA5-1];ENSMUST00000235652.2 [Q80VA5-4];
Q80VC6	Q80VC6;		ENSMUST00000030730.14;
Q80VC8	Q80VC8;		
Q80VJ3	Q80VJ3;		ENSMUST00000046497.8;
Q80VL3	Q80VL3;		ENSMUST00000033485.14;
Q80VM3	Q80VM3;		ENSMUST00000117845.8 [Q80VM3-2];
Q80VP0	Q80VP0;		ENSMUST00000085701.7 [Q80VP0-1];
Q80VP5	Q80VP5;	2RSM;	ENSMUST00000077376.3 [Q80VP5-1];ENSMUST00000111477.2 [Q80VP5-2];
Q80W21	Q80W21;	2DC5;	ENSMUST00000004137.11;
Q80W22	Q80W22;		ENSMUST00000074241.9;ENSMUST00000160918.8;
Q80W37	Q80W37;		ENSMUST00000068856.5;
Q80W40	Q80W40;		ENSMUST00000047045.10;
Q80W71	Q80W71;		ENSMUST00000101385.3 [Q80W71-2];ENSMUST00000119706.8 [Q80W71-1];
Q80W85	Q80W85;		ENSMUST00000062629.5;
Q80W88	Q80W88;		
Q80WJ6	Q80WJ6;		ENSMUST00000080115.10 [Q80WJ6-1];ENSMUST00000129898.8 [Q80WJ6-4];ENSMUST00000131423.8 [Q80WJ6-1];ENSMUST00000152438.2 [Q80WJ6-4];
Q80WM7	Q80WM7;		ENSMUST00000059906.8 [Q80WM7-1];
Q80WQ8	Q80WQ8;		ENSMUST00000052201.9 [Q80WQ8-1];ENSMUST00000222244.2 [Q80WQ8-2];
Q80X66	Q80X66;		ENSMUST00000047091.14;
Q80X72	Q80X72;		ENSMUST00000064606.8;
Q80X82	Q80X82;		ENSMUST00000023882.14;
Q80X86	Q80X86;		ENSMUST00000233923.2;
Q80XC2	Q80XC2;		ENSMUST00000084947.10;ENSMUST00000168338.2;
Q80XC3	Q80XC3;		ENSMUST00000042503.9 [Q80XC3-2];ENSMUST00000114937.8 [Q80XC3-1];
Q80XC6	Q80XC6;		ENSMUST00000021596.9;
Q80XF5	Q80XF5;		ENSMUST00000036564.8;
Q80XH1	Q80XH1;		ENSMUST00000093456.12;
Q80XH4	Q80XH4;		ENSMUST00000021168.14 [Q80XH4-1];ENSMUST00000108510.2 [Q80XH4-1];ENSMUST00000108511.8 [Q80XH4-1];
Q80XI9	Q80XI9;		
Q80XJ3	Q80XJ3;		ENSMUST00000156290.9;
Q80XK6	Q80XK6;		ENSMUST00000041055.9 [Q80XK6-2];
Q80XL6	Q80XL6;		
Q80XL7	Q80XL7;		ENSMUST00000073054.5 [Q80XL7-2];
Q80XN0	Q80XN0;		ENSMUST00000089759.9;ENSMUST00000115226.8;ENSMUST00000115227.10;
Q80XP8	Q80XP8;		ENSMUST00000059579.12 [Q80XP8-1];
Q80Y14	Q80Y14;		ENSMUST00000021522.5;
Q80Y44	Q80Y44;		ENSMUST00000065630.8;
Q80Y50	Q80Y50;		ENSMUST00000036299.14 [Q80Y50-1];ENSMUST00000100933.10 [Q80Y50-3];ENSMUST00000108544.8 [Q80Y50-2];ENSMUST00000108545.9 [Q80Y50-4];
Q80Y56	Q80Y56;		ENSMUST00000014694.11;
Q80Y73	Q80Y73;		ENSMUST00000170947.3;
Q80Y81	Q80Y81;		ENSMUST00000071891.12 [Q80Y81-1];ENSMUST00000101049.9 [Q80Y81-2];
Q80YA7	Q80YA7;		ENSMUST00000034960.14;ENSMUST00000167773.2;
Q80YF6	Q80YF6;		
Q80YN3	Q80YN3;		ENSMUST00000013667.3;
Q80YR4	Q80YR4;		ENSMUST00000047179.7 [Q80YR4-3];ENSMUST00000234956.2 [Q80YR4-1];
Q80YR5	Q80YR5;		ENSMUST00000075510.12;
Q80YS4			ENSMUST00000073939.13;
Q80YT7	Q80YT7;		ENSMUST00000045243.15 [Q80YT7-2];
Q80YT9	Q80YT9;		ENSMUST00000046378.14;ENSMUST00000114253.2;
Q80YV2	Q80YV2;		ENSMUST00000080812.14 [Q80YV2-1];ENSMUST00000102992.10 [Q80YV2-2];
Q80YW5	Q80YW5;		ENSMUST00000030088.12 [Q80YW5-2];ENSMUST00000107449.4 [Q80YW5-1];
Q80YY7	Q80YY7;		ENSMUST00000107415.8 [Q80YY7-1];
Q80Z96	Q80Z96;		ENSMUST00000029453.13;
Q80ZA0	Q80ZA0;		
Q80ZA4			ENSMUST00000209244.2 [Q80ZA4-1];
Q80ZD9	Q80ZD9;		ENSMUST00000053106.7;ENSMUST00000229890.2;
Q80ZF2	Q80ZF2;		ENSMUST00000056014.3;
Q80ZM3	Q80ZM3;		ENSMUST00000047531.16;ENSMUST00000111551.2;ENSMUST00000179873.8;
Q80ZQ0	Q80ZQ0;		ENSMUST00000094424.7;
Q80ZQ5	Q80ZQ5;		ENSMUST00000074541.6 [Q80ZQ5-1];
Q80ZU5	Q80ZU5;		ENSMUST00000027867.7;
Q80ZX8	Q80ZX8;		ENSMUST00000047348.11 [Q80ZX8-1];ENSMUST00000171205.3 [Q80ZX8-1];
Q810A5	Q810A5;		ENSMUST00000014981.8;ENSMUST00000171788.8;ENSMUST00000212219.2;ENSMUST00000212922.2;
Q810B8	Q810B8;		ENSMUST00000069926.14;ENSMUST00000114679.2;
Q810D6	Q810D6;		ENSMUST00000107723.9;ENSMUST00000131384.3;
Q810H5	Q810H5;		ENSMUST00000037553.6 [Q810H5-1];
Q810J1	Q810J1;		ENSMUST00000051973.9;ENSMUST00000208221.2;
Q810M5	Q810M5;		ENSMUST00000064192.8;
Q810U5	Q810U5;		ENSMUST00000039443.14 [Q810U5-3];ENSMUST00000096127.11 [Q810U5-2];ENSMUST00000100026.10 [Q810U5-1];
Q810V8	Q810V8;		
Q810Z3	Q810Z3;		
Q810Z4	Q810Z4;		
Q811C2	Q811C2;		ENSMUST00000030279.15;ENSMUST00000180278.2;
Q811I0	Q811I0;		ENSMUST00000239030.2;
Q811I5	Q811I5;		
Q812A3	Q812A3;		ENSMUST00000054665.10;
Q812A5	Q812A5;		ENSMUST00000065499.5 [Q812A5-1];ENSMUST00000171460.8 [Q812A5-2];
Q8BFR4	Q8BFR4;		ENSMUST00000040344.7;
Q8BFR5	Q8BFR5;		ENSMUST00000098048.6 [Q8BFR5-1];ENSMUST00000106392.10 [Q8BFR5-2];
Q8BFS8	Q8BFS8;		ENSMUST00000051435.8;
Q8BFS9	Q8BFS9;		ENSMUST00000027264.10 [Q8BFS9-1];ENSMUST00000144660.3 [Q8BFS9-2];
Q8BFT6	Q8BFT6;		ENSMUST00000045279.13 [Q8BFT6-3];ENSMUST00000108777.10 [Q8BFT6-1];ENSMUST00000147163.8 [Q8BFT6-4];
Q8BFU1	Q8BFU1;		ENSMUST00000085245.7;
Q8BFW7	Q8BFW7;		ENSMUST00000038053.14 [Q8BFW7-1];ENSMUST00000078988.10 [Q8BFW7-1];ENSMUST00000115314.4 [Q8BFW7-4];
Q8BFW9	Q8BFW9;		ENSMUST00000042261.5;
Q8BFX3	Q8BFX3;		ENSMUST00000085678.8 [Q8BFX3-1];
Q8BFY6	Q8BFY6;		ENSMUST00000030563.6;ENSMUST00000118199.8;
Q8BFY7	Q8BFY7;		ENSMUST00000021164.4 [Q8BFY7-1];
Q8BFY9	Q8BFY9;		ENSMUST00000109399.9 [Q8BFY9-2];ENSMUST00000109401.8 [Q8BFY9-1];
Q8BFZ2	Q8BFZ2;		ENSMUST00000076670.3 [Q8BFZ2-1];
Q8BFZ6	Q8BFZ6;		ENSMUST00000021573.6;ENSMUST00000038598.3;ENSMUST00000187196.7;
Q8BFZ9	Q8BFZ9;		ENSMUST00000033873.9;
Q8BG17	Q8BG17;		ENSMUST00000138880.9;
Q8BG28	Q8BG28;		ENSMUST00000099747.5 [Q8BG28-1];ENSMUST00000221300.2 [Q8BG28-1];ENSMUST00000221974.2 [Q8BG28-1];
Q8BG30	Q8BG30;		ENSMUST00000030993.8;
Q8BG32	Q8BG32;		ENSMUST00000017572.14;ENSMUST00000173938.8;
Q8BG37			ENSMUST00000057072.6;
Q8BG67	Q8BG67;		ENSMUST00000015146.16 [Q8BG67-1];ENSMUST00000173858.8 [Q8BG67-2];
Q8BG95	Q8BG95;		ENSMUST00000045665.13 [Q8BG95-1];ENSMUST00000112163.2 [Q8BG95-2];
Q8BGA5	Q8BGA5;		ENSMUST00000163048.8;
Q8BGA9	Q8BGA9;		ENSMUST00000000985.7;
Q8BGB7	Q8BGB7;		ENSMUST00000031268.8 [Q8BGB7-1];ENSMUST00000169390.8 [Q8BGB7-1];
Q8BGC0	Q8BGC0;		ENSMUST00000088652.6 [Q8BGC0-1];ENSMUST00000114751.9 [Q8BGC0-2];
Q8BGC3	Q8BGC3;		ENSMUST00000009522.4;
Q8BGC9	Q8BGC9;		ENSMUST00000053355.6;
Q8BGF9	Q8BGF9;		ENSMUST00000193433.6;ENSMUST00000195657.6;
Q8BGH4	Q8BGH4;		ENSMUST00000121469.2;
Q8BGN6	Q8BGN6;		ENSMUST00000028593.11;
Q8BGP6	Q8BGP6;		ENSMUST00000066921.10 [Q8BGP6-1];ENSMUST00000170496.6 [Q8BGP6-1];
Q8BGR8	Q8BGR8;		ENSMUST00000051934.7 [Q8BGR8-2];
Q8BGR9	Q8BGR9;	1V5T;	ENSMUST00000102795.4 [Q8BGR9-1];
Q8BGT5	Q8BGT5;		ENSMUST00000034136.12;
Q8BGT9	Q8BGT9;		ENSMUST00000045041.12;
Q8BGW2	Q8BGW2;		ENSMUST00000099376.11 [Q8BGW2-4];ENSMUST00000111855.5 [Q8BGW2-1];ENSMUST00000132202.3 [Q8BGW2-2];ENSMUST00000138302.9 [Q8BGW2-3];
Q8BGW3	Q8BGW3;		ENSMUST00000108878.2;
Q8BGW8	Q8BGW8;		ENSMUST00000163017.10;
Q8BGX7	Q8BGX7;		ENSMUST00000040248.9 [Q8BGX7-1];
Q8BGY6	Q8BGY6;		ENSMUST00000079780.10;ENSMUST00000119468.2;ENSMUST00000121344.8;ENSMUST00000164397.8;
Q8BGY7	Q8BGY7;		ENSMUST00000042852.7;
Q8BGZ4	Q8BGZ4;		
Q8BH00	Q8BH00;		ENSMUST00000042699.14;
Q8BH05	Q8BH05;		ENSMUST00000092298.6;
Q8BH15	Q8BH15;		ENSMUST00000070117.8 [Q8BH15-1];
Q8BH32	Q8BH32;		ENSMUST00000085724.5 [Q8BH32-1];ENSMUST00000153348.8 [Q8BH32-1];
Q8BH40			ENSMUST00000020174.7;ENSMUST00000220041.2;
Q8BH44	Q8BH44;		ENSMUST00000048043.12;
Q8BH48	Q8BH48;		ENSMUST00000072866.12 [Q8BH48-1];ENSMUST00000108060.10 [Q8BH48-2];
Q8BH49	Q8BH49;		ENSMUST00000056654.8;ENSMUST00000198271.5;
Q8BH50	Q8BH50;		
Q8BH69	Q8BH69;		ENSMUST00000027973.14;ENSMUST00000115019.2;
Q8BH73	Q8BH73;		ENSMUST00000032566.3 [Q8BH73-1];
Q8BH74	Q8BH74;		ENSMUST00000064848.7;
Q8BH79	Q8BH79;		ENSMUST00000042546.4 [Q8BH79-1];ENSMUST00000214409.2 [Q8BH79-2];ENSMUST00000216670.2 [Q8BH79-3];
Q8BH86	Q8BH86;		ENSMUST00000069782.11 [Q8BH86-1];ENSMUST00000110069.8 [Q8BH86-1];ENSMUST00000110070.8 [Q8BH86-2];ENSMUST00000167322.2 [Q8BH86-1];
Q8BHA0	Q8BHA0;		ENSMUST00000153360.8;
Q8BHB9	Q8BHB9;	6ERY;6ERZ;	ENSMUST00000023670.4;
Q8BHD0	Q8BHD0;		ENSMUST00000068449.4;
Q8BHE5	Q8BHE5;		ENSMUST00000031278.6;
Q8BHF7	Q8BHF7;		ENSMUST00000132676.8;
Q8BHJ6	Q8BHJ6;		ENSMUST00000049488.9;
Q8BHJ9	Q8BHJ9;		ENSMUST00000020681.10;ENSMUST00000178622.3;
Q8BHK1	Q8BHK1;		ENSMUST00000052204.6;
Q8BHL5	Q8BHL5;	6UKA;	ENSMUST00000071699.11 [Q8BHL5-3];ENSMUST00000074046.13 [Q8BHL5-1];ENSMUST00000094329.11 [Q8BHL5-2];ENSMUST00000103088.10 [Q8BHL5-3];ENSMUST00000103091.9 [Q8BHL5-2];
Q8BHS3	Q8BHS3;		ENSMUST00000025506.7;
Q8BHT4	Q8BHT4;		
Q8BHZ4	Q8BHZ4;		ENSMUST00000107353.3;
Q8BI22	Q8BI22;		ENSMUST00000141429.8 [Q8BI22-1];
Q8BI36	Q8BI36;		ENSMUST00000057257.10 [Q8BI36-1];ENSMUST00000117449.8 [Q8BI36-2];
Q8BI71	Q8BI71;		ENSMUST00000057855.4;
Q8BI72	Q8BI72;		ENSMUST00000212175.2;
Q8BIH0	Q8BIH0;		ENSMUST00000235017.2 [Q8BIH0-1];
Q8BII1	Q8BII1;		ENSMUST00000110249.3;ENSMUST00000177289.9;
Q8BIP0	Q8BIP0;		ENSMUST00000035430.4;
Q8BIQ5	Q8BIQ5;		ENSMUST00000033609.9 [Q8BIQ5-1];ENSMUST00000113286.8 [Q8BIQ5-2];
Q8BIR2	Q8BIR2;		ENSMUST00000035181.10 [Q8BIR2-1];ENSMUST00000123807.8 [Q8BIR2-2];
Q8BIU4	Q8BIU4;		
Q8BIW1	Q8BIW1;		ENSMUST00000015855.8;
Q8BIZ6	Q8BIZ6;		ENSMUST00000052183.7;
Q8BJ03	Q8BJ03;		ENSMUST00000045562.6 [Q8BJ03-1];
Q8BJ05	Q8BJ05;		ENSMUST00000021399.9 [Q8BJ05-4];ENSMUST00000057000.17 [Q8BJ05-2];ENSMUST00000110104.10 [Q8BJ05-3];ENSMUST00000110105.10 [Q8BJ05-1];
Q8BJ42	Q8BJ42;		ENSMUST00000043279.9 [Q8BJ42-1];ENSMUST00000133298.8 [Q8BJ42-1];ENSMUST00000150247.8 [Q8BJ42-2];
Q8BJ52	Q8BJ52;		ENSMUST00000039564.11 [Q8BJ52-2];ENSMUST00000106473.5 [Q8BJ52-1];
Q8BJ63	Q8BJ63;		ENSMUST00000228238.2 [Q8BJ63-3];
Q8BJ64	Q8BJ64;		ENSMUST00000067620.12;ENSMUST00000118917.2;
Q8BJ73	Q8BJ73;		ENSMUST00000042217.4 [Q8BJ73-1];
Q8BJA2	Q8BJA2;		ENSMUST00000086559.7;
Q8BJG0	Q8BJG0;		
Q8BJK1	Q8BJK1;	8I79;	ENSMUST00000040616.9;
Q8BJM5	Q8BJM5;		ENSMUST00000024870.9;
Q8BJM7	Q8BJM7;		ENSMUST00000040213.13 [Q8BJM7-1];ENSMUST00000100662.10 [Q8BJM7-3];
Q8BJT9	Q8BJT9;		ENSMUST00000040833.5;
Q8BJU0	Q8BJU0;		ENSMUST00000005067.6 [Q8BJU0-1];ENSMUST00000218208.2 [Q8BJU0-2];
Q8BK06	Q8BK06;		ENSMUST00000001402.14 [Q8BK06-1];ENSMUST00000085311.13 [Q8BK06-2];ENSMUST00000159099.8 [Q8BK06-3];
Q8BK30	Q8BK30;	6G2J;6G72;6ZR2;6ZTQ;7AK5;7AK6;7B93;7PSA;8C2S;8CA3;8CA4;8CA5;8IAO;8IAP;8IB4;8IB5;8IB9;8IBA;8IBD;8IBE;8IC2;8IC3;8OLT;8OM1;8PW5;8PW6;8PW7;8RGP;8RGQ;8RGR;8RGT;	ENSMUST00000064798.16;
Q8BK64	Q8BK64;		ENSMUST00000021425.8;
Q8BK72	Q8BK72;	7PNT;7PNU;7PNV;7PNW;	ENSMUST00000052249.7;
Q8BKI2	Q8BKI2;		ENSMUST00000067689.9 [Q8BKI2-1];
Q8BKN6	Q8BKN6;		ENSMUST00000058652.6;
Q8BKT3	Q8BKT3;		ENSMUST00000043195.11 [Q8BKT3-1];
Q8BKT8	Q8BKT8;		ENSMUST00000033737.15 [Q8BKT8-1];ENSMUST00000077243.5 [Q8BKT8-2];
Q8BKV1	Q8BKV1;		ENSMUST00000161827.8;
Q8BKW4	Q8BKW4;		ENSMUST00000031077.13 [Q8BKW4-1];ENSMUST00000113904.9 [Q8BKW4-2];
Q8BKW5	Q8BKW5;		
Q8BKZ9	Q8BKZ9;		ENSMUST00000011058.9;
Q8BL06	Q8BL06;		ENSMUST00000022356.12 [Q8BL06-1];ENSMUST00000035340.14 [Q8BL06-1];
Q8BL43	Q8BL43;		ENSMUST00000182858.2;
Q8BL76	Q8BL76;		
Q8BL86	Q8BL86;		ENSMUST00000057598.7;
Q8BL88			ENSMUST00000143264.8;
Q8BLG2	Q8BLG2;		ENSMUST00000060576.8;
Q8BLH5	Q8BLH5;		ENSMUST00000051097.6;
Q8BLN5	Q8BLN5;		ENSMUST00000048678.7;
Q8BLR7	Q8BLR7;		ENSMUST00000003451.11 [Q8BLR7-1];ENSMUST00000109149.9 [Q8BLR7-2];ENSMUST00000120997.2 [Q8BLR7-3];
Q8BLV3	Q8BLV3;		ENSMUST00000072451.11 [Q8BLV3-1];ENSMUST00000115393.3 [Q8BLV3-2];
Q8BLX4	Q8BLX4;		ENSMUST00000067631.7;
Q8BLX7	Q8BLX7;		ENSMUST00000044565.15 [Q8BLX7-1];
Q8BM96	Q8BM96;		ENSMUST00000023437.5;
Q8BMA3	Q8BMA3;		ENSMUST00000015346.12 [Q8BMA3-1];ENSMUST00000150282.2 [Q8BMA3-2];
Q8BMA5	Q8BMA5;		ENSMUST00000035850.8;
Q8BMA6	Q8BMA6;		ENSMUST00000021133.16;
Q8BMB0	Q8BMB0;		ENSMUST00000038359.6 [Q8BMB0-2];ENSMUST00000205276.2 [Q8BMB0-1];
Q8BMC1	Q8BMC1;		ENSMUST00000027643.6;
Q8BMC3	Q8BMC3;		ENSMUST00000020564.7;
Q8BMD5	Q8BMD5;		ENSMUST00000022555.11 [Q8BMD5-2];ENSMUST00000056997.15 [Q8BMD5-1];ENSMUST00000167100.9 [Q8BMD5-3];ENSMUST00000171683.3 [Q8BMD5-4];
Q8BMD6	Q8BMD6;		ENSMUST00000111735.10 [Q8BMD6-1];ENSMUST00000124720.8 [Q8BMD6-2];
Q8BMF3	Q8BMF3;		ENSMUST00000032856.13;
Q8BMG1	Q8BMG1;		ENSMUST00000045011.9;
Q8BMG7	Q8BMG7;		
Q8BMG8	Q8BMG8;		ENSMUST00000022908.10;
Q8BMI4	Q8BMI4;		ENSMUST00000166117.4 [Q8BMI4-1];
Q8BMK0	Q8BMK0;		ENSMUST00000040271.12;
Q8BMK1	Q8BMK1;		ENSMUST00000021030.8 [Q8BMK1-1];
Q8BML9	Q8BML9;		ENSMUST00000006838.16;
Q8BMN3	Q8BMN3;		ENSMUST00000060943.5 [Q8BMN3-1];ENSMUST00000079463.12 [Q8BMN3-2];
Q8BMS4	Q8BMS4;		ENSMUST00000029909.3;
Q8BMW7	Q8BMW7;		ENSMUST00000087212.8;
Q8BMZ5	Q8BMZ5;		ENSMUST00000108627.4 [Q8BMZ5-1];ENSMUST00000108629.8 [Q8BMZ5-2];ENSMUST00000108630.8 [Q8BMZ5-1];
Q8BN59	Q8BN59;		ENSMUST00000038407.6;
Q8BNE2	Q8BNE2;		
Q8BNY6	Q8BNY6;		ENSMUST00000000199.8;
Q8BP40	Q8BP40;		ENSMUST00000090759.5 [Q8BP40-1];
Q8BP47	Q8BP47;		ENSMUST00000237400.2;
Q8BP74	Q8BP74;		ENSMUST00000075610.13 [Q8BP74-1];ENSMUST00000145114.8 [Q8BP74-2];
Q8BP97	Q8BP97;		ENSMUST00000036320.12 [Q8BP97-2];ENSMUST00000101610.10 [Q8BP97-1];ENSMUST00000109878.9 [Q8BP97-1];
Q8BPA8	Q8BPA8;		ENSMUST00000047057.9 [Q8BPA8-1];
Q8BPG6	Q8BPG6;		ENSMUST00000171300.8;
Q8BPG8	Q8BPG8;		
Q8BPP0	Q8BPP0;		ENSMUST00000069195.5;
Q8BPP1	Q8BPP1;		ENSMUST00000077524.4;ENSMUST00000191695.3;
Q8BPP5	Q8BPP5;		ENSMUST00000053208.14;ENSMUST00000112712.10;ENSMUST00000169232.2;
Q8BQ03	Q8BQ03;		
Q8BQ47	Q8BQ47;		ENSMUST00000110934.9;
Q8BQ86	Q8BQ86;		ENSMUST00000078686.8;ENSMUST00000205259.2;ENSMUST00000238947.2;
Q8BQ93	Q8BQ93;		
Q8BQB4	Q8BQB4;		ENSMUST00000099678.5;
Q8BQJ6	Q8BQJ6;		ENSMUST00000087541.12;ENSMUST00000113252.8;
Q8BQQ1	Q8BQQ1;		ENSMUST00000089185.6 [Q8BQQ1-1];
Q8BQS9	Q8BQS9;		
Q8BQY4	Q8BQY4;		
Q8BQY8	Q8BQY8;		ENSMUST00000020683.10 [Q8BQY8-2];ENSMUST00000129115.2 [Q8BQY8-2];
Q8BQZ4	Q8BQZ4;		
Q8BQZ5	Q8BQZ5;		ENSMUST00000070487.12 [Q8BQZ5-1];
Q8BR70	Q8BR70;		ENSMUST00000054697.7;ENSMUST00000113811.8;
Q8BRC6	Q8BRC6;		ENSMUST00000023501.16 [Q8BRC6-2];ENSMUST00000114740.3 [Q8BRC6-1];
Q8BRF7	Q8BRF7;		ENSMUST00000021335.7 [Q8BRF7-1];ENSMUST00000219434.2 [Q8BRF7-2];
Q8BRG6	Q8BRG6;		ENSMUST00000023509.5;
Q8BRN9	Q8BRN9;		ENSMUST00000030320.13;
Q8BRS1	Q8BRS1;		
Q8BRS2	Q8BRS2;		
Q8BRX9	Q8BRX9;		ENSMUST00000102912.8;
Q8BS35	Q8BS35;		ENSMUST00000049874.14 [Q8BS35-1];ENSMUST00000159998.8 [Q8BS35-2];ENSMUST00000160390.2 [Q8BS35-3];
Q8BS40	Q8BS40;	4KBR;	ENSMUST00000030950.8;
Q8BSA0	Q8BSA0;		
Q8BSE0	Q8BSE0;		ENSMUST00000040368.3;ENSMUST00000225357.2;
Q8BSN5	Q8BSN5;		ENSMUST00000018716.10 [Q8BSN5-1];ENSMUST00000101526.9 [Q8BSN5-2];ENSMUST00000133485.8 [Q8BSN5-3];ENSMUST00000135814.2 [Q8BSN5-3];ENSMUST00000153684.8 [Q8BSN5-3];
Q8BSS9	Q8BSS9;		
Q8BT07	Q8BT07;		ENSMUST00000096096.12 [Q8BT07-1];ENSMUST00000116506.8 [Q8BT07-2];ENSMUST00000169673.3 [Q8BT07-1];ENSMUST00000236044.2 [Q8BT07-1];ENSMUST00000237408.2 [Q8BT07-2];
Q8BT18	Q8BT18;		ENSMUST00000036972.14;
Q8BTC1	Q8BTC1;		ENSMUST00000079648.12;ENSMUST00000176200.8;ENSMUST00000183363.2;ENSMUST00000185168.8;
Q8BTE0	Q8BTE0;		ENSMUST00000027338.4;
Q8BTE6	Q8BTE6;		ENSMUST00000070832.3;
Q8BTI8			ENSMUST00000088621.11 [Q8BTI8-2];ENSMUST00000190686.7 [Q8BTI8-1];
Q8BTR5	Q8BTR5;	2HCM;	ENSMUST00000060913.8;
Q8BTS4	Q8BTS4;		ENSMUST00000038514.15;
Q8BTT6	Q8BTT6;		
Q8BTV1	Q8BTV1;		ENSMUST00000239508.1;
Q8BTV2	Q8BTV2;		ENSMUST00000038379.5 [Q8BTV2-1];ENSMUST00000237321.2 [Q8BTV2-1];
Q8BTW3	Q8BTW3;		ENSMUST00000210390.2;
Q8BTZ4	Q8BTZ4;		ENSMUST00000086216.9 [Q8BTZ4-1];ENSMUST00000200645.5 [Q8BTZ4-2];
Q8BU00	Q8BU00;		ENSMUST00000046306.15 [Q8BU00-1];ENSMUST00000121033.8 [Q8BU00-3];
Q8BU33	Q8BU33;		ENSMUST00000105384.5 [Q8BU33-1];ENSMUST00000218271.2 [Q8BU33-3];ENSMUST00000218885.2 [Q8BU33-1];ENSMUST00000220430.2 [Q8BU33-2];
Q8BU85	Q8BU85;		
Q8BUB3	Q8BUB3;		
Q8BUB4	Q8BUB4;		ENSMUST00000014691.10;
Q8BUE7	Q8BUE7;		ENSMUST00000041123.9;
Q8BUH7	Q8BUH7;		ENSMUST00000056328.6 [Q8BUH7-1];ENSMUST00000065379.5 [Q8BUH7-1];ENSMUST00000162126.8 [Q8BUH7-1];ENSMUST00000185479.2 [Q8BUH7-1];
Q8BUJ9	Q8BUJ9;		ENSMUST00000022916.13 [Q8BUJ9-1];ENSMUST00000110305.3 [Q8BUJ9-2];
Q8BUV8	Q8BUV8;		ENSMUST00000056433.7;
Q8BV13	Q8BV13;		ENSMUST00000027446.11;ENSMUST00000121534.8;
Q8BVA4	Q8BVA4;		
Q8BVB0	Q8BVB0;		
Q8BVD5	Q8BVD5;		ENSMUST00000234510.2 [Q8BVD5-5];ENSMUST00000234571.2 [Q8BVD5-2];
Q8BVG5	Q8BVG5;		ENSMUST00000112591.3 [Q8BVG5-2];
Q8BVH9	Q8BVH9;		ENSMUST00000055303.5 [Q8BVH9-1];ENSMUST00000227595.2 [Q8BVH9-3];ENSMUST00000228727.2 [Q8BVH9-2];
Q8BVI5	Q8BVI5;		ENSMUST00000087908.10;
Q8BVJ9			ENSMUST00000177536.8;
Q8BVK9	Q8BVK9;	1UFN;	ENSMUST00000093508.7;
Q8BVM7	Q8BVM7;		ENSMUST00000055313.14 [Q8BVM7-1];
Q8BVP1	Q8BVP1;		ENSMUST00000059692.4;
Q8BVQ5	Q8BVQ5;		ENSMUST00000032963.10;
Q8BW10	Q8BW10;	2CON;	ENSMUST00000003946.9;
Q8BW70	Q8BW70;		ENSMUST00000042724.8;
Q8BW93	Q8BW93;		ENSMUST00000171425.4;ENSMUST00000238927.2;
Q8BW94			ENSMUST00000046993.4 [Q8BW94-1];
Q8BWA5	Q8BWA5;		
Q8BWB1	Q8BWB1;		ENSMUST00000057090.12;
Q8BWD2	Q8BWD2;		ENSMUST00000025046.4;
Q8BWD7	Q8BWD7;		
Q8BWD8	Q8BWD8;		ENSMUST00000044672.11;
Q8BWI0	Q8BWI0;		
Q8BWJ4	Q8BWJ4;		ENSMUST00000063775.5;
Q8BWR2	Q8BWR2;		ENSMUST00000105851.9 [Q8BWR2-1];
Q8BWU5	Q8BWU5;		
Q8BWU8	Q8BWU8;		ENSMUST00000072271.13;ENSMUST00000166187.8;
Q8BWY3	Q8BWY3;	5DMQ;5DMR;	ENSMUST00000025218.8;
Q8BX07	Q8BX07;		ENSMUST00000105256.10;
Q8BX13	Q8BX13;		ENSMUST00000034986.14;
Q8BX32	Q8BX32;		ENSMUST00000144897.2 [Q8BX32-1];
Q8BX51	Q8BX51;		ENSMUST00000118896.2 [Q8BX51-1];
Q8BX79	Q8BX79;		ENSMUST00000065441.7;
Q8BX94	Q8BX94;		ENSMUST00000040668.9;
Q8BXA1	Q8BXA1;		ENSMUST00000038563.14;
Q8BXA6	Q8BXA6;		ENSMUST00000069549.3;
Q8BXC0			ENSMUST00000088041.11;
Q8BXC7	Q8BXC7;		
Q8BXH1	Q8BXH1;		
Q8BXJ2	Q8BXJ2;		ENSMUST00000190020.4 [Q8BXJ2-4];ENSMUST00000190080.9 [Q8BXJ2-2];
Q8BXL7	Q8BXL7;		ENSMUST00000108808.8;ENSMUST00000127988.8;
Q8BXL9	Q8BXL9;		ENSMUST00000117675.8 [Q8BXL9-1];ENSMUST00000119527.8 [Q8BXL9-5];
Q8BXP5	Q8BXP5;		ENSMUST00000070875.8 [Q8BXP5-2];ENSMUST00000229954.2 [Q8BXP5-1];
Q8BXQ6	Q8BXQ6;		ENSMUST00000091560.11 [Q8BXQ6-1];
Q8BXX2	Q8BXX2;		ENSMUST00000094833.10 [Q8BXX2-1];
Q8BXZ1	Q8BXZ1;		ENSMUST00000025515.7;
Q8BYA0	Q8BYA0;		ENSMUST00000103013.10;
Q8BYE8	Q8BYE8;		
Q8BYJ2	Q8BYJ2;		
Q8BYJ6	Q8BYJ6;		
Q8BYR1	Q8BYR1;		ENSMUST00000110674.4 [Q8BYR1-1];
Q8BYU6	Q8BYU6;		ENSMUST00000060404.5 [Q8BYU6-1];ENSMUST00000111757.10 [Q8BYU6-1];
Q8BYW9	Q8BYW9;		ENSMUST00000054344.11;
Q8BYY4	Q8BYY4;		ENSMUST00000030205.14 [Q8BYY4-3];ENSMUST00000048274.11 [Q8BYY4-2];ENSMUST00000102823.10 [Q8BYY4-1];
Q8BZ02	Q8BZ02;		
Q8BZ20	Q8BZ20;		ENSMUST00000038398.7;
Q8BZ36	Q8BZ36;		ENSMUST00000030852.13 [Q8BZ36-1];ENSMUST00000115113.3 [Q8BZ36-2];
Q8BZ60	Q8BZ60;		ENSMUST00000052969.15;
Q8BZ81	Q8BZ81;		ENSMUST00000105439.2 [Q8BZ81-1];
Q8BZ98	Q8BZ98;		ENSMUST00000070330.14 [Q8BZ98-2];
Q8BZF2	Q8BZF2;		ENSMUST00000020679.3;
Q8BZF8	Q8BZF8;		ENSMUST00000047666.5;
Q8BZH1	Q8BZH1;		
Q8BZH4	Q8BZH4;		ENSMUST00000107270.9;
Q8BZJ7	Q8BZJ7;		ENSMUST00000045366.10 [Q8BZJ7-1];ENSMUST00000110840.8 [Q8BZJ7-4];
Q8BZM0	Q8BZM0;		ENSMUST00000027725.11 [Q8BZM0-1];ENSMUST00000112232.8 [Q8BZM0-2];ENSMUST00000116528.2 [Q8BZM0-1];
Q8BZP8	Q8BZP8;		ENSMUST00000059650.11;
Q8BZS9	Q8BZS9;		ENSMUST00000033290.12 [Q8BZS9-1];ENSMUST00000063669.8 [Q8BZS9-1];
Q8C010	Q8C010;		ENSMUST00000062028.8;ENSMUST00000116284.2;
Q8C033	Q8C033;		ENSMUST00000084207.12 [Q8C033-1];ENSMUST00000110800.9 [Q8C033-2];
Q8C080	Q8C080;		ENSMUST00000029047.12;
Q8C092	Q8C092;		
Q8C0D0	Q8C0D0;		ENSMUST00000026072.5 [Q8C0D0-2];ENSMUST00000026073.14 [Q8C0D0-1];
Q8C0M9	Q8C0M9;		ENSMUST00000049948.6;
Q8C0N1	Q8C0N1;		ENSMUST00000061019.6;
Q8C0Q2	Q8C0Q2;		ENSMUST00000103111.9;ENSMUST00000103112.8;ENSMUST00000109460.8;
Q8C0S1	Q8C0S1;		ENSMUST00000068367.14 [Q8C0S1-2];ENSMUST00000113890.2 [Q8C0S1-2];ENSMUST00000120760.8 [Q8C0S1-2];ENSMUST00000168844.9 [Q8C0S1-1];
Q8C0S4	Q8C0S4;		ENSMUST00000035100.6 [Q8C0S4-1];
Q8C0Y0	Q8C0Y0;		ENSMUST00000021631.12 [Q8C0Y0-1];ENSMUST00000187155.7 [Q8C0Y0-3];ENSMUST00000189871.7 [Q8C0Y0-2];
Q8C0Y1	Q8C0Y1;		ENSMUST00000081335.13;
Q8C116			ENSMUST00000027843.11;
Q8C118			ENSMUST00000122927.8;
Q8C120	Q8C120;		ENSMUST00000135526.9 [Q8C120-4];ENSMUST00000153031.2 [Q8C120-1];
Q8C131	Q8C131;		ENSMUST00000164267.3;
Q8C138	Q8C138;		ENSMUST00000121404.8;
Q8C168	Q8C168;		
Q8C181	Q8C181;		ENSMUST00000088419.13 [Q8C181-1];ENSMUST00000226800.2 [Q8C181-2];ENSMUST00000227012.2 [Q8C181-2];ENSMUST00000227594.2 [Q8C181-1];
Q8C1A5	Q8C1A5;		
Q8C1D8	Q8C1D8;		ENSMUST00000025243.5 [Q8C1D8-1];
Q8C1S0	Q8C1S0;	6W1S;8T1I;	ENSMUST00000102645.4;
Q8C1T8	Q8C1T8;		ENSMUST00000032518.7;
Q8C1Z0	Q8C1Z0;		
Q8C1Z8	Q8C1Z8;		
Q8C206	Q8C206;		ENSMUST00000094451.4;
Q8C261	Q8C261;		ENSMUST00000070353.4;
Q8C267	Q8C267;		ENSMUST00000095775.10 [Q8C267-1];ENSMUST00000111253.3 [Q8C267-2];
Q8C2K5	Q8C2K5;		ENSMUST00000063824.14 [Q8C2K5-1];ENSMUST00000137458.2 [Q8C2K5-2];
Q8C2P3	Q8C2P3;		ENSMUST00000167023.8;
Q8C2S3			ENSMUST00000150914.8;
Q8C2S7	Q8C2S7;		ENSMUST00000085060.3;
Q8C351	Q8C351;	2K00;	ENSMUST00000098782.4 [Q8C351-1];
Q8C3C9	Q8C3C9;		
Q8C3R1	Q8C3R1;		ENSMUST00000041588.13 [Q8C3R1-1];ENSMUST00000110806.8 [Q8C3R1-2];
Q8C3U1	Q8C3U1;		
Q8C3W2			ENSMUST00000021918.10;
Q8C3X4	Q8C3X4;		ENSMUST00000031113.13 [Q8C3X4-2];ENSMUST00000087228.11 [Q8C3X4-1];
Q8C428	Q8C428;		ENSMUST00000044195.6 [Q8C428-1];
Q8C460	Q8C460;		ENSMUST00000037127.15 [Q8C460-1];
Q8C483			ENSMUST00000102625.11;
Q8C4F4			ENSMUST00000078111.11;
Q8C4M7	Q8C4M7;		ENSMUST00000034045.15 [Q8C4M7-1];ENSMUST00000093518.5 [Q8C4M7-2];
Q8C4N4	Q8C4N4;		ENSMUST00000053862.12 [Q8C4N4-1];ENSMUST00000139840.9 [Q8C4N4-1];ENSMUST00000172747.8 [Q8C4N4-1];
Q8C4W3	Q8C4W3;		ENSMUST00000060167.6 [Q8C4W3-1];ENSMUST00000118920.2 [Q8C4W3-2];
Q8C503	Q8C503;		ENSMUST00000030180.7;
Q8C562	Q8C562;		
Q8C567	Q8C567;		
Q8C570	Q8C570;	7BYF;	ENSMUST00000029013.10;
Q8C5H8	Q8C5H8;		ENSMUST00000190591.10 [Q8C5H8-1];
Q8C5J1	Q8C5J1;		
Q8C5N3	Q8C5N3;		ENSMUST00000065889.10 [Q8C5N3-1];ENSMUST00000111818.8 [Q8C5N3-2];ENSMUST00000111821.9 [Q8C5N3-1];
Q8C5P7	Q8C5P7;		ENSMUST00000062613.12 [Q8C5P7-1];
Q8C5W0	Q8C5W0;		ENSMUST00000109936.3 [Q8C5W0-4];ENSMUST00000109937.9 [Q8C5W0-1];ENSMUST00000223103.2 [Q8C5W0-2];ENSMUST00000223177.2 [Q8C5W0-2];ENSMUST00000223342.2 [Q8C5W0-2];
Q8C636	Q8C636;		ENSMUST00000047005.11 [Q8C636-1];ENSMUST00000108305.2 [Q8C636-2];
Q8C650	Q8C650;		
Q8C6B2	Q8C6B2;		ENSMUST00000065512.11 [Q8C6B2-1];ENSMUST00000087938.11 [Q8C6B2-2];ENSMUST00000121093.8 [Q8C6B2-2];
Q8C6B9	Q8C6B9;		ENSMUST00000052499.9;
Q8C6I2	Q8C6I2;		ENSMUST00000025570.8 [Q8C6I2-1];ENSMUST00000236455.2 [Q8C6I2-2];
Q8C6K9	Q8C6K9;		ENSMUST00000060896.5 [Q8C6K9-2];ENSMUST00000098441.10 [Q8C6K9-1];
Q8C6N3	Q8C6N3;		ENSMUST00000035351.7 [Q8C6N3-1];ENSMUST00000119693.8 [Q8C6N3-2];
Q8C6Y6	Q8C6Y6;		
Q8C6Z4	Q8C6Z4;		
Q8C726	Q8C726;		ENSMUST00000079924.8;ENSMUST00000168787.8;ENSMUST00000237048.2;
Q8C753	Q8C753;		ENSMUST00000069660.13 [Q8C753-1];
Q8C761	Q8C761;		ENSMUST00000039349.8;
Q8C765	Q8C765;		
Q8C767	Q8C767;		ENSMUST00000070481.8;ENSMUST00000210337.2;ENSMUST00000211648.2;
Q8C795	Q8C795;		
Q8C796	Q8C796;		ENSMUST00000066646.12;
Q8C7E9	Q8C7E9;		ENSMUST00000066039.8;
Q8C7R1	Q8C7R1;		
Q8C7S3	Q8C7S3;		
Q8C7V6	Q8C7V6;		
Q8C7X2	Q8C7X2;		ENSMUST00000042096.15 [Q8C7X2-2];ENSMUST00000179784.9 [Q8C7X2-1];
Q8C827	Q8C827;		ENSMUST00000061757.4 [Q8C827-2];ENSMUST00000109197.8 [Q8C827-2];ENSMUST00000109198.8 [Q8C827-2];
Q8C828	Q8C828;		ENSMUST00000068307.4;
Q8C8C1	Q8C8C1;		ENSMUST00000038730.7;
Q8C8K1			ENSMUST00000111055.9;
Q8C8M1	Q8C8M1;		ENSMUST00000054080.15;ENSMUST00000081956.12;ENSMUST00000111562.8;ENSMUST00000204435.3;
Q8C8U0	Q8C8U0;	3TAD;8IW0;8IW5;	ENSMUST00000016631.14 [Q8C8U0-1];ENSMUST00000111623.9 [Q8C8U0-3];
Q8C8V1	Q8C8V1;		ENSMUST00000045740.8 [Q8C8V1-3];ENSMUST00000075117.10 [Q8C8V1-1];ENSMUST00000113539.8 [Q8C8V1-2];
Q8C9S8	Q8C9S8;		ENSMUST00000112971.2;
Q8CA72	Q8CA72;		ENSMUST00000064488.11;
Q8CAE3	Q8CAE3;		
Q8CAE9	Q8CAE9;		
Q8CAK3	Q8CAK3;		ENSMUST00000043911.8 [Q8CAK3-1];
Q8CAY6	Q8CAY6;		ENSMUST00000007005.14;
Q8CB27	Q8CB27;	2KZR;	ENSMUST00000049813.6;
Q8CB44	Q8CB44;		ENSMUST00000088931.10;
Q8CB62	Q8CB62;		ENSMUST00000092973.6 [Q8CB62-1];
Q8CB67	Q8CB67;		ENSMUST00000019931.12;
Q8CB93	Q8CB93;		ENSMUST00000058806.7;ENSMUST00000224534.2;
Q8CBC4	Q8CBC4;		ENSMUST00000040706.9 [Q8CBC4-1];
Q8CBE3	Q8CBE3;		ENSMUST00000021572.11;ENSMUST00000054251.13;
Q8CBH5	Q8CBH5;		ENSMUST00000087701.4 [Q8CBH5-1];
Q8CBH7	Q8CBH7;		ENSMUST00000126304.2 [Q8CBH7-2];ENSMUST00000140840.8 [Q8CBH7-1];
Q8CBQ5	Q8CBQ5;		ENSMUST00000031081.11 [Q8CBQ5-1];ENSMUST00000031082.8 [Q8CBQ5-2];
Q8CBY8	Q8CBY8;		ENSMUST00000025505.7 [Q8CBY8-2];ENSMUST00000223984.2 [Q8CBY8-1];
Q8CC21	Q8CC21;		ENSMUST00000050646.13 [Q8CC21-1];ENSMUST00000101075.11 [Q8CC21-2];
Q8CC86	Q8CC86;		ENSMUST00000023237.8;
Q8CC88	Q8CC88;		ENSMUST00000040990.7 [Q8CC88-1];ENSMUST00000227255.2 [Q8CC88-2];
Q8CC95	Q8CC95;		
Q8CCB4	Q8CCB4;		ENSMUST00000056601.11 [Q8CCB4-1];ENSMUST00000108419.9 [Q8CCB4-2];
Q8CCF8	Q8CCF8;		
Q8CCG4	Q8CCG4;		ENSMUST00000096045.9;
Q8CCS2	Q8CCS2;	7CU3;7W7G;	ENSMUST00000110969.5 [Q8CCS2-1];ENSMUST00000208933.2 [Q8CCS2-2];
Q8CD60	Q8CD60;		ENSMUST00000085658.5;ENSMUST00000216294.2;
Q8CDB8	Q8CDB8;		
Q8CDD8	Q8CDD8;	1FO0;1NAN;2CLZ;	ENSMUST00000117672.9 [Q8CDD8-2];ENSMUST00000118762.9 [Q8CDD8-2];ENSMUST00000168507.2 [Q8CDD8-1];ENSMUST00000233197.2 [Q8CDD8-1];
Q8CDD9	Q8CDD9;		ENSMUST00000098750.5 [Q8CDD9-1];ENSMUST00000127003.8 [Q8CDD9-2];
Q8CDE2	Q8CDE2;		ENSMUST00000095107.3;
Q8CDG5	Q8CDG5;		ENSMUST00000062519.14;
Q8CDM1	Q8CDM1;		ENSMUST00000228783.2 [Q8CDM1-1];
Q8CDT7	Q8CDT7;		ENSMUST00000166919.4;
Q8CDU5	Q8CDU5;	8I7R;8IYJ;8TO0;	ENSMUST00000024725.5;
Q8CDY7	Q8CDY7;		ENSMUST00000062206.3;
Q8CE64	Q8CE64;		ENSMUST00000001092.15 [Q8CE64-1];
Q8CE68	Q8CE68;		
Q8CEC5	Q8CEC5;		ENSMUST00000132374.9;
Q8CEC6	Q8CEC6;		ENSMUST00000022226.6;
Q8CEE7	Q8CEE7;		ENSMUST00000008579.14;
Q8CEK3	Q8CEK3;		ENSMUST00000066328.5;
Q8CF60	Q8CF60;		ENSMUST00000023176.5;
Q8CF66	Q8CF66;		ENSMUST00000062067.8;
Q8CFA1	Q8CFA1;		ENSMUST00000059286.14 [Q8CFA1-1];ENSMUST00000089022.9 [Q8CFA1-2];ENSMUST00000089023.11 [Q8CFA1-3];
Q8CFD5	Q8CFD5;		ENSMUST00000054835.15;
Q8CFG4	Q8CFG4;		ENSMUST00000052478.3;
Q8CFG9	Q8CFG9;		ENSMUST00000184647.2;
Q8CFQ3	Q8CFQ3;		ENSMUST00000043160.13;
Q8CG16	Q8CG16;		ENSMUST00000068593.9;
Q8CG50	Q8CG50;		ENSMUST00000078647.11;
Q8CGE9	Q8CGE9;		ENSMUST00000030984.14;
Q8CGF1	Q8CGF1;		ENSMUST00000037958.14 [Q8CGF1-1];
Q8CGR5	Q8CGR5;		ENSMUST00000056329.7;
Q8CGV2	Q8CGV2;		ENSMUST00000006949.9;
Q8CH25	Q8CH25;		ENSMUST00000049263.9 [Q8CH25-1];ENSMUST00000216816.2 [Q8CH25-2];
Q8CHC8	Q8CHC8;		ENSMUST00000066743.11;
Q8CHG3	Q8CHG3;		ENSMUST00000057659.14;
Q8CHM5	Q8CHM5;		
Q8CHP5	Q8CHP5;		ENSMUST00000065210.10 [Q8CHP5-2];ENSMUST00000163377.10 [Q8CHP5-1];
Q8CHP6	Q8CHP6;		ENSMUST00000129817.9 [Q8CHP6-1];ENSMUST00000168645.8 [Q8CHP6-1];
Q8CHX7	Q8CHX7;		ENSMUST00000027121.15 [Q8CHX7-1];ENSMUST00000114428.3 [Q8CHX7-2];
Q8CHZ9	Q8CHZ9;		ENSMUST00000044746.5;ENSMUST00000117463.2;
Q8CI03	Q8CI03;		ENSMUST00000045517.10 [Q8CI03-1];ENSMUST00000086325.13 [Q8CI03-1];
Q8CI08	Q8CI08;		ENSMUST00000143829.5 [Q8CI08-2];ENSMUST00000144843.8 [Q8CI08-1];
Q8CI43	Q8CI43;		ENSMUST00000026428.4;
Q8CI51	Q8CI51;	1WF7;	ENSMUST00000029941.16 [Q8CI51-1];ENSMUST00000196908.5 [Q8CI51-2];
Q8CI66	Q8CI66;		
Q8CI71	Q8CI71;		ENSMUST00000001412.17 [Q8CI71-1];ENSMUST00000164052.5 [Q8CI71-2];ENSMUST00000170873.10 [Q8CI71-3];
Q8CI85	Q8CI85;		
Q8CI94	Q8CI94;		ENSMUST00000045441.8;
Q8CIC2	Q8CIC2;		
Q8CIE2	Q8CIE2;		ENSMUST00000012612.11 [Q8CIE2-1];ENSMUST00000102914.10 [Q8CIE2-2];ENSMUST00000109785.2 [Q8CIE2-3];ENSMUST00000109786.8 [Q8CIE2-1];ENSMUST00000109787.8 [Q8CIE2-1];
Q8CIM3	Q8CIM3;		ENSMUST00000097633.10;
Q8CIM5	Q8CIM5;		
Q8CIV3	Q8CIV3;		ENSMUST00000060673.8 [Q8CIV3-1];ENSMUST00000074230.12 [Q8CIV3-3];ENSMUST00000231766.2 [Q8CIV3-2];
Q8CIX8	Q8CIX8;	2J9I;	ENSMUST00000062560.14;
Q8CJ70	Q8CJ70;		ENSMUST00000016668.13;ENSMUST00000112465.2;ENSMUST00000187410.7;
Q8HWE7	Q8HWE7;		ENSMUST00000066780.5;
Q8JZK9	Q8JZK9;		ENSMUST00000179869.3;ENSMUST00000224188.3;
Q8JZL7	Q8JZL7;		ENSMUST00000031276.15 [Q8JZL7-1];ENSMUST00000146396.8 [Q8JZL7-3];ENSMUST00000168092.8 [Q8JZL7-2];
Q8JZN7	Q8JZN7;		ENSMUST00000043897.16;
Q8JZP2	Q8JZP2;		ENSMUST00000120638.8;
Q8JZP9	Q8JZP9;		ENSMUST00000056649.13 [Q8JZP9-1];ENSMUST00000109895.2 [Q8JZP9-1];
Q8JZS6	Q8JZS6;		ENSMUST00000118316.8 [Q8JZS6-1];
Q8JZS7	Q8JZS7;		ENSMUST00000008052.13;
Q8JZW4	Q8JZW4;		ENSMUST00000024805.15;
Q8JZX4	Q8JZX4;		ENSMUST00000040314.12;
Q8JZX9	Q8JZX9;		ENSMUST00000055458.6;
Q8JZY4	Q8JZY4;		ENSMUST00000021411.15;ENSMUST00000184766.8;
Q8K012	Q8K012;		
Q8K045	Q8K045;		ENSMUST00000045246.8;
Q8K083	Q8K083;		ENSMUST00000056338.13;ENSMUST00000175941.8;ENSMUST00000176114.8;ENSMUST00000176205.8;
Q8K087	Q8K087;		ENSMUST00000050536.14;
Q8K093	Q8K093;		ENSMUST00000239411.2;
Q8K0C9	Q8K0C9;		ENSMUST00000041859.9;
Q8K0D0	Q8K0D0;		ENSMUST00000069965.9 [Q8K0D0-1];
Q8K0D7	Q8K0D7;		ENSMUST00000023913.11;
Q8K0E3	Q8K0E3;		ENSMUST00000033035.13 [Q8K0E3-1];ENSMUST00000167299.9 [Q8K0E3-1];
Q8K0G8	Q8K0G8;		ENSMUST00000115979.9;
Q8K0H7	Q8K0H7;		ENSMUST00000027695.8;ENSMUST00000177943.8;
Q8K0J2	Q8K0J2;		ENSMUST00000113306.4;
Q8K0Q5	Q8K0Q5;		ENSMUST00000039557.9;
Q8K0T0	Q8K0T0;		ENSMUST00000078505.14;
Q8K0U3	Q8K0U3;		ENSMUST00000059319.8;
Q8K0V2	Q8K0V2;		ENSMUST00000059851.14;ENSMUST00000098080.9;ENSMUST00000106519.8;ENSMUST00000207233.2;
Q8K0Y7	Q8K0Y7;		ENSMUST00000114261.9;
Q8K0Z7	Q8K0Z7;	5EKZ;	ENSMUST00000002048.8;
Q8K157	Q8K157;		ENSMUST00000039205.11;
Q8K182	Q8K182;		ENSMUST00000064873.9;
Q8K190	Q8K190;		ENSMUST00000059666.6;
Q8K1C9	Q8K1C9;		ENSMUST00000030471.9;
Q8K1E0	Q8K1E0;		ENSMUST00000073430.14 [Q8K1E0-1];ENSMUST00000176381.8 [Q8K1E0-1];
Q8K1L0	Q8K1L0;		
Q8K1T5	Q8K1T5;		ENSMUST00000037849.3;
Q8K1Y2	Q8K1Y2;		ENSMUST00000003191.14;ENSMUST00000168887.8;
Q8K1Z0	Q8K1Z0;		ENSMUST00000034234.15;
Q8K215	Q8K215;		ENSMUST00000053265.8;
Q8K243	Q8K243;		
Q8K284	Q8K284;		ENSMUST00000055506.9 [Q8K284-1];
Q8K285	Q8K285;		ENSMUST00000093444.13;ENSMUST00000146100.8;
Q8K297	Q8K297;		ENSMUST00000047903.10;
Q8K298	Q8K298;		ENSMUST00000040912.9;
Q8K2A1	Q8K2A1;		ENSMUST00000074525.10 [Q8K2A1-1];ENSMUST00000160854.8 [Q8K2A1-2];
Q8K2D6	Q8K2D6;		ENSMUST00000033966.14;ENSMUST00000170263.10;ENSMUST00000174278.9;
Q8K2H1	Q8K2H1;		
Q8K2H2	Q8K2H2;		ENSMUST00000117268.9;
Q8K2H4	Q8K2H4;		ENSMUST00000001631.7;
Q8K2H6	Q8K2H6;		ENSMUST00000048147.9;ENSMUST00000210812.2;
Q8K2L8	Q8K2L8;		ENSMUST00000020954.15;ENSMUST00000168129.10;
Q8K2M3	Q8K2M3;		ENSMUST00000031289.7 [Q8K2M3-1];
Q8K2Q2	Q8K2Q2;		ENSMUST00000056159.11;ENSMUST00000120645.8;ENSMUST00000135016.3;
Q8K2Q3	Q8K2Q3;		
Q8K2V6	Q8K2V6;		ENSMUST00000080856.14 [Q8K2V6-1];ENSMUST00000186033.7 [Q8K2V6-2];
Q8K2W6	Q8K2W6;		ENSMUST00000055688.10;
Q8K2X8	Q8K2X8;		ENSMUST00000039487.10;ENSMUST00000100955.3;
Q8K2Y0	Q8K2Y0;		ENSMUST00000228448.2 [Q8K2Y0-2];
Q8K2Z5	Q8K2Z5;		
Q8K2Z8	Q8K2Z8;		ENSMUST00000059555.15 [Q8K2Z8-1];ENSMUST00000122441.2 [Q8K2Z8-2];
Q8K301	Q8K301;		ENSMUST00000049257.8;
Q8K304	Q8K304;		ENSMUST00000019439.9 [Q8K304-1];
Q8K310	Q8K310;	1X4D;1X4F;7FBR;7FBV;	ENSMUST00000166793.10;ENSMUST00000235199.2;ENSMUST00000237744.2;
Q8K320	Q8K320;		
Q8K327	Q8K327;		ENSMUST00000051870.8;ENSMUST00000128557.3;
Q8K354	Q8K354;		ENSMUST00000039620.7;
Q8K355			ENSMUST00000101265.9;
Q8K363	Q8K363;		ENSMUST00000001724.12;
Q8K368	Q8K368;	3S4W;3S4Z;3S51;	ENSMUST00000036865.13 [Q8K368-1];ENSMUST00000132091.8 [Q8K368-2];
Q8K385	Q8K385;		
Q8K3A0	Q8K3A0;		
Q8K3D3	Q8K3D3;		ENSMUST00000113395.8 [Q8K3D3-1];ENSMUST00000113400.3 [Q8K3D3-2];ENSMUST00000183946.8 [Q8K3D3-1];
Q8K3L3	Q8K3L3;		
Q8K3V7	Q8K3V7;		ENSMUST00000044491.13 [Q8K3V7-1];
Q8K3W2	Q8K3W2;		ENSMUST00000073834.5;
Q8K3X4	Q8K3X4;		ENSMUST00000038422.8;
Q8K410	Q8K410;		ENSMUST00000119720.8 [Q8K410-2];ENSMUST00000121438.9 [Q8K410-1];
Q8K426	Q8K426;		ENSMUST00000065666.6;
Q8K441	Q8K441;		ENSMUST00000044003.14 [Q8K441-1];
Q8K458	Q8K458;		ENSMUST00000049997.14;ENSMUST00000110156.2;
Q8K467	Q8K467;		ENSMUST00000050958.9;
Q8K4B4	Q8K4B4;		ENSMUST00000118364.2;
Q8K4I3	Q8K4I3;	1V61;	ENSMUST00000033468.11;
Q8K4K3	Q8K4K3;		ENSMUST00000020922.8;
Q8K4N2	Q8K4N2;		ENSMUST00000058955.5 [Q8K4N2-2];ENSMUST00000212226.2 [Q8K4N2-1];
Q8K4P0	Q8K4P0;		ENSMUST00000025264.8;
Q8K4R9	Q8K4R9;		
Q8K4Z0	Q8K4Z0;		ENSMUST00000039750.7 [Q8K4Z0-1];ENSMUST00000199942.5 [Q8K4Z0-2];
Q8K4Z5	Q8K4Z5;	1WE7;	ENSMUST00000002198.4;
Q8K561	Q8K561;		ENSMUST00000047025.15;
Q8K5A4	Q8K5A4;		ENSMUST00000037218.2;
Q8QZR3	Q8QZR3;		ENSMUST00000034346.15 [Q8QZR3-1];ENSMUST00000164182.3 [Q8QZR3-2];
Q8QZR5	Q8QZR5;		ENSMUST00000023203.6;ENSMUST00000229679.2;
Q8QZT2	Q8QZT2;		ENSMUST00000034452.12;ENSMUST00000122421.2;
Q8QZV2	Q8QZV2;		ENSMUST00000053949.7;
Q8QZV8			
Q8QZY4	Q8QZY4;		ENSMUST00000067472.14;ENSMUST00000109740.9;ENSMUST00000121880.8;
Q8QZY6	Q8QZY6;		ENSMUST00000047652.6;ENSMUST00000224209.2;
Q8R003	Q8R003;		ENSMUST00000114876.9;
Q8R016	Q8R016;		ENSMUST00000021197.10;
Q8R023	Q8R023;		ENSMUST00000165164.9;
Q8R050	Q8R050;	2RQG;2RQH;	ENSMUST00000080030.14 [Q8R050-1];ENSMUST00000167571.8 [Q8R050-2];
Q8R059	Q8R059;		ENSMUST00000102540.2;ENSMUST00000102541.10;
Q8R079	Q8R079;	1V85;	ENSMUST00000069281.8 [Q8R079-2];
Q8R086	Q8R086;		ENSMUST00000054764.9;
Q8R088	Q8R088;		ENSMUST00000176755.8 [Q8R088-3];ENSMUST00000177389.8 [Q8R088-2];ENSMUST00000177390.8 [Q8R088-1];
Q8R0A0	Q8R0A0;		ENSMUST00000088922.5;
Q8R0F6	Q8R0F6;		ENSMUST00000027534.13 [Q8R0F6-1];
Q8R0G9	Q8R0G9;		ENSMUST00000044795.8;
Q8R0L1	Q8R0L1;		ENSMUST00000043785.8 [Q8R0L1-1];
Q8R0N6	Q8R0N6;		ENSMUST00000144177.8 [Q8R0N6-1];
Q8R0P4	Q8R0P4;		ENSMUST00000136757.8 [Q8R0P4-1];ENSMUST00000138060.3 [Q8R0P4-2];
Q8R0S6	Q8R0S6;		ENSMUST00000176696.3;
Q8R0Y8	Q8R0Y8;		ENSMUST00000110127.8;
Q8R0Z2	Q8R0Z2;		ENSMUST00000033437.15 [Q8R0Z2-1];ENSMUST00000114911.8 [Q8R0Z2-2];ENSMUST00000114912.8 [Q8R0Z2-3];ENSMUST00000114914.8 [Q8R0Z2-1];ENSMUST00000114918.9 [Q8R0Z2-1];ENSMUST00000167659.8 [Q8R0Z2-1];
Q8R0Z6	Q8R0Z6;		ENSMUST00000043726.8;
Q8R143	Q8R143;		ENSMUST00000009435.12;
Q8R146	Q8R146;		ENSMUST00000193254.6 [Q8R146-1];
Q8R182	Q8R182;		ENSMUST00000007981.9;ENSMUST00000210690.2;
Q8R184	Q8R184;		ENSMUST00000062047.6;ENSMUST00000109863.2;ENSMUST00000109864.8;ENSMUST00000109865.8;
Q8R1B0	Q8R1B0;		ENSMUST00000017544.9;
Q8R1F1	Q8R1F1;		ENSMUST00000028135.15;
Q8R1G1	Q8R1G1;		ENSMUST00000046656.9 [Q8R1G1-1];ENSMUST00000110079.9 [Q8R1G1-1];
Q8R1G6	Q8R1G6;	1VB7;	ENSMUST00000022681.11 [Q8R1G6-1];ENSMUST00000153735.8 [Q8R1G6-1];
Q8R1H8	Q8R1H8;		ENSMUST00000045042.8 [Q8R1H8-1];ENSMUST00000237511.2 [Q8R1H8-2];
Q8R1J9	Q8R1J9;		ENSMUST00000009707.14 [Q8R1J9-1];
Q8R1K1	Q8R1K1;		ENSMUST00000039803.7;
Q8R1K4	Q8R1K4;		ENSMUST00000020625.7 [Q8R1K4-2];ENSMUST00000167797.8 [Q8R1K4-1];
Q8R1M2	Q8R1M2;		ENSMUST00000074556.7;
Q8R1P4	Q8R1P4;		
Q8R1Q0	Q8R1Q0;		ENSMUST00000055557.6;
Q8R1Q8	Q8R1Q8;		ENSMUST00000047404.7;
Q8R1Q9	Q8R1Q9;		ENSMUST00000031018.10;
Q8R1R4	Q8R1R4;	4EXN;4EXP;	ENSMUST00000076846.11 [Q8R1R4-1];ENSMUST00000150680.2 [Q8R1R4-2];
Q8R1S0	Q8R1S0;		ENSMUST00000021661.13;ENSMUST00000110276.8;
Q8R1V4	Q8R1V4;		ENSMUST00000004508.13;
Q8R1W2	Q8R1W2;		ENSMUST00000087729.12 [Q8R1W2-2];ENSMUST00000111910.4 [Q8R1W2-4];ENSMUST00000111911.9 [Q8R1W2-4];
Q8R1W8	Q8R1W8;		ENSMUST00000085289.12 [Q8R1W8-3];ENSMUST00000113250.10 [Q8R1W8-1];
Q8R1X1			ENSMUST00000108904.10;
Q8R1Z0	Q8R1Z0;		
Q8R1Z9	Q8R1Z9;		ENSMUST00000096639.12 [Q8R1Z9-1];ENSMUST00000106953.8 [Q8R1Z9-2];
Q8R235	Q8R235;		ENSMUST00000104998.5;
Q8R238	Q8R238;		ENSMUST00000031594.13;ENSMUST00000052258.14;
Q8R2G4	Q8R2G4;		ENSMUST00000113083.9 [Q8R2G4-8];ENSMUST00000119587.8 [Q8R2G4-7];
Q8R2N2	Q8R2N2;		ENSMUST00000047629.7;
Q8R2P1	Q8R2P1;		ENSMUST00000092073.11;ENSMUST00000171155.4;ENSMUST00000206019.2;
Q8R2P8			ENSMUST00000093120.13;ENSMUST00000164470.3;
Q8R2Q0	Q8R2Q0;	8SDE;	ENSMUST00000034511.7;
Q8R2Q6	Q8R2Q6;		ENSMUST00000025981.15 [Q8R2Q6-1];ENSMUST00000135795.8 [Q8R2Q6-2];
Q8R2R6	Q8R2R6;		ENSMUST00000036977.9;
Q8R2S8	Q8R2S8;		ENSMUST00000063956.7;
Q8R2T8	Q8R2T8;		ENSMUST00000028157.9 [Q8R2T8-2];ENSMUST00000113889.9 [Q8R2T8-1];
Q8R2U2	Q8R2U2;		ENSMUST00000048788.14;
Q8R2X8	Q8R2X8;	5H3J;	ENSMUST00000027866.11 [Q8R2X8-2];ENSMUST00000086032.4 [Q8R2X8-1];ENSMUST00000120447.8 [Q8R2X8-1];
Q8R313	Q8R313;		
Q8R322	Q8R322;		ENSMUST00000019859.9;
Q8R323	Q8R323;		ENSMUST00000038131.10;
Q8R349	Q8R349;		ENSMUST00000043962.9;
Q8R381	Q8R381;		
Q8R3B7	Q8R3B7;		ENSMUST00000003876.10 [Q8R3B7-1];ENSMUST00000097626.10 [Q8R3B7-2];
Q8R3D1	Q8R3D1;		ENSMUST00000044556.12;
Q8R3F5	Q8R3F5;		ENSMUST00000061882.10;
Q8R3G9	Q8R3G9;		ENSMUST00000035563.15;ENSMUST00000080630.11;ENSMUST00000179196.3;
Q8R3H9	Q8R3H9;		ENSMUST00000026480.13;
Q8R3J4	Q8R3J4;		ENSMUST00000021991.11;
Q8R3S6	Q8R3S6;		ENSMUST00000087133.11;
Q8R3U8	Q8R3U8;		
Q8R3X5	Q8R3X5;		
Q8R3Y8	Q8R3Y8;		ENSMUST00000053713.5 [Q8R3Y8-1];
Q8R400	Q8R400;		ENSMUST00000059889.4;
Q8R4H2	Q8R4H2;		ENSMUST00000072767.7;
Q8R4I4	Q8R4I4;		ENSMUST00000024970.11;
Q8R4R6	Q8R4R6;	1WWH;	ENSMUST00000028382.13;
Q8R4S0	Q8R4S0;		ENSMUST00000043374.7;
Q8R4V4	Q8R4V4;		ENSMUST00000038676.7;
Q8R4Y4	Q8R4Y4;		
Q8R4Y8	Q8R4Y8;		ENSMUST00000023828.9 [Q8R4Y8-1];
Q8R554	Q8R554;		ENSMUST00000058476.14;
Q8R555	Q8R555;	9ETN;	ENSMUST00000048630.8;
Q8R5B6	Q8R5B6;		ENSMUST00000055433.5 [Q8R5B6-1];
Q8R5F3	Q8R5F3;		ENSMUST00000046651.7;ENSMUST00000167180.8;
Q8R5K4	Q8R5K4;		ENSMUST00000030138.9 [Q8R5K4-1];
Q8R5L1			ENSMUST00000078528.7;
Q8R5L3	Q8R5L3;		ENSMUST00000028752.8 [Q8R5L3-2];ENSMUST00000102501.10 [Q8R5L3-1];
Q8VBS7	Q8VBS7;		ENSMUST00000089419.3;ENSMUST00000226436.2;ENSMUST00000227279.2;
Q8VBT6	Q8VBT6;		ENSMUST00000039522.8;
Q8VBV3	Q8VBV3;		ENSMUST00000038474.14;
Q8VBV7	Q8VBV7;		ENSMUST00000036153.12;
Q8VBW5	Q8VBW5;	1WZ6;	ENSMUST00000066037.13 [Q8VBW5-2];ENSMUST00000089399.11 [Q8VBW5-4];ENSMUST00000089404.10 [Q8VBW5-3];ENSMUST00000114488.8 [Q8VBW5-1];ENSMUST00000138166.8 [Q8VBW5-1];
Q8VBX4	Q8VBX4;	5K8Y;5M62;	ENSMUST00000037882.8;
Q8VBZ0	Q8VBZ0;		
Q8VBZ3	Q8VBZ3;		ENSMUST00000055242.11;
Q8VC03	Q8VC03;		ENSMUST00000096241.6;
Q8VC33	Q8VC33;		ENSMUST00000163659.3;
Q8VC49	Q8VC49;		ENSMUST00000044687.7;
Q8VC85	Q8VC85;		ENSMUST00000038421.8;
Q8VCA0	Q8VCA0;		ENSMUST00000025666.8;
Q8VCB1	Q8VCB1;		ENSMUST00000139560.8;
Q8VCC6	Q8VCC6;		ENSMUST00000109800.2 [Q8VCC6-1];
Q8VCC9	Q8VCC9;		ENSMUST00000046687.16;
Q8VCD6	Q8VCD6;		ENSMUST00000043484.8;
Q8VCE2	Q8VCE2;		ENSMUST00000076949.13;
Q8VCE6	Q8VCE6;		ENSMUST00000102695.4;
Q8VCF5	Q8VCF5;		
Q8VCG3	Q8VCG3;		ENSMUST00000049424.11;
Q8VCI0	Q8VCI0;		
Q8VCI5	Q8VCI5;		ENSMUST00000075895.9 [Q8VCI5-1];ENSMUST00000111252.4 [Q8VCI5-2];
Q8VCK3	Q8VCK3;		ENSMUST00000043654.10;
Q8VCM4	Q8VCM4;		ENSMUST00000041621.5;
Q8VCP8	Q8VCP8;		ENSMUST00000022135.15;
Q8VCP9	Q8VCP9;		ENSMUST00000062254.4;
Q8VCS6	Q8VCS6;	6W1S;8T1I;8T1L;	ENSMUST00000081980.7;
Q8VCT3	Q8VCT3;		ENSMUST00000077340.14;
Q8VCU2			ENSMUST00000021773.13;
Q8VCV1	Q8VCV1;		ENSMUST00000117085.2;
Q8VCW2	Q8VCW2;		ENSMUST00000038004.3;
Q8VCW3	Q8VCW3;		
Q8VCX2	Q8VCX2;		ENSMUST00000017808.14;ENSMUST00000109298.8;ENSMUST00000109299.8;ENSMUST00000109300.9;
Q8VCZ3	Q8VCZ3;		ENSMUST00000100125.12;ENSMUST00000231548.2;
Q8VCZ6	Q8VCZ6;	2YUO;	ENSMUST00000139517.9;
Q8VCZ9	Q8VCZ9;		ENSMUST00000058280.13;
Q8VD58	Q8VD58;		ENSMUST00000179322.2;
Q8VD98	Q8VD98;		ENSMUST00000032257.10;
Q8VDC1	Q8VDC1;	5WRD;	ENSMUST00000084715.14;ENSMUST00000167595.9;
Q8VDG3	Q8VDG3;	1UG8;1WHV;2ROK;3D45;	
Q8VDG5	Q8VDG5;		ENSMUST00000030385.13 [Q8VDG5-1];ENSMUST00000106316.2 [Q8VDG5-2];
Q8VDG6	Q8VDG6;		ENSMUST00000034316.6;
Q8VDH1	Q8VDH1;		ENSMUST00000035579.10 [Q8VDH1-2];ENSMUST00000202447.4 [Q8VDH1-1];
Q8VDI7	Q8VDI7;		ENSMUST00000036509.14;
Q8VDI9	Q8VDI9;		ENSMUST00000034561.11;
Q8VDM4	Q8VDM4;		ENSMUST00000007212.9;
Q8VDM6	Q8VDM6;		ENSMUST00000043765.14 [Q8VDM6-2];ENSMUST00000108401.3 [Q8VDM6-3];ENSMUST00000206832.2 [Q8VDM6-1];
Q8VDP2	Q8VDP2;		ENSMUST00000047486.6 [Q8VDP2-1];ENSMUST00000115248.10 [Q8VDP2-1];
Q8VDR9	Q8VDR9;		ENSMUST00000034728.9 [Q8VDR9-1];
Q8VDS8	Q8VDS8;		ENSMUST00000031008.13 [Q8VDS8-3];ENSMUST00000042146.15 [Q8VDS8-2];ENSMUST00000114126.9 [Q8VDS8-1];
Q8VDX6	Q8VDX6;		ENSMUST00000140299.3;
Q8VE37	Q8VE37;		ENSMUST00000084250.11;ENSMUST00000105951.8;
Q8VE49	Q8VE49;	6WXR;6WXU;6WXV;	ENSMUST00000028653.14;ENSMUST00000110537.8;
Q8VE65	Q8VE65;		ENSMUST00000030731.11;
Q8VE96	Q8VE96;		ENSMUST00000062962.12;
Q8VE99	Q8VE99;		ENSMUST00000042493.10;
Q8VEA6	Q8VEA6;		
Q8VEB3	Q8VEB3;		ENSMUST00000053033.14;ENSMUST00000149927.2;ENSMUST00000153115.8;
Q8VEB6	Q8VEB6;		ENSMUST00000041138.3 [Q8VEB6-1];
Q8VED8	Q8VED8;		ENSMUST00000169712.3;
Q8VEE0	Q8VEE0;		ENSMUST00000027157.10;
Q8VEH3	Q8VEH3;		ENSMUST00000027684.11;
Q8VEL2	Q8VEL2;		ENSMUST00000113146.9;
Q8VEM8	Q8VEM8;		ENSMUST00000076694.13;ENSMUST00000164505.2;
Q8VEM9	Q8VEM9;		
Q8VEY3	Q8VEY3;		ENSMUST00000062545.3;ENSMUST00000215505.2;ENSMUST00000217227.2;
Q8VEZ0	Q8VEZ0;		ENSMUST00000217653.3;
Q8VFK2	Q8VFK2;		ENSMUST00000099920.2;ENSMUST00000215548.3;
Q8VFV4	Q8VFV4;		ENSMUST00000054567.2;ENSMUST00000213657.2;ENSMUST00000213894.2;ENSMUST00000216145.2;ENSMUST00000217062.3;
Q8VFX2	Q8VFX2;		ENSMUST00000059675.4;ENSMUST00000213606.2;
Q8VGD6	Q8VGD6;		ENSMUST00000102785.4 [Q8VGD6-2];ENSMUST00000203149.3 [Q8VGD6-1];ENSMUST00000203810.3 [Q8VGD6-1];ENSMUST00000238881.2 [Q8VGD6-1];ENSMUST00000239127.2 [Q8VGD6-2];
Q8VGQ7	Q8VGQ7;		ENSMUST00000075361.5;ENSMUST00000205742.2;ENSMUST00000205986.4;
Q8VHD6	Q8VHD6;		ENSMUST00000029196.5;
Q8VHD8	Q8VHD8;		
Q8VHG0	Q8VHG0;		ENSMUST00000028014.10;ENSMUST00000111525.8;
Q8VHI4	Q8VHI4;		ENSMUST00000180952.8;ENSMUST00000187978.7;
Q8VHK8	Q8VHK8;	2E7V;	ENSMUST00000031175.12 [Q8VHK8-1];ENSMUST00000122377.2 [Q8VHK8-2];
Q8VHN8	Q8VHN8;	4ZG0;5Z78;	ENSMUST00000050881.10 [Q8VHN8-3];ENSMUST00000230931.2 [Q8VHN8-1];
Q8VHP7	Q8VHP7;		ENSMUST00000016951.8;
Q8VHR5	Q8VHR5;		ENSMUST00000049382.6 [Q8VHR5-1];ENSMUST00000199607.5 [Q8VHR5-1];ENSMUST00000199754.5 [Q8VHR5-1];
Q8VHV1	Q8VHV1;		ENSMUST00000163313.3 [Q8VHV1-3];ENSMUST00000226440.3 [Q8VHV1-1];ENSMUST00000239553.1 [Q8VHV1-2];
Q8VHX2	Q8VHX2;		
Q8VI40	Q8VI40;		ENSMUST00000048565.9;
Q8VI51	Q8VI51;		ENSMUST00000078880.6;
Q8VI63	Q8VI63;		ENSMUST00000084418.4 [Q8VI63-1];ENSMUST00000211000.2 [Q8VI63-2];ENSMUST00000211206.2 [Q8VI63-2];
Q8VI75	Q8VI75;		ENSMUST00000047131.16;
Q8VI78	Q8VI78;		ENSMUST00000002926.8;
Q8VI84	Q8VI84;		ENSMUST00000025963.8;
Q8VI88	Q8VI88;		ENSMUST00000038932.14 [Q8VI88-1];ENSMUST00000130271.8 [Q8VI88-2];
Q8VI94	Q8VI94;		ENSMUST00000031540.11;ENSMUST00000112143.4;
Q8VIB3	Q8VIB3;		ENSMUST00000114357.10;ENSMUST00000114358.9;ENSMUST00000137035.8;
Q8VIC6	Q8VIC6;		
Q8VIC7	Q8VIC7;		ENSMUST00000054202.5;ENSMUST00000227426.2;ENSMUST00000227977.2;ENSMUST00000228662.2;
Q8VIC9	Q8VIC9;		ENSMUST00000089418.5;ENSMUST00000226741.2;ENSMUST00000226983.2;ENSMUST00000228709.2;
Q8VIJ8	Q8VIJ8;		ENSMUST00000020530.12;
Q91V04	Q91V04;		ENSMUST00000027068.11;
Q91V36	Q91V36;		ENSMUST00000228366.3;
Q91V37	Q91V37;	9BRA;9BRQ;9BRR;9BRS;9BRT;9BRU;9BRY;9BRZ;	ENSMUST00000036380.14;
Q91V81	Q91V81;		ENSMUST00000042726.14;
Q91V82	Q91V82;	1E4R;	
Q91V95	Q91V95;		ENSMUST00000027083.7;
Q91VA6	Q91VA6;		ENSMUST00000001127.11;
Q91VB4	Q91VB4;		ENSMUST00000012580.13;
Q91VC4	Q91VC4;	8FBY;8FCF;	
Q91VE6	Q91VE6;		ENSMUST00000027626.13 [Q91VE6-1];ENSMUST00000112688.10 [Q91VE6-2];
Q91VF0	Q91VF0;		
Q91VF2	Q91VF2;		ENSMUST00000051416.12;ENSMUST00000114497.2;ENSMUST00000114498.8;
Q91VF5	Q91VF5;		ENSMUST00000062821.13 [Q91VF5-1];ENSMUST00000163299.8 [Q91VF5-2];
Q91VJ9	Q91VJ9;		
Q91VM3	Q91VM3;		ENSMUST00000043045.10 [Q91VM3-1];ENSMUST00000115687.8 [Q91VM3-1];ENSMUST00000115688.8 [Q91VM3-2];ENSMUST00000115689.10 [Q91VM3-1];
Q91VM9	Q91VM9;		ENSMUST00000029644.16 [Q91VM9-1];
Q91VN4	Q91VN4;		ENSMUST00000032172.14;
Q91VS7	Q91VS7;		ENSMUST00000008684.11;ENSMUST00000120230.8;ENSMUST00000120302.8;
Q91VY9	Q91VY9;		ENSMUST00000061875.8;
Q91VZ7			ENSMUST00000218044.2;
Q91W18	Q91W18;	2D9T;	ENSMUST00000168275.9 [Q91W18-1];ENSMUST00000169504.8 [Q91W18-2];ENSMUST00000170865.8 [Q91W18-3];
Q91W27	Q91W27;		ENSMUST00000042754.7;
Q91W39	Q91W39;		ENSMUST00000040381.15;
Q91W50	Q91W50;		ENSMUST00000029446.13;ENSMUST00000197827.5;
Q91W59	Q91W59;		ENSMUST00000028347.13 [Q91W59-1];ENSMUST00000112509.2 [Q91W59-3];
Q91W61	Q91W61;		ENSMUST00000026256.9;ENSMUST00000177667.2;
Q91W63	Q91W63;		ENSMUST00000042392.14;ENSMUST00000237347.2;
Q91W64	Q91W64;		ENSMUST00000051846.13;
Q91W69	Q91W69;		ENSMUST00000127305.2;
Q91W82	Q91W82;		ENSMUST00000076133.10;ENSMUST00000150727.8;
Q91W92	Q91W92;		
Q91W96	Q91W96;		ENSMUST00000031072.14;
Q91WB4	Q91WB4;		ENSMUST00000054776.4;
Q91WC1	Q91WC1;		ENSMUST00000115330.8 [Q91WC1-1];ENSMUST00000166445.8 [Q91WC1-1];
Q91WD1	Q91WD1;		ENSMUST00000000793.13;ENSMUST00000180358.3;
Q91WD8	Q91WD8;		ENSMUST00000037798.8;
Q91WE9	Q91WE9;		ENSMUST00000068088.8 [Q91WE9-2];ENSMUST00000230414.2 [Q91WE9-1];
Q91WG2	Q91WG2;		ENSMUST00000106405.2 [Q91WG2-1];ENSMUST00000106407.9 [Q91WG2-3];
Q91WG3	Q91WG3;		ENSMUST00000048044.12;
Q91WG4	Q91WG4;	8AVG;	ENSMUST00000025120.8 [Q91WG4-2];ENSMUST00000234266.2 [Q91WG4-1];
Q91WH6	Q91WH6;		
Q91WI7	Q91WI7;		ENSMUST00000001559.11 [Q91WI7-1];
Q91WJ0	Q91WJ0;		ENSMUST00000113296.8;
Q91WJ8	Q91WJ8;	1X4M;1X4N;	ENSMUST00000196739.5 [Q91WJ8-1];
Q91WM3	Q91WM3;		ENSMUST00000047721.10;
Q91WP6	Q91WP6;	1YXA;	
Q91WQ3	Q91WQ3;		ENSMUST00000106054.4;
Q91WQ5	Q91WQ5;		ENSMUST00000093039.6;ENSMUST00000165628.9;
Q91WR3	Q91WR3;		ENSMUST00000070257.14 [Q91WR3-1];ENSMUST00000109930.3 [Q91WR3-2];
Q91WS4	Q91WS4;		ENSMUST00000015941.8;
Q91WS8	Q91WS8;		
Q91WU5	Q91WU5;		ENSMUST00000003655.9;
Q91WW3	Q91WW3;		
Q91X05	Q91X05;		ENSMUST00000027896.10;
Q91X43	Q91X43;		ENSMUST00000107664.3 [Q91X43-1];ENSMUST00000182666.8 [Q91X43-1];ENSMUST00000238222.2 [Q91X43-1];ENSMUST00000238331.2 [Q91X43-1];
Q91X46	Q91X46;	2Z0Q;	ENSMUST00000049206.6 [Q91X46-2];ENSMUST00000224981.2 [Q91X46-1];
Q91X60	Q91X60;		ENSMUST00000022620.11;ENSMUST00000206455.2;
Q91X83	Q91X83;		ENSMUST00000047286.7;ENSMUST00000225720.2;
Q91XD7	Q91XD7;		ENSMUST00000032422.6;
Q91XE0	Q91XE0;		ENSMUST00000044976.12 [Q91XE0-1];ENSMUST00000119960.2 [Q91XE0-2];
Q91XF0	Q91XF0;		ENSMUST00000018803.12;
Q91XI1	Q91XI1;		
Q91XL2	Q91XL2;		ENSMUST00000016664.8;
Q91XL3	Q91XL3;		ENSMUST00000126008.8;
Q91XL9	Q91XL9;	5Z2M;5Z2N;	ENSMUST00000074352.11 [Q91XL9-1];ENSMUST00000117361.8 [Q91XL9-2];ENSMUST00000118313.8 [Q91XL9-2];ENSMUST00000119043.8 [Q91XL9-2];ENSMUST00000121774.8 [Q91XL9-3];ENSMUST00000121808.8 [Q91XL9-2];ENSMUST00000121888.8 [Q91XL9-2];ENSMUST00000234194.2 [Q91XL9-2];ENSMUST00000234871.2 [Q91XL9-2];
Q91XQ5	Q91XQ5;		ENSMUST00000077472.10;ENSMUST00000080215.6;
Q91XQ6	Q91XQ6;		ENSMUST00000022867.5;
Q91XT4	Q91XT4;		ENSMUST00000027881.15;ENSMUST00000086130.9;ENSMUST00000111700.8;
Q91XU3	Q91XU3;		ENSMUST00000013970.9;
Q91Y47	Q91Y47;		ENSMUST00000034064.5;
Q91YE7	Q91YE7;	2CLV;2OL3;	ENSMUST00000035199.13 [Q91YE7-2];ENSMUST00000182659.8 [Q91YE7-1];
Q91YJ2	Q91YJ2;		ENSMUST00000023502.6;
Q91YJ5	Q91YJ5;	2CRV;	ENSMUST00000020749.13;ENSMUST00000093239.11;
Q91YK0	Q91YK0;		
Q91YK8	Q91YK8;		ENSMUST00000080718.6;
Q91YM0	Q91YM0;		
Q91YR7	Q91YR7;	6QX9;	ENSMUST00000002529.7 [Q91YR7-1];ENSMUST00000136481.8 [Q91YR7-1];
Q91YU1	Q91YU1;		
Q91Z50			ENSMUST00000025651.6;ENSMUST00000116542.9;ENSMUST00000142241.2;ENSMUST00000156291.2;
Q91Z53	Q91Z53;		ENSMUST00000045078.13;
Q91Z69	Q91Z69;	2GNC;	ENSMUST00000020322.12;
Q91Z98	Q91Z98;	8P8S;8P8T;	ENSMUST00000082219.6;
Q91ZM9	Q91ZM9;		ENSMUST00000029075.5;
Q91ZN5	Q91ZN5;		ENSMUST00000041353.7 [Q91ZN5-2];ENSMUST00000223987.2 [Q91ZN5-2];ENSMUST00000224905.2 [Q91ZN5-1];
Q91ZR3	Q91ZR3;		ENSMUST00000061767.5;
Q91ZR8	Q91ZR8;		
Q91ZT8	Q91ZT8;		ENSMUST00000033756.3;
Q91ZY2	Q91ZY2;		ENSMUST00000041676.3;
Q920A1	Q920A1;		ENSMUST00000044664.12;ENSMUST00000169168.3;
Q920A5	Q920A5;		ENSMUST00000000287.9;
Q920A9	Q920A9;		ENSMUST00000046322.14 [Q920A9-2];ENSMUST00000159171.2 [Q920A9-1];
Q920D3	Q920D3;	6W1S;8T1I;8T1L;	ENSMUST00000156481.8;
Q920G9	Q920G9;		ENSMUST00000001185.14;
Q920H4	Q920H4;		ENSMUST00000099589.4;
Q920N1	Q920N1;	8IYJ;	ENSMUST00000026555.12;
Q920P5	Q920P5;		ENSMUST00000045262.11 [Q920P5-1];
Q920S2	Q920S2;		ENSMUST00000024926.14 [Q920S2-1];ENSMUST00000151797.3 [Q920S2-2];
Q920W3	Q920W3;		
Q921C1	Q921C1;		ENSMUST00000077119.8;
Q921D5	Q921D5;		
Q921F4	Q921F4;	1WEX;2E5I;	ENSMUST00000184635.8 [Q921F4-1];
Q921G6	Q921G6;		ENSMUST00000031734.16 [Q921G6-1];ENSMUST00000176667.8 [Q921G6-2];ENSMUST00000177545.2 [Q921G6-1];
Q921I0	Q921I0;		ENSMUST00000027266.4;
Q921I6	Q921I6;		ENSMUST00000066279.11;
Q921I9	Q921I9;		ENSMUST00000059045.8;
Q921K9	Q921K9;		ENSMUST00000031692.12 [Q921K9-1];ENSMUST00000111187.10 [Q921K9-2];
Q921M3	Q921M3;	7B9C;7OPI;	ENSMUST00000042012.7 [Q921M3-1];
Q921N7	Q921N7;		ENSMUST00000065373.6;
Q921Q3	Q921Q3;		ENSMUST00000049207.9 [Q921Q3-2];ENSMUST00000100196.9 [Q921Q3-1];
Q921U8	Q921U8;		ENSMUST00000020721.15 [Q921U8-2];ENSMUST00000075118.10 [Q921U8-1];ENSMUST00000170588.8 [Q921U8-2];
Q922B2	Q922B2;		ENSMUST00000027602.15;
Q922B9	Q922B9;		ENSMUST00000111785.9 [Q922B9-1];
Q922D4	Q922D4;		ENSMUST00000025846.16 [Q922D4-1];ENSMUST00000172362.3 [Q922D4-2];
Q922E4	Q922E4;		ENSMUST00000026129.16;
Q922F4	Q922F4;		ENSMUST00000001513.8;
Q922H2	Q922H2;		ENSMUST00000045748.7;
Q922J6	Q922J6;		ENSMUST00000029451.12;
Q922M3	Q922M3;		ENSMUST00000102581.11;
Q922Q1	Q922Q1;		ENSMUST00000068725.10;
Q922Q6	Q922Q6;		
Q922R8	Q922R8;	2DML;	
Q922V4	Q922V4;		ENSMUST00000150268.8;
Q922W5	Q922W5;		ENSMUST00000026133.15;ENSMUST00000170556.8;
Q922W6			ENSMUST00000034497.9;
Q923A2	Q923A2;		ENSMUST00000093191.3;
Q923B1	Q923B1;		ENSMUST00000066650.12;
Q923D4	Q923D4;		ENSMUST00000105139.5;
Q923G2	Q923G2;		ENSMUST00000021405.8;
Q923M0	Q923M0;		ENSMUST00000037551.15;ENSMUST00000135388.3;
Q923Q2	Q923Q2;		ENSMUST00000110483.9;
Q923W9	Q923W9;		ENSMUST00000052104.10 [Q923W9-2];ENSMUST00000110232.9 [Q923W9-1];ENSMUST00000183552.8 [Q923W9-1];
Q924D0	Q924D0;		
Q924H2	Q924H2;	6W1S;8T1I;8T1L;	ENSMUST00000012259.9;
Q924H7	Q924H7;		ENSMUST00000074919.11 [Q924H7-2];ENSMUST00000092112.11 [Q924H7-3];ENSMUST00000167020.8 [Q924H7-1];
Q924H9	Q924H9;		ENSMUST00000077502.5 [Q924H9-1];
Q924I3	Q924I3;		ENSMUST00000076147.6;ENSMUST00000188000.2;ENSMUST00000219146.2;
Q924K1	Q924K1;	8EOA;	ENSMUST00000048207.10;
Q924M5	Q924M5;		ENSMUST00000087585.10 [Q924M5-3];ENSMUST00000159398.2 [Q924M5-2];
Q924W7	Q924W7;		ENSMUST00000077909.9 [Q924W7-1];ENSMUST00000079282.8 [Q924W7-1];ENSMUST00000084738.5 [Q924W7-2];ENSMUST00000168005.8 [Q924W7-2];
Q924W9	Q924W9;		ENSMUST00000036992.9;
Q924X2	Q924X2;		ENSMUST00000109313.9;
Q924Y0	Q924Y0;		ENSMUST00000046233.9;
Q924Z6	Q924Z6;		ENSMUST00000009344.16 [Q924Z6-2];ENSMUST00000168189.8 [Q924Z6-1];
Q925E8	Q925E8;		ENSMUST00000051239.13;ENSMUST00000171529.4;
Q925N0	Q925N0;		ENSMUST00000045846.12;
Q925Q8	Q925Q8;		ENSMUST00000067219.5 [Q925Q8-1];ENSMUST00000113380.8 [Q925Q8-3];ENSMUST00000113382.8 [Q925Q8-2];
Q95552	Q95552;		
Q95602	Q95602;		
Q99J27	Q99J27;		ENSMUST00000029402.15;ENSMUST00000160883.2;ENSMUST00000161659.8;
Q99J38	Q99J38;		ENSMUST00000099994.5;
Q99J62	Q99J62;		ENSMUST00000023598.15;
Q99J77	Q99J77;		ENSMUST00000030018.5;
Q99J78	Q99J78;		ENSMUST00000065534.10 [Q99J78-1];ENSMUST00000093049.10 [Q99J78-2];ENSMUST00000108830.2 [Q99J78-1];
Q99JF5	Q99JF5;	3F0N;	ENSMUST00000006692.6;
Q99JP7	Q99JP7;		ENSMUST00000029131.11;
Q99JQ5	Q99JQ5;		
Q99JW1	Q99JW1;		ENSMUST00000003436.12 [Q99JW1-1];
Q99JW2	Q99JW2;		
Q99JX1	Q99JX1;		ENSMUST00000025057.5;ENSMUST00000114848.8;
Q99K08	Q99K08;		
Q99K17	Q99K17;		
Q99K43	Q99K43;		ENSMUST00000047558.14;
Q99K46	Q99K46;		ENSMUST00000033383.3;
Q99K51	Q99K51;		ENSMUST00000033547.14;ENSMUST00000114057.8;ENSMUST00000114059.10;
Q99K78			ENSMUST00000079773.14;
Q99KA8	Q99KA8;		
Q99KD5	Q99KD5;		ENSMUST00000032748.15;
Q99KE1	Q99KE1;		ENSMUST00000025439.5;
Q99KE8	Q99KE8;		ENSMUST00000109161.3 [Q99KE8-2];
Q99KF1	Q99KF1;		ENSMUST00000109905.5;
Q99KK7	Q99KK7;		ENSMUST00000025851.4;
Q99KN1	Q99KN1;		ENSMUST00000028349.14 [Q99KN1-1];ENSMUST00000102935.10 [Q99KN1-2];
Q99KN9	Q99KN9;		
Q99KP3	Q99KP3;		ENSMUST00000022517.9;
Q99KR8	Q99KR8;		ENSMUST00000060212.13;ENSMUST00000121465.3;
Q99KS6	Q99KS6;		ENSMUST00000116363.2 [Q99KS6-1];ENSMUST00000146338.8 [Q99KS6-2];
Q99KU1	Q99KU1;		ENSMUST00000012262.12 [Q99KU1-1];ENSMUST00000105887.8 [Q99KU1-2];ENSMUST00000144668.8 [Q99KU1-1];
Q99KU6	Q99KU6;		ENSMUST00000064709.13;ENSMUST00000149405.4;ENSMUST00000234256.2;ENSMUST00000234711.2;ENSMUST00000234773.2;ENSMUST00000235023.2;
Q99KZ6	Q99KZ6;		ENSMUST00000029203.13;ENSMUST00000191783.6;ENSMUST00000193287.6;
Q99L00	Q99L00;		ENSMUST00000035960.13 [Q99L00-1];ENSMUST00000110071.3 [Q99L00-2];
Q99L04	Q99L04;		ENSMUST00000002403.10;
Q99L38	Q99L38;		
Q99L85	Q99L85;		ENSMUST00000108594.8;
Q99LC5	Q99LC5;		ENSMUST00000034866.9;
Q99LC9	Q99LC9;		ENSMUST00000002840.9;
Q99LD4	Q99LD4;		
Q99LD8	Q99LD8;		ENSMUST00000007255.13;
Q99LE2	Q99LE2;		ENSMUST00000051293.8;ENSMUST00000100514.3;
Q99LJ1	Q99LJ1;		ENSMUST00000030434.5;
Q99LJ5	Q99LJ5;		ENSMUST00000034343.5;ENSMUST00000212081.2;
Q99LJ7	Q99LJ7;		ENSMUST00000022702.13 [Q99LJ7-1];ENSMUST00000110952.10 [Q99LJ7-1];ENSMUST00000164822.8 [Q99LJ7-1];ENSMUST00000169479.8 [Q99LJ7-1];ENSMUST00000169513.8 [Q99LJ7-2];ENSMUST00000170677.8 [Q99LJ7-2];
Q99LL5	Q99LL5;		ENSMUST00000001836.11;
Q99LN9	Q99LN9;		ENSMUST00000072751.13 [Q99LN9-1];ENSMUST00000144647.8 [Q99LN9-2];
Q99LR9	Q99LR9;		
Q99LS0	Q99LS0;		ENSMUST00000027217.9;
Q99LS3	Q99LS3;		ENSMUST00000031399.13;
Q99LW6	Q99LW6;		ENSMUST00000080299.7 [Q99LW6-1];ENSMUST00000133736.2 [Q99LW6-2];
Q99LY9	Q99LY9;	6G2J;6G72;6ZR2;6ZTQ;7AK5;7AK6;7B93;7PSA;8C2S;8CA3;8CA5;8IAO;8IAQ;8IB4;8IB6;8IB9;8IBB;8IBD;8IBF;8IC2;8IC4;8OLT;8OM1;8PW5;8PW6;8PW7;8RGP;8RGQ;8RGR;8RGT;	ENSMUST00000030401.14;ENSMUST00000106206.8;ENSMUST00000106207.8;
Q99LZ3	Q99LZ3;		ENSMUST00000033950.7;
Q99M01	Q99M01;		ENSMUST00000021857.13;ENSMUST00000224241.2;ENSMUST00000224611.2;
Q99M28	Q99M28;		ENSMUST00000088512.13 [Q99M28-1];ENSMUST00000115371.9 [Q99M28-2];ENSMUST00000163717.2 [Q99M28-1];
Q99M54	Q99M54;		ENSMUST00000024270.14 [Q99M54-1];
Q99M71	Q99M71;	6JLA;	ENSMUST00000002885.8 [Q99M71-1];ENSMUST00000221014.2 [Q99M71-2];
Q99M73	Q99M73;		ENSMUST00000023720.8;
Q99M85	Q99M85;		ENSMUST00000096365.5;
Q99MB2	Q99MB2;		ENSMUST00000117529.8;ENSMUST00000119865.8;ENSMUST00000130645.8;
Q99MB3	Q99MB3;		ENSMUST00000030292.12 [Q99MB3-2];ENSMUST00000102793.11 [Q99MB3-1];
Q99MB7	Q99MB7;		ENSMUST00000106682.10 [Q99MB7-1];ENSMUST00000177236.8 [Q99MB7-1];
Q99ME6	Q99ME6;		ENSMUST00000016471.9 [Q99ME6-1];ENSMUST00000115134.2 [Q99ME6-2];
Q99MJ9	Q99MJ9;		ENSMUST00000020270.6;
Q99MN9	Q99MN9;		ENSMUST00000035116.12;
Q99MQ5	Q99MQ5;		ENSMUST00000080335.11;
Q99MR1	Q99MR1;		ENSMUST00000031727.10;
Q99MR3	Q99MR3;		ENSMUST00000039991.14;
Q99MR9	Q99MR9;		ENSMUST00000045096.6;
Q99MX1	Q99MX1;		ENSMUST00000069509.4;ENSMUST00000114869.8;
Q99MZ6	Q99MZ6;	5F3Y;	ENSMUST00000134663.2;
Q99MZ7	Q99MZ7;		ENSMUST00000027381.13;
Q99N10	Q99N10;		ENSMUST00000025636.8 [Q99N10-3];
Q99N20	Q99N20;		ENSMUST00000116567.4;
Q99N23	Q99N23;		ENSMUST00000118960.2;
Q99NA9	Q99NA9;		ENSMUST00000026032.7;
Q99NE9	Q99NE9;		ENSMUST00000081503.13 [Q99NE9-1];ENSMUST00000132899.8 [Q99NE9-2];
Q99NF7			ENSMUST00000080217.14;
Q99P27	Q99P27;		
Q99P69	Q99P69;		ENSMUST00000028000.13 [Q99P69-1];ENSMUST00000111368.8 [Q99P69-1];
Q99P86	Q99P86;	1RH7;	
Q99P87	Q99P87;	1RFX;1RGX;	ENSMUST00000012849.15;ENSMUST00000169234.3;
Q99PE2	Q99PE2;		ENSMUST00000022164.16;
Q99PE9	Q99PE9;		ENSMUST00000039388.3;
Q99PG6	Q99PG6;		
Q99PH3	Q99PH3;		
Q99PI4	Q99PI4;		ENSMUST00000040872.13;ENSMUST00000109456.9;
Q99PL6	Q99PL6;		ENSMUST00000019722.12 [Q99PL6-1];
Q99PM9	Q99PM9;		ENSMUST00000053686.9;
Q99PP9	Q99PP9;		ENSMUST00000108703.2 [Q99PP9-3];
Q9BDB7	Q9BDB7;		
Q9CPS6	Q9CPS6;		ENSMUST00000161074.8;
Q9CPU2	Q9CPU2;	6G2J;6G72;6ZR2;6ZTQ;7AK5;7AK6;7B93;7PSA;8C2S;8CA3;8CA5;8IAO;8IAQ;8IB4;8IB6;8IB9;8IBB;8IBD;8IBF;8IC2;8IC4;8OLT;8OM1;8PW5;8PW6;8PW7;8RGP;8RGQ;8RGR;8RGT;	ENSMUST00000119379.2;ENSMUST00000135671.8;
Q9CPU4	Q9CPU4;		ENSMUST00000028005.3;
Q9CPU7	Q9CPU7;		ENSMUST00000022986.8;
Q9CPV2	Q9CPV2;		ENSMUST00000182898.8;
Q9CPV5	Q9CPV5;		ENSMUST00000056370.13 [Q9CPV5-1];ENSMUST00000193338.6 [Q9CPV5-2];
Q9CPW2	Q9CPW2;		ENSMUST00000010348.7 [Q9CPW2-1];
Q9CPW4	Q9CPW4;	7AQK;	ENSMUST00000077755.11;
Q9CPW9	Q9CPW9;		ENSMUST00000037210.9 [Q9CPW9-1];
Q9CPX9	Q9CPX9;		ENSMUST00000026128.10;ENSMUST00000093140.5;
Q9CPZ1	Q9CPZ1;		ENSMUST00000228936.2;
Q9CQ29	Q9CQ29;		ENSMUST00000008626.10;
Q9CQ39	Q9CQ39;	6W1S;8T1I;8T1L;	ENSMUST00000032429.9;ENSMUST00000204040.2;
Q9CQ52	Q9CQ52;		ENSMUST00000102522.5;
Q9CQ54	Q9CQ54;	6G2J;6G72;6ZR2;6ZTQ;7AK5;7AK6;7B93;7PSA;8C2S;8CA3;8CA5;8IAO;8IAQ;8IB4;8IB6;8IB9;8IBB;8IBD;8IBF;8IC2;8IC4;8OLT;8OM1;8PW5;8PW6;8PW7;8RGP;8RGQ;8RGR;8RGT;	ENSMUST00000032882.9;
Q9CQ56	Q9CQ56;		ENSMUST00000019169.8 [Q9CQ56-1];ENSMUST00000110054.8 [Q9CQ56-1];
Q9CQ62	Q9CQ62;	7UCW;	ENSMUST00000029877.9;
Q9CQ71	Q9CQ71;		ENSMUST00000012627.5;
Q9CQ79	Q9CQ79;		ENSMUST00000162031.8;ENSMUST00000195032.6;ENSMUST00000195247.6;
Q9CQ86	Q9CQ86;		ENSMUST00000002655.8;
Q9CQ91	Q9CQ91;	6G2J;6G72;6ZR2;6ZTQ;7AK5;7AK6;7B93;7PSA;8C2S;8CA3;8CA5;8IAO;8IAP;8IB4;8IB5;8IB9;8IBA;8IBD;8IBE;8IC2;8IC3;8OLT;8OM1;8PW5;8PW6;8PW7;8RGP;8RGQ;8RGR;8RGT;	ENSMUST00000076657.11;
Q9CQA5	Q9CQA5;	6W1S;8T1I;8T1L;	ENSMUST00000022705.7 [Q9CQA5-1];
Q9CQA9	Q9CQA9;		ENSMUST00000034313.13;
Q9CQC3	Q9CQC3;	8I7R;8IYJ;8TO0;	ENSMUST00000035849.5;
Q9CQC4	Q9CQC4;		ENSMUST00000025569.9 [Q9CQC4-2];ENSMUST00000059582.9 [Q9CQC4-2];ENSMUST00000123788.8 [Q9CQC4-1];ENSMUST00000145210.8 [Q9CQC4-2];ENSMUST00000154383.2 [Q9CQC4-1];ENSMUST00000236561.2 [Q9CQC4-2];
Q9CQC7	Q9CQC7;	6G2J;6G72;6ZR2;6ZTQ;7AK5;7AK6;7B93;7PSA;8C2S;8CA3;8CA5;8IAO;8IAQ;8IB4;8IB6;8IB9;8IBB;8IBD;8IBF;8IC2;8IC4;8OLT;8OM1;8PW5;8PW6;8PW7;8RGP;8RGQ;8RGR;8RGT;	ENSMUST00000023514.4;
Q9CQD0	Q9CQD0;	7CPV;8PFR;	ENSMUST00000044103.6;ENSMUST00000121292.8;
Q9CQE0	Q9CQE0;		ENSMUST00000052396.7 [Q9CQE0-2];ENSMUST00000072847.12 [Q9CQE0-2];ENSMUST00000234107.2 [Q9CQE0-1];ENSMUST00000234536.2 [Q9CQE0-1];
Q9CQE6	Q9CQE6;		ENSMUST00000020004.8;
Q9CQE7	Q9CQE7;		ENSMUST00000006035.13 [Q9CQE7-1];ENSMUST00000088650.11 [Q9CQE7-2];
Q9CQG3	Q9CQG3;		ENSMUST00000028350.9 [Q9CQG3-1];ENSMUST00000148042.3 [Q9CQG3-2];
Q9CQH3	Q9CQH3;	6G2J;6G72;6ZR2;6ZTQ;7AK5;7AK6;7B93;7PSA;8C2S;8CA3;8CA5;8IAO;8IAQ;8IB4;8IB6;8IB9;8IBB;8IBD;8IBF;8IC2;8IC4;8OLT;8OM1;8PW5;8PW6;8PW7;8RGP;8RGQ;8RGR;8RGT;	ENSMUST00000127477.8;
Q9CQI4	Q9CQI4;		ENSMUST00000090513.11;ENSMUST00000111231.10;ENSMUST00000160037.8;ENSMUST00000160722.8;
Q9CQI6	Q9CQI6;	1UDM;1WM4;	ENSMUST00000034285.14;
Q9CQJ8	Q9CQJ8;	6G2J;6G72;6ZR2;6ZTQ;7AK5;7AK6;7B93;7PSA;8C2S;8CA3;8CA5;8IAO;8IAQ;8IB4;8IB6;8IB9;8IBB;8IBD;8IBF;8IC2;8IC4;8OLT;8OM1;8PW5;8PW6;8PW7;8RGP;8RGQ;8RGR;8RGT;	ENSMUST00000022980.5;
Q9CQM5	Q9CQM5;	1V9W;	ENSMUST00000021158.4;
Q9CQN1	Q9CQN1;		ENSMUST00000006137.9;
Q9CQQ7	Q9CQQ7;		ENSMUST00000118209.8;
Q9CQR2	Q9CQR2;	7CPU;7CPV;7LS1;7LS2;	ENSMUST00000059080.7;
Q9CQS7	Q9CQS7;		ENSMUST00000071991.6;
Q9CQS8	Q9CQS8;		ENSMUST00000065678.6;
Q9CQT2	Q9CQT2;		ENSMUST00000170000.4;
Q9CQT6	Q9CQT6;	8IYJ;	ENSMUST00000166692.2;
Q9CQT9	Q9CQT9;		ENSMUST00000029165.4;
Q9CQU3	Q9CQU3;		ENSMUST00000030914.4;
Q9CQU5	Q9CQU5;		ENSMUST00000020081.11;ENSMUST00000105431.8;ENSMUST00000160337.2;
Q9CQV1	Q9CQV1;		ENSMUST00000014445.7;ENSMUST00000057649.8;
Q9CQW3	Q9CQW3;		ENSMUST00000033822.4;
Q9CQX2	Q9CQX2;		ENSMUST00000034400.5;
Q9CQX4	Q9CQX4;		ENSMUST00000045802.7;
Q9CQX8	Q9CQX8;		ENSMUST00000109333.8;
Q9CQY5	Q9CQY5;		ENSMUST00000113566.10 [Q9CQY5-1];ENSMUST00000139421.3 [Q9CQY5-2];ENSMUST00000151689.9 [Q9CQY5-1];
Q9CQY9	Q9CQY9;	6G2J;6G72;6ZR2;6ZTQ;7AK5;7AK6;7B93;7PSA;8C2S;8CA3;8CA5;8IAO;8IAQ;8IB4;8IB6;8IB9;8IBB;8IBD;8IBF;8IC2;8IC4;8OLT;8OM1;8PW5;8PW6;8PW7;8RGP;8RGQ;8RGR;8RGT;	ENSMUST00000038108.12;ENSMUST00000193279.2;
Q9CQZ5	Q9CQZ5;	6G2J;6G72;6ZR2;6ZTQ;7AK5;7AK6;7B93;7PSA;8C2S;8CA3;8CA5;8IAO;8IAP;8IB4;8IB5;8IB9;8IBA;8IBD;8IBE;8IC2;8IC3;8OLT;8OM1;8PW5;8PW6;8PW7;8RGP;8RGQ;8RGR;8RGT;	ENSMUST00000023085.7;
Q9CQZ6	Q9CQZ6;	6G2J;6G72;6ZR2;6ZTQ;7AK5;7AK6;7B93;7PSA;8C2S;8CA3;8CA5;8IAO;8IAQ;8IB4;8IB6;8IB9;8IBB;8IBD;8IBF;8IC2;8IC4;8OLT;8OM1;8PW5;8PW6;8PW7;8RGP;8RGQ;8RGR;8RGT;	ENSMUST00000027193.9;
Q9CR09	Q9CR09;		ENSMUST00000080001.9;ENSMUST00000111302.4;
Q9CR11	Q9CR11;		ENSMUST00000020382.8;
Q9CR13	Q9CR13;		ENSMUST00000019833.5;
Q9CR25	Q9CR25;		ENSMUST00000030265.4;
Q9CR26	Q9CR26;		ENSMUST00000154132.8;
Q9CR35	Q9CR35;		ENSMUST00000034435.7;
Q9CR36	Q9CR36;		ENSMUST00000032129.3;
Q9CR46	Q9CR46;		ENSMUST00000020794.6;
Q9CR48	Q9CR48;		ENSMUST00000067630.13;ENSMUST00000121034.8;
Q9CR56	Q9CR56;		ENSMUST00000017981.10;ENSMUST00000051947.10;ENSMUST00000107376.8;
Q9CR67	Q9CR67;		ENSMUST00000037918.12;ENSMUST00000161369.3;
Q9CR73	Q9CR73;		ENSMUST00000030436.12;
Q9CR81	Q9CR81;		ENSMUST00000034568.7;ENSMUST00000217236.2;
Q9CR86	Q9CR86;		ENSMUST00000008537.10;
Q9CRA0	Q9CRA0;		ENSMUST00000032341.3;
Q9CRA4	Q9CRA4;		ENSMUST00000034015.11;
Q9CRA8	Q9CRA8;		ENSMUST00000079634.8;ENSMUST00000206561.2;
Q9CRB2	Q9CRB2;		ENSMUST00000127405.2;
Q9CRB6	Q9CRB6;	1WLM;	ENSMUST00000014990.13;ENSMUST00000176419.2;ENSMUST00000177126.8;
Q9CRC6	Q9CRC6;		ENSMUST00000074912.8;
Q9CRC9	Q9CRC9;		ENSMUST00000031117.13 [Q9CRC9-1];ENSMUST00000139632.8 [Q9CRC9-1];ENSMUST00000166298.8 [Q9CRC9-2];ENSMUST00000173927.8 [Q9CRC9-2];
Q9CRD4	Q9CRD4;		ENSMUST00000017878.3;ENSMUST00000069385.15;ENSMUST00000109349.9;ENSMUST00000109350.9;ENSMUST00000149287.8;
Q9CRV3	Q9CRV3;		
Q9CS00	Q9CS00;		ENSMUST00000050867.8;
Q9CS72	Q9CS72;		ENSMUST00000093811.11;
Q9CS74	Q9CS74;		ENSMUST00000022344.4;
Q9CSB4	Q9CSB4;	1WG6;	ENSMUST00000075374.10 [Q9CSB4-1];
Q9CSR6	Q9CSR6;		
Q9CSU0	Q9CSU0;		ENSMUST00000029180.14 [Q9CSU0-1];ENSMUST00000109518.8 [Q9CSU0-2];ENSMUST00000152452.8 [Q9CSU0-3];
Q9CTN4	Q9CTN4;		ENSMUST00000022078.12;
Q9CV28	Q9CV28;		ENSMUST00000028105.13 [Q9CV28-1];
Q9CW07	Q9CW07;		ENSMUST00000132661.2;ENSMUST00000225537.2;
Q9CW46	Q9CW46;	1WI6;3ZZY;3ZZZ;	ENSMUST00000115487.3 [Q9CW46-1];ENSMUST00000217359.2 [Q9CW46-1];
Q9CW79	Q9CW79;		ENSMUST00000039165.15 [Q9CW79-1];ENSMUST00000112850.9 [Q9CW79-2];ENSMUST00000184996.8 [Q9CW79-1];
Q9CW82	Q9CW82;		
Q9CWL8	Q9CWL8;		ENSMUST00000029178.7;
Q9CWP6	Q9CWP6;	1WIC;	ENSMUST00000112247.9 [Q9CWP6-2];ENSMUST00000112248.9 [Q9CWP6-3];
Q9CWQ0	Q9CWQ0;		ENSMUST00000043342.10;ENSMUST00000189799.7;
Q9CWQ8	Q9CWQ8;		ENSMUST00000020699.4;
Q9CWR7	Q9CWR7;		ENSMUST00000015796.9;
Q9CWT6	Q9CWT6;		ENSMUST00000058579.7;
Q9CWU6	Q9CWU6;		ENSMUST00000109636.11 [Q9CWU6-1];
Q9CWW6	Q9CWW6;		ENSMUST00000113627.4;
Q9CWX4	Q9CWX4;		ENSMUST00000034543.5;
Q9CWX9	Q9CWX9;		ENSMUST00000032326.11;
Q9CX00	Q9CX00;		ENSMUST00000034164.6;
Q9CX62	Q9CX62;		ENSMUST00000048568.6;
Q9CX83	Q9CX83;		ENSMUST00000035748.14;ENSMUST00000051256.10;ENSMUST00000113197.2;ENSMUST00000113198.8;ENSMUST00000113199.8;ENSMUST00000113201.8;
Q9CX97	Q9CX97;		ENSMUST00000049323.9;
Q9CX98	Q9CX98;		ENSMUST00000106337.7 [Q9CX98-1];ENSMUST00000200236.2 [Q9CX98-2];
Q9CXD6	Q9CXD6;		ENSMUST00000021800.6 [Q9CXD6-1];
Q9CXE0	Q9CXE0;		ENSMUST00000031976.14;
Q9CXE2	Q9CXE2;		ENSMUST00000031391.9 [Q9CXE2-1];ENSMUST00000117971.2 [Q9CXE2-2];
Q9CXE6	Q9CXE6;		ENSMUST00000021715.6;
Q9CXF4	Q9CXF4;		ENSMUST00000020339.10;
Q9CXI0	Q9CXI0;		ENSMUST00000040421.11;
Q9CXI3	Q9CXI3;		ENSMUST00000095784.3;
Q9CXJ1	Q9CXJ1;		ENSMUST00000033159.4;
Q9CXK9	Q9CXK9;		ENSMUST00000030920.6 [Q9CXK9-2];ENSMUST00000059644.13 [Q9CXK9-1];
Q9CXL3	Q9CXL3;		ENSMUST00000066052.12;
Q9CXP9	Q9CXP9;		ENSMUST00000030375.9;ENSMUST00000177880.2;
Q9CXT8	Q9CXT8;		ENSMUST00000030882.12;
Q9CXU1	Q9CXU1;	6W1S;8T1I;8T1L;	ENSMUST00000021157.9;
Q9CXZ8	Q9CXZ8;		
Q9CY02	Q9CY02;		ENSMUST00000249663.1;ENSMUST00000249664.1;
Q9CY21	Q9CY21;		ENSMUST00000085984.11;
Q9CY34	Q9CY34;		ENSMUST00000059743.12;ENSMUST00000171112.8;ENSMUST00000171165.8;ENSMUST00000178627.8;ENSMUST00000191368.7;
Q9CY50	Q9CY50;		ENSMUST00000021864.8;
Q9CY52	Q9CY52;		ENSMUST00000011398.13;
Q9CY64	Q9CY64;		ENSMUST00000002064.15;
Q9CY66	Q9CY66;		ENSMUST00000029643.15 [Q9CY66-1];
Q9CY73	Q9CY73;		ENSMUST00000027464.9 [Q9CY73-1];
Q9CYA6	Q9CYA6;		ENSMUST00000196282.5;
Q9CYD3	Q9CYD3;		ENSMUST00000084881.5;
Q9CYF5	Q9CYF5;		ENSMUST00000076228.3;
Q9CYG7	Q9CYG7;		ENSMUST00000018466.4 [Q9CYG7-2];ENSMUST00000109384.10 [Q9CYG7-1];
Q9CYH6	Q9CYH6;		ENSMUST00000072079.9;
Q9CYI4	Q9CYI4;		ENSMUST00000114976.9 [Q9CYI4-1];
Q9CYR0	Q9CYR0;		ENSMUST00000031971.13;
Q9CYR6	Q9CYR6;	1WJW;	ENSMUST00000070064.11;
Q9CYT6	Q9CYT6;		ENSMUST00000021802.16;
Q9CZ04	Q9CZ04;		ENSMUST00000032220.15 [Q9CZ04-1];ENSMUST00000112439.9 [Q9CZ04-2];
Q9CZ09	Q9CZ09;		ENSMUST00000045694.14;ENSMUST00000111490.2;
Q9CZ30	Q9CZ30;		ENSMUST00000028517.13 [Q9CZ30-1];ENSMUST00000100015.6 [Q9CZ30-2];
Q9CZ44	Q9CZ44;		ENSMUST00000028949.16 [Q9CZ44-1];ENSMUST00000089140.13 [Q9CZ44-3];
Q9CZ62	Q9CZ62;		ENSMUST00000023270.14 [Q9CZ62-1];ENSMUST00000117468.8 [Q9CZ62-2];ENSMUST00000118500.8 [Q9CZ62-2];
Q9CZ91	Q9CZ91;		ENSMUST00000025406.9;
Q9CZB0	Q9CZB0;		ENSMUST00000111336.10;
Q9CZB6	Q9CZB6;	6W1S;8T1I;8T1L;	ENSMUST00000020665.13;ENSMUST00000109232.4;ENSMUST00000170928.8;
Q9CZG9	Q9CZG9;	1WI2;	ENSMUST00000015812.12;ENSMUST00000059099.7;
Q9CZL5	Q9CZL5;	1RU0;4WIL;	ENSMUST00000021958.6;
Q9CZM9	Q9CZM9;		ENSMUST00000119310.8;ENSMUST00000119970.8;ENSMUST00000192429.6;
Q9CZP0	Q9CZP0;	2Z84;	ENSMUST00000052825.7;
Q9CZQ6	Q9CZQ6;		ENSMUST00000065527.11;ENSMUST00000178026.2;ENSMUST00000181645.8;
Q9CZQ9	Q9CZQ9;		ENSMUST00000074963.9;
Q9CZS1	Q9CZS1;		ENSMUST00000044384.5;
Q9CZU6	Q9CZU6;	3NZI;	ENSMUST00000005826.9;
Q9CZX2	Q9CZX2;		ENSMUST00000079414.12;
Q9CZY3	Q9CZY3;		ENSMUST00000060645.13 [Q9CZY3-2];ENSMUST00000109207.10 [Q9CZY3-1];
Q9D009	Q9D009;		ENSMUST00000032967.4;
Q9D023	Q9D023;		ENSMUST00000027853.6;
Q9D051	Q9D051;		ENSMUST00000022268.10;
Q9D077	Q9D077;		
Q9D0B0	Q9D0B0;	1WG4;	ENSMUST00000031513.14;
Q9D0C4	Q9D0C4;		ENSMUST00000116420.4 [Q9D0C4-1];
Q9D0D3	Q9D0D3;		ENSMUST00000025077.7;
Q9D0D4	Q9D0D4;		ENSMUST00000022203.10;
Q9D0D5	Q9D0D5;		ENSMUST00000023525.9;
Q9D0E1	Q9D0E1;		ENSMUST00000087582.13 [Q9D0E1-2];ENSMUST00000148178.8 [Q9D0E1-1];
Q9D0F6	Q9D0F6;		ENSMUST00000086461.13;
Q9D0F9	Q9D0F9;		ENSMUST00000058351.16;
Q9D0K0	Q9D0K0;		ENSMUST00000021797.9 [Q9D0K0-1];ENSMUST00000179852.9 [Q9D0K0-1];ENSMUST00000220787.2 [Q9D0K0-2];
Q9D0K2	Q9D0K2;		ENSMUST00000110690.9;
Q9D0L6	Q9D0L6;		ENSMUST00000025075.3;
Q9D0M5	Q9D0M5;	1RE6;	ENSMUST00000020775.9;ENSMUST00000107923.10;ENSMUST00000178105.3;
Q9D0P5	Q9D0P5;	2DX8;2YYR;	ENSMUST00000038489.6;
Q9D0S4	Q9D0S4;		
Q9D0S9	Q9D0S9;		ENSMUST00000030192.5;
Q9D0V7	Q9D0V7;		ENSMUST00000022964.9;ENSMUST00000226165.2;ENSMUST00000227691.2;
Q9D106	Q9D106;		ENSMUST00000025647.7;
Q9D115	Q9D115;		ENSMUST00000078976.9;ENSMUST00000226453.2;ENSMUST00000226671.2;ENSMUST00000228275.2;
Q9D131	Q9D131;	8IYJ;	ENSMUST00000042468.9 [Q9D131-1];ENSMUST00000042576.11 [Q9D131-2];
Q9D132	Q9D132;		ENSMUST00000006476.6;
Q9D164	Q9D164;		ENSMUST00000085939.8 [Q9D164-1];ENSMUST00000217381.2 [Q9D164-2];
Q9D180	Q9D180;		ENSMUST00000071972.11;ENSMUST00000081921.7;
Q9D1C8	Q9D1C8;		ENSMUST00000078803.5;
Q9D1C9	Q9D1C9;		ENSMUST00000018184.10;
Q9D1F4	Q9D1F4;		ENSMUST00000054343.15;ENSMUST00000107880.9;
Q9D1F5	Q9D1F5;		ENSMUST00000020647.10;
Q9D1G0	Q9D1G0;		ENSMUST00000088506.12;ENSMUST00000119932.8;
Q9D1G3	Q9D1G3;		ENSMUST00000035110.11;ENSMUST00000163981.3;
Q9D1H6	Q9D1H6;		ENSMUST00000029925.10;
Q9D1H7	Q9D1H7;		ENSMUST00000026976.12 [Q9D1H7-1];ENSMUST00000110878.2 [Q9D1H7-2];
Q9D1H9	Q9D1H9;		ENSMUST00000040522.7 [Q9D1H9-2];ENSMUST00000064783.10 [Q9D1H9-1];
Q9D1J3	Q9D1J3;		ENSMUST00000105230.4;
Q9D1K7	Q9D1K7;		ENSMUST00000103188.10;
Q9D1M7	Q9D1M7;		ENSMUST00000003445.8;
Q9D241	Q9D241;		ENSMUST00000116094.5;
Q9D269	Q9D269;		ENSMUST00000028934.3;
Q9D273	Q9D273;		ENSMUST00000031560.14 [Q9D273-1];ENSMUST00000123256.3 [Q9D273-2];
Q9D279	Q9D279;		ENSMUST00000046833.5;ENSMUST00000169041.9;ENSMUST00000219305.2;
Q9D291	Q9D291;		ENSMUST00000027783.14;
Q9D2D7	Q9D2D7;		ENSMUST00000019482.8 [Q9D2D7-1];ENSMUST00000137799.2 [Q9D2D7-2];
Q9D2E2	Q9D2E2;		ENSMUST00000030451.10 [Q9D2E2-1];ENSMUST00000106455.8 [Q9D2E2-2];
Q9D2H6	Q9D2H6;		
Q9D2H9	Q9D2H9;		ENSMUST00000093100.3;
Q9D2J4	Q9D2J4;		
Q9D2L9	Q9D2L9;		ENSMUST00000025595.5;ENSMUST00000144662.8;
Q9D2M8	Q9D2M8;		ENSMUST00000115776.2 [Q9D2M8-2];ENSMUST00000115777.10 [Q9D2M8-1];
Q9D2P8	Q9D2P8;		ENSMUST00000068698.15 [Q9D2P8-1];ENSMUST00000093773.8 [Q9D2P8-2];ENSMUST00000111627.3 [Q9D2P8-2];ENSMUST00000174193.8 [Q9D2P8-2];ENSMUST00000214943.2 [Q9D2P8-2];ENSMUST00000215512.2 [Q9D2P8-4];
Q9D2S4	Q9D2S4;		ENSMUST00000010579.8;
Q9D2X5	Q9D2X5;		ENSMUST00000050561.13 [Q9D2X5-2];ENSMUST00000212451.2 [Q9D2X5-1];
Q9D2Y6	Q9D2Y6;		ENSMUST00000043520.5;
Q9D311	Q9D311;		ENSMUST00000028656.2;
Q9D350	Q9D350;		ENSMUST00000067288.15;ENSMUST00000172463.8;ENSMUST00000172881.8;ENSMUST00000173443.8;ENSMUST00000181001.8;
Q9D385	Q9D385;		ENSMUST00000034228.16 [Q9D385-1];ENSMUST00000109527.6 [Q9D385-2];
Q9D3D9	Q9D3D9;		ENSMUST00000003156.15;ENSMUST00000105367.8;
Q9D3E6	Q9D3E6;		ENSMUST00000129269.8;
Q9D3G5	Q9D3G5;		
Q9D3H2	Q9D3H2;		ENSMUST00000088201.2;
Q9D3J8	Q9D3J8;		ENSMUST00000073363.2;
Q9D3R3	Q9D3R3;		ENSMUST00000036456.8 [Q9D3R3-1];
Q9D3R6	Q9D3R6;		ENSMUST00000026486.13 [Q9D3R6-3];ENSMUST00000126153.8 [Q9D3R6-1];ENSMUST00000154665.2 [Q9D3R6-2];
Q9D3W1	Q9D3W1;		ENSMUST00000009214.10;ENSMUST00000179546.8;
Q9D3X9	Q9D3X9;		ENSMUST00000034066.4 [Q9D3X9-1];ENSMUST00000160719.8 [Q9D3X9-1];ENSMUST00000161421.2 [Q9D3X9-2];ENSMUST00000161702.8 [Q9D3X9-1];
Q9D404	Q9D404;		ENSMUST00000022311.12;ENSMUST00000112624.3;ENSMUST00000112625.9;
Q9D417	Q9D417;		ENSMUST00000031732.14;
Q9D478	Q9D478;		ENSMUST00000029920.15 [Q9D478-3];ENSMUST00000098538.9 [Q9D478-1];ENSMUST00000098539.7 [Q9D478-2];ENSMUST00000106192.9 [Q9D478-2];
Q9D479	Q9D479;		ENSMUST00000087864.12;ENSMUST00000202816.2;
Q9D485	Q9D485;	8I7O;8I7R;8IYJ;8TO0;	ENSMUST00000026014.8;
Q9D495	Q9D495;		ENSMUST00000026553.6;
Q9D4C9	Q9D4C9;		ENSMUST00000038841.14 [Q9D4C9-1];ENSMUST00000108348.2 [Q9D4C9-1];
Q9D4G9	Q9D4G9;		ENSMUST00000042450.10;ENSMUST00000224479.2;ENSMUST00000225815.2;ENSMUST00000225828.2;
Q9D4H1	Q9D4H1;	1HK6;	ENSMUST00000021785.8;ENSMUST00000102946.8;
Q9D4J1	Q9D4J1;	7CLT;7YGV;7YGW;	ENSMUST00000027472.7;ENSMUST00000118687.8;
Q9D4K7	Q9D4K7;	8I7O;8I7R;8IYJ;8TO0;	ENSMUST00000105383.4;
Q9D4L1	Q9D4L1;		
Q9D4Q1	Q9D4Q1;	8I7R;8IYJ;8TO0;	ENSMUST00000023067.4;
Q9D4W2	Q9D4W2;		ENSMUST00000005262.2;
Q9D531	Q9D531;		ENSMUST00000021828.6 [Q9D531-3];
Q9D554	Q9D554;		ENSMUST00000030734.5;
Q9D5G5	Q9D5G5;		
Q9D5H4	Q9D5H4;		ENSMUST00000025388.7;
Q9D5H8			ENSMUST00000107725.3;
Q9D5L7	Q9D5L7;		ENSMUST00000038562.9 [Q9D5L7-1];ENSMUST00000105684.2 [Q9D5L7-1];ENSMUST00000105685.2 [Q9D5L7-1];
Q9D5P4	Q9D5P4;		ENSMUST00000098361.4;
Q9D5R3	Q9D5R3;		ENSMUST00000020212.6 [Q9D5R3-1];
Q9D5U8	Q9D5U8;		ENSMUST00000037096.9 [Q9D5U8-1];
Q9D662	Q9D662;		ENSMUST00000028916.15;
Q9D676	Q9D676;		ENSMUST00000000254.14 [Q9D676-1];ENSMUST00000075789.4 [Q9D676-2];ENSMUST00000142388.8 [Q9D676-2];
Q9D684	Q9D684;		ENSMUST00000110005.8 [Q9D684-1];
Q9D6D0	Q9D6D0;		ENSMUST00000024705.6;
Q9D6H5	Q9D6H5;		ENSMUST00000001900.9;ENSMUST00000161915.8;
Q9D6I3	Q9D6I3;		ENSMUST00000020967.11;ENSMUST00000178879.3;
Q9D6J4	Q9D6J4;		ENSMUST00000000895.13 [Q9D6J4-1];ENSMUST00000109716.9 [Q9D6J4-2];
Q9D6J5	Q9D6J5;	6G2J;6G72;6ZR2;6ZTQ;7AK5;7AK6;7B93;7PSA;8C2S;8CA3;8CA5;8IAO;8IAQ;8IB4;8IB6;8IB9;8IBB;8IBD;8IBF;8IC2;8IC4;8OLT;8OM1;8PW5;8PW6;8PW7;8RGP;8RGQ;8RGR;8RGT;	ENSMUST00000026222.11;
Q9D6L8	Q9D6L8;		ENSMUST00000081677.12 [Q9D6L8-1];ENSMUST00000114345.9 [Q9D6L8-2];ENSMUST00000114348.8 [Q9D6L8-1];ENSMUST00000117069.8 [Q9D6L8-1];
Q9D6U8	Q9D6U8;		ENSMUST00000004057.9;
Q9D6V8	Q9D6V8;		ENSMUST00000041314.17;ENSMUST00000235210.2;ENSMUST00000235400.2;ENSMUST00000235476.2;ENSMUST00000236020.2;ENSMUST00000236414.2;ENSMUST00000236666.2;ENSMUST00000236868.2;
Q9D6Y9	Q9D6Y9;		ENSMUST00000163832.8;
Q9D6Z1	Q9D6Z1;		ENSMUST00000103198.11;
Q9D711	Q9D711;		ENSMUST00000033749.9;
Q9D720	Q9D720;		ENSMUST00000033006.15;
Q9D753	Q9D753;		ENSMUST00000029316.16;
Q9D757	Q9D757;		ENSMUST00000028369.6;
Q9D771	Q9D771;		ENSMUST00000027940.6;
Q9D7B1	Q9D7B1;	1WHN;	ENSMUST00000034375.11;
Q9D7B6	Q9D7B6;		
Q9D7G9	Q9D7G9;		ENSMUST00000075667.5;ENSMUST00000118810.2;ENSMUST00000119664.2;
Q9D7H3	Q9D7H3;		ENSMUST00000000348.15;
Q9D7K2	Q9D7K2;		ENSMUST00000021130.7;
Q9D7M1	Q9D7M1;		ENSMUST00000029090.9;ENSMUST00000078687.6;
Q9D7N9	Q9D7N9;		ENSMUST00000046399.7;
Q9D7P7	Q9D7P7;		ENSMUST00000114265.9;
Q9D7R7	Q9D7R7;		ENSMUST00000024782.12;
Q9D7W4	Q9D7W4;		
Q9D805	Q9D805;		ENSMUST00000093033.6;
Q9D824	Q9D824;		ENSMUST00000080164.12 [Q9D824-2];ENSMUST00000113534.9 [Q9D824-4];ENSMUST00000113535.9 [Q9D824-3];ENSMUST00000113536.8 [Q9D824-1];
Q9D826	Q9D826;		ENSMUST00000017597.5;
Q9D855	Q9D855;	7O3C;7O3E;7O3H;	
Q9D868	Q9D868;		ENSMUST00000056458.14 [Q9D868-2];ENSMUST00000106317.2 [Q9D868-1];ENSMUST00000106318.8 [Q9D868-2];ENSMUST00000106321.9 [Q9D868-2];ENSMUST00000122204.3 [Q9D868-2];
Q9D869	Q9D869;		ENSMUST00000033152.5;
Q9D880	Q9D880;		ENSMUST00000081946.5;
Q9D883	Q9D883;		ENSMUST00000014684.6;
Q9D8C6	Q9D8C6;	6W1S;8T1I;8T1L;	ENSMUST00000019067.8;
Q9D8C8	Q9D8C8;		ENSMUST00000031739.6;
Q9D8F3	Q9D8F3;		ENSMUST00000023220.10 [Q9D8F3-1];
Q9D8K3	Q9D8K3;		ENSMUST00000009236.6 [Q9D8K3-1];
Q9D8N3	Q9D8N3;		ENSMUST00000010451.8;
Q9D8Q6	Q9D8Q6;		ENSMUST00000039959.11 [Q9D8Q6-2];ENSMUST00000181366.3 [Q9D8Q6-2];ENSMUST00000238450.3 [Q9D8Q6-1];ENSMUST00000249867.1 [Q9D8Q6-2];
Q9D8S3	Q9D8S3;		ENSMUST00000226124.2;
Q9D8T0	Q9D8T0;	7ECQ;	ENSMUST00000015427.13;ENSMUST00000114142.8;ENSMUST00000114143.10;
Q9D8V7	Q9D8V7;		ENSMUST00000025394.14;
Q9D8W5	Q9D8W5;		ENSMUST00000021063.13;
Q9D8W6	Q9D8W6;		
Q9D8X5	Q9D8X5;		ENSMUST00000020822.12;ENSMUST00000108843.8;
Q9D920	Q9D920;		ENSMUST00000062755.10;
Q9D939	Q9D939;		ENSMUST00000023886.7;
Q9D956	Q9D956;		
Q9D975	Q9D975;		
Q9D9E0	Q9D9E0;		ENSMUST00000050772.10 [Q9D9E0-1];
Q9D9I1	Q9D9I1;	8I7O;8I7R;8IYJ;	ENSMUST00000035640.13;
Q9D9K8	Q9D9K8;		ENSMUST00000085114.8 [Q9D9K8-1];ENSMUST00000164965.3 [Q9D9K8-2];
Q9D9P8	Q9D9P8;		ENSMUST00000031900.6;
Q9D9S2	Q9D9S2;		ENSMUST00000046333.9;
Q9D9T0	Q9D9T0;		ENSMUST00000022315.12 [Q9D9T0-1];ENSMUST00000189865.7 [Q9D9T0-1];
Q9D9V3	Q9D9V3;		ENSMUST00000020034.6 [Q9D9V3-1];ENSMUST00000160399.8 [Q9D9V3-2];
Q9DA01	Q9DA01;		ENSMUST00000103100.2;
Q9DA11	Q9DA11;		ENSMUST00000021328.8;ENSMUST00000107014.8;
Q9DA69	Q9DA69;		ENSMUST00000054565.8 [Q9DA69-2];ENSMUST00000222821.2 [Q9DA69-1];
Q9DAA6	Q9DAA6;		ENSMUST00000075280.12 [Q9DAA6-1];ENSMUST00000112123.4 [Q9DAA6-2];
Q9DAD0	Q9DAD0;	8I7O;8I7R;8IYJ;8TO0;	ENSMUST00000029485.6;
Q9DAI2	Q9DAI2;		ENSMUST00000200157.5;
Q9DAI4	Q9DAI4;		ENSMUST00000028125.12;
Q9DAJ2	Q9DAJ2;	8I7O;8I7R;8IYJ;8TO0;	ENSMUST00000021155.4;ENSMUST00000108502.8;ENSMUST00000108503.9;
Q9DAK9	Q9DAK9;		ENSMUST00000039156.7;
Q9DAM5	Q9DAM5;		ENSMUST00000021089.11;ENSMUST00000178003.8;
Q9DAM9	Q9DAM9;	1WFU;	ENSMUST00000065359.12;
Q9DAN1	Q9DAN1;		ENSMUST00000033267.4;
Q9DAR0	Q9DAR0;	8IYJ;	ENSMUST00000022007.8;ENSMUST00000222604.2;
Q9DAR1	Q9DAR1;		ENSMUST00000034344.10 [Q9DAR1-1];
Q9DAS1	Q9DAS1;		ENSMUST00000034342.13 [Q9DAS1-1];ENSMUST00000098464.6 [Q9DAS1-2];ENSMUST00000211809.2 [Q9DAS1-4];ENSMUST00000212410.2 [Q9DAS1-5];
Q9DAS2	Q9DAS2;	8I7O;8I7R;8IYJ;	ENSMUST00000031078.10 [Q9DAS2-1];ENSMUST00000127815.2 [Q9DAS2-2];
Q9DAS9	Q9DAS9;		ENSMUST00000043148.13;ENSMUST00000114222.4;ENSMUST00000114224.8;ENSMUST00000114225.8;ENSMUST00000114226.8;ENSMUST00000114227.8;ENSMUST00000114228.8;
Q9DAT2	Q9DAT2;		ENSMUST00000029085.9 [Q9DAT2-1];ENSMUST00000169630.8 [Q9DAT2-1];
Q9DAT5	Q9DAT5;		ENSMUST00000023019.12;
Q9DB15	Q9DB15;		ENSMUST00000043627.8;
Q9DB20	Q9DB20;		ENSMUST00000023677.10;
Q9DB27	Q9DB27;		ENSMUST00000000365.3 [Q9DB27-1];
Q9DB30	Q9DB30;		ENSMUST00000033086.8;ENSMUST00000121004.3;
Q9DB70	Q9DB70;		ENSMUST00000026016.13;
Q9DB74	Q9DB74;		
Q9DB85	Q9DB85;		ENSMUST00000033179.14;
Q9DB90	Q9DB90;		ENSMUST00000002280.11 [Q9DB90-1];
Q9DBB9	Q9DBB9;		ENSMUST00000064856.9;
Q9DBC0			ENSMUST00000082439.6;
Q9DBC3	Q9DBC3;		ENSMUST00000024816.13;
Q9DBE8	Q9DBE8;		ENSMUST00000044148.3;
Q9DBE9	Q9DBE9;		ENSMUST00000021048.7;
Q9DBF7	Q9DBF7;		ENSMUST00000018685.9 [Q9DBF7-1];
Q9DBG5	Q9DBG5;	1SZI;	ENSMUST00000019726.8;
Q9DBG6	Q9DBG6;	5J6G;5J6H;	ENSMUST00000116380.9;
Q9DBH5	Q9DBH5;		ENSMUST00000021940.8;
Q9DBJ3	Q9DBJ3;	1SPK;	ENSMUST00000055190.8;
Q9DBK7	Q9DBK7;		ENSMUST00000035216.11;
Q9DBN1	Q9DBN1;		ENSMUST00000030011.6 [Q9DBN1-1];ENSMUST00000107782.8 [Q9DBN1-2];ENSMUST00000107783.8 [Q9DBN1-1];
Q9DBS8	Q9DBS8;		ENSMUST00000099295.6 [Q9DBS8-1];
Q9DBS9	Q9DBS9;		ENSMUST00000114468.9;
Q9DBU6	Q9DBU6;		ENSMUST00000065074.14;ENSMUST00000161726.2;ENSMUST00000162036.8;
Q9DBV3	Q9DBV3;		
Q9DBW0	Q9DBW0;		ENSMUST00000095328.6;
Q9DBX2	Q9DBX2;		ENSMUST00000009174.15;ENSMUST00000112940.8;
Q9DBX3	Q9DBX3;	2CQW;	ENSMUST00000077610.6 [Q9DBX3-2];ENSMUST00000095541.11 [Q9DBX3-1];
Q9DBY4	Q9DBY4;		ENSMUST00000127748.5;
Q9DBY5	Q9DBY5;		ENSMUST00000109627.8;
Q9DC11	Q9DC11;		ENSMUST00000028081.13;
Q9DC60	Q9DC60;		ENSMUST00000051633.3;
Q9DC63	Q9DC63;		ENSMUST00000028603.10 [Q9DC63-1];ENSMUST00000102565.4 [Q9DC63-2];ENSMUST00000111135.8 [Q9DC63-3];
Q9DC69	Q9DC69;	6G2J;6G72;6ZR2;6ZTQ;7AK5;7AK6;7B93;7PSA;8C2S;8CA3;8CA5;8IAO;8IAP;8IB4;8IB5;8IB9;8IBA;8IBD;8IBE;8IC2;8IC3;8OLT;8OM1;8PW5;8PW6;8PW7;8RGP;8RGQ;8RGR;8RGT;	ENSMUST00000205002.3;
Q9DC77	Q9DC77;		ENSMUST00000038007.10;ENSMUST00000112520.2;ENSMUST00000112521.8;ENSMUST00000190091.7;
Q9DCC4	Q9DCC4;		ENSMUST00000053918.9;
Q9DCD0	Q9DCD0;		ENSMUST00000084124.7;
Q9DCD2	Q9DCD2;		ENSMUST00000019614.13;
Q9DCG2	Q9DCG2;		ENSMUST00000028356.9 [Q9DCG2-2];ENSMUST00000074606.11 [Q9DCG2-1];
Q9DCG9	Q9DCG9;		ENSMUST00000088257.14;ENSMUST00000116551.10;
Q9DCI9	Q9DCI9;		ENSMUST00000220621.2;
Q9DCJ7	Q9DCJ7;	7PNT;7PNU;7PNV;7PNW;	ENSMUST00000084097.12;ENSMUST00000105591.2;ENSMUST00000105592.8;
Q9DCJ9	Q9DCJ9;		ENSMUST00000041874.9;
Q9DCL9	Q9DCL9;		ENSMUST00000031160.16;ENSMUST00000117536.8;ENSMUST00000120912.8;
Q9DCM7	Q9DCM7;		ENSMUST00000028300.6;ENSMUST00000114159.9;
Q9DCN2	Q9DCN2;		ENSMUST00000018186.16 [Q9DCN2-1];ENSMUST00000162834.3 [Q9DCN2-2];
Q9DCR4	Q9DCR4;	4NUF;	ENSMUST00000164756.4 [Q9DCR4-2];
Q9DCS9	Q9DCS9;	6G2J;6G72;6ZR2;6ZTQ;7AK5;7AK6;7B93;7PSA;8C2S;8CA3;8CA5;8IAO;8IAQ;8IB4;8IB6;8IB9;8IBB;8IBD;8IBF;8IC2;8IC4;8OLT;8OM1;8PW5;8PW6;8PW7;8RGP;8RGQ;8RGR;8RGT;	ENSMUST00000045602.9;
Q9DCT1	Q9DCT1;		ENSMUST00000091848.7;
Q9DCU2	Q9DCU2;		ENSMUST00000034227.6;
Q9DCU9	Q9DCU9;		ENSMUST00000081714.5;
Q9DCV7	Q9DCV7;		ENSMUST00000068904.9;
Q9DCW2	Q9DCW2;		ENSMUST00000034932.14;ENSMUST00000180154.9;
Q9DCX2	Q9DCX2;		ENSMUST00000043931.9;ENSMUST00000073791.10;ENSMUST00000106537.8;ENSMUST00000180072.8;
Q9DCX7	Q9DCX7;		ENSMUST00000050389.5;
Q9DCZ9	Q9DCZ9;		ENSMUST00000169282.8;
Q9DD18	Q9DD18;		ENSMUST00000028917.7 [Q9DD18-1];
Q9EP51	Q9EP51;		ENSMUST00000081706.2;ENSMUST00000089417.8;ENSMUST00000226577.2;
Q9EP79	Q9EP79;		ENSMUST00000079832.3;ENSMUST00000226520.2;ENSMUST00000227893.2;ENSMUST00000228394.2;ENSMUST00000228665.2;
Q9EP82	Q9EP82;		
Q9EP89	Q9EP89;		ENSMUST00000034929.7;
Q9EP93	Q9EP93;		
Q9EPB5	Q9EPB5;		ENSMUST00000078218.11 [Q9EPB5-1];
Q9EPB8	Q9EPB8;		ENSMUST00000058039.3;ENSMUST00000226921.2;
Q9EPE9	Q9EPE9;		ENSMUST00000034326.7;
Q9EPJ9	Q9EPJ9;		ENSMUST00000029092.13 [Q9EPJ9-1];ENSMUST00000108859.8 [Q9EPJ9-2];ENSMUST00000108860.8 [Q9EPJ9-2];
Q9EPK6	Q9EPK6;		ENSMUST00000025215.10;
Q9EPK7	Q9EPK7;		ENSMUST00000022696.8 [Q9EPK7-1];ENSMUST00000226448.2 [Q9EPK7-2];
Q9EPL6	Q9EPL6;		
Q9EPL9	Q9EPL9;		ENSMUST00000068947.14;ENSMUST00000114237.8;
Q9EQ06	Q9EQ06;		ENSMUST00000031251.16 [Q9EQ06-1];ENSMUST00000119025.2 [Q9EQ06-2];
Q9EQ15	Q9EQ15;		ENSMUST00000090086.11 [Q9EQ15-1];ENSMUST00000115600.4 [Q9EQ15-2];ENSMUST00000231621.2 [Q9EQ15-1];
Q9EQ20	Q9EQ20;		ENSMUST00000085192.7;
Q9EQ44	Q9EQ44;		
Q9EQ45	Q9EQ45;		ENSMUST00000075797.2;ENSMUST00000205088.3;ENSMUST00000226715.2;ENSMUST00000228401.2;
Q9EQ46	Q9EQ46;		ENSMUST00000075158.2;ENSMUST00000226925.2;ENSMUST00000228642.2;
Q9EQ47	Q9EQ47;		ENSMUST00000089420.6;ENSMUST00000204656.3;ENSMUST00000226345.2;ENSMUST00000226760.2;ENSMUST00000227047.2;ENSMUST00000227456.2;ENSMUST00000228700.2;
Q9EQ51	Q9EQ51;		
Q9EQ52	Q9EQ52;		ENSMUST00000073415.2;
Q9EQC0	Q9EQC0;		ENSMUST00000065797.7;
Q9EQC7	Q9EQC7;		ENSMUST00000020575.5;
Q9EQF6	Q9EQF6;		ENSMUST00000088081.11;ENSMUST00000114729.8;
Q9EQG3	Q9EQG3;		ENSMUST00000095576.5;
Q9EQK5	Q9EQK5;	3GF5;3GNF;3GNG;	ENSMUST00000133172.3;ENSMUST00000165096.10;
Q9EQP6	Q9EQP6;		ENSMUST00000113769.8;
Q9EQR6	Q9EQR6;		ENSMUST00000030165.5;
Q9EQS9	Q9EQS9;		ENSMUST00000035499.5 [Q9EQS9-2];ENSMUST00000213533.2 [Q9EQS9-1];
Q9EQT6	Q9EQT6;		ENSMUST00000028648.3;
Q9ER04	Q9ER04;		ENSMUST00000070390.12 [Q9ER04-4];ENSMUST00000165088.8 [Q9ER04-1];
Q9ER38	Q9ER38;		ENSMUST00000079625.11;ENSMUST00000122242.8;ENSMUST00000188964.7;
Q9ER47	Q9ER47;		ENSMUST00000075052.10;
Q9ER56	Q9ER56;		
Q9ER58	Q9ER58;		ENSMUST00000121820.9;
Q9ER63	Q9ER63;		ENSMUST00000152703.2;
Q9ER64	Q9ER64;		ENSMUST00000119499.8;
Q9ER72	Q9ER72;		ENSMUST00000010899.14 [Q9ER72-1];ENSMUST00000105909.4 [Q9ER72-2];
Q9ER80	Q9ER80;		ENSMUST00000038423.6;ENSMUST00000209422.2;ENSMUST00000210901.2;
Q9ER88	Q9ER88;	7PNT;7PNU;7PNV;7PNW;	ENSMUST00000173135.8 [Q9ER88-1];
Q9ERA0	Q9ERA0;		ENSMUST00000009877.8 [Q9ERA0-3];ENSMUST00000229696.2 [Q9ERA0-1];
Q9ERB0	Q9ERB0;		ENSMUST00000023449.11;
Q9ERD6	Q9ERD6;		ENSMUST00000027886.14 [Q9ERD6-3];ENSMUST00000063199.13 [Q9ERD6-1];ENSMUST00000171292.8 [Q9ERD6-1];ENSMUST00000172057.8 [Q9ERD6-2];ENSMUST00000185198.7 [Q9ERD6-4];ENSMUST00000191605.7 [Q9ERD6-1];
Q9ERF3	Q9ERF3;		ENSMUST00000051822.13;ENSMUST00000121204.8;
Q9ERH6	Q9ERH6;		ENSMUST00000173760.9;ENSMUST00000178384.2;
Q9ERI6	Q9ERI6;		ENSMUST00000020947.7;
Q9ERK9	Q9ERK9;		ENSMUST00000060174.6;
Q9ERM2	Q9ERM2;		ENSMUST00000001040.7 [Q9ERM2-1];ENSMUST00000215077.2 [Q9ERM2-2];
Q9ERQ8	Q9ERQ8;		ENSMUST00000056051.11;
Q9ERS6	Q9ERS6;		ENSMUST00000075471.4 [Q9ERS6-1];ENSMUST00000113063.8 [Q9ERS6-1];
Q9ERU3	Q9ERU3;		ENSMUST00000057540.6;ENSMUST00000079749.6;ENSMUST00000112880.8;
Q9ESF4	Q9ESF4;		ENSMUST00000023225.8;
Q9ESJ0	Q9ESJ0;	5DLQ;	
Q9ESJ4	Q9ESJ4;		ENSMUST00000035218.9;
Q9ESK3	Q9ESK3;		ENSMUST00000027488.11;
Q9ESL0	Q9ESL0;		
Q9ESL9	Q9ESL9;		ENSMUST00000034014.14;
Q9ESM3	Q9ESM3;		ENSMUST00000005014.9;
Q9ESN5	Q9ESN5;		ENSMUST00000070761.10 [Q9ESN5-2];
Q9EST4	Q9EST4;		ENSMUST00000025418.4 [Q9EST4-1];ENSMUST00000235799.2 [Q9EST4-3];
Q9ESV0	Q9ESV0;		ENSMUST00000044923.15;
Q9ESX4	Q9ESX4;		ENSMUST00000134159.3 [Q9ESX4-1];
Q9ET35	Q9ET35;		ENSMUST00000010286.8;ENSMUST00000101103.4;
Q9ET37	Q9ET37;		ENSMUST00000020450.4;
Q9JHB3	Q9JHB3;		ENSMUST00000032462.9;
Q9JHC9	Q9JHC9;		ENSMUST00000062009.14 [Q9JHC9-2];ENSMUST00000108051.8 [Q9JHC9-3];ENSMUST00000108053.9 [Q9JHC9-4];ENSMUST00000163748.8 [Q9JHC9-1];ENSMUST00000194641.6 [Q9JHC9-1];
Q9JHG2	Q9JHG2;		ENSMUST00000044792.6;ENSMUST00000177857.9;
Q9JHI2	Q9JHI2;		ENSMUST00000034427.12 [Q9JHI2-1];ENSMUST00000139820.8 [Q9JHI2-2];
Q9JHJ0	Q9JHJ0;		ENSMUST00000072232.9;
Q9JHJ5	Q9JHJ5;		ENSMUST00000008734.5;
Q9JHK4	Q9JHK4;		ENSMUST00000163889.3 [Q9JHK4-1];ENSMUST00000169237.8 [Q9JHK4-1];ENSMUST00000227061.2 [Q9JHK4-1];
Q9JHN8	Q9JHN8;		ENSMUST00000077477.12;
Q9JHU2	Q9JHU2;		
Q9JHX2	Q9JHX2;		ENSMUST00000100043.3;
Q9JI08	Q9JI08;		ENSMUST00000022680.9;
Q9JI38	Q9JI38;		ENSMUST00000034615.10;
Q9JI48	Q9JI48;		ENSMUST00000031264.12;ENSMUST00000097437.9;ENSMUST00000112910.2;
Q9JI58	Q9JI58;		ENSMUST00000095795.5;ENSMUST00000182677.8;
Q9JI67	Q9JI67;		ENSMUST00000099497.4;ENSMUST00000113800.9;
Q9JI74	Q9JI74;		ENSMUST00000022666.9;
Q9JI75	Q9JI75;		ENSMUST00000021843.13;ENSMUST00000058978.9;ENSMUST00000222740.2;
Q9JIC3	Q9JIC3;		
Q9JIE6	Q9JIE6;	4NN5;4NN6;4NN7;	ENSMUST00000025237.5;
Q9JIF9	Q9JIF9;		ENSMUST00000025349.12;ENSMUST00000115498.2;
Q9JIG4	Q9JIG4;		ENSMUST00000115742.9 [Q9JIG4-1];ENSMUST00000150787.8 [Q9JIG4-2];
Q9JIG7	Q9JIG7;		ENSMUST00000033483.5;
Q9JIK9	Q9JIK9;	7PNT;7PNU;7PNV;7PNW;	ENSMUST00000043907.14;ENSMUST00000154236.2;
Q9JIL2	Q9JIL2;		ENSMUST00000099241.4;
Q9JIL6	Q9JIL6;		ENSMUST00000032327.14 [Q9JIL6-1];ENSMUST00000111922.2 [Q9JIL6-2];
Q9JIM3	Q9JIM3;		ENSMUST00000067821.13 [Q9JIM3-2];ENSMUST00000144763.2 [Q9JIM3-4];ENSMUST00000238465.2 [Q9JIM3-1];
Q9JIN6	Q9JIN6;		ENSMUST00000068233.11;
Q9JIX0	Q9JIX0;		ENSMUST00000060652.5;
Q9JIY0	Q9JIY0;		ENSMUST00000015889.10;
Q9JJ72	Q9JJ72;		ENSMUST00000100089.3;
Q9JJ89	Q9JJ89;		ENSMUST00000025639.7;
Q9JJA4	Q9JJA4;		ENSMUST00000027173.15;ENSMUST00000117438.8;ENSMUST00000122038.8;
Q9JJC8	Q9JJC8;		ENSMUST00000032635.14;ENSMUST00000117812.8;ENSMUST00000119041.8;ENSMUST00000119201.8;
Q9JJE1	Q9JJE1;		
Q9JJE4	Q9JJE4;		ENSMUST00000024702.5;
Q9JJG5	Q9JJG5;		ENSMUST00000093292.11;ENSMUST00000109585.2;ENSMUST00000109586.3;
Q9JJG6	Q9JJG6;		ENSMUST00000026760.3 [Q9JJG6-1];ENSMUST00000171953.8 [Q9JJG6-1];
Q9JJG7	Q9JJG7;		ENSMUST00000086029.10 [Q9JJG7-1];ENSMUST00000111287.8 [Q9JJG7-2];ENSMUST00000111288.4 [Q9JJG7-2];
Q9JJH1	Q9JJH1;		
Q9JJI6	Q9JJI6;		
Q9JJK2	Q9JJK2;		ENSMUST00000050077.15;ENSMUST00000072954.8;
Q9JJL0	Q9JJL0;		ENSMUST00000049420.4;
Q9JJL8	Q9JJL8;		ENSMUST00000094632.6;
Q9JJL9	Q9JJL9;		ENSMUST00000044554.5;
Q9JJN1	Q9JJN1;		ENSMUST00000033099.6;
Q9JJN2		2YRK;	
Q9JJN4	Q9JJN4;		ENSMUST00000102640.2;
Q9JJN5	Q9JJN5;		ENSMUST00000026210.5;
Q9JJU6	Q9JJU6;		
Q9JK23	Q9JK23;		ENSMUST00000023630.16;
Q9JK30	Q9JK30;		ENSMUST00000048706.10 [Q9JK30-1];ENSMUST00000108142.8 [Q9JK30-2];
Q9JK53	Q9JK53;		ENSMUST00000048432.6;
Q9JK54	Q9JK54;		ENSMUST00000049877.3;
Q9JK92	Q9JK92;		ENSMUST00000036991.5;
Q9JKD3	Q9JKD3;		ENSMUST00000046587.8;ENSMUST00000214256.2;
Q9JKK7	Q9JKK7;		ENSMUST00000064433.11 [Q9JKK7-1];ENSMUST00000098552.10 [Q9JKK7-1];ENSMUST00000164100.2 [Q9JKK7-1];ENSMUST00000215036.2 [Q9JKK7-1];ENSMUST00000215614.2 [Q9JKK7-1];
Q9JKL1	Q9JKL1;		ENSMUST00000050887.9;ENSMUST00000204682.3;
Q9JKN5	Q9JKN5;		ENSMUST00000056882.7;
Q9JKP7	Q9JKP7;		
Q9JKP8	Q9JKP8;		ENSMUST00000089765.9;
Q9JKT3	Q9JKT3;		ENSMUST00000038750.7;
Q9JKV9	Q9JKV9;		ENSMUST00000027673.11;
Q9JKY7			ENSMUST00000023083.9;
Q9JL10	Q9JL10;		ENSMUST00000008528.8;
Q9JL15	Q9JL15;		ENSMUST00000099820.10;ENSMUST00000099821.10;ENSMUST00000124888.8;
Q9JL21	Q9JL21;		ENSMUST00000062759.4;
Q9JL25	Q9JL25;		ENSMUST00000189061.7 [Q9JL25-1];
Q9JL44			
Q9JL61	Q9JL61;		ENSMUST00000029772.3;ENSMUST00000107255.8;ENSMUST00000107260.9;ENSMUST00000137088.8;
Q9JL70	Q9JL70;		ENSMUST00000035495.15;
Q9JL95	Q9JL95;		ENSMUST00000028466.12 [Q9JL95-1];
Q9JLB0	Q9JLB0;		ENSMUST00000036225.15 [Q9JLB0-1];ENSMUST00000036236.15 [Q9JLB0-2];ENSMUST00000166318.8 [Q9JLB0-1];ENSMUST00000204545.3 [Q9JLB0-2];
Q9JLC4	Q9JLC4;		
Q9JLC6	Q9JLC6;		ENSMUST00000023024.8 [Q9JLC6-1];ENSMUST00000109553.10 [Q9JLC6-2];
Q9JLF1	Q9JLF1;		ENSMUST00000033711.6;
Q9JLG8	Q9JLG8;		ENSMUST00000041641.9 [Q9JLG8-1];ENSMUST00000212149.2 [Q9JLG8-1];
Q9JLM4	Q9JLM4;		ENSMUST00000063577.10;
Q9JLM9	Q9JLM9;		ENSMUST00000028252.14;
Q9JLN5	Q9JLN5;		ENSMUST00000239029.2 [Q9JLN5-1];
Q9JLR9	Q9JLR9;		ENSMUST00000060251.8;ENSMUST00000213124.2;ENSMUST00000215300.2;
Q9JLT2	Q9JLT2;		ENSMUST00000034609.11;
Q9JLV9	Q9JLV9;		ENSMUST00000021778.14 [Q9JLV9-1];ENSMUST00000126540.8 [Q9JLV9-2];
Q9JLX5	Q9JLX5;		
Q9JLY7	Q9JLY7;		ENSMUST00000018792.12;ENSMUST00000100705.11;ENSMUST00000108101.8;ENSMUST00000164891.8;
Q9JM08	Q9JM08;		
Q9JM76	Q9JM76;	7AQK;	ENSMUST00000102525.11;
Q9JMC2	Q9JMC2;		ENSMUST00000051857.5;
Q9JMC3	Q9JMC3;		ENSMUST00000070070.8;ENSMUST00000120452.8;
Q9JMD1	Q9JMD1;		ENSMUST00000054230.12;ENSMUST00000112184.10;ENSMUST00000228006.2;
Q9JMF3	Q9JMF3;		ENSMUST00000115108.4;ENSMUST00000172002.8;
Q9JMF7	Q9JMF7;		ENSMUST00000028209.15;
Q9JMG1	Q9JMG1;		ENSMUST00000015236.4;
Q9JMJ2	Q9JMJ2;		ENSMUST00000046869.11;
Q9MD68	Q9MD68;		
Q9QUH0	Q9QUH0;		ENSMUST00000022082.8;ENSMUST00000223120.2;
Q9QUK0	Q9QUK0;		ENSMUST00000069937.11 [Q9QUK0-2];ENSMUST00000086978.12 [Q9QUK0-1];ENSMUST00000113140.5 [Q9QUK0-1];ENSMUST00000113143.8 [Q9QUK0-2];
Q9QUM7	Q9QUM7;		
Q9QUN9	Q9QUN9;		ENSMUST00000033036.7;
Q9QUP4	Q9QUP4;		ENSMUST00000034430.6;
Q9QUP5	Q9QUP5;		ENSMUST00000022108.9;
Q9QUR6	Q9QUR6;		ENSMUST00000099858.4;
Q9QVN7	Q9QVN7;		ENSMUST00000103042.10;
Q9QW08	Q9QW08;		ENSMUST00000165062.8;ENSMUST00000191228.7;
Q9QWF0	Q9QWF0;	1S4Z;	ENSMUST00000002914.10;
Q9QWR8	Q9QWR8;		ENSMUST00000023088.8;
Q9QXB9	Q9QXB9;		ENSMUST00000018568.4;
Q9QXD1	Q9QXD1;		ENSMUST00000022271.14;ENSMUST00000164598.8;
Q9QXE2	Q9QXE2;		ENSMUST00000026239.7;
Q9QXE5	Q9QXE5;		ENSMUST00000006341.4;
Q9QXG9	Q9QXG9;		
Q9QXK3	Q9QXK3;		ENSMUST00000048774.13 [Q9QXK3-1];ENSMUST00000166192.7 [Q9QXK3-4];
Q9QXK8	Q9QXK8;		ENSMUST00000031146.3;
Q9QXP7	Q9QXP7;		ENSMUST00000017590.9;ENSMUST00000106286.3;
Q9QXQ1	Q9QXQ1;		ENSMUST00000020165.14;
Q9QXS8	Q9QXS8;		ENSMUST00000032074.5;
Q9QXT0	Q9QXT0;		ENSMUST00000026446.4;ENSMUST00000219037.2;
Q9QXT6	Q9QXT6;		ENSMUST00000025471.4;
Q9QXT9	Q9QXT9;		ENSMUST00000109124.10;ENSMUST00000164280.2;
Q9QY00	Q9QY00;		ENSMUST00000099918.5;
Q9QY48	Q9QY48;		ENSMUST00000029836.9;ENSMUST00000200633.2;
Q9QY61	Q9QY61;		ENSMUST00000022095.10;ENSMUST00000176684.8;
Q9QY73	Q9QY73;		ENSMUST00000030361.11;
Q9QY76	Q9QY76;	7X14;	
Q9QYA2	Q9QYA2;		ENSMUST00000032555.10;ENSMUST00000093552.12;
Q9QYE6	Q9QYE6;		ENSMUST00000021609.10;ENSMUST00000179218.9;
Q9QYI3	Q9QYI3;		ENSMUST00000014339.15;
Q9QYJ0	Q9QYJ0;		ENSMUST00000034138.7;
Q9QYJ3	Q9QYJ3;		ENSMUST00000005620.10;
Q9QYK9	Q9QYK9;		ENSMUST00000002087.14;ENSMUST00000114472.8;ENSMUST00000114473.8;
Q9QYL0	Q9QYL0;		ENSMUST00000038928.7;
Q9QYL7	Q9QYL7;		ENSMUST00000041782.4;
Q9QYM5	Q9QYM5;		ENSMUST00000001347.7;
Q9QYM9	Q9QYM9;		ENSMUST00000081851.4 [Q9QYM9-1];
Q9QYN3	Q9QYN3;		ENSMUST00000080211.12 [Q9QYN3-1];ENSMUST00000171458.2 [Q9QYN3-2];
Q9QYS1	Q9QYS1;		ENSMUST00000031681.10;
Q9QYZ9	Q9QYZ9;		ENSMUST00000024936.11;ENSMUST00000234765.2;
Q9QZ26	Q9QZ26;		ENSMUST00000134825.3;
Q9QZ28	Q9QZ28;		ENSMUST00000021519.7;
Q9QZ29	Q9QZ29;		
Q9QZ84			
Q9QZA0	Q9QZA0;		ENSMUST00000033739.5;
Q9QZB9	Q9QZB9;		ENSMUST00000033156.5;
Q9QZC2	Q9QZC2;		ENSMUST00000099337.5;
Q9QZE5	Q9QZE5;	5A1U;5A1V;5A1W;5A1X;5A1Y;5NZR;5NZS;5NZT;5NZU;5NZV;	ENSMUST00000113607.10;
Q9QZH3	Q9QZH3;		ENSMUST00000030404.5;
Q9QZI8	Q9QZI8;		ENSMUST00000020027.11;
Q9QZS6	Q9QZS6;		ENSMUST00000094103.4;
Q9QZU9	Q9QZU9;		ENSMUST00000102642.9;
Q9QZV9	Q9QZV9;		ENSMUST00000047177.4;ENSMUST00000109961.8;
Q9R000	Q9R000;		ENSMUST00000033674.6;
Q9R008	Q9R008;		ENSMUST00000043760.15;
Q9R013	Q9R013;		ENSMUST00000119694.3;
Q9R020	Q9R020;		ENSMUST00000106058.8 [Q9R020-1];
Q9R098	Q9R098;		ENSMUST00000030985.10;
Q9R0B9	Q9R0B9;		ENSMUST00000070522.14;
Q9R0H2	Q9R0H2;		ENSMUST00000119475.6 [Q9R0H2-2];ENSMUST00000122064.8 [Q9R0H2-1];
Q9R0I7	Q9R0I7;		ENSMUST00000101202.10;
Q9R0L7	Q9R0L7;		
Q9R0M1	Q9R0M1;		ENSMUST00000182350.3;
Q9R0M3	Q9R0M3;		ENSMUST00000044789.10 [Q9R0M3-1];ENSMUST00000115543.3 [Q9R0M3-2];
Q9R0P3	Q9R0P3;		ENSMUST00000022573.17;
Q9R0P6	Q9R0P6;		ENSMUST00000026818.12;
Q9R0Q4	Q9R0Q4;		ENSMUST00000033797.13;ENSMUST00000080411.13;ENSMUST00000113097.8;ENSMUST00000164609.8;ENSMUST00000166478.8;ENSMUST00000166930.8;ENSMUST00000169418.8;
Q9R0Q6	Q9R0Q6;		ENSMUST00000031625.15;
Q9R0R1	Q9R0R1;		ENSMUST00000023464.6;
Q9R0X2	Q9R0X2;		ENSMUST00000022641.9;
Q9R0Y1	Q9R0Y1;		ENSMUST00000029641.10;
Q9R0Y8	Q9R0Y8;		ENSMUST00000031119.6;
Q9R112	Q9R112;		ENSMUST00000005953.11;ENSMUST00000110506.9;
Q9R123	Q9R123;		ENSMUST00000093785.6;
Q9R157	Q9R157;		ENSMUST00000033957.12;
Q9R1A3	Q9R1A3;		ENSMUST00000024931.6;
Q9R1A9	Q9R1A9;	6A45;6A46;6A47;6A4B;	ENSMUST00000033738.8;
Q9R1C8	Q9R1C8;		ENSMUST00000068036.2;ENSMUST00000105802.8;
Q9R1N9	Q9R1N9;		ENSMUST00000105454.3 [Q9R1N9-2];
Q9R1P3	Q9R1P3;	3UNB;3UNE;3UNF;3UNH;8YPK;8YVP;	ENSMUST00000030642.3;
Q9R1Q6	Q9R1Q6;		ENSMUST00000101429.11;ENSMUST00000164733.4;ENSMUST00000166247.8;ENSMUST00000203355.3;ENSMUST00000204073.3;
Q9R1S3	Q9R1S3;		
Q9R1S8	Q9R1S8;		ENSMUST00000022451.14;
Q9R1T2	Q9R1T2;		ENSMUST00000094815.5 [Q9R1T2-1];ENSMUST00000210999.2 [Q9R1T2-1];ENSMUST00000211741.2 [Q9R1T2-2];
Q9R1W3	Q9R1W3;		ENSMUST00000064637.11;
Q9R1Z7	Q9R1Z7;		ENSMUST00000034570.7;
Q9R257	Q9R257;	2GOV;2HVA;4A1M;7OON;	
Q9WTJ4	Q9WTJ4;		ENSMUST00000077385.15;ENSMUST00000165320.3;ENSMUST00000167804.9;ENSMUST00000207030.2;ENSMUST00000208944.2;
Q9WTK3	Q9WTK3;		ENSMUST00000023221.13;
Q9WTL2	Q9WTL2;		ENSMUST00000008745.13;
Q9WTM4	Q9WTM4;		ENSMUST00000005103.12;
Q9WTN6	Q9WTN6;		ENSMUST00000076493.11;
Q9WTP2	Q9WTP2;		ENSMUST00000025295.8;
Q9WTP5	Q9WTP5;	6CG7;	ENSMUST00000065438.13;
Q9WTP7	Q9WTP7;		ENSMUST00000025696.5;
Q9WTT4	Q9WTT4;	9BRA;9BRQ;9BRR;9BRS;9BRT;9BRU;	ENSMUST00000068261.9;
Q9WTW3	Q9WTW3;		ENSMUST00000057262.8;
Q9WTW4	Q9WTW4;		ENSMUST00000031533.11;
Q9WTX7	Q9WTX7;		ENSMUST00000029922.14;ENSMUST00000108204.2;
Q9WTY1	Q9WTY1;		
Q9WTZ0	Q9WTZ0;		ENSMUST00000123836.2 [Q9WTZ0-1];
Q9WTZ8	Q9WTZ8;		ENSMUST00000049130.8;
Q9WU00	Q9WU00;		ENSMUST00000115209.8 [Q9WU00-1];ENSMUST00000115211.8 [Q9WU00-1];ENSMUST00000115212.8 [Q9WU00-1];ENSMUST00000167972.9 [Q9WU00-1];
Q9WU02	Q9WU02;		ENSMUST00000027690.7;
Q9WU20	Q9WU20;		ENSMUST00000097788.11;
Q9WU28	Q9WU28;		ENSMUST00000166658.8;
Q9WU66	Q9WU66;		
Q9WU81	Q9WU81;		ENSMUST00000115068.10 [Q9WU81-1];ENSMUST00000161114.2 [Q9WU81-2];
Q9WU84	Q9WU84;		ENSMUST00000037246.7;
Q9WUA1	Q9WUA1;		ENSMUST00000020439.11;
Q9WUB3	Q9WUB3;		ENSMUST00000035269.15;
Q9WUB4	Q9WUB4;		ENSMUST00000033913.11;
Q9WUD6	Q9WUD6;		
Q9WUF1	Q9WUF1;		ENSMUST00000071865.2;ENSMUST00000203791.3;ENSMUST00000226368.2;
Q9WUK2	Q9WUK2;	2DNG;	ENSMUST00000036125.10 [Q9WUK2-2];ENSMUST00000202622.4 [Q9WUK2-1];
Q9WUK4	Q9WUK4;		ENSMUST00000023867.8;
Q9WUM5	Q9WUM5;		ENSMUST00000064740.9;
Q9WUQ5	Q9WUQ5;		ENSMUST00000021970.11;
Q9WUT7	Q9WUT7;		ENSMUST00000163559.8;ENSMUST00000166236.9;ENSMUST00000168910.2;ENSMUST00000180093.2;
Q9WUU6	Q9WUU6;		
Q9WUU7	Q9WUU7;		ENSMUST00000016400.9;
Q9WUZ5	Q9WUZ5;		ENSMUST00000148201.8;ENSMUST00000152075.8;ENSMUST00000152208.8;ENSMUST00000154463.8;
Q9WV35	Q9WV35;	2RPZ;	ENSMUST00000046549.5;
Q9WV74	Q9WV74;		ENSMUST00000086843.11;
Q9WV84	Q9WV84;		ENSMUST00000025007.7;
Q9WV95	Q9WV95;		ENSMUST00000038945.6;
Q9WV98	Q9WV98;		ENSMUST00000021486.10;ENSMUST00000166120.9;ENSMUST00000220482.2;ENSMUST00000221367.2;ENSMUST00000221559.2;
Q9WVA3	Q9WVA3;		ENSMUST00000084502.7;
Q9WVD5	Q9WVD5;		ENSMUST00000033871.8;
Q9WVJ5	Q9WVJ5;	8H0R;	ENSMUST00000031286.13;ENSMUST00000112375.2;
Q9WVL2	Q9WVL2;		
Q9WVM6	Q9WVM6;		ENSMUST00000025986.15;
Q9WVP9	Q9WVP9;		
Q9Z0F0	Q9Z0F0;		ENSMUST00000087543.5;
Q9Z0G4	Q9Z0G4;		
Q9Z0H6	Q9Z0H6;		ENSMUST00000028935.4;
Q9Z0L1	Q9Z0L1;		ENSMUST00000053646.7;
Q9Z0L4	Q9Z0L4;		ENSMUST00000024049.8;
Q9Z0L8	Q9Z0L8;		ENSMUST00000098242.4 [Q9Z0L8-1];
Q9Z0N1	Q9Z0N1;		ENSMUST00000050328.15;
Q9Z0N2	Q9Z0N2;		ENSMUST00000091197.4;
Q9Z0R6	Q9Z0R6;		
Q9Z0S7	Q9Z0S7;		ENSMUST00000085989.8;
Q9Z0W3	Q9Z0W3;		ENSMUST00000057481.7 [Q9Z0W3-1];
Q9Z0Y1	Q9Z0Y1;		ENSMUST00000030158.11;
Q9Z0Y7	Q9Z0Y7;		ENSMUST00000067841.8;
Q9Z100	Q9Z100;		ENSMUST00000028897.8;
Q9Z108	Q9Z108;		ENSMUST00000109236.9;
Q9Z111	Q9Z111;	3CG6;	
Q9Z121	Q9Z121;		ENSMUST00000009329.3;
Q9Z130	Q9Z130;		
Q9Z179	Q9Z179;		ENSMUST00000022945.9;
Q9Z184	Q9Z184;		ENSMUST00000026377.9;
Q9Z185	Q9Z185;		ENSMUST00000026378.4;
Q9Z191	Q9Z191;		ENSMUST00000220299.2;
Q9Z1D9	Q9Z1D9;		ENSMUST00000031632.9;
Q9Z1M8	Q9Z1M8;		
Q9Z1N7	Q9Z1N7;		ENSMUST00000004780.16 [Q9Z1N7-1];ENSMUST00000164035.8 [Q9Z1N7-3];ENSMUST00000171444.8 [Q9Z1N7-1];
Q9Z1P6	Q9Z1P6;	6G2J;6G72;6ZR2;6ZTQ;7AK5;7AK6;7B93;7PSA;8C2S;8CA3;8CA5;8IAO;8IAP;8IB4;8IB5;8IB9;8IBA;8IBD;8IBE;8IC2;8IC3;8OLT;8OM1;8PW5;8PW6;8PW7;8RGP;8RGQ;8RGR;8RGT;	ENSMUST00000048249.8;
Q9Z1Q4	Q9Z1Q4;		ENSMUST00000173478.2;
Q9Z1Q9	Q9Z1Q9;		ENSMUST00000087315.14;
Q9Z1V0	Q9Z1V0;		ENSMUST00000059996.7;ENSMUST00000216214.2;
Q9Z210	Q9Z210;		ENSMUST00000048766.15;ENSMUST00000118557.8;
Q9Z211	Q9Z211;		ENSMUST00000032761.8;
Q9Z223	Q9Z223;		
Q9Z262	Q9Z262;		ENSMUST00000024699.4;ENSMUST00000232719.2;ENSMUST00000233364.2;
Q9Z275	Q9Z275;		ENSMUST00000053718.15;ENSMUST00000179243.3;
Q9Z282	Q9Z282;		ENSMUST00000021729.9;
Q9Z2E4	Q9Z2E4;		ENSMUST00000052827.6;
Q9Z2H1	Q9Z2H1;		
Q9Z2I9	Q9Z2I9;		ENSMUST00000022706.7;ENSMUST00000160507.8;
Q9Z2L7	Q9Z2L7;	6RPX;6RPY;6RPZ;	ENSMUST00000061283.15 [Q9Z2L7-1];ENSMUST00000103233.10 [Q9Z2L7-2];
Q9Z2M7	Q9Z2M7;		ENSMUST00000023396.10;ENSMUST00000230828.2;
Q9Z2Q2	Q9Z2Q2;		ENSMUST00000063607.12 [Q9Z2Q2-2];ENSMUST00000106549.9 [Q9Z2Q2-2];ENSMUST00000126792.9 [Q9Z2Q2-3];
Q9Z2T1	Q9Z2T1;		
Q9Z2X1	Q9Z2X1;	2DB1;	ENSMUST00000035493.14 [Q9Z2X1-1];ENSMUST00000163168.9 [Q9Z2X1-1];ENSMUST00000167182.8 [Q9Z2X1-1];ENSMUST00000180020.8 [Q9Z2X1-1];ENSMUST00000180341.2 [Q9Z2X1-1];
Q9Z2Z9	Q9Z2Z9;		ENSMUST00000020629.5;
Q9Z307	Q9Z307;		ENSMUST00000106635.2;ENSMUST00000106636.8;ENSMUST00000178798.2;ENSMUST00000180023.8;
Q9Z315	Q9Z315;		ENSMUST00000044207.5;
Q9Z320	Q9Z320;		ENSMUST00000017732.3;
Q9Z321	Q9Z321;		ENSMUST00000023465.16;ENSMUST00000232581.2;
Q9Z331	Q9Z331;		
R4I4W1	R4I4W1;		
S4R1W1	S4R1W1;		ENSMUST00000181173.2;
S4R2K6	S4R2K6;		ENSMUST00000145785.8;
S4R2K7	S4R2K7;		ENSMUST00000156637.3;
V5TBZ1	V5TBZ1;		
V5TE30	V5TE30;		
V9GWV3	V9GWV3;		ENSMUST00000184109.2;
V9GX76			ENSMUST00000184480.8;
V9GX91			ENSMUST00000184945.8;
V9GXP7	V9GXP7;		ENSMUST00000149140.8;
V9GXT3			ENSMUST00000183659.8;
Z4YJE4			ENSMUST00000020732.13;
A0A068BFS4	A0A068BFS4;		
A0A068BIT0	A0A068BIT0;		
A0A068ETZ5			
A0A075DCV7	A0A075DCV7;		
A0A076FRG6	A0A076FRG6;		
A0A076N9U7			
A0A087WNR0	A0A087WNR0;		ENSMUST00000187516.7;
A0A087WNR6	A0A087WNR6;		ENSMUST00000186811.2;
A0A087WNY2	A0A087WNY2;		ENSMUST00000187824.7;
A0A087WNY7	A0A087WNY7;		ENSMUST00000185383.2;
A0A087WNZ7			ENSMUST00000186648.7;
A0A087WP69	A0A087WP69;		ENSMUST00000188389.2;
A0A087WPA7	A0A087WPA7;		ENSMUST00000188495.8;
A0A087WPL5			ENSMUST00000186380.7;
A0A087WPL8			ENSMUST00000187785.2;
A0A087WPP1			ENSMUST00000189389.7;
A0A087WPT7	A0A087WPT7;		ENSMUST00000185929.2;
A0A087WPZ8			ENSMUST00000188865.7;
A0A087WQ16	A0A087WQ16;		ENSMUST00000185852.7;
A0A087WQ26	A0A087WQ26;		ENSMUST00000189665.7;
A0A087WQ31			ENSMUST00000190571.7;
A0A087WQ41	A0A087WQ41;		ENSMUST00000190044.7;
A0A087WQD8	A0A087WQD8;		ENSMUST00000189341.7;
A0A087WQE1	A0A087WQE1;		ENSMUST00000190985.8;
A0A087WQJ4			ENSMUST00000189520.7;
A0A087WQK5	A0A087WQK5;		ENSMUST00000191070.2;
A0A087WQN5	A0A087WQN5;		ENSMUST00000188285.7;
A0A087WQN9	A0A087WQN9;		ENSMUST00000187753.2;
A0A087WQT6			ENSMUST00000190213.2;ENSMUST00000191201.7;
A0A087WQT9			ENSMUST00000187386.7;
A0A087WR02			ENSMUST00000188078.7;
A0A087WR24	A0A087WR24;		ENSMUST00000188145.7;
A0A087WRA0	A0A087WRA0;		ENSMUST00000189556.2;
A0A087WRA8	A0A087WRA8;		ENSMUST00000188116.7;
A0A087WRE3	A0A087WRE3;		ENSMUST00000186368.7;
A0A087WRE5			ENSMUST00000186925.2;
A0A087WRE9	A0A087WRE9;		ENSMUST00000186415.7;
A0A087WRG0	A0A087WRG0;		ENSMUST00000187089.7;
A0A087WRM3			ENSMUST00000187317.7;
A0A087WRM7	A0A087WRM7;		ENSMUST00000191347.7;
A0A087WRS4	A0A087WRS4;		ENSMUST00000188991.7;
A0A087WRT0	A0A087WRT0;		ENSMUST00000185482.7;
A0A087WRU6	A0A087WRU6;		ENSMUST00000188539.2;
A0A087WRZ6			ENSMUST00000185345.7;
A0A087WS16			ENSMUST00000188587.7;
A0A087WS40			ENSMUST00000188106.7;
A0A087WS67			ENSMUST00000188522.7;
A0A087WS83			ENSMUST00000187541.7;
A0A087WSE7			ENSMUST00000190285.2;
A0A087WSK7	A0A087WSK7;		ENSMUST00000190734.3;
A0A087WSN6			ENSMUST00000186129.7;
A0A087WSR0			ENSMUST00000189109.7;ENSMUST00000249273.1;ENSMUST00000249274.1;ENSMUST00000249277.1;ENSMUST00000249278.1;ENSMUST00000249279.1;ENSMUST00000249280.1;
A0A0A0MQ73			ENSMUST00000023741.16;
A0A0A0MQ82			ENSMUST00000030677.7;
A0A0A0MQJ4	A0A0A0MQJ4;		ENSMUST00000152271.8;
A0A0A0MQK3	A0A0A0MQK3;		ENSMUST00000144942.2;
A0A0A0MQL5	A0A0A0MQL5;		ENSMUST00000136711.2;
A0A0A0MQN4	A0A0A0MQN4;		ENSMUST00000169310.10;
A0A0A6YVP9	A0A0A6YVP9;		ENSMUST00000193078.6;
A0A0A6YVY7	A0A0A6YVY7;		ENSMUST00000194224.6;
A0A0A6YVZ5	A0A0A6YVZ5;		ENSMUST00000138216.8;
A0A0A6YW14			ENSMUST00000194162.6;
A0A0A6YW28	A0A0A6YW28;		ENSMUST00000194959.6;
A0A0A6YW93	A0A0A6YW93;		ENSMUST00000194836.6;
A0A0A6YWA9	A0A0A6YWA9;		ENSMUST00000193394.2;
A0A0A6YWB9	A0A0A6YWB9;		ENSMUST00000192002.3;
A0A0A6YWG7			ENSMUST00000195708.2;
A0A0A6YX02	A0A0A6YX02;		ENSMUST00000193465.2;
A0A0A6YX37	A0A0A6YX37;		ENSMUST00000195681.2;
A0A0A6YXD7			ENSMUST00000192250.2;
A0A0A6YXE4	A0A0A6YXE4;		ENSMUST00000191869.6;
A0A0A6YXY1	A0A0A6YXY1;		ENSMUST00000127566.3;
A0A0A6YY12			ENSMUST00000194415.2;
A0A0A6YY36	A0A0A6YY36;		ENSMUST00000194324.6;
A0A0A6YY64	A0A0A6YY64;		ENSMUST00000192949.6;
A0A0B4J1E3	A0A0B4J1E3;		ENSMUST00000025751.11;
A0A0B4J1N9	A0A0B4J1N9;		ENSMUST00000186894.7;
A0A0B6VTJ4	A0A0B6VTJ4;		
A0A0D2X7Z2	A0A0D2X7Z2;		ENSMUST00000022518.8;
A0A0E3WJP9	A0A0E3WJP9;		
A0A0E4D014	A0A0E4D014;		
A0A0E4D027	A0A0E4D027;		
A0A0E4HEY7	A0A0E4HEY7;		
A0A0E4HJ81	A0A0E4HJ81;		
A0A0F7RQR1	A0A0F7RQR1;		
A0A0G2JDF7	A0A0G2JDF7;		ENSMUST00000200119.3;
A0A0G2JDU8	A0A0G2JDU8;		ENSMUST00000129483.3;
A0A0G2JEB6			ENSMUST00000197180.6;
A0A0G2JEC4	A0A0G2JEC4;		ENSMUST00000199854.5;
A0A0G2JED2	A0A0G2JED2;		ENSMUST00000198209.2;
A0A0G2JF55			ENSMUST00000196398.5;
A0A0G2JFB7	A0A0G2JFB7;		ENSMUST00000197574.2;
A0A0G2JFG6	A0A0G2JFG6;		ENSMUST00000197302.5;
A0A0G2JG19	A0A0G2JG19;		ENSMUST00000197771.5;
A0A0G2JG85	A0A0G2JG85;		ENSMUST00000200409.5;
A0A0G2JGC1			ENSMUST00000128309.8;ENSMUST00000132555.8;
A0A0G2JGF4	A0A0G2JGF4;		ENSMUST00000195978.5;
A0A0G2JGH3	A0A0G2JGH3;		ENSMUST00000198441.5;
A0A0G2JGW6	A0A0G2JGW6;		ENSMUST00000198931.2;
A0A0H2UKB8	A0A0H2UKB8;		ENSMUST00000026507.13;
A0A0J9YKD4	A0A0J9YKD4;		ENSMUST00000003643.3;
A0A0J9YTZ4	A0A0J9YTZ4;		ENSMUST00000201415.4;
A0A0J9YU61	A0A0J9YU61;		ENSMUST00000202122.2;
A0A0J9YUB8	A0A0J9YUB8;		ENSMUST00000201295.2;
A0A0J9YUH3			ENSMUST00000202129.2;
A0A0J9YUL3	A0A0J9YUL3;		ENSMUST00000202217.3;
A0A0J9YUW0	A0A0J9YUW0;		ENSMUST00000201814.4;
A0A0J9YV56	A0A0J9YV56;		ENSMUST00000202815.4;
A0A0J9YVB5	A0A0J9YVB5;		ENSMUST00000201134.2;
A0A0J9YVF8	A0A0J9YVF8;		ENSMUST00000201341.2;
A0A0M3HEP2	A0A0M3HEP2;		ENSMUST00000028229.13;
A0A0M3HEP3	A0A0M3HEP3;		ENSMUST00000031101.10;
A0A0M3HEQ0			ENSMUST00000115606.9;ENSMUST00000206151.3;
A0A0M6L0K7	A0A0M6L0K7;		
A0A0N4SUP8	A0A0N4SUP8;		ENSMUST00000204711.3;
A0A0N4SUU0			ENSMUST00000203955.3;
A0A0N4SUV0	A0A0N4SUV0;		ENSMUST00000203774.3;
A0A0N4SUY3	A0A0N4SUY3;		ENSMUST00000204080.3;
A0A0N4SUZ8	A0A0N4SUZ8;		ENSMUST00000140546.3;
A0A0N4SV48	A0A0N4SV48;		ENSMUST00000203877.2;
A0A0N4SV65	A0A0N4SV65;		ENSMUST00000205026.3;
A0A0N4SVG9	A0A0N4SVG9;		ENSMUST00000204126.2;
A0A0N4SVR6	A0A0N4SVR6;		ENSMUST00000203674.3;
A0A0N4SVR9	A0A0N4SVR9;		ENSMUST00000203483.2;
A0A0N4SVV4			ENSMUST00000009425.7;ENSMUST00000204182.2;
A0A0N4SW19	A0A0N4SW19;		ENSMUST00000204876.3;
A0A0N4SWC0	A0A0N4SWC0;		ENSMUST00000204145.3;
A0A0N4SWD7	A0A0N4SWD7;		ENSMUST00000203517.3;
A0A0N4SWF5	A0A0N4SWF5;		ENSMUST00000203012.3;
A0A0N4SWG4	A0A0N4SWG4;		ENSMUST00000203372.3;
A0A0R4IZY2	A0A0R4IZY2;		ENSMUST00000006094.6;
A0A0R4IZY9	A0A0R4IZY9;		ENSMUST00000007747.10;
A0A0R4J024	A0A0R4J024;		ENSMUST00000022115.14;
A0A0R4J032			ENSMUST00000022749;ENSMUST00000239466.2;
A0A0R4J036	A0A0R4J036;		ENSMUST00000022638.6;
A0A0R4J041	A0A0R4J041;		ENSMUST00000022767.16;
A0A0R4J048	A0A0R4J048;		ENSMUST00000025223.9;
A0A0R4J052	A0A0R4J052;		ENSMUST00000024974.16;
A0A0R4J061	A0A0R4J061;		ENSMUST00000025946.7;
A0A0R4J065	A0A0R4J065;		ENSMUST00000027502.16;
A0A0R4J069	A0A0R4J069;		ENSMUST00000027532.13;
A0A0R4J074	A0A0R4J074;		ENSMUST00000027956.9;
A0A0R4J092	A0A0R4J092;		ENSMUST00000029814.10;
A0A0R4J098	A0A0R4J098;		ENSMUST00000031227.11;
A0A0R4J0A6	A0A0R4J0A6;		ENSMUST00000032710.7;
A0A0R4J0B4	A0A0R4J0B4;		ENSMUST00000032419.9;
A0A0R4J0C0	A0A0R4J0C0;		ENSMUST00000033006.15;
A0A0R4J0D3	A0A0R4J0D3;		ENSMUST00000035010.10;
A0A0R4J0E0	A0A0R4J0E0;		ENSMUST00000034245.16;
A0A0R4J0F6			ENSMUST00000046603.15;
A0A0R4J0G0	A0A0R4J0G0;		ENSMUST00000048781.4;
A0A0R4J0H7			ENSMUST00000043848.11;
A0A0R4J0I6	A0A0R4J0I6;		ENSMUST00000047799.13;
A0A0R4J0I8	A0A0R4J0I8;		ENSMUST00000047275.8;
A0A0R4J0I9			ENSMUST00000049149.15;
A0A0R4J0J8			ENSMUST00000040105.8;ENSMUST00000105421.10;
A0A0R4J0M2	A0A0R4J0M2;		ENSMUST00000039090.9;
A0A0R4J0M9	A0A0R4J0M9;		ENSMUST00000057438.7;
A0A0R4J0P0			ENSMUST00000059072.6;ENSMUST00000209322.2;ENSMUST00000209421.2;
A0A0R4J0Q4	A0A0R4J0Q4;		ENSMUST00000061799.10;
A0A0R4J0Q6	A0A0R4J0Q6;		ENSMUST00000054384.6;
A0A0R4J0R1	A0A0R4J0R1;		ENSMUST00000059983.10;
A0A0R4J0R7			ENSMUST00000051995.14;ENSMUST00000110012.2;ENSMUST00000110013.10;
A0A0R4J0V5			ENSMUST00000071213.4;
A0A0R4J0W4	A0A0R4J0W4;		ENSMUST00000071889.13;
A0A0R4J0X2	A0A0R4J0X2;		ENSMUST00000074082.13;
A0A0R4J0X7	A0A0R4J0X7;		ENSMUST00000074758.6;
A0A0R4J0Z1	A0A0R4J0Z1;		ENSMUST00000077290.9;
A0A0R4J0Z2	A0A0R4J0Z2;		ENSMUST00000078634.12;
A0A0R4J101	A0A0R4J101;		ENSMUST00000080067.13;
A0A0R4J102			ENSMUST00000079754.11;ENSMUST00000132580.8;ENSMUST00000154376.8;
A0A0R4J111	A0A0R4J111;		ENSMUST00000082431.6;
A0A0R4J124	A0A0R4J124;		ENSMUST00000088392.9;
A0A0R4J135	A0A0R4J135;		ENSMUST00000090848.10;
A0A0R4J139	A0A0R4J139;		ENSMUST00000092143.12;
A0A0R4J145	A0A0R4J145;		ENSMUST00000093937.3;
A0A0R4J146	A0A0R4J146;		ENSMUST00000092689.9;
A0A0R4J174			ENSMUST00000098937.10;ENSMUST00000179422.8;ENSMUST00000180180.8;
A0A0R4J1F2	A0A0R4J1F2;		ENSMUST00000111104.2;
A0A0R4J1F3	A0A0R4J1F3;		ENSMUST00000110819.4;
A0A0R4J1J2			ENSMUST00000047383.10;ENSMUST00000113971.2;
A0A0R4J1J3	A0A0R4J1J3;		ENSMUST00000114112.4;
A0A0R4J1K4	A0A0R4J1K4;		ENSMUST00000115047.3;
A0A0R4J1K8	A0A0R4J1K8;		ENSMUST00000115304.8;
A0A0R4J1K9	A0A0R4J1K9;		ENSMUST00000115049.9;
A0A0R4J1L0	A0A0R4J1L0;		ENSMUST00000115125.8;
A0A0R4J1N2	A0A0R4J1N2;		ENSMUST00000120573.3;
A0A0R4J1N7			ENSMUST00000121802.9;
A0A0R4J1P7	A0A0R4J1P7;		ENSMUST00000117096.2;
A0A0R4J1T3	A0A0R4J1T3;		ENSMUST00000145640.8;
A0A0R4J1Z2			ENSMUST00000050349.3;ENSMUST00000161178.2;
A0A0R4J1Z4	A0A0R4J1Z4;		ENSMUST00000160260.9;
A0A0R4J205			ENSMUST00000040321.13;ENSMUST00000162864.8;
A0A0R4J206			ENSMUST00000015680.11;ENSMUST00000166176.9;ENSMUST00000184672.8;
A0A0R4J288			ENSMUST00000046244.15;ENSMUST00000180043.8;
A0A0R4J293			ENSMUST00000002389.9;ENSMUST00000168729.8;ENSMUST00000178034.9;
A0A0R4J2A0			ENSMUST00000181283.3;
A0A0R4J2C1	A0A0R4J2C1;		ENSMUST00000191601.7;
A0A0R4J2D0	A0A0R4J2D0;		ENSMUST00000189257.7;
A0A0R4J2D3			ENSMUST00000194543.4;
A0A0R5RP28			
A0A0R5RP29			
A0A0U1RNF2	A0A0U1RNF2;		ENSMUST00000206574.2;
A0A0U1RNW7	A0A0U1RNW7;		ENSMUST00000205357.2;
A0A0U1RNX4	A0A0U1RNX4;		ENSMUST00000206581.2;
A0A0U1RNX9	A0A0U1RNX9;		ENSMUST00000136773.3;
A0A0U1RP23			ENSMUST00000206464.2;
A0A0U1RP46	A0A0U1RP46;		ENSMUST00000206098.2;
A0A0U1RP99	A0A0U1RP99;		ENSMUST00000206968.2;
A0A0U1RPF3	A0A0U1RPF3;		ENSMUST00000206084.2;
A0A0U1RPJ4	A0A0U1RPJ4;		ENSMUST00000206914.2;
A0A0U1RPL1			ENSMUST00000205884.2;
A0A0U1RPL2	A0A0U1RPL2;		ENSMUST00000205344.2;
A0A0U1RPM2	A0A0U1RPM2;		ENSMUST00000206728.2;
A0A0U1RPP1			ENSMUST00000187007.3;
A0A0U1RPU8	A0A0U1RPU8;		ENSMUST00000206869.2;
A0A0U1RPW6	A0A0U1RPW6;		ENSMUST00000205996.2;
A0A0U1RQ81	A0A0U1RQ81;		ENSMUST00000206969.2;
A0A0X1KG60	A0A0X1KG60;		ENSMUST00000033088.8;
A0A0X1KG61	A0A0X1KG61;		ENSMUST00000037644.8;
A0A140LHG7	A0A140LHG7;		ENSMUST00000208253.2;
A0A140LHP7			ENSMUST00000207982.2;
A0A140LHU9			ENSMUST00000207941.2;
A0A140LI54			ENSMUST00000208002.2;
A0A140LIF0	A0A140LIF0;		ENSMUST00000209146.2;
A0A140LIQ5	A0A140LIQ5;		ENSMUST00000207320.2;
A0A140LIT2	A0A140LIT2;		ENSMUST00000207143.2;
A0A140LJ49	A0A140LJ49;		ENSMUST00000207853.2;
A0A140LJC6	A0A140LJC6;		ENSMUST00000208920.2;
A0A140LJJ9	A0A140LJJ9;		ENSMUST00000207353.2;
A0A140LJK2	A0A140LJK2;		ENSMUST00000207800.2;
A0A158SIS7			ENSMUST00000005371.12;
A0A171EBK7	A0A171EBK7;		ENSMUST00000020301.14;
A0A183ZRM3	A0A183ZRM3;		
A0A1B0GQX9	A0A1B0GQX9;		ENSMUST00000210871.2;
A0A1B0GR41			ENSMUST00000210449.2;
A0A1B0GR54	A0A1B0GR54;		ENSMUST00000211498.2;
A0A1B0GR65	A0A1B0GR65;		ENSMUST00000209990.2;
A0A1B0GR89			ENSMUST00000209426.2;
A0A1B0GR95			ENSMUST00000209432.2;
A0A1B0GRH0	A0A1B0GRH0;		ENSMUST00000209902.2;
A0A1B0GRH2	A0A1B0GRH2;		ENSMUST00000211788.2;
A0A1B0GRT6	A0A1B0GRT6;		ENSMUST00000209256.2;
A0A1B0GRV0	A0A1B0GRV0;		ENSMUST00000210277.2;
A0A1B0GRW3	A0A1B0GRW3;		ENSMUST00000210439.2;
A0A1B0GRY5	A0A1B0GRY5;		ENSMUST00000211179.2;
A0A1B0GS15	A0A1B0GS15;		ENSMUST00000209667.2;
A0A1B0GSB5	A0A1B0GSB5;		ENSMUST00000211107.2;
A0A1B0GSE4	A0A1B0GSE4;		ENSMUST00000210724.2;
A0A1B0GSE5	A0A1B0GSE5;		ENSMUST00000209206.2;
A0A1B0GSG2			ENSMUST00000210770.2;
A0A1B0GSR4	A0A1B0GSR4;		ENSMUST00000211666.2;
A0A1B0GSX7			ENSMUST00000210682.2;
A0A1B0GT54			ENSMUST00000211440.2;
A0A1B0GT67	A0A1B0GT67;		ENSMUST00000211752.2;
A0A1B0GX15	A0A1B0GX15;		ENSMUST00000174144.8;
A0A1B0GX27	A0A1B0GX27;		ENSMUST00000120864.10;
A0A1B0GX81	A0A1B0GX81;		ENSMUST00000174281.9;
A0A1B4Z9R9	A0A1B4Z9R9;		
A0A1C7CYU3	A0A1C7CYU3;		ENSMUST00000033096.16;
A0A1C7CYU5	A0A1C7CYU5;		ENSMUST00000048079.14;
A0A1C7ZMZ7	A0A1C7ZMZ7;		ENSMUST00000149324.3;
A0A1D5RLG1	A0A1D5RLG1;		ENSMUST00000212421.2;
A0A1D5RLG3	A0A1D5RLG3;		ENSMUST00000212506.2;
A0A1D5RLU3			ENSMUST00000211821.2;
A0A1D5RLV1			ENSMUST00000212761.2;
A0A1D5RM32	A0A1D5RM32;		ENSMUST00000212773.2;
A0A1D5RM43	A0A1D5RM43;		ENSMUST00000211824.2;
A0A1D5RMD1	A0A1D5RMD1;		
A0A1D5RMI7	A0A1D5RMI7;		ENSMUST00000212802.2;
A0A1D5RML1	A0A1D5RML1;		ENSMUST00000212409.2;
A0A1L1SQ24	A0A1L1SQ24;		ENSMUST00000215716.2;
A0A1L1SQ41	A0A1L1SQ41;		ENSMUST00000216011.2;
A0A1L1SQF5	A0A1L1SQF5;		ENSMUST00000213444.2;
A0A1L1SQG7			ENSMUST00000214374.2;
A0A1L1SQZ2			ENSMUST00000215756.2;
A0A1L1SSH9			ENSMUST00000213866.2;ENSMUST00000216313.2;
A0A1L1SSN4	A0A1L1SSN4;		ENSMUST00000214896.2;
A0A1L1STC0	A0A1L1STC0;		ENSMUST00000215296.2;
A0A1L1STZ4	A0A1L1STZ4;		ENSMUST00000214397.3;
A0A1L1SUG9			ENSMUST00000213524.3;
A0A1L1SUL6	A0A1L1SUL6;		ENSMUST00000163199.5;
A0A1L1SVK0	A0A1L1SVK0;		ENSMUST00000215060.2;
A0A1S6GWH4	A0A1S6GWH4;		
A0A1S6GWH5	A0A1S6GWH5;		
A0A1S6GWJ4			ENSMUST00000224765.2;
A0A1W2P6S4	A0A1W2P6S4;		ENSMUST00000217889.2;
A0A1W2P6T3			ENSMUST00000219223.2;
A0A1W2P6Y1	A0A1W2P6Y1;		ENSMUST00000219706.2;
A0A1W2P6Z7			ENSMUST00000219833.2;
A0A1W2P721	A0A1W2P721;		ENSMUST00000219315.2;
A0A1W2P731			ENSMUST00000220022.2;
A0A1W2P733	A0A1W2P733;		ENSMUST00000220046.2;
A0A1W2P736	A0A1W2P736;		ENSMUST00000218621.2;
A0A1W2P788	A0A1W2P788;		ENSMUST00000220088.2;
A0A1W2P7C0	A0A1W2P7C0;		ENSMUST00000219003.2;
A0A1W2P7K8	A0A1W2P7K8;		ENSMUST00000218880.2;
A0A1W2P7L6			ENSMUST00000218452.2;
A0A1W2P7M5	A0A1W2P7M5;		ENSMUST00000218087.2;
A0A1W2P7W3			ENSMUST00000218553.2;
A0A1W2P805			ENSMUST00000219018.2;
A0A1W2P831	A0A1W2P831;		ENSMUST00000220365.2;
A0A1W2P848	A0A1W2P848;		ENSMUST00000219689.2;
A0A1W2P879	A0A1W2P879;		ENSMUST00000218857.2;
A0A1W2P884	A0A1W2P884;		ENSMUST00000220443.2;
A0A1Y7VJA2	A0A1Y7VJA2;		ENSMUST00000223109.2;
A0A1Y7VK76	A0A1Y7VK76;		ENSMUST00000221177.2;
A0A1Y7VK92	A0A1Y7VK92;		ENSMUST00000221470.2;
A0A1Y7VKG6	A0A1Y7VKG6;		ENSMUST00000220836.2;
A0A1Y7VKX4	A0A1Y7VKX4;		ENSMUST00000222322.2;
A0A1Y7VLI0			ENSMUST00000222724.2;
A0A1Y7VLJ4	A0A1Y7VLJ4;		ENSMUST00000223337.2;
A0A1Y7VM08	A0A1Y7VM08;		ENSMUST00000221691.2;
A0A1Y7VM96	A0A1Y7VM96;		ENSMUST00000223205.2;
A0A1Y7VMA9	A0A1Y7VMA9;		ENSMUST00000220680.2;
A0A1Y7VNS6	A0A1Y7VNS6;		ENSMUST00000222562.2;
A0A1Y7VP11			ENSMUST00000221522.2;ENSMUST00000223303.2;
A0A217FL62	A0A217FL62;		ENSMUST00000045583.9;
A0A240FAT1			
A0A286T486	A0A286T486;		
A0A286T4B5	A0A286T4B5;		
A0A286T4G6	A0A286T4G6;		
A0A286T4G8	A0A286T4G8;		
A0A286T4I5	A0A286T4I5;		
A0A286YCD7	A0A286YCD7;		ENSMUST00000223915.2;
A0A286YCE7	A0A286YCE7;		ENSMUST00000224395.2;
A0A286YCF5	A0A286YCF5;		ENSMUST00000225556.2;
A0A286YCI9	A0A286YCI9;		ENSMUST00000224787.2;
A0A286YCM2	A0A286YCM2;		ENSMUST00000224524.2;
A0A286YCN3	A0A286YCN3;		ENSMUST00000224899.2;
A0A286YCP1			ENSMUST00000224025.2;
A0A286YCQ2	A0A286YCQ2;		ENSMUST00000225471.2;
A0A286YCV0	A0A286YCV0;		ENSMUST00000225980.2;
A0A286YCW3	A0A286YCW3;		ENSMUST00000223727.2;
A0A286YCZ9	A0A286YCZ9;		ENSMUST00000224077.2;
A0A286YD02	A0A286YD02;		ENSMUST00000224874.2;
A0A286YD16	A0A286YD16;		ENSMUST00000224735.2;
A0A286YD35	A0A286YD35;		ENSMUST00000145596.3;
A0A286YD40	A0A286YD40;		ENSMUST00000225423.2;
A0A286YD59	A0A286YD59;		ENSMUST00000224232.2;
A0A286YD72			ENSMUST00000224785.3;
A0A286YDB5	A0A286YDB5;		ENSMUST00000226051.2;
A0A286YDC1	A0A286YDC1;		ENSMUST00000223655.2;
A0A286YDH1	A0A286YDH1;		ENSMUST00000224030.2;
A0A286YDK4			ENSMUST00000225303.2;
A0A286YDK6	A0A286YDK6;		ENSMUST00000224277.2;
A0A286YDM3	A0A286YDM3;		ENSMUST00000225176.2;
A0A286YDR7	A0A286YDR7;		ENSMUST00000224812.2;
A0A286YDU9	A0A286YDU9;		ENSMUST00000225315.2;
A0A286YDV6	A0A286YDV6;		ENSMUST00000225922.2;
A0A286YE30	A0A286YE30;		ENSMUST00000225431.2;
A0A286YEC0	A0A286YEC0;		ENSMUST00000224691.3;
A0A286YEC4	A0A286YEC4;		ENSMUST00000224342.2;
A0A286YEC9			ENSMUST00000223562.2;ENSMUST00000224784.2;
A0A286YED2	A0A286YED2;		ENSMUST00000225641.2;
A0A2C9F2D2	A0A2C9F2D2;		ENSMUST00000100844.6;
A0A2C9F2E5			ENSMUST00000112249.10;
A0A2I3BPC1	A0A2I3BPC1;		ENSMUST00000227955.2;
A0A2I3BPN6	A0A2I3BPN6;		ENSMUST00000227325.2;
A0A2I3BPX3	A0A2I3BPX3;		ENSMUST00000227791.2;
A0A2I3BQ43	A0A2I3BQ43;		ENSMUST00000227767.2;
A0A2I3BQ46	A0A2I3BQ46;		ENSMUST00000228014.2;
A0A2I3BQ48	A0A2I3BQ48;		ENSMUST00000226342.3;
A0A2I3BQH2	A0A2I3BQH2;		ENSMUST00000227052.2;
A0A2I3BR03	A0A2I3BR03;		ENSMUST00000227737.2;
A0A2I3BRC5	A0A2I3BRC5;		ENSMUST00000228566.2;
A0A2I3BRK6	A0A2I3BRK6;		ENSMUST00000226827.2;
A0A2I3BS18	A0A2I3BS18;		ENSMUST00000227173.2;
A0A2R8VHC9	A0A2R8VHC9;		ENSMUST00000230627.2;
A0A2R8VHF0	A0A2R8VHF0;		ENSMUST00000229953.2;
A0A2R8VHH9	A0A2R8VHH9;		ENSMUST00000229388.2;
A0A2R8VHP7			ENSMUST00000230437.2;
A0A2R8W6H9	A0A2R8W6H9;		ENSMUST00000229278.2;
A0A2R8W6J8			ENSMUST00000229120.2;
A0A2R8W6J9	A0A2R8W6J9;		ENSMUST00000229923.2;
A0A2R8W6P0	A0A2R8W6P0;		ENSMUST00000230641.2;
A0A2R8W710	A0A2R8W710;		ENSMUST00000230544.2;
A0A2U3TZ67	A0A2U3TZ67;		ENSMUST00000115749.3;
A0A2X0SFE2	A0A2X0SFE2;		
A0A338P673	A0A338P673;		ENSMUST00000232309.2;
A0A338P6F6	A0A338P6F6;		ENSMUST00000231866.2;
A0A338P6F7			ENSMUST00000232205.2;
A0A338P6P6	A0A338P6P6;		ENSMUST00000229010.3;
A0A338P6W9	A0A338P6W9;		ENSMUST00000231832.2;
A0A338P7L9	A0A338P7L9;		ENSMUST00000126215.2;
A0A384DV92	A0A384DV92;		ENSMUST00000115724.9;
A0A3B2W450	A0A3B2W450;		ENSMUST00000233752.2;
A0A3B2W864	A0A3B2W864;		ENSMUST00000233710.2;
A0A3B2WCN9	A0A3B2WCN9;		ENSMUST00000233027.2;
A0A3B2WCR6	A0A3B2WCR6;		ENSMUST00000233657.2;
A0A3B2WD28			ENSMUST00000233935.2;
A0A3B2WD93	A0A3B2WD93;		ENSMUST00000233777.2;
A0A3Q4EBU5	A0A3Q4EBU5;		ENSMUST00000235015.2;
A0A3Q4EGE7	A0A3Q4EGE7;		ENSMUST00000234086.2;
A0A3Q4EHZ1	A0A3Q4EHZ1;		ENSMUST00000234911.2;
A0A3Q4L326	A0A3Q4L326;		ENSMUST00000234923.2;
A0A494B979	A0A494B979;		ENSMUST00000237072.2;
A0A494B9M4	A0A494B9M4;		ENSMUST00000134042.4;
A0A494B9Q6	A0A494B9Q6;		ENSMUST00000228089.3;
A0A494B9X2	A0A494B9X2;		ENSMUST00000237487.2;
A0A494BA32	A0A494BA32;		ENSMUST00000236859.2;
A0A494BAB1	A0A494BAB1;		ENSMUST00000237472.2;
A0A494BAN5	A0A494BAN5;		ENSMUST00000236399.2;
A0A494BAX0	A0A494BAX0;		ENSMUST00000236898.2;
A0A494BAY2	A0A494BAY2;		ENSMUST00000237514.2;
A0A494BB68	A0A494BB68;		ENSMUST00000235590.2;
A0A494BB82			ENSMUST00000235896.2;ENSMUST00000238084.2;
A0A494BBB9	A0A494BBB9;		ENSMUST00000236990.2;
A0A494BBD8	A0A494BBD8;		ENSMUST00000171423.9;
A0A494BBJ1	A0A494BBJ1;		ENSMUST00000160417.8;
A0A494BBP5	A0A494BBP5;		ENSMUST00000235232.2;
A0A494BBQ4	A0A494BBQ4;		ENSMUST00000235988.2;
A0A498WGL8	A0A498WGL8;		ENSMUST00000113852.6;
A0A498WGM0	A0A498WGM0;		ENSMUST00000169121.9;
A0A498WGR4	A0A498WGR4;		ENSMUST00000025842.8;
A0A4W8	A0A4W8;		
A0A571BD95			ENSMUST00000238439.2;
A0A571BDK1	A0A571BDK1;		ENSMUST00000055537.3;
A0A571BDL9	A0A571BDL9;		ENSMUST00000238603.2;
A0A571BDT1			ENSMUST00000238675.2;
A0A571BEJ2			ENSMUST00000238415.2;
A0A571BEK9	A0A571BEK9;		ENSMUST00000238526.2;
A0A571BEL3			ENSMUST00000187142.3;
A0A571BEM2	A0A571BEM2;		ENSMUST00000238267.2;
A0A571BEQ4			ENSMUST00000238568.2;
A0A571BET0			ENSMUST00000238701.2;
A0A571BEV7	A0A571BEV7;		ENSMUST00000238520.2;
A0A571BGE2			ENSMUST00000238361.2;
A0A589Q4M7			ENSMUST00000223803.3;
A0A5F8MP75			ENSMUST00000238446.3;
A0A5F8MP95			ENSMUST00000239095.2;
A0A5F8MPC4	A0A5F8MPC4;		ENSMUST00000238856.2;
A0A5F8MPD3	A0A5F8MPD3;		ENSMUST00000239150.2;
A0A5F8MPF3			ENSMUST00000238957.2;
A0A5F8MPG1	A0A5F8MPG1;		ENSMUST00000238839.2;
A0A5F8MPG4	A0A5F8MPG4;		ENSMUST00000239143.2;
A0A5F8MPK0	A0A5F8MPK0;		ENSMUST00000238901.2;
A0A5F8MPM2	A0A5F8MPM2;		ENSMUST00000238848.2;
A0A5F8MPM4			ENSMUST00000238908.2;
A0A5F8MPN4			ENSMUST00000238920.2;
A0A5F8MPN7	A0A5F8MPN7;		ENSMUST00000239112.3;
A0A5F8MPN8			ENSMUST00000238916.2;
A0A5F8MPP4	A0A5F8MPP4;		ENSMUST00000239066.2;
A0A5F8MPR0	A0A5F8MPR0;		ENSMUST00000207743.2;
A0A5F8MPR7	A0A5F8MPR7;		ENSMUST00000238819.2;
A0A5F8MPU7			ENSMUST00000238968.2;
A0A5F8MPY3	A0A5F8MPY3;		ENSMUST00000239146.2;
A0A5F8MPY8	A0A5F8MPY8;		ENSMUST00000238974.2;
A0A5F8MPZ9			ENSMUST00000238942.2;
A0A5F8MQ17			ENSMUST00000238946.2;
A0A5H1ZRL1	A0A5H1ZRL1;		ENSMUST00000115050.10;
A0A5K1VVP6			ENSMUST00000089622.11;
A0A5Q0MU23	A0A5Q0MU23;		
A0A5S8E879	A0A5S8E879;		ENSMUST00000120411.9;
A0A5S9EER5	A0A5S9EER5;		
A0A5S9EES2	A0A5S9EES2;		
A0A654ICX2	A0A654ICX2;		
A0A654ICY8	A0A654ICY8;		
A0A654IER4	A0A654IER4;		
A0A668KL90	A0A668KL90;		ENSMUST00000239257.2;
A0A668KL98	A0A668KL98;		ENSMUST00000239321.2;
A0A668KLF1	A0A668KLF1;		ENSMUST00000239364.2;
A0A668KLW3			ENSMUST00000156513.3;
A0A668KM61	A0A668KM61;		ENSMUST00000239214.2;
A0A668KM95	A0A668KM95;		ENSMUST00000239340.2;
A0A6B9EQU3	A0A6B9EQU3;		
A0A6I8MWY4	A0A6I8MWY4;		ENSMUST00000239467.2;
A0A6I8MX13	A0A6I8MX13;		ENSMUST00000239435.2;
A0A6I8MX18			ENSMUST00000239399.2;
A0A6I8MX27			ENSMUST00000239395.2;
A0A6M5UNG0	A0A6M5UNG0;		
A0A6M5UNR0	A0A6M5UNR0;		
A0A7N9VRC4			ENSMUST00000239552.1;
A0A7S8ZXC7			
A0A7U3JW69	A0A7U3JW69;		
A0A8F5XVB9			
A0A8I4RSM0			ENSMUST00000160641.8;
A0A8Q0P8A2			ENSMUST00000036016.6;
A0A991ELD7			ENSMUST00000247867.1;
A0A991ENV6			ENSMUST00000247843.1;
A0A9L6H7S7			ENSMUST00000050826.14;
A0A9L6KDI2			ENSMUST00000249257.1;
A0AA74KUV1			ENSMUST00000249614.1;
A0AAA9WVZ7			ENSMUST00000249718.1;
A0AAA9WW46			ENSMUST00000249830.1;
A0AAA9WW50			ENSMUST00000249836.1;
A0AAA9WWH1			ENSMUST00000249831.1;
A0AAA9WWH4			ENSMUST00000249837.1;
A0AAG1ESS4			ENSMUST00000049642.7;
A0AAQ4VMV0			ENSMUST00000149423.3;
A0AAQ4VMV6			ENSMUST00000249914.1;
A0AAQ4VMW1			ENSMUST00000249923.1;
A0AAQ4VMY5			ENSMUST00000249933.1;
A0JLY3	A0JLY3;		
A0JNY9	A0JNY9;		
A0JP53			ENSMUST00000228362.2;
A0PJL3	A0PJL3;		
A0PJN4	A0PJN4;		
A1A5B6	A1A5B6;		ENSMUST00000039892.9;
A1E5L0			ENSMUST00000073554.4;
A1L013	A1L013;		
A1L0V6	A1L0V6;		
A1L317	A1L317;		ENSMUST00000017255.4;
A1L333	A1L333;		
A1L341	A1L341;		
A1L3S5	A1L3S5;		
A1L3S6	A1L3S6;		
A1L3T3	A1L3T3;		
A1Y9B0	A1Y9B0;		
A1Y9B2	A1Y9B2;		
A1YIY0	A1YIY0;		ENSMUST00000094303.6 [A1YIY0-1];
A2A3V1	A2A3V1;		ENSMUST00000051906.13;
A2A513	A2A513;		ENSMUST00000103131.5;
A2A559	A2A559;		ENSMUST00000090827.12 [A2A559-1];ENSMUST00000128897.2 [A2A559-2];
A2A5D9	A2A5D9;		ENSMUST00000107360.3;
A2A5I3	A2A5I3;		ENSMUST00000109416.3;
A2A5N3			ENSMUST00000067715.5;
A2A5X5	A2A5X5;		ENSMUST00000105050.4;
A2A649	A2A649;		
A2A697	A2A697;		ENSMUST00000107098.8;
A2A699	A2A699;		ENSMUST00000049057.5 [A2A699-1];
A2A6A1	A2A6A1;		ENSMUST00000143842.2;
A2A6D2	A2A6D2;		ENSMUST00000107659.8;
A2A6S2	A2A6S2;		
A2A791	A2A791;		ENSMUST00000106108.9 [A2A791-1];
A2A7F7	A2A7F7;		ENSMUST00000069604.15;
A2A7Q5	A2A7Q5;		ENSMUST00000102662.11;
A2A7S7	A2A7S7;		ENSMUST00000106054;
A2A7S8	A2A7S8;		ENSMUST00000052602.6 [A2A7S8-2];ENSMUST00000097873.10 [A2A7S8-4];ENSMUST00000106051.8 [A2A7S8-1];
A2A7V7	A2A7V7;		
A2A7Y5	A2A7Y5;		ENSMUST00000030886.15 [A2A7Y5-1];ENSMUST00000119975.3 [A2A7Y5-2];ENSMUST00000172710.8 [A2A7Y5-1];
A2A841	A2A841;		ENSMUST00000105975.8;
A2A8E7	A2A8E7;		ENSMUST00000106720.9;
A2A8Z1	A2A8Z1;		ENSMUST00000030288.14 [A2A8Z1-1];ENSMUST00000084366.13 [A2A8Z1-2];
A2A995	A2A995;		ENSMUST00000106804.2;
A2A9D4	A2A9D4;		ENSMUST00000006556.11;
A2A9I7	A2A9I7;		ENSMUST00000069271.5;
A2AAU2	A2AAU2;		
A2AAX3	A2AAX3;		ENSMUST00000096369.10 [A2AAX3-2];ENSMUST00000113908.8 [A2AAX3-3];ENSMUST00000113911.9 [A2AAX3-3];ENSMUST00000113915.2 [A2AAX3-1];ENSMUST00000113916.10 [A2AAX3-1];ENSMUST00000170594.8 [A2AAX3-1];
A2AB79	A2AB79;		
A2ABU4	A2ABU4;		ENSMUST00000105854.2;
A2AC19	A2AC19;		ENSMUST00000115637.8;
A2AD37	A2AD37;		
A2ADA5	A2ADA5;		ENSMUST00000097737.5 [A2ADA5-1];
A2ADA6	A2ADA6;		ENSMUST00000079031.6;
A2ADF7	A2ADF7;		ENSMUST00000038661.8 [A2ADF7-1];
A2AE20	A2AE20;		ENSMUST00000040437.6;
A2AE42	A2AE42;		ENSMUST00000106655.2;
A2AEP0	A2AEP0;		ENSMUST00000088198.4;
A2AER7	A2AER7;		
A2AES4	A2AES4;		ENSMUST00000115667.10;
A2AEV7	A2AEV7;		ENSMUST00000033490.13;
A2AEW1	A2AEW1;		ENSMUST00000077680.10;
A2AEY4	A2AEY4;		ENSMUST00000114766.8 [A2AEY4-1];
A2AF31	A2AF31;		ENSMUST00000069803.5;
A2AF53	A2AF53;		ENSMUST00000114630.3;
A2AFF6	A2AFF6;		ENSMUST00000115073.9;
A2AFI6	A2AFI6;		ENSMUST00000114725.3;
A2AFM0	A2AFM0;		
A2AFM1	A2AFM1;		ENSMUST00000112715.2;
A2AFM3			ENSMUST00000026303.16;ENSMUST00000112720.8;
A2AFM4	A2AFM4;		ENSMUST00000112721.10;
A2AFQ0			ENSMUST00000026292.15;
A2AG22	A2AG22;		ENSMUST00000113066.9;
A2AG50	A2AG50;		ENSMUST00000043151.12 [A2AG50-2];ENSMUST00000112470.3 [A2AG50-3];ENSMUST00000112471.9 [A2AG50-1];
A2AGI2	A2AGI2;		ENSMUST00000151528.8;
A2AH85	A2AH85;		ENSMUST00000021306.14;
A2AHJ4	A2AHJ4;		ENSMUST00000101283.4 [A2AHJ4-3];ENSMUST00000150434.8 [A2AHJ4-1];
A2AHJ7	A2AHJ7;		ENSMUST00000099709.10;
A2AHK0	A2AHK0;		ENSMUST00000111303.2;
A2AHX9	A2AHX9;		ENSMUST00000134357.2;
A2AHZ2			ENSMUST00000037928.9;ENSMUST00000071667.9;
A2AI14	A2AI14;		ENSMUST00000114318.10;
A2AI16	A2AI16;		ENSMUST00000114317.10;
A2AI17	A2AI17;		ENSMUST00000114314.10;
A2AI19	A2AI19;		ENSMUST00000114307.8;
A2AI20	A2AI20;		ENSMUST00000114308.10;
A2AIG8	A2AIG8;		ENSMUST00000041593.15 [A2AIG8-2];ENSMUST00000068513.11 [A2AIG8-2];ENSMUST00000111246.8 [A2AIG8-1];
A2AIR0	A2AIR0;		ENSMUST00000140341.8;
A2AIR2	A2AIR2;		ENSMUST00000156314.8;
A2AJA7	A2AJA7;		ENSMUST00000114223.8 [A2AJA7-1];
A2AJA9	A2AJA9;		ENSMUST00000114217.3 [A2AJA9-1];ENSMUST00000188161.2 [A2AJA9-1];ENSMUST00000191602.2 [A2AJA9-1];
A2AJI0	A2AJI0;		ENSMUST00000061143.15 [A2AJI0-1];
A2AJL3	A2AJL3;		ENSMUST00000043335.11 [A2AJL3-2];ENSMUST00000079223.11 [A2AJL3-1];
A2AJQ3	A2AJQ3;		ENSMUST00000084892.12 [A2AJQ3-1];
A2AJR5	A2AJR5;		ENSMUST00000112608.9;
A2AJT4	A2AJT4;		ENSMUST00000098238.9;
A2AKB4	A2AKB4;		ENSMUST00000044773.12;ENSMUST00000107804.2;
A2AKB9	A2AKB9;		ENSMUST00000155551.8 [A2AKB9-1];
A2AKG8	A2AKG8;		ENSMUST00000097992.10 [A2AKG8-1];ENSMUST00000107147.2 [A2AKG8-3];
A2AKQ8	A2AKQ8;		ENSMUST00000099995.5;
A2AKY4	A2AKY4;		ENSMUST00000047527.8;
A2AL49	A2AL49;		ENSMUST00000111952.9;
A2AL50	A2AL50;		ENSMUST00000047232.14;
A2ALD8	A2ALD8;		
A2ALL9	A2ALL9;		ENSMUST00000114479.2;
A2AMS0	A2AMS0;		
A2AMS3	A2AMS3;		ENSMUST00000084695.12;
A2AN37	A2AN37;		ENSMUST00000002625.15;
A2ANX3			ENSMUST00000040128.12;ENSMUST00000040149.13;
A2AP92	A2AP92;		ENSMUST00000108184.3;
A2APM1	A2APM1;		ENSMUST00000111198.9;
A2APM3	A2APM3;		ENSMUST00000111190.9;
A2APM4	A2APM4;		ENSMUST00000111191.9;
A2APM5	A2APM5;		ENSMUST00000111192.3;
A2APN2	A2APN2;		ENSMUST00000071543.12;
A2APR1			ENSMUST00000030530.6;ENSMUST00000105808.8;
A2APU5	A2APU5;		
A2APZ2	A2APZ2;		ENSMUST00000128303.7;
A2APZ3	A2APZ3;		ENSMUST00000152374.8;
A2AQ81			ENSMUST00000091429.12;ENSMUST00000131730.7;
A2AQC3	A2AQC3;		ENSMUST00000109176.8;
A2AQH0	A2AQH0;		ENSMUST00000156731.8;
A2AQH1			ENSMUST00000143974.2;
A2AQH4	A2AQH4;		ENSMUST00000037596.13;ENSMUST00000136348.8;
A2AQK4	A2AQK4;		
A2AQN4	A2AQN4;		ENSMUST00000103142.12;
A2AQN5	A2AQN5;		ENSMUST00000065973.9;
A2ARZ3			ENSMUST00000143764.9;
A2ASF9	A2ASF9;		ENSMUST00000090756.11;
A2ASL8			ENSMUST00000102676.9;ENSMUST00000111993.9;
A2ASW0	A2ASW0;		ENSMUST00000138863.3;ENSMUST00000153002.4;
A2AT93	A2AT93;		ENSMUST00000147744.2;
A2AU35	A2AU35;		
A2AUP1	A2AUP1;		ENSMUST00000114846.9;
A2AUP3	A2AUP3;		ENSMUST00000100411.4;
A2AUP4	A2AUP4;		ENSMUST00000114844.8;
A2AUP5			ENSMUST00000049849.12;
A2AUQ7	A2AUQ7;		ENSMUST00000028243.2;
A2AUR3	A2AUR3;		ENSMUST00000154269.7;
A2AUR5	A2AUR5;		ENSMUST00000114796.9;
A2AV25	A2AV25;		ENSMUST00000028188.8 [A2AV25-1];
A2AVV5	A2AVV5;		ENSMUST00000090028.13;
A2AVV6	A2AVV6;		ENSMUST00000110719.4;
A2AVV7	A2AVV7;		ENSMUST00000110716.9;
A2AW03	A2AW03;		ENSMUST00000111616.3;
A2AW04	A2AW04;		ENSMUST00000111613.8;
A2AWS5	A2AWS5;		ENSMUST00000107151.9;
A2BDP1	A2BDP1;		ENSMUST00000096363.3;
A2BDX4	A2BDX4;		ENSMUST00000099069.3;ENSMUST00000109191.2;
A2BEG5	A2BEG5;		
A2BES2	A2BES2;		ENSMUST00000112551.4;
A2BGH0	A2BGH0;		ENSMUST00000099181.2 [A2BGH0-2];ENSMUST00000109757.8 [A2BGH0-1];ENSMUST00000109759.9 [A2BGH0-1];
A2BHP6			ENSMUST00000099840.2;
A2CE44	A2CE44;		ENSMUST00000101388.4;
A2CF88	A2CF88;		
A2CFE9	A2CFE9;		
A2RS45	A2RS45;		
A2RSC8	A2RSC8;		
A2RSD4	A2RSD4;		
A2RSE4	A2RSE4;		
A2RSH1	A2RSH1;		
A2RSK1	A2RSK1;		
A2RSQ0	A2RSQ0;		ENSMUST00000111557.8;
A2RSV5	A2RSV5;		
A2RSW6	A2RSW6;		
A2RSX7	A2RSX7;		ENSMUST00000079998.13 [A2RSX7-2];ENSMUST00000162686.8 [A2RSX7-1];
A2RSY7	A2RSY7;		
A2RT24	A2RT24;		
A2RT60	A2RT60;		ENSMUST00000084031.6;
A2RTA0	A2RTA0;		
A2RTD1	A2RTD1;		
A2RTH5			ENSMUST00000033025.7;
A2TJV2	A2TJV2;		ENSMUST00000055077.7;
A2VCR6	A2VCR6;		
A2VDF7	A2VDF7;		
A2VDH3	A2VDH3;		ENSMUST00000052458.3;
A3KBF5	A3KBF5;		
A3KCG1	A3KCG1;		
A3KFM8	A3KFM8;		ENSMUST00000134178.8;
A3KFU5	A3KFU5;		ENSMUST00000106243.8;
A3KFU8	A3KFU8;		ENSMUST00000106241.8;
A3KGA8	A3KGA8;		ENSMUST00000133781.8;
A3KGB4	A3KGB4;		ENSMUST00000096313.4;
A3KGK3	A3KGK3;		
A3KGW5	A3KGW5;		ENSMUST00000047521.7;
A3KMF3	A3KMF3;		
A3KMI3	A3KMI3;		
A3KML3	A3KML3;		
A4FUQ5	A4FUQ5;		ENSMUST00000095651.2;
A4FUU3	A4FUU3;		
A4Q9E4	A4Q9E4;		ENSMUST00000115747.3;
A4QPE6	A4QPE6;		
A5D6P2			ENSMUST00000160272.8;
A5GZX3	A5GZX3;		
A6BLY7	A6BLY7;		ENSMUST00000006963.3;
A6H5X4	A6H5X4;		ENSMUST00000095157.11 [A6H5X4-3];ENSMUST00000160425.8 [A6H5X4-2];ENSMUST00000161031.2 [A6H5X4-1];
A6H5Z3	A6H5Z3;		ENSMUST00000160197.6 [A6H5Z3-1];
A6H603	A6H603;		ENSMUST00000093427.11 [A6H603-1];
A6H611	A6H611;		ENSMUST00000063562.9;ENSMUST00000224635.2;
A6H619	A6H619;		ENSMUST00000106027.9 [A6H619-1];ENSMUST00000122143.8 [A6H619-2];
A6H666	A6H666;		ENSMUST00000053611.5;
A6H669	A6H669;		
A6H690	A6H690;		ENSMUST00000088302.10 [A6H690-1];
A6H6J2			ENSMUST00000005669.9;
A6H6M1	A6H6M1;		
A6H6Q4	A6H6Q4;	8I7O;8I7R;8IYJ;8TO0;	ENSMUST00000020456.5;
A6MDD2			ENSMUST00000027404.12;
A6PW28	A6PW28;		ENSMUST00000110383.8;
A6PWK9	A6PWK9;		ENSMUST00000137453.8;
A6PWL2	A6PWL2;		ENSMUST00000130980.2;
A6PWV5	A6PWV5;		ENSMUST00000084698.12;ENSMUST00000171251.8;
A6PWY4	A6PWY4;		ENSMUST00000028676.12 [A6PWY4-2];ENSMUST00000110602.9 [A6PWY4-2];ENSMUST00000110603.2 [A6PWY4-1];
A6XDA6	A6XDA6;		
A6XDA7	A6XDA7;		
A6XDB0			ENSMUST00000117420.8;
A6XDB1			ENSMUST00000117879.8;
A7E1W8			ENSMUST00000170760.3;
A7E1Z5			ENSMUST00000113218.10;
A7KBS4	A7KBS4;		ENSMUST00000067210.12;
A7TZF0	A7TZF0;		ENSMUST00000038455.12 [A7TZF0-2];ENSMUST00000170945.2 [A7TZF0-1];
A7TZF3	A7TZF3;		ENSMUST00000069769.9 [A7TZF3-1];ENSMUST00000106564.8 [A7TZF3-1];ENSMUST00000106565.8 [A7TZF3-1];
A7TZG1	A7TZG1;		ENSMUST00000060327.4;
A7TZG3	A7TZG3;		ENSMUST00000058605.3;
A7UAK4			ENSMUST00000183869.8;
A7UAK5			ENSMUST00000171188.9;ENSMUST00000191668.6;
A7UAK8			ENSMUST00000170196.9;
A7XUY5	A7XUY5;		
A7XUZ6	A7XUZ6;		ENSMUST00000138966.9 [A7XUZ6-1];ENSMUST00000171224.2 [A7XUZ6-1];
A7XV04	A7XV04;		ENSMUST00000055014.11 [A7XV04-2];ENSMUST00000163281.2 [A7XV04-1];
A7XV07	A7XV07;		ENSMUST00000165046.2 [A7XV07-1];
A8C1T7	A8C1T7;		
A8C756	A8C756;		ENSMUST00000047524.10 [A8C756-1];
A8IP69	A8IP69;		
A8R0V4	A8R0V4;		ENSMUST00000233133.2;
A8W660	A8W660;		
A8Y5H7	A8Y5H7;		ENSMUST00000021177.15 [A8Y5H7-3];ENSMUST00000090433.6 [A8Y5H7-1];ENSMUST00000103026.10 [A8Y5H7-2];
A8Y5P1	A8Y5P1;		ENSMUST00000122092.2;
A9C437	A9C437;		ENSMUST00000120099.8;
A9C491			
B0QZI3	B0QZI3;		ENSMUST00000155104.8;
B0QZI4	B0QZI4;		ENSMUST00000149777.8;
B0QZI6	B0QZI6;		ENSMUST00000124755.2;
B0QZP6	B0QZP6;		
B0V2H8	B0V2H8;		ENSMUST00000134995.8;
B1AQL3	B1AQL3;		ENSMUST00000093905.3;
B1AQZ2	B1AQZ2;		ENSMUST00000118353.9;
B1AR09	B1AR09;		ENSMUST00000044730.12;
B1AR10	B1AR10;		ENSMUST00000107586.3;
B1AR13	B1AR13;		ENSMUST00000107583.3;
B1AR28	B1AR28;		ENSMUST00000018718.8;
B1ARB3	B1ARB3;		ENSMUST00000068021.9;
B1ARD6	B1ARD6;		ENSMUST00000038211.13;ENSMUST00000092840.11;
B1ARV3	B1ARV3;		ENSMUST00000058651.5;
B1AS42	B1AS42;		ENSMUST00000030364.13 [B1AS42-2];ENSMUST00000106756.9 [B1AS42-3];ENSMUST00000106758.8 [B1AS42-1];
B1ASJ2	B1ASJ2;		
B1ASU0			ENSMUST00000078875.8;ENSMUST00000113966.8;
B1ASU9	B1ASU9;		ENSMUST00000106941.9;
B1AT03	B1AT03;		ENSMUST00000080461.12;
B1AT66	B1AT66;		ENSMUST00000070152.12 [B1AT66-1];ENSMUST00000070872.13 [B1AT66-2];
B1ATD4	B1ATD4;		ENSMUST00000128256.3;
B1ATD5			ENSMUST00000040448.14;ENSMUST00000109943.10;ENSMUST00000249889.1;ENSMUST00000249890.1;ENSMUST00000249892.1;ENSMUST00000249893.1;
B1ATE0	B1ATE0;		ENSMUST00000100172.3;
B1ATP7	B1ATP7;		ENSMUST00000108697.8;
B1ATS5	B1ATS5;		ENSMUST00000108486.8;
B1ATU5			ENSMUST00000026151.11;ENSMUST00000106133.8;ENSMUST00000106135.8;
B1AU41	B1AU41;		ENSMUST00000139906.2;
B1AUD1	B1AUD1;		ENSMUST00000092938.5;
B1AUD7	B1AUD7;		ENSMUST00000136894.3;
B1AUF1	B1AUF1;		ENSMUST00000030917.6;
B1AUL6	B1AUL6;		ENSMUST00000112265.9;
B1AUR6	B1AUR6;		ENSMUST00000108222.9 [B1AUR6-1];
B1AUT3	B1AUT3;		
B1AUX2			ENSMUST00000114372.3;
B1AUY7	B1AUY7;		ENSMUST00000114390.8;
B1AUY8	B1AUY8;		ENSMUST00000114391.10;
B1AUZ9	B1AUZ9;		ENSMUST00000112107.8;
B1AV01	B1AV01;		ENSMUST00000078947.12;
B1AVA4			ENSMUST00000115725.9;
B1AVB1	B1AVB1;		ENSMUST00000101113.9;
B1AVB2	B1AVB2;		ENSMUST00000087090.10;
B1AVB3	B1AVB3;		ENSMUST00000077375.5;
B1AVB4	B1AVB4;		ENSMUST00000074802.12;
B1AVB5	B1AVB5;		ENSMUST00000019101.11;
B1AVF5	B1AVF5;		ENSMUST00000112988.8;
B1AVK5	B1AVK5;		ENSMUST00000101205.3;
B1AVZ0	B1AVZ0;		ENSMUST00000087867.6;
B1AWB9			
B1AWD9	B1AWD9;		ENSMUST00000107851.10;
B1AWI6	B1AWI6;		ENSMUST00000107884.3;
B1AWJ5	B1AWJ5;		ENSMUST00000107864.8;ENSMUST00000107865.9;ENSMUST00000167153.8;
B1AWT3	B1AWT3;		ENSMUST00000029946.14;
B1AX39	B1AX39;		ENSMUST00000107824.9 [B1AX39-1];ENSMUST00000147272.8 [B1AX39-3];
B1AXP6	B1AXP6;		ENSMUST00000107807.2 [B1AXP6-2];ENSMUST00000107808.3 [B1AXP6-3];ENSMUST00000107809.9 [B1AXP6-4];ENSMUST00000107810.3 [B1AXP6-1];
B1AXY5	B1AXY5;		ENSMUST00000108096.3;
B1AY13	B1AY13;		
B1AYN7	B1AYN7;		ENSMUST00000101457.10;
B1AZ39	B1AZ39;		
B1AZ46	B1AZ46;		ENSMUST00000106233.2;
B1B0X3	B1B0X3;		ENSMUST00000123951.9;
B1B1A0	B1B1A0;		
B1B213	B1B213;		ENSMUST00000170893.3;
B1B506	B1B506;		
B1B507			ENSMUST00000097491.10;
B1PSD9			ENSMUST00000079975.11;
B1Q2W7			ENSMUST00000149274.9;
B2C3G8			ENSMUST00000107357.4;
B2CY76	B2CY76;		
B2KF57			ENSMUST00000135275.8;
B2KF84	B2KF84;		ENSMUST00000119507.8;
B2KFW1	B2KFW1;		ENSMUST00000097877.9 [B2KFW1-1];
B2KG20	B2KG20;		ENSMUST00000088046.2;
B2KG46	B2KG46;		ENSMUST00000003544.14;
B2KGF0	B2KGF0;		ENSMUST00000113995.2;
B2KGF7	B2KGF7;		ENSMUST00000153432.2;
B2KKU5	B2KKU5;		
B2M0S2	B2M0S2;		
B2M1R6			ENSMUST00000177019.8;
B2RPS7			ENSMUST00000189137.7;
B2RPT3	B2RPT3;		
B2RPU6			ENSMUST00000163238.9;
B2RQ20			ENSMUST00000169534.6;
B2RQ57			ENSMUST00000166172.9;
B2RQ80			ENSMUST00000160307.9;
B2RQM3	B2RQM3;		
B2RQR1			
B2RQS5	B2RQS5;		
B2RQX9			ENSMUST00000056442.12;ENSMUST00000107605.3;ENSMUST00000207753.2;
B2RQY9	B2RQY9;		
B2RQZ3	B2RQZ3;		
B2RRB5	B2RRB5;		
B2RRE0			
B2RRE4	B2RRE4;		
B2RRF6	B2RRF6;		ENSMUST00000050092.7;ENSMUST00000235207.2;
B2RRV3	B2RRV3;		
B2RRW2	B2RRW2;		
B2RRY4	B2RRY4;		
B2RRZ7	B2RRZ7;		
B2RS09	B2RS09;		
B2RS24	B2RS24;		
B2RS41	B2RS41;		
B2RS85	B2RS85;		
B2RSG2	B2RSG2;		
B2RSN3	B2RSN3;		
B2RSR7	B2RSR7;		
B2RSY5			ENSMUST00000053086.3;
B2RTC8	B2RTC8;		
B2RTL2	B2RTL2;		
B2RTL6	B2RTL6;		
B2RTN5			
B2RUG4			
B2RUH3			
B2RUJ7			
B2RV73	B2RV73;		
B2RVI8	B2RVI8;		ENSMUST00000076576.7;
B2RWB7	B2RWB7;		
B2RWG3			ENSMUST00000164848.3;
B2RWJ3	B2RWJ3;		ENSMUST00000127188.3;
B2RWR8	B2RWR8;		
B2RWW0	B2RWW0;		ENSMUST00000036370.8;
B2RWX7			
B2RWZ0	B2RWZ0;		
B2RWZ2	B2RWZ2;		
B2RWZ9	B2RWZ9;		
B2RX33	B2RX33;		
B2RXC1	B2RXC1;		ENSMUST00000039061.15 [B2RXC1-1];ENSMUST00000120987.2 [B2RXC1-2];
B2RXC5	B2RXC5;		ENSMUST00000098596.11;
B2RXM4	B2RXM4;		ENSMUST00000159679.8;
B2RXP3			ENSMUST00000161459.8;
B2RXQ2			ENSMUST00000182226.8;
B2RXR8	B2RXR8;		
B2RXS3			ENSMUST00000214747.2;
B2RXX0			ENSMUST00000211672.2;
B2RXX5			ENSMUST00000092486.11;
B2RXY9	B2RXY9;		
B2RXZ2			ENSMUST00000170227.3;
B2RY26			
B2RY27	B2RY27;		
B2RY45	B2RY45;		
B2RY56	B2RY56;		ENSMUST00000048155.16;
B2RY57	B2RY57;		
B2RY83	B2RY83;		ENSMUST00000099428.5;
B2WTI1	B2WTI1;		
B2WTI2	B2WTI2;		
B2Z892			ENSMUST00000050406.11;
B2Z894			ENSMUST00000188520.2;ENSMUST00000189167.7;
B3GAP8			
B4XVP7	B4XVP7;		
B5B2N2			ENSMUST00000170905.9;
B5BNW1	B5BNW1;		
B5X0G2	B5X0G2;		ENSMUST00000107484.2;
B6CI26			ENSMUST00000110680.3;ENSMUST00000217690.2;
B7FAT5			ENSMUST00000130739.2;
B7STB7	B7STB7;		
B7ZDF7	B7ZDF7;		ENSMUST00000107150.8;
B7ZJH6	B7ZJH6;		
B7ZJH7	B7ZJH7;		
B7ZJH8	B7ZJH8;		
B7ZJH9	B7ZJH9;		
B7ZMQ6			ENSMUST00000165045.9;
B7ZMR0	B7ZMR0;		
B7ZMZ2	B7ZMZ2;		
B7ZN14	B7ZN14;		
B7ZN95			
B7ZND5	B7ZND5;		
B7ZNF7			
B7ZNI1	B7ZNI1;		
B7ZNJ0	B7ZNJ0;		
B7ZNN9	B7ZNN9;		
B7ZNP0			ENSMUST00000187951.7;
B8JJC1			ENSMUST00000021594.5;ENSMUST00000153627.8;
B8JJE0			ENSMUST00000095585.11;
B8JJM5	B8JJM5;		ENSMUST00000025229.11;
B8JJM6	B8JJM6;		ENSMUST00000176203.9;
B8JJN0	B8JJN0;		ENSMUST00000146299.8;
B8JJN2	B8JJN2;		ENSMUST00000152417.8;
B8JK56			ENSMUST00000124505.8;ENSMUST00000152065.8;
B8QI34			ENSMUST00000217854.2;
B8QI36			ENSMUST00000168515.8;
B8YJF9	B8YJF9;		
B9EHK9			ENSMUST00000114753.8;
B9EHQ4	B9EHQ4;		
B9EHS3			
B9EHY2	B9EHY2;		
B9EJ14	B9EJ14;		
B9EJ46	B9EJ46;		
B9EJ52			
B9EJA3			ENSMUST00000173376.9;
B9EJR4	B9EJR4;		
B9EKE5	B9EKE5;		
B9EKI5			ENSMUST00000114471.3;ENSMUST00000227062.2;
C0HKD8	C0HKD8;		ENSMUST00000056732.4;ENSMUST00000089926.6;
C0HKD9	C0HKD9;		ENSMUST00000056732.4;ENSMUST00000089926.6;
C3VLD3	C3VLD3;		
C5NSA7			ENSMUST00000193879.2;
C6EQH3	C6EQH3;		
C7SDC6	C7SDC6;		
C7TQ57			ENSMUST00000187940.7;
C7TQ58			
C7TQ59			ENSMUST00000187474.7;
C7TQ60			
C7TQ61			
C7TQ62			
C8YR32	C8YR32;		ENSMUST00000096547.11;
C9K0Y3	C9K0Y3;		
C9K0Y4	C9K0Y4;		
C9K0Y5	C9K0Y5;		
C9K0Y6	C9K0Y6;		
C9K0Y7	C9K0Y7;		
C9K0Z0	C9K0Z0;		
C9K0Z1	C9K0Z1;		
C9K0Z4			
C9K100	C9K100;		
C9W8L2	C9W8L2;		
C9W8M5	C9W8M5;		
D0VLQ5			
D1FNM8	D1FNM8;		
D1FNM9	D1FNM9;		
D2CGM5	D2CGM5;		
D2CKI9			ENSMUST00000169796.4;
D3YTL8	D3YTL8;		ENSMUST00000045105.13;
D3YTQ5	D3YTQ5;		ENSMUST00000120854.8;
D3YTR0			ENSMUST00000105359.8;
D3YTU8	D3YTU8;		ENSMUST00000120520.8;
D3YU39	D3YU39;		ENSMUST00000117440.8;
D3YU82	D3YU82;		ENSMUST00000143373.8;
D3YUG4	D3YUG4;		ENSMUST00000131119.2;
D3YUM1	D3YUM1;		ENSMUST00000128787.8;
D3YUS5	D3YUS5;		ENSMUST00000132699.8;
D3YV00	D3YV00;		ENSMUST00000091790.5;
D3YV92	D3YV92;		ENSMUST00000077968.5;
D3YVK1	D3YVK1;		ENSMUST00000139476.8;
D3YVL0	D3YVL0;		ENSMUST00000106775.8;
D3YVR4	D3YVR4;		ENSMUST00000130103.2;
D3YW25	D3YW25;		ENSMUST00000120733.8;
D3YW46	D3YW46;		ENSMUST00000127655.8;
D3YW60	D3YW60;		ENSMUST00000129035.2;
D3YW64	D3YW64;		ENSMUST00000149732.8;
D3YW66	D3YW66;		ENSMUST00000110278.8;
D3YWD1			ENSMUST00000130846.9;
D3YWQ9	D3YWQ9;		ENSMUST00000058644.15;
D3YX14	D3YX14;		ENSMUST00000139091.2;
D3YXE5			ENSMUST00000124803.8;ENSMUST00000132112.8;
D3YXI6	D3YXI6;		ENSMUST00000100709.7;
D3YXQ5	D3YXQ5;		ENSMUST00000107396.8;
D3YXS5	D3YXS5;		
D3YXV1	D3YXV1;		ENSMUST00000110667.8;
D3YY46	D3YY46;		ENSMUST00000123279.8;
D3YY51	D3YY51;		ENSMUST00000157065.2;
D3YY91	D3YY91;		ENSMUST00000110621.3;
D3YYN1	D3YYN1;		ENSMUST00000151988.8;
D3YYN7	D3YYN7;		ENSMUST00000097464.4;
D3YYR5	D3YYR5;		ENSMUST00000139631.8;
D3YYT1	D3YYT1;		ENSMUST00000115844.3;
D3YYU8	D3YYU8;		
D3YYZ0	D3YYZ0;		ENSMUST00000079268.9;
D3YZB8	D3YZB8;		ENSMUST00000152111.2;
D3YZF7	D3YZF7;		ENSMUST00000107977.4;
D3YZH7	D3YZH7;		ENSMUST00000148047.2;
D3YZI9	D3YZI9;		ENSMUST00000136892.3 [D3YZI9-2];ENSMUST00000140012.8 [D3YZI9-1];
D3YZP6	D3YZP6;		ENSMUST00000149436.8;
D3YZP9	D3YZP9;		ENSMUST00000147545.8;
D3YZU0	D3YZU0;		ENSMUST00000107945.8;
D3YZV8	D3YZV8;		ENSMUST00000094805.5;
D3Z072	D3Z072;		ENSMUST00000122890.2;
D3Z091	D3Z091;		ENSMUST00000153707.8;
D3Z0D8	D3Z0D8;		ENSMUST00000153058.8;
D3Z0E6	D3Z0E6;		ENSMUST00000110965.2;
D3Z0J6			ENSMUST00000139983.8;ENSMUST00000155902.8;
D3Z0M9	D3Z0M9;		ENSMUST00000003450.15;
D3Z0R5	D3Z0R5;		ENSMUST00000139885.2;
D3Z0T2	D3Z0T2;		ENSMUST00000131058.8;
D3Z111	D3Z111;		ENSMUST00000115529.8;
D3Z124	D3Z124;		ENSMUST00000136753.8;
D3Z166	D3Z166;		ENSMUST00000143636.8;
D3Z1A5			ENSMUST00000065766.7;ENSMUST00000224208.2;
D3Z1D3	D3Z1D3;		ENSMUST00000096038.4;
D3Z1G1	D3Z1G1;		ENSMUST00000112275.8;
D3Z1N2	D3Z1N2;		ENSMUST00000112097.8;
D3Z1U9			ENSMUST00000134479.8;ENSMUST00000237862.2;
D3Z228	D3Z228;		ENSMUST00000111884.8;
D3Z249	D3Z249;		ENSMUST00000128179.2;
D3Z269	D3Z269;		ENSMUST00000137887.8;
D3Z2K9	D3Z2K9;		ENSMUST00000153867.8;
D3Z2W7	D3Z2W7;		ENSMUST00000035571.10;
D3Z300	D3Z300;		ENSMUST00000131933.8;
D3Z347	D3Z347;		ENSMUST00000096913.4;
D3Z3A8			ENSMUST00000136740.8;
D3Z3I0	D3Z3I0;		ENSMUST00000109244.9;
D3Z3S1	D3Z3S1;		ENSMUST00000202567.2;
D3Z3U5	D3Z3U5;		ENSMUST00000115126.9;
D3Z3U6	D3Z3U6;		ENSMUST00000115123.9;
D3Z497	D3Z497;		ENSMUST00000054760.6;
D3Z4E0	D3Z4E0;		ENSMUST00000118125.9;
D3Z4J2	D3Z4J2;		ENSMUST00000137498.8;
D3Z4J3			ENSMUST00000155282.9;
D3Z4N9	D3Z4N9;		ENSMUST00000136158.8;
D3Z519	D3Z519;		ENSMUST00000042075.8;
D3Z5I1	D3Z5I1;		ENSMUST00000114900.8;
D3Z5K8			ENSMUST00000105902.8;
D3Z5Q7	D3Z5Q7;		ENSMUST00000140554.2;
D3Z5T1	D3Z5T1;		ENSMUST00000095500.5;
D3Z5U5			ENSMUST00000142664.3;
D3Z5V0	D3Z5V0;		ENSMUST00000150639.2;
D3Z5W6	D3Z5W6;		ENSMUST00000129087.8;
D3Z601	D3Z601;		ENSMUST00000112523.8;
D3Z627	D3Z627;		ENSMUST00000120857.8;
D3Z656			ENSMUST00000121759.8;
D3Z667			ENSMUST00000108659.2;
D3Z6B9	D3Z6B9;		ENSMUST00000146640.8;
D3Z6D8	D3Z6D8;		ENSMUST00000091328.4;
D3Z6I0	D3Z6I0;		ENSMUST00000118768.8;
D3Z6K9	D3Z6K9;		ENSMUST00000134947.8;
D3Z6N3	D3Z6N3;		ENSMUST00000148879.8;
D3Z6Q9	D3Z6Q9;		
D3Z6R9	D3Z6R9;		ENSMUST00000154288.3;
D3Z6T3	D3Z6T3;		ENSMUST00000112411.2;
D3Z6U8	D3Z6U8;		ENSMUST00000114656.8;
D3Z6W3	D3Z6W3;		ENSMUST00000066387.6;
D3Z6W4	D3Z6W4;		ENSMUST00000117579.8;
D3Z710	D3Z710;		ENSMUST00000108457.3;
D3Z722	D3Z722;		ENSMUST00000108428.8;
D3Z733	D3Z733;		ENSMUST00000113182.8;
D3Z734	D3Z734;		ENSMUST00000113180.8;
D3Z780	D3Z780;		ENSMUST00000202758.4;
D3Z7C6	D3Z7C6;		ENSMUST00000084771.3;
D3Z7D2	D3Z7D2;		ENSMUST00000120542.8;
D3Z7E5	D3Z7E5;		ENSMUST00000108411.2;
D3Z7H8	D3Z7H8;		ENSMUST00000057831.8;
D3Z7P0	D3Z7P0;		ENSMUST00000114515.9;
D4AFX6			ENSMUST00000231125.2;
D4Q8F9	D4Q8F9;		
D5L240	D5L240;		
D6RCW3	D6RCW3;		ENSMUST00000126074.8;
D6REF2	D6REF2;		ENSMUST00000123302.8;
D6RFA3	D6RFA3;		ENSMUST00000132309.8;
D6RFC6	D6RFC6;		ENSMUST00000154970.9;
D6RFS3	D6RFS3;		ENSMUST00000131522.8;
D6RFU2	D6RFU2;		ENSMUST00000141899.8;
D6RG46	D6RG46;		ENSMUST00000149791.8;
D6RGN2			ENSMUST00000141412.8;ENSMUST00000152707.8;
D6RH77	D6RH77;		ENSMUST00000123539.8;
D6RHM2	D6RHM2;		ENSMUST00000142681.8;
D6RHN2			ENSMUST00000134202.2;ENSMUST00000140757.8;
D6RHN4	D6RHN4;		ENSMUST00000134840.8;
D6RJ31	D6RJ31;		ENSMUST00000137899.2;
D6RJ84	D6RJ84;		ENSMUST00000129469.8;
D9IFT4	D9IFT4;		
D9YM45	D9YM45;		
E0CX74	E0CX74;		ENSMUST00000159084.8;
E0CX86	E0CX86;		ENSMUST00000159670.3;
E0CX92	E0CX92;		ENSMUST00000162810.8;
E0CXB9	E0CXB9;		ENSMUST00000160894.8;
E0CXE0	E0CXE0;		ENSMUST00000162293.8;
E0CXK2			ENSMUST00000162155.8;
E0CXN5	E0CXN5;		ENSMUST00000162194.2;
E0CXS4	E0CXS4;		ENSMUST00000159684.8;
E0CXW3	E0CXW3;		ENSMUST00000140592.8;
E0CY15	E0CY15;		ENSMUST00000162694.8;
E0CYB9	E0CYB9;		ENSMUST00000162003.8;
E0CYC4	E0CYC4;		ENSMUST00000161652.8;
E0CYD6	E0CYD6;		ENSMUST00000161718.8;
E0CYE2	E0CYE2;		ENSMUST00000160878.8;
E0CYH0			ENSMUST00000007007.14;ENSMUST00000159551.8;
E0CYS1	E0CYS1;		ENSMUST00000161566.8;
E0CYU6	E0CYU6;		ENSMUST00000161336.8;
E0CYV4	E0CYV4;		ENSMUST00000159284.2;
E0CZ72	E0CZ72;		ENSMUST00000159772.8;
E0CZ78	E0CZ78;		ENSMUST00000161445.8;
E0CZ93	E0CZ93;		ENSMUST00000162575.8;
E0CZB2	E0CZB2;		ENSMUST00000161090.8;
E1AWU4	E1AWU4;		
E2D0W5	E2D0W5;		
E3VRY4	E3VRY4;		
E3VRY5	E3VRY5;		
E3VRY6			ENSMUST00000224285.2;
E3VRY7	E3VRY7;		
E3VRY8	E3VRY8;		
E3VRY9			ENSMUST00000188210.8;
E3VRZ0	E3VRZ0;		
E3VRZ1	E3VRZ1;		
E3VRZ2	E3VRZ2;		
E3VRZ3	E3VRZ3;		
E3VRZ4			ENSMUST00000223749.2;
E3VRZ5	E3VRZ5;		
E3VRZ6	E3VRZ6;		
E3VRZ7	E3VRZ7;		
E3VRZ8	E3VRZ8;		
E3VRZ9	E3VRZ9;		
E3VS00	E3VS00;		
E3VS01	E3VS01;		
E3VS02	E3VS02;		
E3VS03	E3VS03;		
E3VS04	E3VS04;		
E3VWA1	E3VWA1;		
E5RKF9			
E7D893	E7D893;		
E9PUE2			ENSMUST00000065941.12;ENSMUST00000111305.8;
E9PUI4	E9PUI4;		ENSMUST00000126436.2;
E9PUI5	E9PUI5;		ENSMUST00000162947.3;
E9PUK3	E9PUK3;		ENSMUST00000162409.8;
E9PUZ5			ENSMUST00000018295.14;ENSMUST00000163571.8;ENSMUST00000166155.2;
E9PV04			ENSMUST00000077886.7;ENSMUST00000204530.2;
E9PV66	E9PV66;		ENSMUST00000086617.11;
E9PV86	E9PV86;		ENSMUST00000125209.9;
E9PV91	E9PV91;		ENSMUST00000111314.2;
E9PVB5	E9PVB5;		ENSMUST00000111237.9 [E9PVB5-2];ENSMUST00000111238.8 [E9PVB5-1];
E9PVC7	E9PVC7;		ENSMUST00000115452.8;
E9PVE8	E9PVE8;		ENSMUST00000167234.8;
E9PVH4	E9PVH4;		ENSMUST00000167556.7;
E9PVU0	E9PVU0;		ENSMUST00000076140.4;
E9PVW8			ENSMUST00000098005.10;
E9PW05	E9PW05;		ENSMUST00000007884.15;ENSMUST00000165230.8;
E9PW37	E9PW37;		ENSMUST00000078308.13;
E9PWB2	E9PWB2;		ENSMUST00000166990.8;
E9PWC8	E9PWC8;		ENSMUST00000163473.8;
E9PWD9	E9PWD9;		ENSMUST00000159016.8;
E9PWE2	E9PWE2;		ENSMUST00000105342.8;
E9PWE8	E9PWE8;		ENSMUST00000121805.9;
E9PWE9	E9PWE9;		ENSMUST00000118756.8;
E9PWG6	E9PWG6;		ENSMUST00000117396.3;
E9PWJ5	E9PWJ5;		ENSMUST00000121782.9;
E9PWK1	E9PWK1;		ENSMUST00000111068.8;
E9PWW9	E9PWW9;		ENSMUST00000107153.3;
E9PX28	E9PX28;		ENSMUST00000171554.8;
E9PX39	E9PX39;		ENSMUST00000120336.2;
E9PX62	E9PX62;		ENSMUST00000121514.8;
E9PXA4	E9PXA4;		ENSMUST00000169732.8;
E9PXB6	E9PXB6;		ENSMUST00000171166.3;
E9PXC0			ENSMUST00000164243.2;ENSMUST00000218879.2;
E9PXG1	E9PXG1;		ENSMUST00000171008.8;
E9PXQ7	E9PXQ7;		ENSMUST00000166126.7;
E9PXV9	E9PXV9;		ENSMUST00000036575.16;ENSMUST00000172478.3;ENSMUST00000174076.8;ENSMUST00000174305.8;
E9PXW1	E9PXW1;		ENSMUST00000119670.8;
E9PXW8	E9PXW8;		ENSMUST00000120683.8;
E9PY14	E9PY14;		ENSMUST00000165962.2;
E9PY62	E9PY62;		ENSMUST00000091554.6;
E9PYF2	E9PYF2;		ENSMUST00000140205.8;
E9PYF4	E9PYF4;		ENSMUST00000100337.10;
E9PYF7			ENSMUST00000051737.8;
E9PYG6	E9PYG6;		ENSMUST00000109552.3;
E9PYG9	E9PYG9;		ENSMUST00000109549.3;
E9PYH0			ENSMUST00000109546.9;
E9PYI3	E9PYI3;		ENSMUST00000159756.2;
E9PYL1			ENSMUST00000030775.12;
E9PYL2	E9PYL2;		ENSMUST00000057293.8;
E9PYN9			ENSMUST00000031835.14;ENSMUST00000162948.7;ENSMUST00000167529.3;
E9PYU4			ENSMUST00000164662.8;
E9PZ16			ENSMUST00000171332.2;
E9PZ91	E9PZ91;		ENSMUST00000160340.8;
E9PZG4	E9PZG4;		ENSMUST00000156045.8;
E9PZJ4			ENSMUST00000029602.13;ENSMUST00000154668.8;ENSMUST00000172537.3;
E9PZP8			ENSMUST00000042824.13;
E9PZQ1	E9PZQ1;		ENSMUST00000093485.3;
E9PZR3	E9PZR3;		ENSMUST00000170002.8;
E9PZW8			ENSMUST00000170242.8;
E9Q023	E9Q023;		ENSMUST00000150316.8;
E9Q0N0			ENSMUST00000064797.12;
E9Q0T8			ENSMUST00000094964.7;
E9Q0U3	E9Q0U3;		ENSMUST00000200705.2;
E9Q0X7	E9Q0X7;		ENSMUST00000101257.4;
E9Q174			ENSMUST00000113268.8;
E9Q175	E9Q175;		ENSMUST00000113266.8;
E9Q199	E9Q199;		ENSMUST00000166608.8;
E9Q1G8	E9Q1G8;		ENSMUST00000165594.4;
E9Q1P8	E9Q1P8;		ENSMUST00000054960.9;
E9Q1R5			ENSMUST00000122053.2;
E9Q242	E9Q242;		ENSMUST00000168756.8;
E9Q287	E9Q287;		ENSMUST00000163159.8;
E9Q296	E9Q296;		ENSMUST00000114238.5;
E9Q2A2			ENSMUST00000165196.8;
E9Q2A6	E9Q2A6;		ENSMUST00000089250.9;
E9Q2G7	E9Q2G7;		ENSMUST00000165884.8;
E9Q2H8	E9Q2H8;		ENSMUST00000164251.8;
E9Q2I1	E9Q2I1;		ENSMUST00000110302.8;
E9Q310	E9Q310;		ENSMUST00000152853.2;
E9Q355	E9Q355;		ENSMUST00000047846.13 [E9Q355-2];ENSMUST00000069861.4 [E9Q355-4];ENSMUST00000164653.8 [E9Q355-5];ENSMUST00000169143.8 [E9Q355-1];
E9Q3G8	E9Q3G8;		ENSMUST00000021803.10;
E9Q3Q6	E9Q3Q6;		ENSMUST00000170035.8;
E9Q3V0	E9Q3V0;		ENSMUST00000163288.2;
E9Q3X6	E9Q3X6;		ENSMUST00000168613.8;
E9Q3Z4	E9Q3Z4;		ENSMUST00000153665.8;
E9Q421	E9Q421;		ENSMUST00000161596.6;
E9Q4F2	E9Q4F2;		ENSMUST00000068025.13;
E9Q4M8	E9Q4M8;		ENSMUST00000113543.9;
E9Q4Y4	E9Q4Y4;		ENSMUST00000025425.7;
E9Q504	E9Q504;		ENSMUST00000143286.8;
E9Q559	E9Q559;		ENSMUST00000163326.8;
E9Q577	E9Q577;		ENSMUST00000127195.8;
E9Q593	E9Q593;		ENSMUST00000077356.7;
E9Q5B5	E9Q5B5;		ENSMUST00000170833.2;
E9Q5B9	E9Q5B9;		ENSMUST00000169941.2;
E9Q5K8	E9Q5K8;		ENSMUST00000120355.8;
E9Q5L8	E9Q5L8;		ENSMUST00000166343.3;
E9Q5P0	E9Q5P0;		ENSMUST00000039435.15;
E9Q600	E9Q600;		ENSMUST00000164786.8;
E9Q614			ENSMUST00000092971.13;
E9Q6D8	E9Q6D8;		ENSMUST00000162350.3;
E9Q6E2	E9Q6E2;		ENSMUST00000161181.8;
E9Q6E9	E9Q6E9;		ENSMUST00000121401.8 [E9Q6E9-1];
E9Q6G4			ENSMUST00000171637.8;
E9Q6H8	E9Q6H8;		ENSMUST00000087622.6;
E9Q6K1	E9Q6K1;		ENSMUST00000108460.8;
E9Q6P2	E9Q6P2;		ENSMUST00000161989.2;
E9Q6R4			ENSMUST00000092723.11;
E9Q6Y6	E9Q6Y6;		ENSMUST00000060402.6;
E9Q6Z5	E9Q6Z5;		ENSMUST00000105866.3;
E9Q704	E9Q704;		ENSMUST00000161567.8;
E9Q706	E9Q706;		ENSMUST00000120080.8;
E9Q743	E9Q743;		ENSMUST00000121964.8;
E9Q745	E9Q745;		ENSMUST00000031837.8;
E9Q776	E9Q776;		ENSMUST00000165663.2;
E9Q777	E9Q777;		ENSMUST00000123853.9;
E9Q796	E9Q796;		ENSMUST00000112345.8;
E9Q797	E9Q797;		ENSMUST00000137748.8;
E9Q7B0	E9Q7B0;		ENSMUST00000092512.11;
E9Q7I7			ENSMUST00000050757.16;
E9Q7P2	E9Q7P2;		ENSMUST00000160424.8;
E9Q7U0	E9Q7U0;		ENSMUST00000164954.3;
E9Q7V6	E9Q7V6;		ENSMUST00000164037.3;
E9Q828	E9Q828;		ENSMUST00000125659.8;
E9Q8A3	E9Q8A3;		ENSMUST00000125476.8;
E9Q8D0	E9Q8D0;		ENSMUST00000136591.8;
E9Q8E3	E9Q8E3;		ENSMUST00000171000.3;
E9Q8N8	E9Q8N8;		ENSMUST00000156238.8;
E9Q8Q1	E9Q8Q1;		ENSMUST00000202293.4;
E9Q8S8	E9Q8S8;		ENSMUST00000123097.8;
E9Q967	E9Q967;		ENSMUST00000171572.9;
E9Q9F5	E9Q9F5;		ENSMUST00000115272.9;
E9Q9G1	E9Q9G1;		ENSMUST00000035180.5;
E9Q9J4	E9Q9J4;		ENSMUST00000112845.8;
E9Q9K8	E9Q9K8;		ENSMUST00000095737.5;
E9Q9P4	E9Q9P4;		ENSMUST00000163322.3;
E9Q9T6	E9Q9T6;		ENSMUST00000111438.2;
E9Q9X4	E9Q9X4;		ENSMUST00000115090.6;
E9QAF0	E9QAF0;		ENSMUST00000070216.9;
E9QAL4	E9QAL4;		ENSMUST00000168276.8;
E9QAM4	E9QAM4;		ENSMUST00000172098.2;
E9QAN2	E9QAN2;		ENSMUST00000168186.8;
E9QAP5	E9QAP5;		ENSMUST00000112482.2;
E9QAP6	E9QAP6;		ENSMUST00000112481.2;
E9QAS4			ENSMUST00000112392.8;
E9QAS9	E9QAS9;		ENSMUST00000114654.8;
E9QAT0	E9QAT0;		ENSMUST00000114653.2;
E9QAX2			ENSMUST00000168348.8;
E9QB02	E9QB02;		ENSMUST00000171564.8;
E9QJT2	E9QJT2;		ENSMUST00000118009.2;
E9QKB2	E9QKB2;		ENSMUST00000021929.10;
E9QKC6	E9QKC6;		ENSMUST00000054990.11;
E9QKK1			ENSMUST00000062893.12;
E9QKK8	E9QKK8;		ENSMUST00000033480.13;
E9QKM8	E9QKM8;		ENSMUST00000111194.8;
E9QL43	E9QL43;		ENSMUST00000049887.13;
E9QL65	E9QL65;		ENSMUST00000049168.9;
E9QLQ3	E9QLQ3;		ENSMUST00000032909.9;
E9QLZ1	E9QLZ1;		ENSMUST00000048371.15;
E9QLZ9	E9QLZ9;		ENSMUST00000078719.13;
E9QM38	E9QM38;		ENSMUST00000115366.3;
E9QMJ8	E9QMJ8;		ENSMUST00000074370;
E9QMK2			ENSMUST00000109544.9;
E9QMK3	E9QMK3;		ENSMUST00000109543.9;
E9QMN1	E9QMN1;		ENSMUST00000009667.12;
E9QN59	E9QN59;		ENSMUST00000112848.8;
E9QNF5	E9QNF5;		ENSMUST00000114657.9;
E9QNL5	E9QNL5;		ENSMUST00000106373.9;
E9QNP0	E9QNP0;		ENSMUST00000121623;
E9QNQ4			ENSMUST00000118340.7;
E9QNT5	E9QNT5;		ENSMUST00000105963.2;
E9QNZ2	E9QNZ2;		ENSMUST00000121869.8;
E9QNZ9	E9QNZ9;		ENSMUST00000045289.6;
E9QP87	E9QP87;		ENSMUST00000109368.2;
E9QPC5	E9QPC5;		ENSMUST00000090371.14;
E9QPD7	E9QPD7;		ENSMUST00000068004.13;
E9QPP7	E9QPP7;		ENSMUST00000057018.15;
E9QPU1			ENSMUST00000112254.8;
E9QPX3	E9QPX3;		ENSMUST00000022286.8;
E9QQ33	E9QQ33;		ENSMUST00000034060.7;
F2WWK5	F2WWK5;		
F2WWK6	F2WWK6;		
F2Z3Y9	F2Z3Y9;		ENSMUST00000139231.2;ENSMUST00000155856.2;ENSMUST00000185219.2;ENSMUST00000185361.2;
F2Z436	F2Z436;		ENSMUST00000153485.3;
F2Z456	F2Z456;		ENSMUST00000162178.8;
F2Z470	F2Z470;		ENSMUST00000170287.8;
F2Z490	F2Z490;		ENSMUST00000152772.2;
F6Q5C6	F6Q5C6;		ENSMUST00000155568.3;
F6Q8D3	F6Q8D3;		ENSMUST00000154051.8;
F6Q8N5			ENSMUST00000130324.2;
F6QCI0			ENSMUST00000133170.2;
F6QFD1			ENSMUST00000153234.8;
F6QYE1	F6QYE1;		ENSMUST00000165540.9;
F6R7A2			ENSMUST00000153369.2;
F6RA04	F6RA04;		ENSMUST00000151258.8;
F6RJE8			ENSMUST00000152981.2;
F6RXM1			ENSMUST00000135159.2;
F6S4G2			ENSMUST00000138194.2;
F6SMY7			ENSMUST00000160758.8;
F6TQ32			ENSMUST00000124915.8;
F6TQW2			ENSMUST00000103416.9;
F6TVP2			ENSMUST00000139263.8;
F6U6X3	F6U6X3;		ENSMUST00000122284.9;
F6UH57			ENSMUST00000159499.2;
F6UIK0	F6UIK0;		ENSMUST00000129433.4;
F6UUZ3			ENSMUST00000145302.3;
F6V5S5			ENSMUST00000147730.2;
F6V6F0			ENSMUST00000165798.2;
F6VIY4			ENSMUST00000133436.8;
F6VMC4	F6VMC4;		ENSMUST00000140513.2;
F6VRF7	F6VRF7;		ENSMUST00000140349.8;
F6W0C2			ENSMUST00000145181.2;
F6WGR1	F6WGR1;		ENSMUST00000033495.15;
F6WPW1			ENSMUST00000113506.2;ENSMUST00000113507.8;
F6WR04	F6WR04;		ENSMUST00000015667.9;
F6WZD3			ENSMUST00000131209.2;
F6X0V1			ENSMUST00000134739.2;
F6XBL0	F6XBL0;		ENSMUST00000146786.8;
F6XJP7	F6XJP7;		ENSMUST00000055576.12;
F6XLZ3			ENSMUST00000201821.4;
F6XXE6			ENSMUST00000160484.6;
F6XZS9			ENSMUST00000134660.8;
F6Y0D0	F6Y0D0;		ENSMUST00000156356.2;
F6YA33			ENSMUST00000129249.2;
F6YCR7	F6YCR7;		ENSMUST00000152730.4;
F6YLP3	F6YLP3;		ENSMUST00000126574.3;
F6YST4	F6YST4;		ENSMUST00000168081.9;
F6Z4J2	F6Z4J2;		ENSMUST00000132974.8;
F6ZDL8			ENSMUST00000143108.8;
F6ZGI7			ENSMUST00000165022.9;ENSMUST00000166104.9;ENSMUST00000183407.2;ENSMUST00000184214.8;ENSMUST00000184245.8;ENSMUST00000184335.8;ENSMUST00000184781.8;
F6ZSN2	F6ZSN2;		ENSMUST00000065788.15;
F6ZYH6	F6ZYH6;		ENSMUST00000085240.11;
F7AD18			ENSMUST00000171231.8;ENSMUST00000236519.2;
F7AST3			ENSMUST00000132114.8;
F7B9G4			ENSMUST00000170918.8;
F7BC60	F7BC60;		ENSMUST00000160744.2;
F7BDP4			ENSMUST00000124831.2;
F7BQ55			ENSMUST00000161545.2;
F7BX26			ENSMUST00000142597.2;
F7C090	F7C090;		ENSMUST00000126195.2;
F7C528			ENSMUST00000128981.8;
F7CK55			ENSMUST00000130732.2;
F7CNJ1			ENSMUST00000161865.2;
F7CPS1			ENSMUST00000151280.8;
F7CSZ6			ENSMUST00000159995.2;
F7D6J5			ENSMUST00000108909.9;
F7DC70			ENSMUST00000152386.8;
F8VPJ7	F8VPJ7;		ENSMUST00000093791.10;
F8VPK0	F8VPK0;		ENSMUST00000091466.4;ENSMUST00000224386.2;
F8VPK6	F8VPK6;		ENSMUST00000032892.7;
F8VPK8			ENSMUST00000068992.8;ENSMUST00000195826.6;
F8VPL2			ENSMUST00000170430.3;ENSMUST00000206219.2;
F8VPQ6	F8VPQ6;		ENSMUST00000113270.3;
F8VPU6	F8VPU6;		ENSMUST00000091188.7;
F8VPY8	F8VPY8;		ENSMUST00000114427.4 [F8VPY8-2];ENSMUST00000215038.3 [F8VPY8-2];ENSMUST00000239415.2 [F8VPY8-1];
F8VPZ1	F8VPZ1;		ENSMUST00000105875.8;
F8VQ15	F8VQ15;		ENSMUST00000068135.13;
F8VQ42	F8VQ42;		ENSMUST00000117539.8;
F8VQ52	F8VQ52;		ENSMUST00000096224.6;
F8VQ75		5DJN;	ENSMUST00000056978.8;
F8VQ79			ENSMUST00000060208.11;
F8VQ87			ENSMUST00000034981.14;
F8VQA4	F8VQA4;		ENSMUST00000097625.10;
F8VQB8	F8VQB8;		ENSMUST00000089299.6;
F8VQC1	F8VQC1;		ENSMUST00000101087.10;
F8VQH0	F8VQH0;		ENSMUST00000027888.13;
F8VQH7	F8VQH7;		ENSMUST00000054244.7;
F8VQK5	F8VQK5;		ENSMUST00000015449.6;
F8VQL9			ENSMUST00000111402.9;
F8VQM0	F8VQM0;		ENSMUST00000044878.4;
F8WGT6	F8WGT6;		ENSMUST00000102970.5;
F8WH69	F8WH69;		ENSMUST00000016094.13;
F8WHT2	F8WHT2;		ENSMUST00000077689.14;
F8WHU7	F8WHU7;		ENSMUST00000041418.13;
F8WI37			ENSMUST00000045291.14;
F8WIE5			ENSMUST00000042052.9;
F8WIN9	F8WIN9;		ENSMUST00000025841.4;
F8WIS9	F8WIS9;		ENSMUST00000025519.11;
F8WJ40			ENSMUST00000006470.14;
F8WJC4	F8WJC4;		ENSMUST00000035278.7;
F8WJL1			ENSMUST00000112790.9;
G0XYF0	G0XYF0;		
G0XYF1	G0XYF1;		
G0XYF2	G0XYF2;		
G0XYF3	G0XYF3;		
G0XYF4	G0XYF4;		
G0XYF5	G0XYF5;		
G0XYF7	G0XYF7;		
G0XYF9	G0XYF9;		
G0XYG0	G0XYG0;		
G0XYG8	G0XYG8;		
G0XYH3	G0XYH3;		
G0XYH7	G0XYH7;		
G0XYH9	G0XYH9;		
G0XYI0	G0XYI0;		
G3UVU9	G3UVU9;		ENSMUST00000142495.8;
G3UVV4	G3UVV4;		ENSMUST00000130422.8;
G3UVW6			ENSMUST00000128921.8;
G3UW83			ENSMUST00000168185.8;
G3UWD3	G3UWD3;		ENSMUST00000120397.8;
G3UWD5	G3UWD5;		ENSMUST00000169935.2;
G3UWE4	G3UWE4;		ENSMUST00000167634.2;
G3UWK0	G3UWK0;		ENSMUST00000173981.8;
G3UWK6			ENSMUST00000174831.8;
G3UWN2			ENSMUST00000202795.4;
G3UWN5	G3UWN5;		ENSMUST00000172983.8;
G3UWP7	G3UWP7;		ENSMUST00000172612.2;
G3UWW3			ENSMUST00000174569.2;
G3UWX1	G3UWX1;		ENSMUST00000203581.3;
G3UX16			ENSMUST00000173748.2;
G3UX60			ENSMUST00000174023.8;
G3UX82	G3UX82;		ENSMUST00000174092.8;
G3UX86	G3UX86;		ENSMUST00000133774.4;
G3UX98	G3UX98;		ENSMUST00000149642.3;
G3UXB4	G3UXB4;		ENSMUST00000151855.8;
G3UXE5	G3UXE5;		ENSMUST00000155628.8;
G3UXI7			ENSMUST00000173087.2;
G3UXL2	G3UXL2;		ENSMUST00000139049.2;
G3UXL6	G3UXL6;		ENSMUST00000174006.5;
G3UXM0	G3UXM0;		ENSMUST00000147483.3;
G3UXN0	G3UXN0;		ENSMUST00000172464.2;
G3UXS1	G3UXS1;		ENSMUST00000173015.8;
G3UXT8	G3UXT8;		ENSMUST00000173535.8;
G3UXU1	G3UXU1;		ENSMUST00000173329.8;
G3UY44	G3UY44;		ENSMUST00000173454.2;
G3UY75			ENSMUST00000174180.8;
G3UYC2	G3UYC2;		ENSMUST00000172934.8;
G3UYC3	G3UYC3;		ENSMUST00000173541.8;
G3UYQ2	G3UYQ2;		ENSMUST00000172571.8;
G3UYS2	G3UYS2;		ENSMUST00000097763.10;
G3UYS3	G3UYS3;		ENSMUST00000174323.6;
G3UYU6			ENSMUST00000174531.8;
G3UYX5	G3UYX5;		ENSMUST00000172831.8;
G3UYY2	G3UYY2;		ENSMUST00000173849.8;
G3UZ35	G3UZ35;		ENSMUST00000174121.2;
G3UZ39	G3UZ39;		ENSMUST00000173874.8;
G3UZC4	G3UZC4;		ENSMUST00000174040.2;
G3UZD6	G3UZD6;		ENSMUST00000172836.2;
G3UZM6	G3UZM6;		ENSMUST00000174343.8;
G3UZM8	G3UZM8;		ENSMUST00000172808.2;
G3UZM9	G3UZM9;		ENSMUST00000174422.8;
G3UZP8	G3UZP8;		ENSMUST00000173995.2;
G3UZT2	G3UZT2;		ENSMUST00000174223.2;
G3UZT6	G3UZT6;		ENSMUST00000173550.8;
G3UZW8	G3UZW8;		ENSMUST00000173441.9;
G3X8P5	G3X8P5;		ENSMUST00000000809.3;
G3X8P6	G3X8P6;		ENSMUST00000000828.14;
G3X8P9			ENSMUST00000001027.7;
G3X8Q0	G3X8Q0;		ENSMUST00000001326.7;
G3X8Q6	G3X8Q6;		ENSMUST00000004294.12;
G3X8T7			ENSMUST00000021056.8;
G3X8U3	G3X8U3;		ENSMUST00000022032.7;
G3X8U7	G3X8U7;		ENSMUST00000022355.11;
G3X8X0	G3X8X0;		ENSMUST00000025292.15;
G3X8X7	G3X8X7;		ENSMUST00000028900.11;
G3X8Y7	G3X8Y7;		ENSMUST00000029541.12;
G3X8Z7	G3X8Z7;		ENSMUST00000031108.9;
G3X925	G3X925;		ENSMUST00000047111.13;
G3X946	G3X946;		ENSMUST00000046662.8;
G3X975	G3X975;		ENSMUST00000049461.7;
G3X9D2	G3X9D2;		ENSMUST00000061427.10;
G3X9G2			ENSMUST00000072237.13;
G3X9N0	G3X9N0;		ENSMUST00000094360.13;
G3X9N5	G3X9N5;		ENSMUST00000095266.3;
G3X9R7	G3X9R7;		ENSMUST00000104979.2;
G3X9U1	G3X9U1;		ENSMUST00000108513.5;
G3X9X7	G3X9X7;		ENSMUST00000115124.9;
G3X9Y5	G3X9Y5;		ENSMUST00000117549.8;
G3X9Z8	G3X9Z8;		ENSMUST00000120339.8;
G3XA02	G3XA02;		ENSMUST00000136523.8;
G3XA17	G3XA17;		ENSMUST00000162415.9;
G3XA20	G3XA20;		ENSMUST00000162300.8;
G3XA35			ENSMUST00000159910.8;
G3XA48	G3XA48;		ENSMUST00000169314.9;
G4V4Z1			
G4WK10			ENSMUST00000182784.4;
G5E811			ENSMUST00000000275;ENSMUST00000239388.2;
G5E861	G5E861;		ENSMUST00000026866.15 [G5E861-1];ENSMUST00000148769.8 [G5E861-2];
G5E863			ENSMUST00000027020.13;ENSMUST00000212533.2;
G5E869	G5E869;		ENSMUST00000027315.14 [G5E869-1];ENSMUST00000066986.13 [G5E869-3];ENSMUST00000113737.8 [G5E869-2];
G5E872	G5E872;		ENSMUST00000027487.15;
G5E881	G5E881;		ENSMUST00000032461.12;
G5E8A9	G5E8A9;		ENSMUST00000047888.8;
G5E8C4	G5E8C4;		ENSMUST00000058154.15;
G5E8D5	G5E8D5;		ENSMUST00000071076.13;
G5E8F4	G5E8F4;		ENSMUST00000066568.6;
G5E8F8	G5E8F8;		ENSMUST00000069345.6;
G5E8G5	G5E8G5;		ENSMUST00000074113.13;
G5E8J6	G5E8J6;		ENSMUST00000085351.7;
G5E8K6	G5E8K6;		ENSMUST00000092445.12;
G5E8P0	G5E8P0;		ENSMUST00000109353.9 [G5E8P0-1];
G5E8R3			ENSMUST00000113825.4;ENSMUST00000224726.3;
G5E8T2			ENSMUST00000117648.9;ENSMUST00000232395.2;ENSMUST00000232660.2;
G5E8T9	G5E8T9;		ENSMUST00000118788.8;
G5E8Y0	G5E8Y0;		ENSMUST00000163680.9;
G5E8Z4	G5E8Z4;		ENSMUST00000166457.8;
G5E8Z6	G5E8Z6;		ENSMUST00000165835.8;
G5E902	G5E902;		ENSMUST00000170810.8;
H2BL43	H2BL43;		
H3BIX7	H3BIX7;		ENSMUST00000176770.8;
H3BIY0	H3BIY0;		ENSMUST00000176625.8;
H3BIY5	H3BIY5;		ENSMUST00000176056.2;
H3BJ40			ENSMUST00000175779.8;ENSMUST00000176500.8;
H3BJ45	H3BJ45;		ENSMUST00000177498.8;
H3BJA6	H3BJA6;		ENSMUST00000176729.8;
H3BJC3			ENSMUST00000176110.8;ENSMUST00000177329.2;
H3BJD0	H3BJD0;		ENSMUST00000176263.8;
H3BJD6	H3BJD6;		ENSMUST00000177456.8;
H3BJJ8			ENSMUST00000176453.8;
H3BJQ7	H3BJQ7;		ENSMUST00000149261.8;
H3BJU5			ENSMUST00000177480.2;
H3BJU7	H3BJU7;		ENSMUST00000177303.8;
H3BJW3	H3BJW3;		ENSMUST00000176670.8;
H3BJW5	H3BJW5;		ENSMUST00000176224.8;
H3BJZ6	H3BJZ6;		ENSMUST00000143537.9;
H3BK03	H3BK03;		ENSMUST00000177159.9;
H3BK65	H3BK65;		ENSMUST00000175776.8;
H3BK76	H3BK76;		ENSMUST00000155642.2;
H3BK96	H3BK96;		ENSMUST00000176305.8;
H3BK99	H3BK99;		ENSMUST00000132437.8;
H3BKC4	H3BKC4;		ENSMUST00000176442.8;
H3BKD0	H3BKD0;		ENSMUST00000176849.8;
H3BKD1			ENSMUST00000125794.2;
H3BKE7	H3BKE7;		ENSMUST00000175962.2;
H3BKH9	H3BKH9;		ENSMUST00000176804.8;
H3BKI8	H3BKI8;		ENSMUST00000177060.8;
H3BKL7	H3BKL7;		ENSMUST00000177337.2;
H3BKL8	H3BKL8;		ENSMUST00000176261.2;
H3BKN0	H3BKN0;		ENSMUST00000176485.8;
H3BKN2	H3BKN2;		ENSMUST00000175646.2;
H3BKQ7	H3BKQ7;		ENSMUST00000177153.8;
H3BKZ8			ENSMUST00000114182.11;
H3BL08	H3BL08;		ENSMUST00000176018.2;
H3BL28	H3BL28;		ENSMUST00000175889.8;
H3BL44	H3BL44;		ENSMUST00000177074.8;
H3BLB8	H3BLB8;		ENSMUST00000176945.2;
H3BLE5	H3BLE5;		ENSMUST00000176926.8;
H3BLF8			ENSMUST00000177400.8;
H3BLH0			ENSMUST00000176030.8;
H3BLI2	H3BLI2;		ENSMUST00000176655.8;
H3BLN6	H3BLN6;		ENSMUST00000023060.13;
H3BLP1			ENSMUST00000177397.8;ENSMUST00000177447.2;
H7BWY6	H7BWY6;		ENSMUST00000025951.14;
H7BX08			ENSMUST00000048309.12;
H7BX91	H7BX91;		ENSMUST00000105534.10;
H7BX95	H7BX95;		ENSMUST00000107920.10;
H7BX99	H7BX99;		ENSMUST00000111335.2;
H7BXC2	H7BXC2;		ENSMUST00000138181.3;
H7BXC3	H7BXC3;		ENSMUST00000149610.3;
H9H9S8	H9H9S8;		ENSMUST00000111042.3;
H9KV08	H9KV08;		ENSMUST00000127278.8;
H9KV14	H9KV14;		ENSMUST00000137905.2;
H9KV17	H9KV17;		ENSMUST00000161508.3;
I3RSH5	I3RSH5;		
I4DCY6	I4DCY6;		
I6L963			
I6L9E4	I6L9E4;		
I7HIK9			ENSMUST00000108657.4;
I7HIQ2			ENSMUST00000126391.2;
J3JS92			ENSMUST00000135504.9;
J3JS97	J3JS97;		
J3QK17	J3QK17;		ENSMUST00000141837.9;
J3QMK2			ENSMUST00000135402.4;ENSMUST00000235348.2;ENSMUST00000235688.2;ENSMUST00000236098.2;ENSMUST00000236370.2;ENSMUST00000236885.2;
J3QMM7	J3QMM7;		ENSMUST00000177955.8;
J3QMT8	J3QMT8;		ENSMUST00000177634.8;
J3QN06	J3QN06;		ENSMUST00000178721.2;
J3QN27	J3QN27;		ENSMUST00000179097.8;
J3QNW0			ENSMUST00000177754.9;ENSMUST00000178110.3;
J3QNX5	J3QNX5;		ENSMUST00000179269.3;
J3QP56	J3QP56;		ENSMUST00000134384.8;
J3QP84	J3QP84;		ENSMUST00000179836.8;
J3QPG5	J3QPG5;		ENSMUST00000177779.8;
J3QPP8	J3QPP8;		ENSMUST00000133144.4;
J3QPZ9			ENSMUST00000179055.2;
J3QQ63	J3QQ63;		ENSMUST00000119612.9;
K3W4M4	K3W4M4;		ENSMUST00000033901.11;
K3W4R5			ENSMUST00000099716.11;ENSMUST00000111338.10;
K7Q751	K7Q751;		
M0QWP1			ENSMUST00000180572.2;
M1VPI1			ENSMUST00000171644.8;ENSMUST00000203732.3;
O08546	O08546;		ENSMUST00000201332.5;
O08633	O08633;		ENSMUST00000072280.5;
O08640	O08640;		ENSMUST00000189774.2;
O08688	O08688;		ENSMUST00000040971.14;ENSMUST00000107112.2;
O08717	O08717;		ENSMUST00000059718.6;
O08740	O08740;		
O08797			ENSMUST00000006391.5;ENSMUST00000063191.14;
O08847			
O08850	O08850;		ENSMUST00000027997.9;
O08899	O08899;		
O08918	O08918;		ENSMUST00000031331.13;ENSMUST00000121127.2;
O08997	O08997;		ENSMUST00000108857.2;
O09035	O09035;		ENSMUST00000040806.5;
O09101	O09101;		ENSMUST00000024957.7;
O09116	O09116;		ENSMUST00000058142.4;
O09133	O09133;		ENSMUST00000199635.5 [O09133-1];
O09158	O09158;		ENSMUST00000068317.13;
O19440	O19440;		
O35066	O35066;	5JVM;	ENSMUST00000020999.7;ENSMUST00000220210.2;
O35098	O35098;		
O35127	O35127;		ENSMUST00000004389.6;
O35153	O35153;		ENSMUST00000026557.10;
O35157	O35157;		
O35164	O35164;		ENSMUST00000095798.2;
O35205	O35205;		ENSMUST00000038212.14;
O35214	O35214;		ENSMUST00000171313.8;ENSMUST00000196902.5;
O35256	O35256;		ENSMUST00000021779.8;
O35292	O35292;		ENSMUST00000075648.4;
O35368	O35368;		
O35372	O35372;		ENSMUST00000015903.12;
O35392	O35392;		ENSMUST00000068654.5;
O35403	O35403;	7V1O;	
O35448	O35448;		ENSMUST00000064953.15;ENSMUST00000166040.9;ENSMUST00000168391.9;ENSMUST00000169067.9;ENSMUST00000171121.9;ENSMUST00000171376.8;
O35450	O35450;		ENSMUST00000036720.9;
O35459	O35459;		ENSMUST00000066264.13;
O35536	O35536;		ENSMUST00000031674.11;
O35623	O35623;		ENSMUST00000049166.5;
O35654	O35654;		ENSMUST00000102922.10;
O35660	O35660;		ENSMUST00000106685.9;
O35680	O35680;	7PNT;7PNU;7PNV;7PNW;	ENSMUST00000056078.9;ENSMUST00000171183.2;
O35682	O35682;		ENSMUST00000096744.8;ENSMUST00000164553.8;ENSMUST00000203328.4;ENSMUST00000203566.3;
O35723	O35723;		
O35843	O35843;		
O35852			ENSMUST00000028883.12;
O35900	O35900;		ENSMUST00000114011.11;
O35912	O35912;		ENSMUST00000038876.13;ENSMUST00000164119.3;ENSMUST00000210297.2;
O35948	O35948;		
O35961	O35961;		
O35972	O35972;		ENSMUST00000038675.7;
O35979	O35979;		ENSMUST00000196070.2 [O35979-1];ENSMUST00000196477.5 [O35979-1];
O35982	O35982;		
O35985	O35985;		ENSMUST00000087043.8 [O35985-1];
O54734	O54734;		ENSMUST00000030538.5;
O54750	O54750;		ENSMUST00000030303.6;
O54792	O54792;		ENSMUST00000030782.2;
O54797	O54797;		
O54798	O54798;		ENSMUST00000033464.4;
O54817	O54817;		
O54818	O54818;		ENSMUST00000000305.7;
O54830	O54830;		ENSMUST00000006659.8 [O54830-2];ENSMUST00000095924.11 [O54830-1];
O54897	O54897;		ENSMUST00000101122.3;
O54910	O54910;		ENSMUST00000024742.9;
O54927	O54927;		ENSMUST00000017821.12;
O54974	O54974;		
O55071	O55071;		ENSMUST00000077855.8;
O55101	O55101;		ENSMUST00000026649.14;
O55126	O55126;		
O55226	O55226;		ENSMUST00000040418.9;
O70169	O70169;		ENSMUST00000027299.10;
O70300	O70300;		
O70354	O70354;		ENSMUST00000003360.10;
O70378	O70378;		ENSMUST00000034277.14;
O70422	O70422;		ENSMUST00000001565.15;ENSMUST00000160734.8;
O70493	O70493;		
O70554	O70554;		
O70556	O70556;		ENSMUST00000068399.2;
O70557	O70557;		ENSMUST00000050397.2;
O70558	O70558;		
O70559	O70559;		ENSMUST00000059845.2;
O70560	O70560;		ENSMUST00000047264.3;
O88327	O88327;		ENSMUST00000045142.15;
O88374			ENSMUST00000209204.2;ENSMUST00000211173.2;
O88416	O88416;		ENSMUST00000040161.5;
O88430	O88430;		ENSMUST00000034231.4;
O88441	O88441;		ENSMUST00000028511.8;
O88451	O88451;		ENSMUST00000047199.5;
O88493			
O88537	O88537;		ENSMUST00000071189.2;
O88544	O88544;	1UFM;	ENSMUST00000045993.15;
O88545	O88545;		ENSMUST00000019638.15;
O88573	O88573;		
O88745	O88745;		ENSMUST00000034023.4;
O88796	O88796;		ENSMUST00000025714.9;
O88834	O88834;		ENSMUST00000044216.8 [O88834-1];ENSMUST00000223629.2 [O88834-2];
O88852	O88852;		ENSMUST00000061372.7;
O88892	O88892;		ENSMUST00000022145.15;ENSMUST00000129014.2;
O88933			ENSMUST00000074698.3;
O88977	O88977;		
O89113	O89113;		ENSMUST00000055322.6;
O89114	O89114;		ENSMUST00000084662.12;ENSMUST00000098112.9;ENSMUST00000107973.3;
P00848	P00848;		ENSMUST00000082408.1;
P01173	P01173;		
P01573	P01573;	7E0E;	
P01633	P01633;		
P01837	P01837;	15C8;1A0Q;1A3L;1AHW;1AI1;1AIF;1C12;1CF8;1CFN;1CFQ;1CFS;1CFT;1CIC;1CK0;1CT8;1DQJ;1DQM;1DQQ;1E4W;1E4X;1EHL;1EMT;1F11;1FAI;1FBI;1FDL;1FE8;1FGN;1FJ1;1FL3;1FNS;1FRG;1FSK;1GPO;1HH6;1HH9;1HI6;1I8M;1IAI;1IGY;1JNL;1JNN;1JRH;1K4C;1K4D;1KB5;1KC5;1KCR;1KCS;1KCU;1KCV;1KEN;1KNO;1LO0;1MF2;1MH5;1MLB;1MLC;1N5Y;1N6Q;1NBY;1NBZ;1NDG;1NDM;1OAK;1OB1;1ORQ;1ORS;1OSP;1OTS;1OTT;1OTU;1P2C;1P7K;1PSK;1Q9O;1Q9W;1QGC;1R0A;1R24;1R3I;1R3J;1R3K;1R3L;1RIH;1RUQ;1RUR;1S5H;1SEQ;1T03;1T4K;1UB5;1UB6;1UWX;1XF2;1XF3;1XF4;1XGP;1XGQ;1XGU;25C8;2A6D;2A6K;2ADF;2ADJ;2AJS;2AJU;2AJV;2AJX;2AJY;2AJZ;2AK1;2BOB;2BOC;2CK0;2F19;2FR4;2G5B;2H8P;2HG5;2HRP;2MPA;2NR6;2Q76;2R1W;2R1Y;2R23;2R2B;2UYL;2V17;2V7H;2VC2;2VDK;2VDL;2VDM;2VDN;2VDO;2VDP;2VDQ;2VDR;2VL5;2VQ1;2VWE;2W60;2W65;2W9D;2W9E;2Z91;2Z92;2Z93;2ZJS;35C8;3BAE;3BGF;3BKC;3BKJ;3BKM;3BPC;3BQU;3BSZ;3BT2;3BZ4;3C5S;3C6S;3CFB;3CFC;3CFD;3CFE;3CK0;3CLE;3CLF;3CMO;3CVH;3CVI;3D9A;3EJZ;3EOT;3F7V;3F7Y;3FB6;3HFM;4KK5;4KK8;4KVC;4QNP;4ZXB;6FAB;	
P01849	P01849;	1LP9;1NFD;2J8U;2JCC;2Q86;3C6L;3MBE;5M01;5M02;6G9Q;6MF8;8WTE;8WUL;	
P01864	P01864;	1BOG;1CFN;1CFQ;1CFS;1CFT;1HH6;1HH9;1HI6;2IPT;2IQ9;2IQA;2VWE;	
P01881	P01881;		
P01882	P01882;		
P01896	P01896;		
P01915	P01915;		
P02525	P02525;		
P02664	P02664;		ENSMUST00000072539.12;
P02816	P02816;		ENSMUST00000075351.10;
P03930	P03930;		ENSMUST00000082407.1;
P03987	P03987;	1CLZ;2VQ1;	
P04071	P04071;		ENSMUST00000005933.4;
P04230	P04230;	1I3R;1KT2;1KTD;3QIB;3QIU;3QIW;	
P04231	P04231;		
P04345	P04345;		ENSMUST00000061497.9;
P05367	P05367;	6DSO;6ZCF;6ZCG;6ZCH;7OVT;	ENSMUST00000075982.4;ENSMUST00000210769.2;
P05977	P05977;	7NEP;7QIO;8EFD;8EFE;	ENSMUST00000027151.12 [P05977-1];ENSMUST00000119429.8 [P05977-2];
P06336	P06336;		
P06799	P06799;		
P07349	P07349;	3OQ3;	
P07350	P07350;		
P07351	P07351;		ENSMUST00000094973.5;
P07743	P07743;		ENSMUST00000048103.9;
P08043	P08043;		ENSMUST00000109128.8 [P08043-1];ENSMUST00000109129.8 [P08043-1];ENSMUST00000116378.8 [P08043-1];
P09092	P09092;		ENSMUST00000062829.9;
P09235	P09235;		ENSMUST00000102807.2;
P09541	P09541;		
P09586	P09586;		ENSMUST00000035273.4;
P09925	P09925;		ENSMUST00000015934.13;
P0C5I1	P0C5I1;		ENSMUST00000086395.7;
P0C6A1	P0C6A1;		
P0C6A2	P0C6A2;		ENSMUST00000082088.10;
P0C7N9	P0C7N9;		ENSMUST00000147632.3;
P0C8K7	P0C8K7;		ENSMUST00000125533.9;ENSMUST00000126119.8;ENSMUST00000130175.8;ENSMUST00000132541.8;ENSMUST00000143047.8;ENSMUST00000145527.8;ENSMUST00000146054.8;ENSMUST00000182151.8;
P0CC03	P0CC03;		ENSMUST00000169544.8;
P0DP59	P0DP59;		ENSMUST00000057932.8;
P0DPE0	P0DPE0;		ENSMUST00000115522.10 [P0DPE0-1];
P10076	P10076;		
P10077	P10077;		ENSMUST00000053521.15 [P10077-1];ENSMUST00000159920.2 [P10077-1];ENSMUST00000161904.8 [P10077-1];ENSMUST00000162592.8 [P10077-1];ENSMUST00000172448.2 [P10077-1];
P10166	P10166;		ENSMUST00000030407.8;ENSMUST00000106252.9;
P10598	P10598;		ENSMUST00000197422.5;ENSMUST00000199624.5;
P10601	P10601;		ENSMUST00000017460.6;ENSMUST00000170554.9;
P10755	P10755;		ENSMUST00000077787.8;ENSMUST00000207072.2;ENSMUST00000207873.2;
P10925	P10925;		ENSMUST00000065545.6;ENSMUST00000189888.7;
P12656	P12656;		
P12660	P12660;		ENSMUST00000133459.8;
P13412	P13412;		ENSMUST00000105971.8;ENSMUST00000149529.8;
P13438	P13438;		
P15119	P15119;		ENSMUST00000015576.6;
P15501	P15501;		ENSMUST00000024940.11;ENSMUST00000181985.8;ENSMUST00000183155.8;ENSMUST00000183252.8;
P16254	P16254;	1914;	ENSMUST00000009693.15;
P16372	P16372;		ENSMUST00000076123.12;ENSMUST00000171518.8;
P16373	P16373;		ENSMUST00000108331.3;ENSMUST00000205701.2;
P16374	P16374;		
P17950	P17950;		ENSMUST00000060427.6;
P18121	P18121;		
P18469	P18469;		
P19228	P19228;		ENSMUST00000094641.9;
P19467	P19467;		ENSMUST00000023520.7;ENSMUST00000115044.8;
P20040	P20040;		
P20764	P20764;		ENSMUST00000100136.4;
P20801	P20801;		ENSMUST00000103095.5;
P21126	P21126;		ENSMUST00000155676.8;ENSMUST00000178691.2;
P21129	P21129;		ENSMUST00000037967.6;ENSMUST00000073067.11;ENSMUST00000114146.8;
P21460	P21460;	8V57;	ENSMUST00000028938.7;
P21761	P21761;		ENSMUST00000038856.14;ENSMUST00000110289.4;ENSMUST00000226626.2;
P21841	P21841;		
P24399	P24399;		ENSMUST00000079405.15;ENSMUST00000172088.8;
P24526	P24526;		ENSMUST00000029034.9;
P28312	P28312;		
P28575	P28575;		ENSMUST00000030461.5;ENSMUST00000106479.8;
P28662	P28662;		ENSMUST00000056578.7;
P29621	P29621;		ENSMUST00000085050.4;
P30677	P30677;		ENSMUST00000025602.4;
P31387	P31387;		
P33680	P33680;		ENSMUST00000024015.3;
P34983	P34983;		ENSMUST00000073248.2;
P34984	P34984;		ENSMUST00000059512.5;ENSMUST00000216179.2;
P34985	P34985;		
P34986	P34986;		
P35174	P35174;		ENSMUST00000023619.8 [P35174-2];
P35175	P35175;		ENSMUST00000232150.2;
P36916	P36916;		ENSMUST00000087200.4 [P36916-1];
P37804	P37804;	1UJO;	ENSMUST00000034590.4;
P38575	P38575;		
P41149	P41149;		ENSMUST00000172148.5;
P41158	P41158;		ENSMUST00000027696.10;ENSMUST00000086556.12;
P42925	P42925;		
P43142	P43142;		
P43430	P43430;		ENSMUST00000015594.9;
P46718	P46718;		
P47801	P47801;		ENSMUST00000032330.16;ENSMUST00000111907.2;ENSMUST00000205156.3;
P47939	P47939;		ENSMUST00000039534.11;
P47945	P47945;		ENSMUST00000034207.8;
P48024	P48024;		ENSMUST00000049385.14;
P48377	P48377;		ENSMUST00000005600.6;
P48757	P48757;		ENSMUST00000017309.2;
P49194	P49194;		
P49442	P49442;		ENSMUST00000027271.9;
P49660	P49660;		
P49681	P49681;		ENSMUST00000044180.5;
P50136	P50136;		
P50153	P50153;		ENSMUST00000021734.9;
P50236	P50236;		
P50294	P50294;		ENSMUST00000026677.4;
P50538	P50538;		
P50615	P50615;		ENSMUST00000023570.14;
P50705	P50705;		
P50706	P50706;		
P50707	P50707;		
P50708	P50708;		
P50709	P50709;		
P50711	P50711;		
P50712	P50712;	7YOA;	
P50713	P50713;		
P50714	P50714;		
P50716	P50716;		
P51162	P51162;		ENSMUST00000020672.5;
P51676	P51676;		ENSMUST00000071404.5;
P51945	P51945;		ENSMUST00000020576.8;
P52950	P52950;		ENSMUST00000032717.7;
P52963	P52963;		ENSMUST00000025234.7;
P53569	P53569;		
P54797	P54797;		ENSMUST00000115628.10;
P55050	P55050;		ENSMUST00000023820.6;
P55099	P55099;		ENSMUST00000026466.5;ENSMUST00000179960.8;
P55104	P55104;		ENSMUST00000026472.10;
P56183	P56183;		ENSMUST00000062678.11 [P56183-1];
P56203	P56203;		ENSMUST00000025844.6;
P56375	P56375;		ENSMUST00000074613.4;
P56376	P56376;		ENSMUST00000008966.13;ENSMUST00000117138.3;
P56379	P56379;		ENSMUST00000021719.7;ENSMUST00000222874.2;
P56382	P56382;		ENSMUST00000016396.8;
P56387	P56387;		ENSMUST00000033519.3;
P56469	P56469;		ENSMUST00000030815.3;
P56812	P56812;		ENSMUST00000118501.8;
P56916	P56916;		ENSMUST00000012279.6;
P57016	P57016;		ENSMUST00000038760.10;
P57096	P57096;		ENSMUST00000023265.5;
P57722	P57722;		ENSMUST00000001148.11 [P57722-1];ENSMUST00000105411.9 [P57722-2];ENSMUST00000168465.9 [P57722-1];
P57724	P57724;		
P58021	P58021;		ENSMUST00000026624.11;
P58058	P58058;		ENSMUST00000030939.14;ENSMUST00000105613.10;
P58064	P58064;	7PNT;7PNU;7PNV;7PNW;	ENSMUST00000047429.9;
P58321	P58321;		ENSMUST00000039011.4;
P58406	P58406;		ENSMUST00000056480.10;
P58659	P58659;		ENSMUST00000037539.15 [P58659-1];ENSMUST00000099543.10 [P58659-2];
P58802	P58802;		ENSMUST00000180088.2;
P58854	P58854;		ENSMUST00000000776.15;
P58873	P58873;		ENSMUST00000017836.8;
P58929	P58929;		ENSMUST00000049032.13;
P59024	P59024;		ENSMUST00000046520.13;
P59111	P59111;		
P59235	P59235;		ENSMUST00000040135.9;
P59280	P59280;		ENSMUST00000031254.9;
P59281	P59281;		ENSMUST00000036176.16 [P59281-1];ENSMUST00000239134.2 [P59281-2];
P59481	P59481;		ENSMUST00000125304.8;
P59528	P59528;		ENSMUST00000071696.2;
P59529	P59529;		ENSMUST00000062463.4;
P59532	P59532;		ENSMUST00000059534.5;
P59862	P59862;		ENSMUST00000042092.9;
P59900	P59900;		ENSMUST00000057169.5;
P59913	P59913;		ENSMUST00000061280.17;
P60007	P60007;		ENSMUST00000106978.8 [P60007-1];ENSMUST00000144207.9 [P60007-1];ENSMUST00000178851.2 [P60007-1];
P60060	P60060;		ENSMUST00000109641.2;ENSMUST00000109642.8;ENSMUST00000109643.8;ENSMUST00000178855.8;
P60191	P60191;		ENSMUST00000044734.3;
P60603	P60603;		ENSMUST00000088610.11;ENSMUST00000109597.10;ENSMUST00000109598.4;ENSMUST00000119950.2;
P60894	P60894;		ENSMUST00000060442.14;ENSMUST00000115491.2;ENSMUST00000115492.2;
P60897	P60897;		ENSMUST00000041111.10;
P60898	P60898;		ENSMUST00000019882.16;
P61025	P61025;		ENSMUST00000029679.4;
P61164	P61164;		ENSMUST00000040270.6;
P61205	P61205;		ENSMUST00000053183.12;
P61208	P61208;		ENSMUST00000051236.11;ENSMUST00000159814.2;ENSMUST00000187810.2;
P61237	P61237;		ENSMUST00000038614.12;ENSMUST00000106356.2;ENSMUST00000106357.8;ENSMUST00000170882.8;
P61315	P61315;		ENSMUST00000061169.7;
P61924	P61924;	5A1U;5A1V;5A1W;5A1X;5A1Y;5NZR;5NZS;5NZT;5NZU;5NZV;	ENSMUST00000100162.5;
P61953	P61953;		ENSMUST00000031670.10;
P61963	P61963;		ENSMUST00000058438.9;
P61971	P61971;		ENSMUST00000008594.9;ENSMUST00000095978.5;ENSMUST00000212042.2;
P62073	P62073;		ENSMUST00000028470.10;ENSMUST00000111631.2;
P62075	P62075;		ENSMUST00000020440.7;
P62077	P62077;		ENSMUST00000044051.6;
P62311	P62311;		ENSMUST00000040607.6;ENSMUST00000206947.2;
P62313	P62313;		ENSMUST00000051867.7;ENSMUST00000130325.8;ENSMUST00000146824.2;
P62322	P62322;		ENSMUST00000170382.5;
P62325	P62325;		ENSMUST00000038377.9;
P62488	P62488;		ENSMUST00000096261.5;
P62627	P62627;	1Y4O;	ENSMUST00000109682.9;
P62700	P62700;		ENSMUST00000045174.7;ENSMUST00000233210.2;ENSMUST00000233886.2;
P62748	P62748;		ENSMUST00000071858.5;
P62810	P62810;		ENSMUST00000001009.14;
P62816	P62816;		ENSMUST00000054836.7;
P62818	P62818;		ENSMUST00000001047.8;ENSMUST00000200290.5;ENSMUST00000200508.5;
P62876	P62876;		ENSMUST00000043870.9;
P62932	P62932;		ENSMUST00000075869.13;ENSMUST00000114806.2;
P62947	P62947;	6SWA;7CPU;7CPV;7LS1;7LS2;	ENSMUST00000176010.8;ENSMUST00000176683.8;ENSMUST00000177163.8;
P62951	P62951;		ENSMUST00000088494.3;ENSMUST00000109528.9;
P62965	P62965;	1CBI;1CBR;	ENSMUST00000034830.9;
P63042	P63042;	6KPP;6LSM;6LSN;7CNM;7CNN;7CNO;7DAD;7DAE;7DAF;7DB9;7DBA;7DBB;7DBC;7DBD;7XQX;7XQY;7XR0;7XR1;8CLD;	ENSMUST00000074523.13;
P63054	P63054;		ENSMUST00000061739.9;
P63075	P63075;		ENSMUST00000022697.7;
P63084	P63084;		ENSMUST00000001049.5;ENSMUST00000107329.8;
P63254	P63254;		ENSMUST00000006523.12;ENSMUST00000200553.2;
P70213	P70213;		ENSMUST00000094481.2;
P70276			
P70303	P70303;	7MIU;7MIV;	ENSMUST00000033727.14 [P70303-1];ENSMUST00000101095.9 [P70303-3];ENSMUST00000112301.8 [P70303-1];ENSMUST00000112302.8 [P70303-2];ENSMUST00000112303.8 [P70303-1];
P70333	P70333;		ENSMUST00000050331.13;ENSMUST00000059297.6;ENSMUST00000074950.11;ENSMUST00000113202.8;ENSMUST00000113203.2;
P70355			
P70368	P70368;		ENSMUST00000001130.8;
P70389	P70389;		
P70402	P70402;		ENSMUST00000038445.13;ENSMUST00000191577.2;
P70436	P70436;		ENSMUST00000021241.8;
P70675	P70675;		ENSMUST00000033691.5;
P70691	P70691;		ENSMUST00000049289.9 [P70691-1];
P81068	P81068;		ENSMUST00000077337.9;
P81069	P81069;		ENSMUST00000098873.11 [P81069-1];ENSMUST00000107209.8 [P81069-1];ENSMUST00000136139.8 [P81069-1];
P83503	P83503;		ENSMUST00000050434.6;
P83555	P83555;		
P83626	P83626;		ENSMUST00000055723.9;
P83861	P83861;		ENSMUST00000091227.9;
P83877	P83877;		ENSMUST00000145963.9;
P83891			
P84089	P84089;	1WWQ;1WZ7;	ENSMUST00000021559.14;ENSMUST00000080152.5;
P97304	P97304;		ENSMUST00000050970.4;
P97314	P97314;		ENSMUST00000020403.7;
P97315	P97315;		ENSMUST00000027677.8;ENSMUST00000097561.9;
P97357	P97357;		ENSMUST00000192076.3;
P97366	P97366;		
P97371	P97371;	5MSJ;5MX5;	ENSMUST00000174259.8;
P97382	P97382;		
P97423			
P97425	P97425;		ENSMUST00000074839.7;
P97426	P97426;		ENSMUST00000100691.4;ENSMUST00000179200.2;
P97450	P97450;		ENSMUST00000023608.14;ENSMUST00000114191.8;ENSMUST00000114193.8;
P97506	P97506;		
P97751	P97751;		ENSMUST00000035115.5;
P97764	P97764;		ENSMUST00000032111.11 [P97764-1];ENSMUST00000113936.10 [P97764-2];
P97816	P97816;		ENSMUST00000038769.3;
P97825	P97825;		ENSMUST00000021083.7;
P97858	P97858;		ENSMUST00000021243.16 [P97858-1];
P97861	P97861;		ENSMUST00000088049.5;
P97950	P97950;		ENSMUST00000033430.3;
P99025	P99025;		ENSMUST00000057454.4;
Q000W5			ENSMUST00000065588.7;
Q00PI9	Q00PI9;		ENSMUST00000096753.5;
Q01730	Q01730;		
Q01776	Q01776;		ENSMUST00000031172.9;
Q02525	Q02525;		ENSMUST00000102703.2;
Q02526	Q02526;		ENSMUST00000054555.10;ENSMUST00000161785.8;
Q02576	Q02576;		ENSMUST00000059794.4;
Q02614	Q02614;		ENSMUST00000140991.2;
Q03734	Q03734;		ENSMUST00000101078.12;ENSMUST00000168797.2;
Q03740	Q03740;		ENSMUST00000087359.6;
Q03958	Q03958;		ENSMUST00000025163.14;ENSMUST00000174048.8;ENSMUST00000179418.9;
Q04758	Q04758;		
Q05504			
Q059T5	Q059T5;		
Q059V7	Q059V7;		
Q059X9	Q059X9;		
Q059Y4	Q059Y4;		
Q05A21	Q05A21;		
Q05A24	Q05A24;		
Q05AA8	Q05AA8;		
Q05BA5			ENSMUST00000088095.7;
Q05BY0	Q05BY0;		
Q05C53	Q05C53;		
Q05CB6	Q05CB6;		
Q05CI6	Q05CI6;		
Q05D13	Q05D13;		
Q05D47	Q05D47;		
Q05DD1	Q05DD1;		
Q05DH9	Q05DH9;		
Q05DV2			ENSMUST00000161986.2;
Q06138	Q06138;		ENSMUST00000097666.4;ENSMUST00000113360.8;
Q06649	Q06649;		
Q07230	Q07230;	2I13;	ENSMUST00000044115.9;
Q08331	Q08331;		ENSMUST00000003754.8;
Q08731	Q08731;		ENSMUST00000023906.4;
Q08EC2	Q08EC2;		
Q09TK7	Q09TK7;		ENSMUST00000239421.2;
Q09TK9	Q09TK9;		ENSMUST00000198988.5;
Q0II04	Q0II04;		ENSMUST00000132418.8 [Q0II04-1];
Q0P523	Q0P523;		ENSMUST00000098630.5;
Q0P617	Q0P617;		
Q0P666	Q0P666;		
Q0P678	Q0P678;		ENSMUST00000093073.12 [Q0P678-1];
Q0PCR4	Q0PCR4;		
Q0PCR5	Q0PCR5;		
Q0PD35	Q0PD35;		
Q0PD49	Q0PD49;		
Q0PD63	Q0PD63;		
Q0PD65	Q0PD65;		
Q0PMN1	Q0PMN1;		
Q0PMN2	Q0PMN2;		
Q0Q236	Q0Q236;		ENSMUST00000108526.6;
Q0QER9	Q0QER9;		
Q0QEZ4	Q0QEZ4;		
Q0R0H6	Q0R0H6;		
Q0VAV2	Q0VAV2;		ENSMUST00000051014.2;
Q0VAV5	Q0VAV5;		
Q0VAW7	Q0VAW7;		ENSMUST00000005413.4 [Q0VAW7-1];ENSMUST00000120006.8 [Q0VAW7-2];
Q0VAX3	Q0VAX3;		ENSMUST00000099923.2;
Q0VAX9	Q0VAX9;		ENSMUST00000086473.4;
Q0VB50	Q0VB50;		
Q0VB73	Q0VB73;		
Q0VB97	Q0VB97;		
Q0VBA8	Q0VBA8;		
Q0VBB6	Q0VBB6;		
Q0VBD7	Q0VBD7;		
Q0VBM2	Q0VBM2;		ENSMUST00000098546.4;ENSMUST00000183437.8;
Q0VBN2	Q0VBN2;		ENSMUST00000035462.7;
Q0VBU4	Q0VBU4;		
Q0VBV7	Q0VBV7;		ENSMUST00000037397.8;
Q0VD75	Q0VD75;		
Q0VDU3	Q0VDU3;		ENSMUST00000089318.5;
Q0VDW9	Q0VDW9;		
Q0VE82	Q0VE82;		ENSMUST00000037900.9;
Q0VEC4	Q0VEC4;		
Q0VEE0	Q0VEE0;		
Q0VEE6	Q0VEE6;		ENSMUST00000035930.11;ENSMUST00000115320.8;ENSMUST00000115321.9;
Q0VEP8	Q0VEP8;		
Q0VF54	Q0VF54;		
Q0VF55			ENSMUST00000088429.8;
Q0VF80	Q0VF80;		
Q0VF82	Q0VF82;		
Q0VG51	Q0VG51;		
Q0VGH1	Q0VGH1;		
Q0VGP9			ENSMUST00000028748.14;
Q0VGT7	Q0VGT7;		
Q0VGU0	Q0VGU0;		
Q0X0E6	Q0X0E6;		
Q0ZUP1	Q0ZUP1;		ENSMUST00000112110.4;
Q148A4	Q148A4;	8IYJ;	
Q148P2	Q148P2;		
Q148P9	Q148P9;		
Q148R4			ENSMUST00000069245.8;
Q148R5	Q148R5;		
Q148T8			
Q148V8	Q148V8;		ENSMUST00000060807.12;ENSMUST00000170153.2;
Q149A0	Q149A0;		
Q149C3	Q149C3;		ENSMUST00000050975.6;
Q149C8	Q149C8;		
Q149F1	Q149F1;		ENSMUST00000028796.2;
Q149G4	Q149G4;		
Q149I6	Q149I6;		
Q149J3	Q149J3;		
Q149L6	Q149L6;		ENSMUST00000090178.10 [Q149L6-1];
Q149L9	Q149L9;		
Q149M0	Q149M0;		
Q149R9	Q149R9;		ENSMUST00000088292.7;ENSMUST00000140346.10;
Q14A64	Q14A64;		
Q14AI0	Q14AI0;		ENSMUST00000023059.13;
Q14AI6	Q14AI6;		ENSMUST00000113092.9 [Q14AI6-1];ENSMUST00000129047.8 [Q14AI6-2];
Q14AM7	Q14AM7;		ENSMUST00000023150.7;
Q14B25	Q14B25;		ENSMUST00000061343.4;
Q14B86			ENSMUST00000232095.2;
Q14B98	Q14B98;		
Q14BA6	Q14BA6;		ENSMUST00000093110.12 [Q14BA6-1];ENSMUST00000201083.2 [Q14BA6-2];
Q14BQ5	Q14BQ5;		
Q14BR4	Q14BR4;		
Q14BV6	Q14BV6;		ENSMUST00000069064.7 [Q14BV6-1];ENSMUST00000231726.2 [Q14BV6-2];
Q14BW6	Q14BW6;		
Q14BW7	Q14BW7;		
Q14C57	Q14C57;		
Q14CH0	Q14CH0;		ENSMUST00000051454.4 [Q14CH0-2];
Q14CH1	Q14CH1;		ENSMUST00000068006.9;
Q14DJ8	Q14DJ8;		
Q14DK5	Q14DK5;		ENSMUST00000021685.8 [Q14DK5-1];
Q14DL3	Q14DL3;		ENSMUST00000029833.13 [Q14DL3-1];ENSMUST00000192383.6 [Q14DL3-2];ENSMUST00000194376.2 [Q14DL3-3];
Q14DQ0	Q14DQ0;		
Q19A41	Q19A41;		ENSMUST00000101589.5;
Q19LI2	Q19LI2;		ENSMUST00000096418.5;
Q1HL32	Q1HL32;		
Q1HL35			ENSMUST00000038287.7;
Q1KYL9			
Q1KYM2			
Q1LZM2	Q1LZM2;		
Q1MXF8	Q1MXF8;		
Q1RLK6	Q1RLK6;		ENSMUST00000031384.6;
Q27PY9			ENSMUST00000249357.1;
Q2KHK3	Q2KHK3;		
Q2KHL0	Q2KHL0;		
Q2KHN9	Q2KHN9;		
Q2KHP2	Q2KHP2;		
Q2LC58	Q2LC58;		
Q2M2N2	Q2M2N2;		ENSMUST00000132484.7 [Q2M2N2-1];
Q2M4G5	Q2M4G5;		
Q2M4G9	Q2M4G9;		
Q2M4H2	Q2M4H2;		
Q2M4K0	Q2M4K0;		
Q2NKH9	Q2NKH9;		ENSMUST00000038010.5;
Q2NKI4			ENSMUST00000172109.4;
Q2PHE9			
Q2PMY2	Q2PMY2;		
Q2TAW4			
Q2TAX1	Q2TAX1;		
Q2TAY4	Q2TAY4;		
Q2TB05	Q2TB05;		
Q2TL60	Q2TL60;		ENSMUST00000086327.12;ENSMUST00000108562.2;ENSMUST00000170776.8;
Q2TUM3	Q2TUM3;		ENSMUST00000051184.10 [Q2TUM3-1];ENSMUST00000225582.2 [Q2TUM3-3];
Q2TVT7	Q2TVT7;		
Q2UZQ7	Q2UZQ7;		
Q2WG77	Q2WG77;		ENSMUST00000101217.4;
Q30KP6	Q30KP6;		ENSMUST00000088463.2 [Q30KP6-2];ENSMUST00000097817.4 [Q30KP6-1];
Q31098	Q31098;		
Q31100	Q31100;		
Q31101	Q31101;		
Q31621			ENSMUST00000042121.11;ENSMUST00000236322.2;
Q32KI9	Q32KI9;		ENSMUST00000040359.6;
Q32M08	Q32M08;		
Q32MF3	Q32MF3;		
Q32MG3			ENSMUST00000209379.2;
Q32MU4	Q32MU4;		
Q32MW3	Q32MW3;		ENSMUST00000052910.6;
Q32NZ3	Q32NZ3;		
Q32NZ6	Q32NZ6;		ENSMUST00000057320.8 [Q32NZ6-2];ENSMUST00000098088.11 [Q32NZ6-1];ENSMUST00000121715.8 [Q32NZ6-1];ENSMUST00000121744.9 [Q32NZ6-1];
Q330P3	Q330P3;		
Q3KNA1	Q3KNA1;		ENSMUST00000052730.3;
Q3KNK3	Q3KNK3;		ENSMUST00000052438.8 [Q3KNK3-2];ENSMUST00000208217.2 [Q3KNK3-1];
Q3KP20	Q3KP20;		
Q3L180	Q3L180;		ENSMUST00000074343.6;
Q3MI26	Q3MI26;		
Q3SWS1	Q3SWS1;		
Q3SXC5	Q3SXC5;		
Q3SXD3	Q3SXD3;		ENSMUST00000000304.14;
Q3SXF8			ENSMUST00000057920.7;ENSMUST00000182947.2;
Q3SXG2	Q3SXG2;		ENSMUST00000095636.2;
Q3SYK4	Q3SYK4;		ENSMUST00000095551.5;ENSMUST00000166772.9;ENSMUST00000167227.8;
Q3SYP2	Q3SYP2;		
Q3T9K7	Q3T9K7;		
Q3T9Q3	Q3T9Q3;		
Q3T9S7	Q3T9S7;		
Q3T9W4	Q3T9W4;		
Q3T9Y0			ENSMUST00000105690.9;ENSMUST00000177654.8;
Q3T9Y8	Q3T9Y8;		
Q3TA23			
Q3TA30			ENSMUST00000101305.9;
Q3TA36	Q3TA36;		
Q3TA44	Q3TA44;		
Q3TA47	Q3TA47;		
Q3TA96	Q3TA96;		
Q3TAA7	Q3TAA7;		ENSMUST00000027414.16;ENSMUST00000113553.2;
Q3TAE8	Q3TAE8;		ENSMUST00000097961.9;
Q3TAM0	Q3TAM0;		
Q3TAQ8	Q3TAQ8;		
Q3TAS1	Q3TAS1;		
Q3TAV4	Q3TAV4;		
Q3TAW1	Q3TAW1;		
Q3TAW3			ENSMUST00000202266.4;
Q3TAW7	Q3TAW7;		
Q3TB69	Q3TB69;		
Q3TB79	Q3TB79;		
Q3TBF1	Q3TBF1;		
Q3TBG9	Q3TBG9;		
Q3TBI1	Q3TBI1;		
Q3TBR2	Q3TBR2;		
Q3TBW2	Q3TBW2;		ENSMUST00000001485.10;
Q3TBX5	Q3TBX5;		
Q3TBY2	Q3TBY2;		
Q3TBY6	Q3TBY6;		
Q3TC45	Q3TC45;		
Q3TC72	Q3TC72;		ENSMUST00000028848.4;
Q3TCE6	Q3TCE6;		
Q3TCF3			ENSMUST00000192047.6;
Q3TCI1	Q3TCI1;		
Q3TCJ7	Q3TCJ7;		
Q3TCJ8	Q3TCJ8;		ENSMUST00000055040.13 [Q3TCJ8-1];ENSMUST00000108880.2 [Q3TCJ8-2];
Q3TCQ3	Q3TCQ3;		
Q3TCV3	Q3TCV3;		ENSMUST00000036031.13 [Q3TCV3-1];ENSMUST00000198071.5 [Q3TCV3-3];
Q3TCW3	Q3TCW3;		
Q3TD42	Q3TD42;		
Q3TDA7	Q3TDA7;		
Q3TDB6	Q3TDB6;		
Q3TDD9	Q3TDD9;		ENSMUST00000038551.8 [Q3TDD9-1];
Q3TDE8	Q3TDE8;		
Q3TDK0	Q3TDK0;		
Q3TDL4	Q3TDL4;		
Q3TDW2	Q3TDW2;		
Q3TDY6	Q3TDY6;		
Q3TE45	Q3TE45;		
Q3TED3	Q3TED3;		
Q3TEX8	Q3TEX8;		
Q3TFH8	Q3TFH8;		
Q3TFK5	Q3TFK5;		ENSMUST00000029707.13 [Q3TFK5-1];ENSMUST00000166021.8 [Q3TFK5-1];ENSMUST00000193398.2 [Q3TFK5-1];
Q3TG33	Q3TG33;		
Q3TG86			ENSMUST00000170259.3;
Q3TGE4	Q3TGE4;		
Q3TGF2	Q3TGF2;		ENSMUST00000027965.11;ENSMUST00000115053.9;ENSMUST00000115054.9;ENSMUST00000115055.9;
Q3TGH6	Q3TGH6;		
Q3TGW2	Q3TGW2;		ENSMUST00000040677.6;
Q3TH76	Q3TH76;		
Q3TH92	Q3TH92;		
Q3TH93	Q3TH93;		
Q3THF9	Q3THF9;		
Q3THJ3	Q3THJ3;		ENSMUST00000025759.9;
Q3THP1	Q3THP1;		
Q3THQ0	Q3THQ0;		
Q3THV0	Q3THV0;		
Q3THW7	Q3THW7;		
Q3TI07	Q3TI07;		
Q3TI17	Q3TI17;		
Q3TI27	Q3TI27;		
Q3TI47	Q3TI47;		
Q3TIE8	Q3TIE8;		
Q3TIF1	Q3TIF1;		
Q3TIF2			
Q3TII2	Q3TII2;		
Q3TIJ7	Q3TIJ7;		
Q3TIK5	Q3TIK5;		
Q3TIM0	Q3TIM0;		
Q3TIP8	Q3TIP8;		
Q3TIR1	Q3TIR1;		ENSMUST00000022224.16 [Q3TIR1-2];ENSMUST00000141557.8 [Q3TIR1-1];ENSMUST00000144060.8 [Q3TIR1-3];
Q3TIT7	Q3TIT7;		
Q3TJ01	Q3TJ01;		
Q3TJ21	Q3TJ21;		
Q3TJ38	Q3TJ38;		
Q3TJ51	Q3TJ51;		
Q3TJ71	Q3TJ71;		
Q3TJB5	Q3TJB5;		
Q3TJC2	Q3TJC2;		
Q3TJE3	Q3TJE3;		
Q3TJE8	Q3TJE8;		
Q3TJF2	Q3TJF2;		
Q3TJG6	Q3TJG6;		
Q3TJI7	Q3TJI7;		
Q3TJP4	Q3TJP4;		
Q3TJS1	Q3TJS1;		
Q3TJZ5	Q3TJZ5;		
Q3TJZ6	Q3TJZ6;		ENSMUST00000112507.4;
Q3TK92	Q3TK92;		
Q3TK95	Q3TK95;		
Q3TKA0	Q3TKA0;		
Q3TKA2	Q3TKA2;		
Q3TKF6	Q3TKF6;		
Q3TKF8	Q3TKF8;		
Q3TKG9	Q3TKG9;		
Q3TKP4	Q3TKP4;		
Q3TL71	Q3TL71;		
Q3TLE4	Q3TLE4;		
Q3TLJ6	Q3TLJ6;		
Q3TLN2	Q3TLN2;		
Q3TLP5	Q3TLP5;		ENSMUST00000052999.13 [Q3TLP5-1];ENSMUST00000116307.8 [Q3TLP5-2];ENSMUST00000116309.11 [Q3TLP5-1];
Q3TLP7	Q3TLP7;		
Q3TLQ6	Q3TLQ6;		
Q3TLS3	Q3TLS3;		ENSMUST00000062915.9;
Q3TLT9	Q3TLT9;		
Q3TLW5	Q3TLW5;		
Q3TLX1	Q3TLX1;		
Q3TLY3	Q3TLY3;		
Q3TLZ6			ENSMUST00000107672.8;
Q3TM92	Q3TM92;		
Q3TMB8	Q3TMB8;		
Q3TME6	Q3TME6;		
Q3TMH2	Q3TMH2;		ENSMUST00000090811.11;
Q3TMK8	Q3TMK8;		
Q3TMQ7	Q3TMQ7;		
Q3TMV1	Q3TMV1;		
Q3TMV7	Q3TMV7;		ENSMUST00000041852.8;
Q3TMW4	Q3TMW4;		
Q3TMZ1	Q3TMZ1;		
Q3TNA1	Q3TNA1;		ENSMUST00000039610.10;
Q3TNI1	Q3TNI1;		
Q3TNJ3	Q3TNJ3;		
Q3TNJ4	Q3TNJ4;		
Q3TNM7	Q3TNM7;		
Q3TNW5	Q3TNW5;		ENSMUST00000095467.4;
Q3TNW8	Q3TNW8;		
Q3TNX8			ENSMUST00000219033.2;
Q3TNY6	Q3TNY6;		
Q3TP24	Q3TP24;		
Q3TP61	Q3TP61;		
Q3TP83	Q3TP83;		
Q3TPE9	Q3TPE9;		ENSMUST00000041640.5 [Q3TPE9-1];
Q3TPJ9	Q3TPJ9;		
Q3TPL8	Q3TPL8;		
Q3TPM5	Q3TPM5;		
Q3TPZ5	Q3TPZ5;		
Q3TQB2	Q3TQB2;		ENSMUST00000043805.15 [Q3TQB2-2];ENSMUST00000127996.8 [Q3TQB2-1];
Q3TQE0	Q3TQE0;		
Q3TQF0	Q3TQF0;		ENSMUST00000059018.14;
Q3TQF7	Q3TQF7;		
Q3TQI7	Q3TQI7;		ENSMUST00000028205.10;
Q3TQK8	Q3TQK8;		
Q3TQP7	Q3TQP7;		
Q3TQR0	Q3TQR0;		ENSMUST00000033292.14 [Q3TQR0-1];ENSMUST00000120879.8 [Q3TQR0-2];ENSMUST00000156529.8 [Q3TQR0-2];
Q3TQW9	Q3TQW9;		
Q3TR36	Q3TR36;		
Q3TR43	Q3TR43;		
Q3TR45	Q3TR45;		
Q3TR54	Q3TR54;		ENSMUST00000063530.7;ENSMUST00000188108.7;
Q3TR59	Q3TR59;		
Q3TRJ7	Q3TRJ7;		
Q3TRK9	Q3TRK9;		
Q3TRS1	Q3TRS1;		
Q3TRT0	Q3TRT0;		
Q3TRW3	Q3TRW3;		
Q3TRX4	Q3TRX4;		
Q3TRX5	Q3TRX5;		
Q3TRZ4	Q3TRZ4;		
Q3TS32	Q3TS32;		
Q3TS38	Q3TS38;		
Q3TS40	Q3TS40;		
Q3TSE3	Q3TSE3;		
Q3TSQ4	Q3TSQ4;		
Q3TST4	Q3TST4;		
Q3TST8	Q3TST8;		
Q3TSU8	Q3TSU8;		
Q3TSW6	Q3TSW6;		
Q3TSZ4	Q3TSZ4;		
Q3TT38	Q3TT38;		ENSMUST00000114863.10;
Q3TTB4	Q3TTB4;		
Q3TTC2	Q3TTC2;		ENSMUST00000065806.5;ENSMUST00000179062.8;
Q3TTL2			ENSMUST00000106436.8;
Q3TTM4	Q3TTM4;		
Q3TTP6	Q3TTP6;		
Q3TTQ5	Q3TTQ5;		
Q3TTT2	Q3TTT2;		
Q3TTV6	Q3TTV6;		
Q3TTW4	Q3TTW4;		
Q3TU38	Q3TU38;		
Q3TU49			
Q3TUA1	Q3TUA1;		
Q3TUD0	Q3TUD0;		
Q3TUD9	Q3TUD9;		ENSMUST00000057151.10;
Q3TUG2			
Q3TUH1	Q3TUH1;		
Q3TUK6	Q3TUK6;		
Q3TUZ9	Q3TUZ9;		
Q3TV65	Q3TV65;	7YDT;7YDW;	ENSMUST00000149441.8;
Q3TVD8	Q3TVD8;		
Q3TVH5	Q3TVH5;		
Q3TVI2	Q3TVI2;		
Q3TVI4	Q3TVI4;		ENSMUST00000062530.5;ENSMUST00000107037.8;
Q3TVI5			
Q3TVI6	Q3TVI6;		
Q3TVL4	Q3TVL4;		
Q3TVN5	Q3TVN5;		
Q3TVN6	Q3TVN6;		
Q3TVP5	Q3TVP5;		ENSMUST00000100739.5 [Q3TVP5-2];ENSMUST00000226145.2 [Q3TVP5-1];
Q3TVQ4	Q3TVQ4;		
Q3TVS1	Q3TVS1;		
Q3TVS9	Q3TVS9;		
Q3TVV7	Q3TVV7;		
Q3TVX6	Q3TVX6;		
Q3TVY6	Q3TVY6;		
Q3TVZ1	Q3TVZ1;		
Q3TW10	Q3TW10;		
Q3TW21	Q3TW21;		
Q3TW34	Q3TW34;		
Q3TW51	Q3TW51;		
Q3TW74	Q3TW74;		
Q3TWF2	Q3TWF2;		
Q3TWG5	Q3TWG5;		
Q3TWI1	Q3TWI1;		
Q3TWI4	Q3TWI4;		
Q3TWI5	Q3TWI5;		
Q3TWN8	Q3TWN8;		
Q3TWT5	Q3TWT5;		
Q3TX08	Q3TX08;		
Q3TX21	Q3TX21;		
Q3TX45	Q3TX45;		
Q3TX57			
Q3TX90	Q3TX90;		
Q3TXE5			
Q3TXF9	Q3TXF9;		
Q3TXG1	Q3TXG1;		
Q3TXK9	Q3TXK9;		
Q3TXN1			ENSMUST00000135001.8;
Q3TXN3	Q3TXN3;		
Q3TXP6	Q3TXP6;		
Q3TXS7	Q3TXS7;		ENSMUST00000027432.9;
Q3TXU5	Q3TXU5;		ENSMUST00000078665.13;
Q3TXU6	Q3TXU6;		
Q3TXU8	Q3TXU8;		
Q3TXV7	Q3TXV7;		
Q3TXW0	Q3TXW0;		
Q3TXZ1	Q3TXZ1;		ENSMUST00000094705.3;
Q3TY56			ENSMUST00000208616.2;
Q3TY65	Q3TY65;		ENSMUST00000027172.13;ENSMUST00000191251.7;
Q3TY83	Q3TY83;		
Q3TY92	Q3TY92;		ENSMUST00000119078.8;
Q3TYF2	Q3TYF2;		
Q3TYF5	Q3TYF5;		
Q3TYI4	Q3TYI4;		
Q3TYL9	Q3TYL9;		
Q3TYT1			ENSMUST00000098090.10;
Q3TYT9	Q3TYT9;		
Q3TYZ1	Q3TYZ1;		
Q3TZ32	Q3TZ32;		
Q3TZ44	Q3TZ44;		
Q3TZ69	Q3TZ69;		
Q3TZ89	Q3TZ89;		ENSMUST00000063632.14 [Q3TZ89-1];ENSMUST00000111985.2 [Q3TZ89-2];
Q3TZA2	Q3TZA2;		ENSMUST00000086545.5;ENSMUST00000234349.2;ENSMUST00000234602.2;
Q3TZH7	Q3TZH7;		
Q3TZJ2	Q3TZJ2;		
Q3TZM9	Q3TZM9;		ENSMUST00000072572.13 [Q3TZM9-1];ENSMUST00000110737.3 [Q3TZM9-2];
Q3TZP9	Q3TZP9;		
Q3TZQ0	Q3TZQ0;		
Q3TZR1	Q3TZR1;		
Q3U025	Q3U025;		
Q3U026	Q3U026;		
Q3U0A4	Q3U0A4;		
Q3U0I4	Q3U0I4;		
Q3U0I6			ENSMUST00000132961.2;
Q3U0J8	Q3U0J8;		ENSMUST00000041767.14;
Q3U0M8	Q3U0M8;		
Q3U0S4	Q3U0S4;		
Q3U0Z2	Q3U0Z2;		
Q3U118	Q3U118;		
Q3U129	Q3U129;		ENSMUST00000062654.8 [Q3U129-3];ENSMUST00000067399.14 [Q3U129-1];
Q3U169	Q3U169;		
Q3U181	Q3U181;		
Q3U186	Q3U186;		ENSMUST00000029968.14;
Q3U1C6	Q3U1C6;		ENSMUST00000085633.12 [Q3U1C6-3];
Q3U1D0	Q3U1D0;		ENSMUST00000077967.13 [Q3U1D0-3];ENSMUST00000121777.9 [Q3U1D0-1];
Q3U1F0	Q3U1F0;		
Q3U1J5	Q3U1J5;		
Q3U1P0	Q3U1P0;		
Q3U1P1	Q3U1P1;		
Q3U1Q3			ENSMUST00000056977.14;
Q3U1R3	Q3U1R3;		
Q3U1T3	Q3U1T3;		ENSMUST00000059250.8 [Q3U1T3-1];ENSMUST00000219419.2 [Q3U1T3-2];
Q3U1V5	Q3U1V5;		
Q3U1V6	Q3U1V6;		ENSMUST00000094398.13 [Q3U1V6-1];ENSMUST00000207986.2 [Q3U1V6-2];
Q3U1W3	Q3U1W3;		
Q3U1W7	Q3U1W7;		
Q3U1X9	Q3U1X9;		
Q3U1Y4	Q3U1Y4;		ENSMUST00000129564.8 [Q3U1Y4-1];
Q3U207	Q3U207;		
Q3U260	Q3U260;		
Q3U276	Q3U276;		ENSMUST00000098586.5;
Q3U281	Q3U281;		
Q3U288	Q3U288;		ENSMUST00000049680.10 [Q3U288-1];ENSMUST00000164056.9 [Q3U288-1];ENSMUST00000166250.8 [Q3U288-3];ENSMUST00000206039.2 [Q3U288-2];
Q3U2A8	Q3U2A8;		ENSMUST00000043674.15;
Q3U2D4	Q3U2D4;		
Q3U2F0	Q3U2F0;		
Q3U2H3	Q3U2H3;		
Q3U2K0	Q3U2K0;		ENSMUST00000021957.8 [Q3U2K0-2];
Q3U2N6	Q3U2N6;		
Q3U2X5	Q3U2X5;		
Q3U2Z6	Q3U2Z6;		
Q3U307	Q3U307;		
Q3U308	Q3U308;		ENSMUST00000116412.8;
Q3U335	Q3U335;		
Q3U379	Q3U379;		
Q3U381	Q3U381;		ENSMUST00000049353.9;ENSMUST00000153510.9;
Q3U3A6	Q3U3A6;		
Q3U3A8	Q3U3A8;		
Q3U3C9	Q3U3C9;		ENSMUST00000034279.16 [Q3U3C9-2];ENSMUST00000118136.2 [Q3U3C9-1];ENSMUST00000120493.8 [Q3U3C9-3];
Q3U3F9	Q3U3F9;		ENSMUST00000046748.13;ENSMUST00000108258.8;ENSMUST00000108259.8;ENSMUST00000108261.8;ENSMUST00000166278.7;
Q3U3G2	Q3U3G2;		
Q3U3I1	Q3U3I1;		
Q3U3I5	Q3U3I5;		
Q3U3J3	Q3U3J3;		
Q3U3K9	Q3U3K9;		ENSMUST00000092618;
Q3U3N0	Q3U3N0;		ENSMUST00000062855.15 [Q3U3N0-2];ENSMUST00000165028.8 [Q3U3N0-1];
Q3U3N1	Q3U3N1;		
Q3U3N6	Q3U3N6;		ENSMUST00000093901.12;
Q3U3S6			ENSMUST00000179584.8;
Q3U3V1			ENSMUST00000033821.11;
Q3U410	Q3U410;		ENSMUST00000097773.4;
Q3U436			ENSMUST00000071944.13;ENSMUST00000113594.8;
Q3U447	Q3U447;		
Q3U466			ENSMUST00000034776.13;
Q3U468	Q3U468;		
Q3U4F9	Q3U4F9;		
Q3U4H0	Q3U4H0;		
Q3U4L3	Q3U4L3;		
Q3U4N6	Q3U4N6;		
Q3U4P3	Q3U4P3;		
Q3U4T8	Q3U4T8;		
Q3U4U6	Q3U4U6;		
Q3U4W8			ENSMUST00000122110.8;
Q3U4X0	Q3U4X0;		
Q3U4X8	Q3U4X8;		
Q3U4Y3	Q3U4Y3;		
Q3U515	Q3U515;		ENSMUST00000055115.9;
Q3U535	Q3U535;		
Q3U538	Q3U538;		
Q3U573	Q3U573;		
Q3U582	Q3U582;		
Q3U597	Q3U597;		
Q3U5C8	Q3U5C8;	7CSO;7CSP;7CSR;7YKF;	ENSMUST00000030898.12;ENSMUST00000169623.8;
Q3U5F6	Q3U5F6;		ENSMUST00000027874.7;
Q3U5H0	Q3U5H0;		
Q3U5I8	Q3U5I8;		
Q3U5K0	Q3U5K0;		
Q3U5L0	Q3U5L0;		
Q3U5N9	Q3U5N9;		
Q3U5P8	Q3U5P8;		
Q3U5R7	Q3U5R7;		
Q3U5R8	Q3U5R8;		
Q3U5S6	Q3U5S6;		
Q3U5X7	Q3U5X7;		
Q3U606	Q3U606;		
Q3U614	Q3U614;		
Q3U646	Q3U646;		
Q3U6A3	Q3U6A3;		
Q3U6F6	Q3U6F6;		
Q3U6N3	Q3U6N3;		
Q3U6T2	Q3U6T2;		
Q3U6V3	Q3U6V3;		
Q3U6X2	Q3U6X2;		
Q3U6X6	Q3U6X6;		
Q3U6X7	Q3U6X7;		
Q3U6Y0	Q3U6Y0;		
Q3U740	Q3U740;		
Q3U741			ENSMUST00000054014.9;
Q3U754	Q3U754;		
Q3U786	Q3U786;		
Q3U7C0	Q3U7C0;		
Q3U7T8	Q3U7T8;		
Q3U7Z6	Q3U7Z6;		
Q3U807	Q3U807;		
Q3U818	Q3U818;		
Q3U821	Q3U821;		ENSMUST00000027139.15;
Q3U861	Q3U861;		
Q3U890	Q3U890;		
Q3U898	Q3U898;		ENSMUST00000097642.4;
Q3U8A7	Q3U8A7;		
Q3U8M7	Q3U8M7;		
Q3U8N1	Q3U8N1;		
Q3U8P8	Q3U8P8;		
Q3U8S1			ENSMUST00000099673.9;
Q3U8S5	Q3U8S5;		
Q3U8W0	Q3U8W0;		
Q3U8X1	Q3U8X1;		
Q3U936	Q3U936;		
Q3U9B7	Q3U9B7;		
Q3U9F6	Q3U9F6;		ENSMUST00000014614.4;
Q3U9G2	Q3U9G2;		
Q3U9G8	Q3U9G8;		
Q3U9K6	Q3U9K6;		
Q3U9N4			ENSMUST00000049460.12;
Q3U9N8	Q3U9N8;		
Q3U9Q3	Q3U9Q3;		
Q3U9R7	Q3U9R7;		
Q3UA13	Q3UA13;		
Q3UAC2	Q3UAC2;		
Q3UAF5	Q3UAF5;		
Q3UAG2	Q3UAG2;		
Q3UAP1	Q3UAP1;		
Q3UAS7	Q3UAS7;		
Q3UAW9	Q3UAW9;		
Q3UAZ7	Q3UAZ7;		
Q3UB06	Q3UB06;		
Q3UB30	Q3UB30;		
Q3UB38	Q3UB38;		
Q3UB84	Q3UB84;		
Q3UBJ6	Q3UBJ6;		
Q3UBK2	Q3UBK2;		
Q3UBS0	Q3UBS0;		
Q3UBS3	Q3UBS3;		
Q3UBT1	Q3UBT1;		
Q3UBU1	Q3UBU1;		
Q3UBV2	Q3UBV2;		
Q3UBZ5	Q3UBZ5;		ENSMUST00000021087.14 [Q3UBZ5-1];ENSMUST00000106507.9 [Q3UBZ5-1];
Q3UC65	Q3UC65;		ENSMUST00000078084.7 [Q3UC65-1];
Q3UC80	Q3UC80;		
Q3UC82			ENSMUST00000173347.8;ENSMUST00000173727.8;
Q3UCD9	Q3UCD9;		
Q3UCG9			ENSMUST00000071152.14;
Q3UCI0	Q3UCI0;		
Q3UCK1	Q3UCK1;		
Q3UCL7	Q3UCL7;		
Q3UCP6	Q3UCP6;		
Q3UCQ6	Q3UCQ6;		
Q3UCS6	Q3UCS6;		
Q3UCX4	Q3UCX4;		
Q3UCZ5	Q3UCZ5;		
Q3UD61	Q3UD61;		ENSMUST00000113768.8;
Q3UD67	Q3UD67;		
Q3UD72	Q3UD72;		
Q3UD82	Q3UD82;		ENSMUST00000223949.2;
Q3UDC3			ENSMUST00000078847.13;
Q3UDD5	Q3UDD5;		
Q3UDE9			ENSMUST00000111121.2;
Q3UDF3	Q3UDF3;		
Q3UDG8	Q3UDG8;		
Q3UDH1	Q3UDH1;		
Q3UDI8	Q3UDI8;		
Q3UDL4	Q3UDL4;		
Q3UDL6	Q3UDL6;		
Q3UDM3	Q3UDM3;		
Q3UDP0	Q3UDP0;		ENSMUST00000160801.8 [Q3UDP0-1];
Q3UDQ7	Q3UDQ7;		
Q3UDX7	Q3UDX7;		
Q3UDY1	Q3UDY1;		
Q3UE17	Q3UE17;		
Q3UE51	Q3UE51;		
Q3UE54	Q3UE54;		
Q3UEA1	Q3UEA1;		
Q3UEB4			ENSMUST00000112239.9;
Q3UEE0	Q3UEE0;		
Q3UEE7	Q3UEE7;		
Q3UEF3	Q3UEF3;		
Q3UEF5	Q3UEF5;		
Q3UEG8	Q3UEG8;		
Q3UEH2	Q3UEH2;		
Q3UEJ6			ENSMUST00000161083.2;
Q3UEK1	Q3UEK1;		
Q3UEM4	Q3UEM4;		
Q3UEM8	Q3UEM8;		
Q3UEN1	Q3UEN1;		
Q3UEN2	Q3UEN2;		ENSMUST00000111917.3;
Q3UEN9	Q3UEN9;		
Q3UER1	Q3UER1;		
Q3UER5	Q3UER5;		
Q3UEW9	Q3UEW9;		
Q3UEX0	Q3UEX0;		
Q3UF00	Q3UF00;		
Q3UF16	Q3UF16;		
Q3UF24	Q3UF24;		
Q3UF25	Q3UF25;		ENSMUST00000006701.8;
Q3UF38	Q3UF38;		
Q3UF58	Q3UF58;		
Q3UF64	Q3UF64;		ENSMUST00000117177.8 [Q3UF64-2];ENSMUST00000121369.8 [Q3UF64-1];
Q3UF95			ENSMUST00000166426.9;
Q3UFF7	Q3UFF7;		
Q3UFI8	Q3UFI8;		
Q3UFJ0	Q3UFJ0;		
Q3UFJ9	Q3UFJ9;		
Q3UFK9	Q3UFK9;		
Q3UFM5	Q3UFM5;		ENSMUST00000001611.11;
Q3UFP7	Q3UFP7;		
Q3UFQ8	Q3UFQ8;		ENSMUST00000076236.7;
Q3UFR6	Q3UFR6;		
Q3UFS0	Q3UFS0;		ENSMUST00000043616.7 [Q3UFS0-1];
Q3UFS3	Q3UFS3;		
Q3UFS6	Q3UFS6;		
Q3UFX4	Q3UFX4;		
Q3UFY4	Q3UFY4;		ENSMUST00000097423.3;
Q3UG02	Q3UG02;		
Q3UG03	Q3UG03;		
Q3UG05	Q3UG05;		
Q3UG15	Q3UG15;		
Q3UG50	Q3UG50;		ENSMUST00000098433.5;
Q3UG58	Q3UG58;		
Q3UG70	Q3UG70;		
Q3UG81	Q3UG81;		
Q3UGA1	Q3UGA1;		
Q3UGA8	Q3UGA8;		
Q3UGC7	Q3UGC7;		ENSMUST00000028668.8;
Q3UGC8	Q3UGC8;		
Q3UGD6	Q3UGD6;		
Q3UGL8	Q3UGL8;		
Q3UGM4	Q3UGM4;		
Q3UGQ1	Q3UGQ1;		
Q3UGR5	Q3UGR5;	2HO4;	ENSMUST00000026485.15 [Q3UGR5-1];ENSMUST00000097521.12 [Q3UGR5-2];ENSMUST00000097522.11 [Q3UGR5-1];ENSMUST00000145634.9 [Q3UGR5-1];ENSMUST00000148955.3 [Q3UGR5-1];ENSMUST00000150990.9 [Q3UGR5-1];
Q3UGS4	Q3UGS4;		ENSMUST00000034913.5;
Q3UGT8	Q3UGT8;		
Q3UGU8	Q3UGU8;		
Q3UGW9	Q3UGW9;		
Q3UGX2			ENSMUST00000021458.13;
Q3UH12	Q3UH12;		
Q3UH59			ENSMUST00000092984.6;
Q3UH70			ENSMUST00000003726.16;
Q3UH98	Q3UH98;		
Q3UHA5			
Q3UHB1	Q3UHB1;		ENSMUST00000099396.3;
Q3UHC4	Q3UHC4;		
Q3UHF3	Q3UHF3;		ENSMUST00000047412.11 [Q3UHF3-2];ENSMUST00000109272.9 [Q3UHF3-1];
Q3UHG7	Q3UHG7;		ENSMUST00000039008.10 [Q3UHG7-2];ENSMUST00000101492.10 [Q3UHG7-1];
Q3UHH0			ENSMUST00000205052.3;
Q3UHH5	Q3UHH5;		
Q3UHH8	Q3UHH8;		ENSMUST00000049484.13 [Q3UHH8-2];ENSMUST00000230063.2 [Q3UHH8-1];
Q3UHI3			
Q3UHJ1			ENSMUST00000060274.7;ENSMUST00000117269.8;
Q3UHJ3	Q3UHJ3;		
Q3UHM2	Q3UHM2;		
Q3UHN4			
Q3UHQ6	Q3UHQ6;		ENSMUST00000045004.11 [Q3UHQ6-1];
Q3UHR0	Q3UHR0;	6VIL;	ENSMUST00000118987.2;ENSMUST00000122148.8;
Q3UHT3	Q3UHT3;		
Q3UHX0	Q3UHX0;		ENSMUST00000221142.2 [Q3UHX0-1];ENSMUST00000223467.2 [Q3UHX0-1];
Q3UHX2	Q3UHX2;		ENSMUST00000031627.9;
Q3UHX8	Q3UHX8;		ENSMUST00000071588.8;
Q3UHZ3			
Q3UI35	Q3UI35;		
Q3UI45	Q3UI45;		
Q3UI55			
Q3UI57	Q3UI57;		
Q3UI66	Q3UI66;		ENSMUST00000028580.12;
Q3UIA1	Q3UIA1;		
Q3UIB2	Q3UIB2;		
Q3UIC2	Q3UIC2;		
Q3UIF3	Q3UIF3;		
Q3UIG0	Q3UIG0;		
Q3UIQ5	Q3UIQ5;		
Q3UIZ1	Q3UIZ1;		
Q3UJ70	Q3UJ70;		
Q3UJ82	Q3UJ82;		
Q3UJ92	Q3UJ92;		
Q3UJB0	Q3UJB0;		ENSMUST00000025774.11;
Q3UJC3	Q3UJC3;		
Q3UJE4	Q3UJE4;		
Q3UJF3	Q3UJF3;		
Q3UJK0	Q3UJK0;		
Q3UJK4	Q3UJK4;		ENSMUST00000024748.14;
Q3UJN1	Q3UJN1;		
Q3UJN2	Q3UJN2;		
Q3UJP8	Q3UJP8;		
Q3UJR6	Q3UJR6;		
Q3UJU5	Q3UJU5;		
Q3UJY2	Q3UJY2;		
Q3UJZ7	Q3UJZ7;		
Q3UK39	Q3UK39;		
Q3UK52	Q3UK52;		
Q3UK56	Q3UK56;		
Q3UK74	Q3UK74;		
Q3UK97	Q3UK97;		
Q3UKA4	Q3UKA4;		
Q3UKB9	Q3UKB9;		
Q3UKE7	Q3UKE7;		
Q3UKG7			ENSMUST00000024786.14;
Q3UKJ6	Q3UKJ6;		
Q3UKK2	Q3UKK2;		ENSMUST00000081907.8;
Q3UKK7	Q3UKK7;		
Q3UKP0	Q3UKP0;		
Q3UKR1	Q3UKR1;		
Q3UKR7	Q3UKR7;		
Q3UKU1	Q3UKU1;		ENSMUST00000001583.8;
Q3UKV9	Q3UKV9;		
Q3UKY1	Q3UKY1;		
Q3UKY7	Q3UKY7;		ENSMUST00000061481.7;
Q3UL16	Q3UL16;		
Q3UL22	Q3UL22;		
Q3UL56	Q3UL56;		
Q3UL64	Q3UL64;		
Q3UL97	Q3UL97;		ENSMUST00000044005.14 [Q3UL97-1];ENSMUST00000100191.4 [Q3UL97-4];ENSMUST00000117220.8 [Q3UL97-2];ENSMUST00000119023.8 [Q3UL97-3];
Q3ULA4	Q3ULA4;		
Q3ULG5			ENSMUST00000190495.2;
Q3ULJ3			ENSMUST00000043767.9;
Q3ULQ6	Q3ULQ6;		
Q3ULU3	Q3ULU3;		
Q3ULW6	Q3ULW6;		ENSMUST00000098681.4 [Q3ULW6-2];
Q3UM16	Q3UM16;		
Q3UM35	Q3UM35;		
Q3UME2	Q3UME2;		ENSMUST00000055447.14 [Q3UME2-2];ENSMUST00000092075.5 [Q3UME2-3];ENSMUST00000209859.2 [Q3UME2-1];ENSMUST00000211298.2 [Q3UME2-3];
Q3UME9	Q3UME9;		
Q3UMF0	Q3UMF0;		ENSMUST00000090896.10 [Q3UMF0-4];ENSMUST00000112430.8 [Q3UMF0-3];
Q3UMG5	Q3UMG5;		ENSMUST00000112819.9 [Q3UMG5-1];
Q3UMH6	Q3UMH6;		
Q3UMK5	Q3UMK5;		
Q3UMP2			
Q3UMS6			
Q3UMS9	Q3UMS9;		
Q3UN07	Q3UN07;		
Q3UN16	Q3UN16;		ENSMUST00000046893.10;ENSMUST00000204667.2;
Q3UN34	Q3UN34;		
Q3UN70	Q3UN70;		ENSMUST00000048229.9;
Q3UN75	Q3UN75;		
Q3UN79	Q3UN79;		
Q3UNF2	Q3UNF2;		
Q3UNF6	Q3UNF6;		
Q3UNG2	Q3UNG2;		
Q3UNK7	Q3UNK7;		
Q3UNN1	Q3UNN1;		
Q3UNN2	Q3UNN2;		
Q3UNN8	Q3UNN8;		ENSMUST00000065967.14 [Q3UNN8-1];
Q3UNX7			ENSMUST00000134098.8;
Q3UP61	Q3UP61;		
Q3UP74	Q3UP74;		
Q3UP75	Q3UP75;		ENSMUST00000022861.9;
Q3UPA1	Q3UPA1;		
Q3UPA9	Q3UPA9;		
Q3UPC4	Q3UPC4;		
Q3UPD5	Q3UPD5;		
Q3UPE3	Q3UPE3;		ENSMUST00000037913.9 [Q3UPE3-1];ENSMUST00000181721.2 [Q3UPE3-2];
Q3UPG3	Q3UPG3;		
Q3UPH1	Q3UPH1;		ENSMUST00000025490.10;
Q3UPH7	Q3UPH7;		ENSMUST00000093813.12 [Q3UPH7-1];ENSMUST00000100639.11 [Q3UPH7-2];ENSMUST00000182061.8 [Q3UPH7-3];ENSMUST00000182909.8 [Q3UPH7-1];
Q3UPI1	Q3UPI1;		ENSMUST00000029567.9;ENSMUST00000118853.8;
Q3UPI8	Q3UPI8;		
Q3UPI9	Q3UPI9;		
Q3UPJ2	Q3UPJ2;		
Q3UPK1	Q3UPK1;		
Q3UPM3	Q3UPM3;		
Q3UPQ1	Q3UPQ1;		
Q3UPR0	Q3UPR0;	5M0W;	ENSMUST00000087241.7;
Q3UPU3			
Q3UPX0	Q3UPX0;		
Q3UPZ2	Q3UPZ2;		
Q3UQ23	Q3UQ23;		
Q3UQ44	Q3UQ44;		ENSMUST00000068603.8;
Q3UQ58	Q3UQ58;		
Q3UQ84	Q3UQ84;		ENSMUST00000029752.15;
Q3UQC8	Q3UQC8;		
Q3UQE8			ENSMUST00000154004.8;
Q3UQH5	Q3UQH5;		
Q3UQH7	Q3UQH7;		
Q3UQI9	Q3UQI9;		ENSMUST00000053094.8 [Q3UQI9-1];
Q3UQM8	Q3UQM8;		
Q3UQU2	Q3UQU2;		
Q3UQV0	Q3UQV0;		
Q3UQY7	Q3UQY7;		
Q3UR55	Q3UR55;		
Q3UR61	Q3UR61;		
Q3UR62	Q3UR62;		
Q3UR74	Q3UR74;		
Q3UR94	Q3UR94;		
Q3URC5	Q3URC5;		
Q3URE9	Q3URE9;		ENSMUST00000065173.9;ENSMUST00000098151.9;ENSMUST00000108122.8;ENSMUST00000108124.4;ENSMUST00000164772.8;
Q3URG1	Q3URG1;		
Q3URJ8	Q3URJ8;		ENSMUST00000102998.4 [Q3URJ8-2];ENSMUST00000119374.8 [Q3URJ8-1];
Q3URQ0	Q3URQ0;		ENSMUST00000030030.15;ENSMUST00000164866.2;
Q3URR4	Q3URR4;		
Q3URS2	Q3URS2;		ENSMUST00000145237.8;
Q3URU8	Q3URU8;		
Q3URY2	Q3URY2;		ENSMUST00000089832.6 [Q3URY2-2];ENSMUST00000231299.2 [Q3URY2-3];ENSMUST00000231969.2 [Q3URY2-1];
Q3US17	Q3US17;		ENSMUST00000056232.7;ENSMUST00000106312.4;
Q3US43	Q3US43;		
Q3USF0	Q3USF0;		ENSMUST00000098278.4;
Q3USQ7	Q3USQ7;		ENSMUST00000095550.4;ENSMUST00000222422.2;
Q3USS1	Q3USS1;		
Q3UST5	Q3UST5;		ENSMUST00000050160.6;
Q3UST6	Q3UST6;		
Q3USU4	Q3USU4;		
Q3USW5	Q3USW5;		ENSMUST00000016696.13;ENSMUST00000117725.2;
Q3USX6	Q3USX6;		
Q3USY0	Q3USY0;		ENSMUST00000112420.8 [Q3USY0-1];
Q3USZ6	Q3USZ6;		
Q3UTA9	Q3UTA9;		ENSMUST00000110003.9 [Q3UTA9-1];ENSMUST00000132728.8 [Q3UTA9-1];ENSMUST00000152204.3 [Q3UTA9-2];
Q3UTC9			ENSMUST00000067398.13;
Q3UTF0	Q3UTF0;		
Q3UTL8	Q3UTL8;		
Q3UTP8	Q3UTP8;		
Q3UTR5	Q3UTR5;		
Q3UTR9	Q3UTR9;		
Q3UTS8	Q3UTS8;		ENSMUST00000097557.5;ENSMUST00000235190.2;
Q3UTV9	Q3UTV9;		
Q3UTW3	Q3UTW3;		
Q3UTZ3	Q3UTZ3;		ENSMUST00000048421.14;
Q3UTZ4			ENSMUST00000237788.2;
Q3UU15	Q3UU15;		
Q3UU22	Q3UU22;		
Q3UU43			ENSMUST00000088295.9;ENSMUST00000121863.5;
Q3UU47	Q3UU47;		
Q3UU54			ENSMUST00000161971.8;
Q3UUF8	Q3UUF8;		ENSMUST00000061594.13;ENSMUST00000168871.2;
Q3UUK5	Q3UUK5;		
Q3UUN2	Q3UUN2;		
Q3UUZ9	Q3UUZ9;		
Q3UV00	Q3UV00;		
Q3UV09	Q3UV09;		
Q3UV17	Q3UV17;		ENSMUST00000100179.2;
Q3UV32	Q3UV32;		
Q3UV70	Q3UV70;		ENSMUST00000108297.3;
Q3UV83	Q3UV83;		
Q3UVB1	Q3UVB1;		
Q3UVG3	Q3UVG3;		ENSMUST00000037270.5;
Q3UVI3			ENSMUST00000115306.8;
Q3UVW5	Q3UVW5;		
Q3UVY5	Q3UVY5;		
Q3UVY8	Q3UVY8;		
Q3UW43	Q3UW43;		ENSMUST00000039075.8 [Q3UW43-1];ENSMUST00000110767.2 [Q3UW43-2];
Q3UW68	Q3UW68;		ENSMUST00000095208.4;
Q3UWC8	Q3UWC8;		
Q3UWD6	Q3UWD6;		
Q3UWI6	Q3UWI6;		
Q3UWJ6	Q3UWJ6;		
Q3UWP4	Q3UWP4;		
Q3UWP8	Q3UWP8;		
Q3UWQ3	Q3UWQ3;		
Q3UWQ9	Q3UWQ9;		
Q3UWR2	Q3UWR2;		ENSMUST00000088407.4;
Q3UWZ0	Q3UWZ0;	7UG2;	ENSMUST00000095295.3;
Q3UX16	Q3UX16;		
Q3UX43	Q3UX43;		ENSMUST00000040787.13 [Q3UX43-1];
Q3UX62	Q3UX62;		ENSMUST00000038720.8;
Q3UXD9			ENSMUST00000097698.5;
Q3UXH8	Q3UXH8;		
Q3UXL4	Q3UXL4;		ENSMUST00000099278.9;
Q3UXM1	Q3UXM1;		
Q3UXP2	Q3UXP2;		
Q3UXV4	Q3UXV4;		
Q3UXW3	Q3UXW3;		
Q3UXW4			ENSMUST00000168998.9;
Q3UXZ6	Q3UXZ6;		ENSMUST00000034749.16;
Q3UY00	Q3UY00;		
Q3UY26			ENSMUST00000134507.8;
Q3UY51	Q3UY51;		ENSMUST00000234267.3;ENSMUST00000234905.3;
Q3UY96	Q3UY96;		ENSMUST00000151083.8 [Q3UY96-1];
Q3UYC1	Q3UYC1;		
Q3UYF4	Q3UYF4;		
Q3UYK3	Q3UYK3;		ENSMUST00000034145.11 [Q3UYK3-2];ENSMUST00000093393.5 [Q3UYK3-1];
Q3UYM8	Q3UYM8;		
Q3UYN7	Q3UYN7;		
Q3UYP0	Q3UYP0;		
Q3UYQ0	Q3UYQ0;		
Q3UYS4	Q3UYS4;		
Q3UYY2	Q3UYY2;		
Q3UZ01	Q3UZ01;		ENSMUST00000092154.10 [Q3UZ01-1];ENSMUST00000106535.2 [Q3UZ01-2];ENSMUST00000106536.8 [Q3UZ01-1];
Q3UZ02	Q3UZ02;		
Q3UZ09	Q3UZ09;		ENSMUST00000049124.10;
Q3UZ80	Q3UZ80;		
Q3UZA1	Q3UZA1;		ENSMUST00000040357.11 [Q3UZA1-1];ENSMUST00000097474.9 [Q3UZA1-2];
Q3UZE7	Q3UZE7;		
Q3UZH3	Q3UZH3;		
Q3UZI3	Q3UZI3;		
Q3UZI7	Q3UZI7;		
Q3UZL9	Q3UZL9;		
Q3UZP4	Q3UZP4;		ENSMUST00000098414.5;
Q3UZP7			ENSMUST00000218631.2;
Q3UZU4	Q3UZU4;		
Q3UZW7	Q3UZW7;		ENSMUST00000064635.12 [Q3UZW7-1];
Q3UZX3	Q3UZX3;		
Q3UZX5			ENSMUST00000230380.2;
Q3UZY0	Q3UZY0;		ENSMUST00000066391.14 [Q3UZY0-2];ENSMUST00000081318.13 [Q3UZY0-1];
Q3V028	Q3V028;		
Q3V030	Q3V030;		
Q3V080	Q3V080;		ENSMUST00000062765.14;ENSMUST00000108560.8;ENSMUST00000165705.8;
Q3V096	Q3V096;		ENSMUST00000056106.14 [Q3V096-1];ENSMUST00000138267.2 [Q3V096-3];
Q3V0B2	Q3V0B2;		
Q3V0J4	Q3V0J4;		ENSMUST00000014891.5;
Q3V0Z8	Q3V0Z8;		
Q3V100	Q3V100;		
Q3V117			ENSMUST00000107389.8;
Q3V122	Q3V122;		
Q3V124	Q3V124;		ENSMUST00000211623.2;
Q3V141	Q3V141;		
Q3V172	Q3V172;		ENSMUST00000122367.8;
Q3V1A4			ENSMUST00000112244.8;ENSMUST00000204542.3;
Q3V1H5	Q3V1H5;		
Q3V1H9	Q3V1H9;	5ZRZ;	
Q3V1I0	Q3V1I0;		ENSMUST00000078307.7;
Q3V1M1	Q3V1M1;		ENSMUST00000039419.12;ENSMUST00000193455.6;ENSMUST00000194546.6;
Q3V1Q3			ENSMUST00000022013.8;
Q3V1S0	Q3V1S0;		
Q3V1T9	Q3V1T9;		
Q3V1U8	Q3V1U8;		ENSMUST00000048409.14;
Q3V1V3	Q3V1V3;		ENSMUST00000046030.8;
Q3V1Y7			
Q3V1Z7	Q3V1Z7;		
Q3V2B5	Q3V2B5;		
Q3V2C3	Q3V2C3;		
Q3V2F7	Q3V2F7;		
Q3V2J0	Q3V2J0;		ENSMUST00000048786.13;
Q3V2Q2	Q3V2Q2;		
Q3V2R9	Q3V2R9;		
Q3V2Y9			ENSMUST00000151678.8;
Q3V2Z8	Q3V2Z8;		
Q3V313	Q3V313;		
Q3V318	Q3V318;		
Q3V384	Q3V384;		ENSMUST00000041024.15;
Q3V3A0	Q3V3A0;		
Q3V3A7	Q3V3A7;		ENSMUST00000076183.12;
Q3V3C0	Q3V3C0;		
Q3V3E1	Q3V3E1;	3D4I;3D6A;3DB1;	ENSMUST00000236745.2;
Q3V3G7	Q3V3G7;		ENSMUST00000098661.10 [Q3V3G7-2];ENSMUST00000128944.8 [Q3V3G7-1];
Q3V3I6			ENSMUST00000161528.2;
Q3V3I8	Q3V3I8;		
Q3V3K7	Q3V3K7;		ENSMUST00000099060.2 [Q3V3K7-1];
Q3V3L3			ENSMUST00000095923.4;ENSMUST00000226194.2;
Q3V3M1			ENSMUST00000169828.8;
Q3V3Q7	Q3V3Q7;		ENSMUST00000220541.2;
Q3V3Z5	Q3V3Z5;		
Q3V405	Q3V405;		
Q3V426	Q3V426;		
Q3V449	Q3V449;		
Q3V461	Q3V461;		
Q3V4A5	Q3V4A5;		
Q3V4B0	Q3V4B0;		
Q3V4D5			ENSMUST00000114389.10;
Q3Y597	Q3Y597;		
Q3ZAS9	Q3ZAS9;		
Q3ZAT1	Q3ZAT1;		
Q3ZAT3	Q3ZAT3;		
Q3ZB20	Q3ZB20;		
Q3ZB46	Q3ZB46;		
Q400C8	Q400C8;		ENSMUST00000103061.3 [Q400C8-1];
Q45VN2	Q45VN2;		ENSMUST00000084041.4;ENSMUST00000084042.4;
Q497F1	Q497F1;		
Q497H0	Q497H0;		ENSMUST00000057897.10 [Q497H0-2];ENSMUST00000226208.3 [Q497H0-1];
Q497M3	Q497M3;		ENSMUST00000068875.5;
Q497N6	Q497N6;		ENSMUST00000103024.4;ENSMUST00000168100.3;
Q497P1	Q497P1;		
Q497P3	Q497P3;		ENSMUST00000178355.3;ENSMUST00000194521.2;ENSMUST00000195766.6;
Q497V6	Q497V6;		
Q497Z6	Q497Z6;		
Q499D0	Q499D0;		ENSMUST00000046859.12;ENSMUST00000085108.8;ENSMUST00000177451.8;
Q499E6	Q499E6;		ENSMUST00000094769.13 [Q499E6-1];
Q499W6	Q499W6;		
Q499X9	Q499X9;		ENSMUST00000061334.10;
Q49MD7	Q49MD7;		
Q49S98	Q49S98;		
Q4FJK3	Q4FJK3;		
Q4FJL0	Q4FJL0;		
Q4FJM3	Q4FJM3;		
Q4FJN9	Q4FJN9;		
Q4FJP8	Q4FJP8;		
Q4FJQ4	Q4FJQ4;		
Q4FJR3	Q4FJR3;		
Q4FJR4	Q4FJR4;		
Q4FJS7	Q4FJS7;		
Q4FJT2	Q4FJT2;		
Q4FJX5	Q4FJX5;		
Q4FJZ3	Q4FJZ3;		
Q4FK28	Q4FK28;		
Q4FK40	Q4FK40;		
Q4FK48	Q4FK48;		
Q4FK51	Q4FK51;		
Q4FK54	Q4FK54;		
Q4FK57	Q4FK57;		
Q4FK59	Q4FK59;		
Q4FK61	Q4FK61;		
Q4FK66	Q4FK66;		ENSMUST00000079213.6 [Q4FK66-1];
Q4FK86	Q4FK86;		
Q4FK88	Q4FK88;		
Q4FZE6	Q4FZE6;		
Q4FZF2	Q4FZF2;		ENSMUST00000056991.6;
Q4FZG8	Q4FZG8;		ENSMUST00000121793.2;
Q4G5Y1	Q4G5Y1;		ENSMUST00000021362.5;
Q4JFI8	Q4JFI8;		
Q4JFN6	Q4JFN6;		
Q4JG03			
Q4KKZ1	Q4KKZ1;	8I7R;8IYJ;8TO0;	ENSMUST00000030323.3;
Q4KL41	Q4KL41;		
Q4KL81	Q4KL81;		
Q4KML8	Q4KML8;		
Q4KMN6	Q4KMN6;		
Q4KN81			ENSMUST00000074806.12;
Q4LFA9	Q4LFA9;		ENSMUST00000090180.4;
Q4LG64	Q4LG64;		
Q4PNJ2	Q4PNJ2;		ENSMUST00000191234.7 [Q4PNJ2-1];ENSMUST00000219125.2 [Q4PNJ2-2];
Q4QQK7			ENSMUST00000060416.15;ENSMUST00000171077.8;
Q4QQN0	Q4QQN0;		
Q4V9W2	Q4V9W2;		ENSMUST00000022230.15 [Q4V9W2-1];ENSMUST00000156105.2 [Q4V9W2-2];
Q4V9W8	Q4V9W8;		
Q4V9X1	Q4V9X1;		
Q4VA36	Q4VA36;		ENSMUST00000053286.9 [Q4VA36-1];ENSMUST00000213813.2 [Q4VA36-3];ENSMUST00000214494.2 [Q4VA36-2];ENSMUST00000214702.2 [Q4VA36-2];ENSMUST00000217270.2 [Q4VA36-2];ENSMUST00000217351.2 [Q4VA36-2];
Q4VA39	Q4VA39;		
Q4VAA9	Q4VAA9;		
Q4VAB2	Q4VAB2;		
Q4VAI2	Q4VAI2;		
Q4VBD0	Q4VBD0;		
Q4VBD1	Q4VBD1;		
Q4VBD5	Q4VBD5;		
Q4VBE8	Q4VBE8;		ENSMUST00000045247.9;
Q4VCN4	Q4VCN4;		
Q4VCN9	Q4VCN9;		
Q4VCP2	Q4VCP2;		
Q4VK74	Q4VK74;		ENSMUST00000081684.3;
Q4ZGD8			ENSMUST00000010085.4;
Q501J2	Q501J2;		ENSMUST00000072735.9;
Q501L8	Q501L8;		
Q504M2	Q504M2;		ENSMUST00000059588.8;
Q504N0	Q504N0;		ENSMUST00000096066.5;
Q505B7	Q505B7;		ENSMUST00000146767.8 [Q505B7-2];
Q505D9	Q505D9;		ENSMUST00000041106.9;ENSMUST00000167588.9;ENSMUST00000211867.2;
Q505G4	Q505G4;		ENSMUST00000069476.5;
Q505L1	Q505L1;		
Q505Q3	Q505Q3;		
Q50HX0	Q50HX0;		
Q50HX2	Q50HX2;		
Q50HX4	Q50HX4;		
Q52JJ6	Q52JJ6;		
Q52KG4	Q52KG4;		ENSMUST00000051390.9;ENSMUST00000210282.2;
Q52KI7	Q52KI7;		
Q52KQ7	Q52KQ7;		
Q52L50	Q52L50;		
Q52L87	Q52L87;		
Q53WR7	Q53WR7;		
Q53WT3	Q53WT3;		
Q53WY0	Q53WY0;		
Q53YN4	Q53YN4;		
Q53YX2	Q53YX2;		
Q53YY3	Q53YY3;		
Q53YY4	Q53YY4;		
Q53ZP8	Q53ZP8;		
Q53ZU7	Q53ZU7;		
Q53ZY9	Q53ZY9;		
Q540C1	Q540C1;		
Q540H0	Q540H0;		
Q540J8	Q540J8;		
Q541E5	Q541E5;		
Q542C7	Q542C7;		
Q542F1	Q542F1;		
Q542F2	Q542F2;		
Q542F3	Q542F3;		
Q542F4	Q542F4;		
Q542I2	Q542I2;		
Q542I8			ENSMUST00000000299.14;
Q542J1	Q542J1;		
Q542K4	Q542K4;		
Q542N5	Q542N5;		
Q542N8	Q542N8;		
Q542P2	Q542P2;		
Q542R4	Q542R4;		
Q542S2	Q542S2;		
Q542S6	Q542S6;		
Q542X7	Q542X7;		
Q542X9	Q542X9;		
Q543B5	Q543B5;		
Q543C2	Q543C2;		
Q543E3	Q543E3;		
Q543F8	Q543F8;		
Q543J0	Q543J0;		
Q543J1	Q543J1;		
Q543J5	Q543J5;		
Q543K9			ENSMUST00000048615.13;
Q543N6	Q543N6;		
Q543P7	Q543P7;		
Q543Q4	Q543Q4;		
Q543S8	Q543S8;		
Q543U0	Q543U0;		
Q543U3	Q543U3;		
Q543U8	Q543U8;		
Q543V3			ENSMUST00000069799.3;
Q543W3	Q543W3;		
Q543X5	Q543X5;		
Q543X6	Q543X6;		
Q543Y7	Q543Y7;		
Q543Z1	Q543Z1;		
Q544B5	Q544B5;		
Q544B8	Q544B8;		
Q544C8	Q544C8;		
Q544C9	Q544C9;		
Q544D6	Q544D6;		
Q544E6	Q544E6;		
Q544F7	Q544F7;		
Q544F9	Q544F9;		
Q544G1	Q544G1;		
Q544H9	Q544H9;		
Q544I2	Q544I2;		
Q544I4	Q544I4;		
Q544I6	Q544I6;		
Q544J2	Q544J2;		
Q544J8	Q544J8;		
Q544K1	Q544K1;		
Q544K4	Q544K4;		
Q544K9	Q544K9;		
Q544L9	Q544L9;		
Q544Q7	Q544Q7;		
Q544R5	Q544R5;		
Q544T5	Q544T5;		
Q544T7	Q544T7;		
Q544X5	Q544X5;		
Q545A2	Q545A2;		
Q545B6	Q545B6;		
Q545E4	Q545E4;		
Q545E6	Q545E6;		
Q545E8	Q545E8;		
Q545F4	Q545F4;		
Q545G3	Q545G3;		
Q545I9	Q545I9;		
Q545K4	Q545K4;		
Q545M0	Q545M0;		
Q545N8	Q545N8;		
Q545P4	Q545P4;		
Q545P6	Q545P6;		
Q545Q2	Q545Q2;		
Q545Q8	Q545Q8;		
Q545R3	Q545R3;		
Q545S4	Q545S4;		
Q545T0	Q545T0;		
Q545V2	Q545V2;		
Q545V6	Q545V6;		
Q545V8	Q545V8;		
Q545X5	Q545X5;		
Q546R1	Q546R1;		
Q547C4	Q547C4;		
Q547J6	Q547J6;		
Q547J8	Q547J8;		
Q547K2	Q547K2;		
Q547R0	Q547R0;		
Q548A9	Q548A9;		
Q548L6	Q548L6;		
Q548M7	Q548M7;		
Q548Q7	Q548Q7;		
Q548Z6	Q548Z6;		
Q549C6	Q549C6;		
Q549P2	Q549P2;		
Q549Q4	Q549Q4;		
Q549R4	Q549R4;		
Q54AE3	Q54AE3;		
Q54AJ5	Q54AJ5;		
Q561M1			ENSMUST00000074038.7;
Q562D6	Q562D6;		ENSMUST00000030015.6 [Q562D6-1];ENSMUST00000086563.11 [Q562D6-2];
Q564D0	Q564D0;		
Q564F3	Q564F3;		
Q564F4	Q564F4;		
Q566C3	Q566C3;		
Q566I6	Q566I6;		
Q569E4	Q569E4;		ENSMUST00000090815.6;
Q569E5			ENSMUST00000115305.2;
Q569N2	Q569N2;		ENSMUST00000053558.10;
Q569N5	Q569N5;		
Q569X0	Q569X0;		
Q569X3	Q569X3;		
Q56A04	Q56A04;		ENSMUST00000121542.2;
Q56A06	Q56A06;		ENSMUST00000061506.9 [Q56A06-1];
Q570Z5	Q570Z5;		
Q571B8			
Q571C2	Q571C2;		
Q571C7	Q571C7;		ENSMUST00000038104.12 [Q571C7-1];ENSMUST00000109379.9 [Q571C7-2];
Q571E5	Q571E5;		ENSMUST00000121394.3;
Q58E64	Q58E64;		
Q58EV5	Q58EV5;		
Q59IW5			ENSMUST00000096013.11;
Q59IW6			ENSMUST00000048471.15;
Q59IW7			ENSMUST00000231870.2;
Q59IW8	Q59IW8;		
Q59IW9			ENSMUST00000096012.11;
Q59J78	Q59J78;	8CA5;	ENSMUST00000163558.3;
Q5BKQ4	Q5BKQ4;		ENSMUST00000048644.6;
Q5BKS2	Q5BKS2;		
Q5BKS4	Q5BKS4;		ENSMUST00000150844.3;
Q5BLK1	Q5BLK1;		
Q5BU09	Q5BU09;		ENSMUST00000110713.10 [Q5BU09-2];ENSMUST00000161592.8 [Q5BU09-1];
Q5CZX0	Q5CZX0;		
Q5CZX7	Q5CZX7;		
Q5D078			ENSMUST00000027991.12;
Q5D0E7	Q5D0E7;		
Q5D525	Q5D525;		ENSMUST00000034219.12 [Q5D525-2];ENSMUST00000095173.3 [Q5D525-1];ENSMUST00000212269.2 [Q5D525-3];
Q5DT36	Q5DT36;		ENSMUST00000050385.6;
Q5DTF9	Q5DTF9;		
Q5DTG0	Q5DTG0;		
Q5DTI6	Q5DTI6;		ENSMUST00000068168.10 [Q5DTI6-3];
Q5DTJ8	Q5DTJ8;		
Q5DTK8	Q5DTK8;		
Q5DTN8	Q5DTN8;		ENSMUST00000166163.4 [Q5DTN8-1];
Q5DTP7			
Q5DTQ1	Q5DTQ1;		
Q5DTT3	Q5DTT3;		ENSMUST00000096069.5;
Q5DTT7	Q5DTT7;		
Q5DTT8	Q5DTT8;		ENSMUST00000051569.7;ENSMUST00000114540.4;
Q5DTV4	Q5DTV4;	7NDH;7NDI;7NDJ;7NDK;	ENSMUST00000213645.2;
Q5DTW2	Q5DTW2;		
Q5DTX7	Q5DTX7;		
Q5DTZ0	Q5DTZ0;		ENSMUST00000168479.3;
Q5DTZ6	Q5DTZ6;		ENSMUST00000078525.7 [Q5DTZ6-1];
Q5DU09	Q5DU09;		ENSMUST00000091565.5 [Q5DU09-1];ENSMUST00000107717.8 [Q5DU09-1];
Q5DU18	Q5DU18;		
Q5DU28	Q5DU28;		ENSMUST00000047239.13 [Q5DU28-1];ENSMUST00000131127.3 [Q5DU28-3];
Q5DU31	Q5DU31;		ENSMUST00000078070.10 [Q5DU31-2];ENSMUST00000105617.8 [Q5DU31-1];
Q5DW69	Q5DW69;		
Q5EBP9	Q5EBP9;		
Q5EBQ9	Q5EBQ9;		
Q5EM20	Q5EM20;		
Q5F267	Q5F267;		ENSMUST00000060417.11;
Q5F271	Q5F271;		
Q5F283	Q5F283;		
Q5F2A7	Q5F2A7;		
Q5F2C5	Q5F2C5;		ENSMUST00000000145.12;
Q5FW61	Q5FW61;		
Q5FWJ3	Q5FWJ3;		
Q5FWJ7			ENSMUST00000223690.2;
Q5FWX6			ENSMUST00000119284.8;
Q5G864	Q5G864;		ENSMUST00000095425.2;
Q5G865	Q5G865;		ENSMUST00000080533.6;
Q5G866	Q5G866;		ENSMUST00000098896.5;ENSMUST00000098899.4;
Q5GLZ0			ENSMUST00000087234.3;
Q5H8B9	Q5H8B9;		
Q5HZH2	Q5HZH2;		ENSMUST00000063574.8;
Q5HZH8	Q5HZH8;		
Q5HZI3	Q5HZI3;		
Q5HZI9	Q5HZI9;		ENSMUST00000116341.4;ENSMUST00000132815.3;
Q5HZJ8	Q5HZJ8;		
Q5HZK1	Q5HZK1;		ENSMUST00000040330.15;
Q5I0X8	Q5I0X8;		
Q5I940	Q5I940;		
Q5IBH6	Q5IBH6;		ENSMUST00000085733.9;
Q5IXF8	Q5IXF8;		ENSMUST00000051765.9;
Q5KU03	Q5KU03;		
Q5M8N0	Q5M8N0;		ENSMUST00000058159.6;
Q5M8R8	Q5M8R8;		
Q5M8S2	Q5M8S2;		ENSMUST00000176403.8 [Q5M8S2-1];
Q5M956	Q5M956;		ENSMUST00000025992.7 [Q5M956-2];
Q5M9L0	Q5M9L0;		
Q5NBU8	Q5NBU8;		ENSMUST00000140842.9 [Q5NBU8-3];ENSMUST00000146233.8 [Q5NBU8-1];
Q5NC32	Q5NC32;		ENSMUST00000094055.10;ENSMUST00000126388.8;ENSMUST00000171032.8;
Q5NC81	Q5NC81;		
Q5NC82	Q5NC82;		
Q5NC83	Q5NC83;		ENSMUST00000109678.3 [Q5NC83-2];
Q5NCE8	Q5NCE8;		ENSMUST00000021772.4;
Q5NCF2	Q5NCF2;	2J3T;	ENSMUST00000102601.10;ENSMUST00000102602.8;
Q5NCI0	Q5NCI0;		ENSMUST00000093362.12 [Q5NCI0-1];ENSMUST00000118076.8 [Q5NCI0-2];ENSMUST00000120306.8 [Q5NCI0-2];
Q5NCI4	Q5NCI4;		
Q5NCK8	Q5NCK8;		
Q5NCR5	Q5NCR5;		ENSMUST00000129572.3;
Q5NCT2	Q5NCT2;		
Q5NCT9	Q5NCT9;		
Q5NCU0	Q5NCU0;		ENSMUST00000108853.8;
Q5NCX5	Q5NCX5;		ENSMUST00000061837.11 [Q5NCX5-1];ENSMUST00000108617.10 [Q5NCX5-2];
Q5NCY3	Q5NCY3;		ENSMUST00000051620.5 [Q5NCY3-1];ENSMUST00000108660.8 [Q5NCY3-2];
Q5ND36	Q5ND36;		
Q5ND42	Q5ND42;		
Q5PR73	Q5PR73;		ENSMUST00000057442.8;
Q5PT54	Q5PT54;		ENSMUST00000078748.4;
Q5QD07	Q5QD07;		ENSMUST00000051133.6;
Q5QD09	Q5QD09;		ENSMUST00000092656.4;
Q5QD11	Q5QD11;		ENSMUST00000092658.2;
Q5QD12	Q5QD12;		ENSMUST00000078532.3;
Q5QGU6	Q5QGU6;		ENSMUST00000084922.6;ENSMUST00000199891.2;
Q5QHR8	Q5QHR8;		
Q5RI75	Q5RI75;		ENSMUST00000058292.13 [Q5RI75-1];ENSMUST00000102837.3 [Q5RI75-2];
Q5RIM6			ENSMUST00000018645.13;ENSMUST00000101066.10;
Q5RJ54	Q5RJ54;		ENSMUST00000110485.3 [Q5RJ54-1];
Q5RJB0	Q5RJB0;		ENSMUST00000056184.2;
Q5RJH2	Q5RJH2;		ENSMUST00000079323.8;
Q5RJH3	Q5RJH3;		ENSMUST00000075132.8;ENSMUST00000227496.2;
Q5RJI2	Q5RJI2;		ENSMUST00000089948.6;
Q5RJV4	Q5RJV4;		
Q5RL10			ENSMUST00000034261.8;
Q5RL57			ENSMUST00000050214.9;
Q5RL79	Q5RL79;		ENSMUST00000040888.12;
Q5S8D1			
Q5SP85	Q5SP85;		ENSMUST00000042534.15 [Q5SP85-2];ENSMUST00000093253.10 [Q5SP85-1];
Q5SQ20	Q5SQ20;		ENSMUST00000109985.8;
Q5SQA3	Q5SQA3;		ENSMUST00000030095.11;
Q5SQG1	Q5SQG1;		
Q5SQK1	Q5SQK1;		ENSMUST00000020362.3;
Q5SQY2	Q5SQY2;		ENSMUST00000058060.14;ENSMUST00000109415.2;
Q5SRW7	Q5SRW7;		
Q5SS12	Q5SS12;		
Q5SS80	Q5SS80;		ENSMUST00000021187.12 [Q5SS80-1];
Q5SSG2	Q5SSG2;		ENSMUST00000119346.2;
Q5SSI6	Q5SSI6;		ENSMUST00000066888.10;
Q5SSK3	Q5SSK3;		ENSMUST00000050207.10;
Q5STT6	Q5STT6;		ENSMUST00000063166.6;
Q5SUC3	Q5SUC3;		
Q5SUC8	Q5SUC8;		
Q5SUR3	Q5SUR3;		
Q5SUS0	Q5SUS0;		ENSMUST00000036085.11 [Q5SUS0-1];
Q5SUV1	Q5SUV1;		ENSMUST00000040487.4;
Q5SUV2	Q5SUV2;		ENSMUST00000040692.9 [Q5SUV2-2];ENSMUST00000093945.10 [Q5SUV2-1];
Q5SUV8	Q5SUV8;		
Q5SV01	Q5SV01;		
Q5SV42	Q5SV42;		ENSMUST00000021834.11;
Q5SVI2	Q5SVI2;		ENSMUST00000109812.9;
Q5SVI5	Q5SVI5;		
Q5SVJ0	Q5SVJ0;		ENSMUST00000019133.11;
Q5SVR0	Q5SVR0;		ENSMUST00000093138.13 [Q5SVR0-2];ENSMUST00000101270.5 [Q5SVR0-1];
Q5SVX3	Q5SVX3;		
Q5SW15	Q5SW15;		ENSMUST00000010698.13;
Q5SW19	Q5SW19;		
Q5SWD9	Q5SWD9;		ENSMUST00000045807.14 [Q5SWD9-1];
Q5SWN2	Q5SWN2;		ENSMUST00000000767.6;
Q5SWP3	Q5SWP3;		ENSMUST00000045713.4;
Q5SWY7	Q5SWY7;		ENSMUST00000093019.6;
Q5SX07	Q5SX07;		ENSMUST00000108691.2;
Q5SX13	Q5SX13;		
Q5SX19	Q5SX19;		ENSMUST00000014389.6;
Q5SX50	Q5SX50;		
Q5SX75	Q5SX75;		ENSMUST00000019050.12;
Q5SX77	Q5SX77;		
Q5SXS3			ENSMUST00000018361.10;ENSMUST00000108700.2;ENSMUST00000108701.8;ENSMUST00000108702.8;
Q5SYL3	Q5SYL3;		ENSMUST00000010421.7;
Q5SZ93	Q5SZ93;		ENSMUST00000091698.12;
Q5U1U6	Q5U1U6;		
Q5U222	Q5U222;		
Q5U3K5	Q5U3K5;		ENSMUST00000058137.9;
Q5U464	Q5U464;		ENSMUST00000047526.8;
Q5U465	Q5U465;		ENSMUST00000057325.15 [Q5U465-1];
Q5U4C3	Q5U4C3;		ENSMUST00000085383.11 [Q5U4C3-1];ENSMUST00000211735.2 [Q5U4C3-1];
Q5U4D9	Q5U4D9;		ENSMUST00000047436.11;ENSMUST00000095579.11;ENSMUST00000115490.9;
Q5U5V2	Q5U5V2;		ENSMUST00000039742.8 [Q5U5V2-1];
Q5U680	Q5U680;		ENSMUST00000061118.11;
Q5XG71			
Q5XK22	Q5XK22;		
Q5XKE0	Q5XKE0;	1X5Y;2DLT;	ENSMUST00000165208.4;
Q5YLW3	Q5YLW3;		
Q60584	Q60584;		
Q60585	Q60585;		
Q60590	Q60590;		ENSMUST00000030044.3;
Q60607			ENSMUST00000165280.8;
Q60688	Q60688;		ENSMUST00000058600.4;
Q60695	Q60695;	1EF5;	ENSMUST00000027760.14;
Q60709			ENSMUST00000072634.15;
Q60878	Q60878;		ENSMUST00000099757.2;ENSMUST00000111506.3;ENSMUST00000216475.2;
Q60879	Q60879;		ENSMUST00000100151.2;ENSMUST00000213988.2;
Q60880	Q60880;		
Q60881	Q60881;		ENSMUST00000099752.2;ENSMUST00000213968.2;
Q60882	Q60882;		ENSMUST00000086062.4;ENSMUST00000213688.2;
Q60883	Q60883;		ENSMUST00000187570.3;ENSMUST00000217290.2;
Q60884	Q60884;		ENSMUST00000073671.3;ENSMUST00000214410.2;
Q60885	Q60885;		ENSMUST00000091996.4;
Q60886	Q60886;		ENSMUST00000056364.3;
Q60887	Q60887;		ENSMUST00000050807.7;ENSMUST00000216801.3;
Q60888	Q60888;		ENSMUST00000082027.3;ENSMUST00000215192.2;
Q60889	Q60889;		ENSMUST00000086318.5;ENSMUST00000209866.4;
Q60890	Q60890;		ENSMUST00000043081.3;ENSMUST00000205631.3;
Q60891	Q60891;		ENSMUST00000050678.2;ENSMUST00000206280.2;ENSMUST00000214111.2;
Q60892	Q60892;		ENSMUST00000081571.2;ENSMUST00000203851.2;ENSMUST00000214952.2;
Q60893	Q60893;		
Q60894	Q60894;		ENSMUST00000081274.6;ENSMUST00000213247.2;
Q60895	Q60895;		ENSMUST00000078557.2;ENSMUST00000217257.2;
Q60945	Q60945;		ENSMUST00000033542.11 [Q60945-1];ENSMUST00000114081.2 [Q60945-1];
Q60961	Q60961;		
Q60976	Q60976;		ENSMUST00000050234.4;
Q60990	Q60990;		ENSMUST00000180202.2;ENSMUST00000186140.7;
Q61017	Q61017;		ENSMUST00000036088.11;ENSMUST00000100532.10;ENSMUST00000107708.2;ENSMUST00000107709.8;ENSMUST00000107711.8;ENSMUST00000107712.8;ENSMUST00000107714.9;
Q61035	Q61035;		ENSMUST00000001416.8;
Q61114	Q61114;		ENSMUST00000028987.7;ENSMUST00000081816.11;
Q61116	Q61116;		ENSMUST00000032696.7;ENSMUST00000108438.10;
Q61120	Q61120;		ENSMUST00000021898.6;
Q61121	Q61121;		ENSMUST00000046255.14 [Q61121-1];ENSMUST00000111932.8 [Q61121-2];ENSMUST00000116515.9 [Q61121-2];ENSMUST00000165392.8 [Q61121-2];
Q61177	Q61177;		
Q61184	Q61184;		ENSMUST00000067984.9;
Q61199	Q61199;		ENSMUST00000102945.2;
Q61211	Q61211;		ENSMUST00000068805.14 [Q61211-1];ENSMUST00000151874.8 [Q61211-1];
Q61229	Q61229;		
Q61268	Q61268;		ENSMUST00000003071.10;
Q61316	Q61316;		
Q61333	Q61333;	5B86;	ENSMUST00000102745.10;
Q61334	Q61334;		ENSMUST00000020979.9;ENSMUST00000177962.9;
Q61390	Q61390;		ENSMUST00000021040.10;
Q61476	Q61476;		
Q61500	Q61500;		ENSMUST00000033591.6;
Q61599	Q61599;		ENSMUST00000032344.12;ENSMUST00000111891.4;ENSMUST00000111892.8;
Q61636			ENSMUST00000217994.2;
Q61733	Q61733;	7PNT;7PNU;7PNV;7PNW;	ENSMUST00000033934.5;
Q61751	Q61751;		ENSMUST00000020628.6;ENSMUST00000102766.10;
Q61754	Q61754;		ENSMUST00000073713.8;
Q61765	Q61765;		ENSMUST00000007318.2;
Q61809	Q61809;		ENSMUST00000049285.10;
Q61820	Q61820;		ENSMUST00000147835.4;
Q61854	Q61854;		
Q61897	Q61897;		ENSMUST00000073890.4;
Q61900	Q61900;		ENSMUST00000031211.6;
Q61908	Q61908;		ENSMUST00000033543.14 [Q61908-1];ENSMUST00000120286.2 [Q61908-1];ENSMUST00000149863.3 [Q61908-1];
Q61984	Q61984;		
Q62000	Q62000;		ENSMUST00000021822.7;
Q62030	Q62030;		
Q62147	Q62147;		
Q62168	Q62168;		
Q62186	Q62186;		ENSMUST00000002090.3;
Q62189	Q62189;		ENSMUST00000080356.10;ENSMUST00000122202.8;ENSMUST00000163311.9;
Q62239	Q62239;		
Q62241	Q62241;		ENSMUST00000071006.9;ENSMUST00000232873.2;
Q62266	Q62266;		ENSMUST00000054599.8;
Q62267	Q62267;		ENSMUST00000062160.4;
Q62276	Q62276;	6W1S;8T1I;8T1L;	ENSMUST00000015920.12 [Q62276-1];ENSMUST00000102899.10 [Q62276-2];
Q62282	Q62282;		ENSMUST00000030124.4;
Q62283	Q62283;		ENSMUST00000076354.13;
Q62394	Q62394;		
Q62396	Q62396;		ENSMUST00000033740.12;
Q62421	Q62421;		
Q62422	Q62422;		ENSMUST00000025631.7;
Q62425	Q62425;	1LEG;1LEK;1MWA;2CKB;	ENSMUST00000204714.2;ENSMUST00000204978.3;
Q62445	Q62445;		
Q62447	Q62447;		ENSMUST00000102997.8;
Q62458			ENSMUST00000179663.2;ENSMUST00000187943.2;
Q62465	Q62465;		ENSMUST00000040430.8;
Q62471	Q62471;		ENSMUST00000239498.2;
Q62472	Q62472;		ENSMUST00000028283.2;
Q62513	Q62513;		ENSMUST00000050735.12;ENSMUST00000108200.2;
Q63805	Q63805;		
Q63836	Q63836;		
Q63ZW6			ENSMUST00000112930.8;ENSMUST00000112931.8;
Q64016	Q64016;		
Q640N3	Q640N3;		
Q640P2	Q640P2;		ENSMUST00000027885.8 [Q640P2-1];ENSMUST00000111720.2 [Q640P2-2];
Q640P7	Q640P7;		ENSMUST00000004576.8 [Q640P7-1];ENSMUST00000232075.2 [Q640P7-1];
Q641P0	Q641P0;		ENSMUST00000088244.6 [Q641P0-1];ENSMUST00000128727.8 [Q641P0-2];
Q64263	Q64263;		
Q64302	Q64302;		ENSMUST00000029376.13;ENSMUST00000171384.8;ENSMUST00000196979.5;
Q64322	Q64322;		ENSMUST00000071442.12;
Q64326	Q64326;		ENSMUST00000052347.8;
Q64327	Q64327;		ENSMUST00000002845.8;ENSMUST00000232732.2;ENSMUST00000232762.2;ENSMUST00000233430.2;ENSMUST00000233491.2;ENSMUST00000233612.2;
Q64433	Q64433;		ENSMUST00000075242.7;
Q64445	Q64445;		ENSMUST00000039758.6;
Q64451	Q64451;		
Q64481	Q64481;		ENSMUST00000031633.5;
Q64483	Q64483;		
Q64697	Q64697;		ENSMUST00000061086.9;
Q64726	Q64726;		ENSMUST00000035390.7;
Q64HY3	Q64HY3;		ENSMUST00000090813.6 [Q64HY3-1];
Q64ID7	Q64ID7;		
Q65Z93	Q65Z93;		ENSMUST00000090729.9;
Q66I45	Q66I45;		
Q66JR7	Q66JR7;		
Q66JS6	Q66JS6;		ENSMUST00000057110.11;
Q66JT5	Q66JT5;		
Q66JW6	Q66JW6;		
Q66JZ4	Q66JZ4;		
Q66K08	Q66K08;		
Q66K11	Q66K11;		
Q66X01	Q66X01;		ENSMUST00000041845.14 [Q66X01-2];ENSMUST00000085944.6 [Q66X01-1];
Q66X03	Q66X03;		
Q684Q8	Q684Q8;		
Q689Z5	Q689Z5;		
Q68EF6	Q68EF6;		ENSMUST00000238841.2;
Q68EG4	Q68EG4;		
Q68FD9	Q68FD9;		ENSMUST00000169256.5;
Q68FE8	Q68FE8;		ENSMUST00000098576.10 [Q68FE8-1];ENSMUST00000184517.8 [Q68FE8-2];
Q68FG3	Q68FG3;		ENSMUST00000061639.10;
Q68FH4	Q68FH4;		ENSMUST00000094604.9;
Q68FL0			ENSMUST00000234131.2;
Q692V3	Q692V3;		
Q69Z59	Q69Z59;		
Q69Z99	Q69Z99;		ENSMUST00000076264.8;
Q69ZB0	Q69ZB0;		
Q69ZB3	Q69ZB3;		ENSMUST00000042021.5;
Q69ZG4	Q69ZG4;		
Q69ZH9	Q69ZH9;		ENSMUST00000093940.4 [Q69ZH9-2];
Q69ZK5	Q69ZK5;		ENSMUST00000049105.11;ENSMUST00000122333.2;
Q69ZK7	Q69ZK7;		ENSMUST00000081746.7 [Q69ZK7-2];ENSMUST00000170846.9 [Q69ZK7-1];ENSMUST00000215370.3 [Q69ZK7-1];
Q69ZL1	Q69ZL1;	1WGQ;	ENSMUST00000020208.5 [Q69ZL1-1];
Q69ZR1	Q69ZR1;		
Q69ZR3	Q69ZR3;		
Q69ZT0	Q69ZT0;		
Q69ZT9	Q69ZT9;		ENSMUST00000064107.7;
Q69ZX7	Q69ZX7;		
Q6A000	Q6A000;		
Q6A017	Q6A017;		
Q6A025	Q6A025;		ENSMUST00000040324.14;ENSMUST00000189694.2;
Q6A027	Q6A027;		
Q6A039	Q6A039;		
Q6A044	Q6A044;		ENSMUST00000119118.8 [Q6A044-1];
Q6A046			
Q6A058	Q6A058;		ENSMUST00000035559.11;ENSMUST00000113193.9;ENSMUST00000119010.8;ENSMUST00000168264.2;
Q6A064	Q6A064;		
Q6A085	Q6A085;		ENSMUST00000058038.12;ENSMUST00000084564.10;ENSMUST00000122066.8;
Q6A0B7	Q6A0B7;		
Q6A0C5	Q6A0C5;		
Q6A0C9	Q6A0C9;		
Q6A0D0	Q6A0D0;		
Q6A0D9	Q6A0D9;		
Q6A0E5	Q6A0E5;		
Q6A152	Q6A152;		ENSMUST00000051400.8;
Q6AW46	Q6AW46;		ENSMUST00000212009.2;
Q6AXB7			ENSMUST00000088546.12;
Q6B966	Q6B966;		ENSMUST00000084763.5;
Q6B9Z0	Q6B9Z0;		ENSMUST00000152973.2;
Q6DFX0	Q6DFX0;		
Q6DI86	Q6DI86;		ENSMUST00000073152.13 [Q6DI86-1];ENSMUST00000102706.4 [Q6DI86-3];
Q6DIA6	Q6DIA6;		
Q6DIC8	Q6DIC8;		
Q6DID5	Q6DID5;		ENSMUST00000020365.15;
Q6DR99			ENSMUST00000073884.7;
Q6EAL8	Q6EAL8;		ENSMUST00000031389.12;
Q6F5E0	Q6F5E0;		
Q6GQT5	Q6GQT5;		ENSMUST00000077066.8;
Q6GQT9	Q6GQT9;		ENSMUST00000033121.7;
Q6GQU1	Q6GQU1;		
Q6GQU6	Q6GQU6;		ENSMUST00000053986.9;
Q6GQX2	Q6GQX2;		ENSMUST00000023747.14;
Q6GTE9			ENSMUST00000228328.2;
Q6GTL7			ENSMUST00000066863.13;ENSMUST00000169659.8;ENSMUST00000185233.7;
Q6GTN8	Q6GTN8;		
Q6GTR6			ENSMUST00000027164.9;
Q6GTW1			ENSMUST00000030524.14;ENSMUST00000102511.2;ENSMUST00000102512.11;ENSMUST00000102513.8;
Q6GTX3	Q6GTX3;		
Q6GU68	Q6GU68;		ENSMUST00000041477.15;ENSMUST00000168864.4;
Q6GUQ1	Q6GUQ1;		ENSMUST00000015611.14 [Q6GUQ1-1];ENSMUST00000097345.10 [Q6GUQ1-2];
Q6IE21	Q6IE21;		ENSMUST00000060241.3;
Q6IE26	Q6IE26;		ENSMUST00000049146.12;
Q6IE32	Q6IE32;		ENSMUST00000076194.6;
Q6IE82	Q6IE82;		ENSMUST00000043693.7;ENSMUST00000115384.9;
Q6IEE6	Q6IEE6;		ENSMUST00000054245.8;
Q6IFT4	Q6IFT4;		ENSMUST00000065496.12 [Q6IFT4-1];
Q6IFX2	Q6IFX2;		ENSMUST00000017270.8;
Q6IFX3	Q6IFX3;		ENSMUST00000074253.4;
Q6IFZ9	Q6IFZ9;		
Q6IMP0	Q6IMP0;		
Q6IQY5	Q6IQY5;		ENSMUST00000093795.10 [Q6IQY5-1];ENSMUST00000191335.7 [Q6IQY5-2];
Q6IQZ1	Q6IQZ1;		
Q6IR21	Q6IR21;		
Q6IR37	Q6IR37;		ENSMUST00000006632.8;
Q6IR41	Q6IR41;		ENSMUST00000023075.9;
Q6IRT3	Q6IRT3;		
Q6IRT4	Q6IRT4;		
Q6IWE3	Q6IWE3;		
Q6J756	Q6J756;		ENSMUST00000120717.8;
Q6JHY2	Q6JHY2;		ENSMUST00000088555.10 [Q6JHY2-1];ENSMUST00000100293.9 [Q6JHY2-2];ENSMUST00000109277.8 [Q6JHY2-4];
Q6KAM1	Q6KAM1;		
Q6KAM4	Q6KAM4;		
Q6KAT3	Q6KAT3;		
Q6KAT4	Q6KAT4;		
Q6KAU7	Q6KAU7;		
Q6L8S8	Q6L8S8;		ENSMUST00000057283.8;
Q6LC96			ENSMUST00000100251.9;ENSMUST00000113934.2;
Q6NS65	Q6NS65;		ENSMUST00000064016.6;
Q6NS86	Q6NS86;		ENSMUST00000056558.11;
Q6NSR8	Q6NSR8;		ENSMUST00000044415.16;
Q6NSS4	Q6NSS4;		
Q6NV63			
Q6NVF8	Q6NVF8;		
Q6NVG7	Q6NVG7;		ENSMUST00000044311.9;
Q6NWW1	Q6NWW1;		
Q6NXH9	Q6NXH9;		ENSMUST00000063292.8;
Q6NXI4			
Q6NXI6	Q6NXI6;		ENSMUST00000090791.8 [Q6NXI6-1];
Q6NXJ0	Q6NXJ0;		ENSMUST00000057561.9;
Q6NXK2	Q6NXK2;		ENSMUST00000049016.12 [Q6NXK2-1];ENSMUST00000169679.8 [Q6NXK2-1];ENSMUST00000182478.8 [Q6NXK2-2];
Q6NXK9			ENSMUST00000054096.13;
Q6NXL5			ENSMUST00000105584.10;
Q6NXV6	Q6NXV6;		
Q6NXW1	Q6NXW1;		
Q6NXY1	Q6NXY1;		ENSMUST00000022992.13 [Q6NXY1-1];
Q6NXZ0	Q6NXZ0;		
Q6NZA9	Q6NZA9;		ENSMUST00000055497.15;
Q6NZB0	Q6NZB0;		ENSMUST00000094657.10;
Q6NZC3	Q6NZC3;		
Q6NZD2			ENSMUST00000034946.15;
Q6NZE7	Q6NZE7;		ENSMUST00000071023.12 [Q6NZE7-2];ENSMUST00000114838.8 [Q6NZE7-1];ENSMUST00000114841.2 [Q6NZE7-3];
Q6NZF1	Q6NZF1;		ENSMUST00000191896.6;
Q6NZH9			ENSMUST00000095204.6;ENSMUST00000164192.9;
Q6NZL0	Q6NZL0;		ENSMUST00000092629.4;
Q6NZP2	Q6NZP2;		ENSMUST00000030460.15;ENSMUST00000106475.2;
Q6NZQ0	Q6NZQ0;		ENSMUST00000072155.5;
Q6NZQ6	Q6NZQ6;		ENSMUST00000118729.8 [Q6NZQ6-2];ENSMUST00000119800.8 [Q6NZQ6-1];
Q6NZR5	Q6NZR5;		ENSMUST00000046022.16;
Q6NZR6	Q6NZR6;		
Q6P0X2	Q6P0X2;		ENSMUST00000168194.3 [Q6P0X2-2];
Q6P1E0	Q6P1E0;		
Q6P1H4			ENSMUST00000022550.8;ENSMUST00000225633.2;
Q6P1H7			ENSMUST00000073316.13;
Q6P1I3	Q6P1I3;	2GNX;	ENSMUST00000065600.8 [Q6P1I3-1];
Q6P1Y1	Q6P1Y1;		ENSMUST00000062010.10;
Q6P1Z8	Q6P1Z8;		
Q6P202	Q6P202;		
Q6P2B1	Q6P2B1;		ENSMUST00000012679.15 [Q6P2B1-1];ENSMUST00000115251.8 [Q6P2B1-2];
Q6P2L7	Q6P2L7;		ENSMUST00000078752.10 [Q6P2L7-1];ENSMUST00000089912.12 [Q6P2L7-2];ENSMUST00000089915.10 [Q6P2L7-3];
Q6P3Y9	Q6P3Y9;		ENSMUST00000093380.5;
Q6P3Z7			ENSMUST00000179863.8;ENSMUST00000188028.7;
Q6P4P1	Q6P4P1;		ENSMUST00000109965.8 [Q6P4P1-2];
Q6P4T3			ENSMUST00000081726.13;
Q6P536	Q6P536;		
Q6P560	Q6P560;		
Q6P572			ENSMUST00000155679.8;
Q6P5B0	Q6P5B0;		ENSMUST00000038677.5;
Q6P5C1	Q6P5C1;		
Q6P5C5	Q6P5C5;		ENSMUST00000064067.9;ENSMUST00000229371.2;ENSMUST00000229377.2;
Q6P5E3			ENSMUST00000034090.8;
Q6P5G6	Q6P5G6;		ENSMUST00000232137.2;
Q6P5H6	Q6P5H6;		ENSMUST00000121219.8 [Q6P5H6-2];ENSMUST00000138157.8 [Q6P5H6-1];
Q6P6J0	Q6P6J0;	7NZ7;7NZ8;7NZ9;	ENSMUST00000019944.9;
Q6P6M5	Q6P6M5;		ENSMUST00000004686.13 [Q6P6M5-1];ENSMUST00000111081.10 [Q6P6M5-2];
Q6P6P7	Q6P6P7;		
Q6P8G8	Q6P8G8;		ENSMUST00000061587.13;
Q6P8H8	Q6P8H8;		ENSMUST00000098300.6;
Q6P8I6	Q6P8I6;		ENSMUST00000020851.15;
Q6P8K8	Q6P8K8;		ENSMUST00000049251.6;
Q6P8W9	Q6P8W9;		ENSMUST00000053830.5;
Q6P8Y0	Q6P8Y0;	8I7R;8IYJ;8TO0;	ENSMUST00000011298.14;
Q6P8Y7	Q6P8Y7;		ENSMUST00000013755.12 [Q6P8Y7-2];ENSMUST00000161202.8 [Q6P8Y7-1];
Q6P9J5	Q6P9J5;		ENSMUST00000102790.4;
Q6P9L3	Q6P9L3;		
Q6P9M2	Q6P9M2;		
Q6P9P0	Q6P9P0;		
Q6P9Q2	Q6P9Q2;		
Q6PAJ3	Q6PAJ3;		ENSMUST00000058045.5 [Q6PAJ3-1];
Q6PAJ8	Q6PAJ8;		
Q6PAM0	Q6PAM0;		ENSMUST00000045743.13;
Q6PAM1	Q6PAM1;		ENSMUST00000046425.16 [Q6PAM1-1];ENSMUST00000084264.12 [Q6PAM1-1];
Q6PAQ9	Q6PAQ9;		ENSMUST00000048790.7;ENSMUST00000170096.8;
Q6PAS1	Q6PAS1;		
Q6PAT0	Q6PAT0;	7NZ7;7NZ8;7NZ9;	ENSMUST00000038411.5;ENSMUST00000178231.2;ENSMUST00000218067.2;
Q6PB51	Q6PB51;		ENSMUST00000020776.5;
Q6PB70	Q6PB70;		ENSMUST00000093450.6;
Q6PB90	Q6PB90;	1WYJ;	ENSMUST00000052387.5;
Q6PCP3			ENSMUST00000100857.10;
Q6PCW6	Q6PCW6;		ENSMUST00000076276.5;
Q6PD02			ENSMUST00000079443.6;
Q6PD05	Q6PD05;		ENSMUST00000034163.9;ENSMUST00000212000.2;
Q6PD19	Q6PD19;		ENSMUST00000045396.9 [Q6PD19-1];
Q6PD24	Q6PD24;		ENSMUST00000056888.13;
Q6PD26	Q6PD26;		ENSMUST00000048073.9;
Q6PD33	Q6PD33;		
Q6PDC8	Q6PDC8;		ENSMUST00000046658.10 [Q6PDC8-3];ENSMUST00000112370.9 [Q6PDC8-4];ENSMUST00000126927.8 [Q6PDC8-4];ENSMUST00000144548.9 [Q6PDC8-4];ENSMUST00000159038.8 [Q6PDC8-1];
Q6PDJ1	Q6PDJ1;	8S7C;	ENSMUST00000030257.15 [Q6PDJ1-1];
Q6PDS4	Q6PDS4;		
Q6PDS5			ENSMUST00000226468.2;
Q6PDZ2	Q6PDZ2;		ENSMUST00000093099.13;
Q6PE01	Q6PE01;		ENSMUST00000105994.4;
Q6PEB5	Q6PEB5;		
Q6PEE2	Q6PEE2;		
Q6PEV0	Q6PEV0;		
Q6PEV3	Q6PEV3;		ENSMUST00000037480.9;
Q6PFB1	Q6PFB1;		
Q6PFB2			ENSMUST00000030726.13;
Q6PFC5	Q6PFC5;		ENSMUST00000057176.5;
Q6PFD7	Q6PFD7;		ENSMUST00000048431.3;
Q6PFH3	Q6PFH3;		ENSMUST00000041367.9 [Q6PFH3-2];ENSMUST00000210279.2 [Q6PFH3-1];
Q6PFX6	Q6PFX6;		ENSMUST00000067784.8;
Q6PG12	Q6PG12;		
Q6PG83	Q6PG83;		
Q6PG95	Q6PG95;		ENSMUST00000073337.8;ENSMUST00000233774.2;
Q6PGA0	Q6PGA0;		ENSMUST00000073279.13 [Q6PGA0-1];ENSMUST00000110849.10 [Q6PGA0-2];
Q6PGC0	Q6PGC0;		
Q6PGE7	Q6PGE7;		ENSMUST00000025520.10;
Q6PGG2	Q6PGG2;		ENSMUST00000036074.15 [Q6PGG2-1];ENSMUST00000123453.2 [Q6PGG2-2];
Q6PGH1	Q6PGH1;		ENSMUST00000159018.8 [Q6PGH1-1];ENSMUST00000160075.2 [Q6PGH1-1];ENSMUST00000162308.8 [Q6PGH1-2];ENSMUST00000162594.8 [Q6PGH1-1];
Q6PGH2	Q6PGH2;		ENSMUST00000024981.9;ENSMUST00000233067.2;
Q6PHN1	Q6PHN1;		ENSMUST00000056781.5;
Q6PHQ9			ENSMUST00000080178.13;
Q6PHS6	Q6PHS6;		ENSMUST00000048519.17;
Q6PI12	Q6PI12;		
Q6PI17			ENSMUST00000017610.11;
Q6PI62	Q6PI62;		ENSMUST00000070316.12;
Q6PKB0			ENSMUST00000210642.2;
Q6Q6R3	Q6Q6R3;		
Q6QHF0			
Q6QHF1	Q6QHF1;		
Q6QMF2	Q6QMF2;		
Q6RUU0	Q6RUU0;		
Q6S5G4	Q6S5G4;		ENSMUST00000069417.6;
Q6S5I3	Q6S5I3;	8S9W;	ENSMUST00000079286.4;
Q6T5E4			ENSMUST00000110191.10;
Q6TCG2	Q6TCG2;		ENSMUST00000079597.7;
Q6TCG5	Q6TCG5;		ENSMUST00000147991.2;
Q6TDP3	Q6TDP3;		ENSMUST00000105569.5;
Q6TKP2	Q6TKP2;		
Q6TLW0	Q6TLW0;		
Q6TLW1	Q6TLW1;		
Q6TU36	Q6TU36;		ENSMUST00000078879.7;
Q6UL01	Q6UL01;		ENSMUST00000061703.10;
Q6V595	Q6V595;		ENSMUST00000058839.10;
Q6V956			
Q6V957			
Q6W049	Q6W049;		ENSMUST00000098155.3;
Q6W5C0	Q6W5C0;		ENSMUST00000031326.10;
Q6XK24			
Q6XMP4	Q6XMP4;		
Q6ZPF8	Q6ZPF8;		
Q6ZPG2	Q6ZPG2;		ENSMUST00000176923.9 [Q6ZPG2-1];
Q6ZPJ0	Q6ZPJ0;		ENSMUST00000042780.14;
Q6ZPK1	Q6ZPK1;		
Q6ZPR6	Q6ZPR6;		ENSMUST00000039213.15 [Q6ZPR6-1];
Q6ZPT1	Q6ZPT1;		ENSMUST00000094993.3;
Q6ZPV3	Q6ZPV3;		
Q6ZPY5	Q6ZPY5;		ENSMUST00000061586.11;
Q6ZQ03	Q6ZQ03;		
Q6ZQ17	Q6ZQ17;		
Q6ZQ23			
Q6ZQ49	Q6ZQ49;		
Q6ZQA6	Q6ZQA6;		ENSMUST00000043983.11;
Q6ZQD6	Q6ZQD6;		
Q6ZQE7	Q6ZQE7;		
Q6ZQG3	Q6ZQG3;		
Q6ZQG6	Q6ZQG6;		
Q6ZQH8	Q6ZQH8;		ENSMUST00000064447.12;
Q6ZQI3	Q6ZQI3;		ENSMUST00000112121.6;
Q6ZQM7	Q6ZQM7;		
Q6ZWM4	Q6ZWM4;		ENSMUST00000056398.11;
Q6ZWP4	Q6ZWP4;		
Q6ZWQ7	Q6ZWQ7;		ENSMUST00000067476.9;
Q6ZWQ9			ENSMUST00000024846.13;ENSMUST00000123686.8;ENSMUST00000148960.8;ENSMUST00000232766.2;ENSMUST00000233089.2;ENSMUST00000233417.2;ENSMUST00000233798.2;
Q6ZWR0	Q6ZWR0;		
Q6ZWS4	Q6ZWS4;	6PEQ;6UCB;6UD4;6UD8;	ENSMUST00000027795.14;
Q6ZWX0	Q6ZWX0;		ENSMUST00000079764.14;
Q6ZWY3	Q6ZWY3;	7LS1;7LS2;	ENSMUST00000040917.14;
Q6ZWY8	Q6ZWY8;		ENSMUST00000114048.2;ENSMUST00000114049.2;ENSMUST00000114050.8;ENSMUST00000170837.3;
Q70LV9	Q70LV9;		
Q70YN3	Q70YN3;		
Q71MR7	Q71MR7;		ENSMUST00000095637.2;
Q75WC0			ENSMUST00000073889.14;
Q75WC8	Q75WC8;		
Q762C5	Q762C5;		
Q762D5	Q762D5;		
Q765I1	Q765I1;		ENSMUST00000070531.8;
Q768S5	Q768S5;		
Q76EC5	Q76EC5;		ENSMUST00000053017.13;
Q76HP3	Q76HP3;		ENSMUST00000044441.8;
Q76LV0			
Q78ED8	Q78ED8;		
Q78GB8	Q78GB8;		
Q78HN8	Q78HN8;		
Q78IK2	Q78IK2;		ENSMUST00000096014.5;ENSMUST00000235771.2;ENSMUST00000236170.2;ENSMUST00000237720.2;
Q78IK4	Q78IK4;		ENSMUST00000026599.10;
Q78KK3	Q78KK3;		
Q78P93	Q78P93;		
Q78PG9	Q78PG9;		ENSMUST00000022614.7;
Q78T54	Q78T54;		ENSMUST00000114576.9 [Q78T54-1];
Q78WH7	Q78WH7;		ENSMUST00000052939.4;
Q78WZ7	Q78WZ7;		ENSMUST00000020877.9;
Q78XF5	Q78XF5;		ENSMUST00000043937.9;
Q78XR0	Q78XR0;		ENSMUST00000002112.15 [Q78XR0-1];ENSMUST00000108455.8 [Q78XR0-2];
Q78YZ6	Q78YZ6;		ENSMUST00000081506.11 [Q78YZ6-1];ENSMUST00000167525.3 [Q78YZ6-3];ENSMUST00000212031.2 [Q78YZ6-2];ENSMUST00000212905.2 [Q78YZ6-2];
Q78ZA7	Q78ZA7;		ENSMUST00000072727.7;
Q78ZM0			ENSMUST00000019939.12;
Q790I0	Q790I0;		
Q790L7	Q790L7;		
Q790L8	Q790L8;		
Q791G4	Q791G4;		
Q791N7	Q791N7;		ENSMUST00000113669.9;ENSMUST00000172518.8;
Q791T5	Q791T5;		ENSMUST00000095427.12 [Q791T5-1];ENSMUST00000118366.9 [Q791T5-2];
Q791V7	Q791V7;		
Q792S7	Q792S7;		
Q794H2	Q794H2;		ENSMUST00000079490.6;
Q7GIP5	Q7GIP5;		
Q7JCX7	Q7JCX7;		
Q7JCY4	Q7JCY4;		
Q7JCY6	Q7JCY6;		
Q7JCY9	Q7JCY9;		
Q7JCZ0	Q7JCZ0;		
Q7JCZ1	Q7JCZ1;		
Q7JFR0	Q7JFR0;		
Q7M6Y1			ENSMUST00000021997.8;
Q7M712	Q7M712;		ENSMUST00000082014.2;
Q7M717	Q7M717;		
Q7M720	Q7M720;		ENSMUST00000095395.2;
Q7M725	Q7M725;		ENSMUST00000065781.5;
Q7M756	Q7M756;		ENSMUST00000180075.2;ENSMUST00000213096.2;
Q7M757	Q7M757;		ENSMUST00000218023.2;
Q7TM99	Q7TM99;		ENSMUST00000046807.7;
Q7TMA2	Q7TMA2;		ENSMUST00000043409.9 [Q7TMA2-1];
Q7TMD4	Q7TMD4;		
Q7TMM1	Q7TMM1;		
Q7TMQ7	Q7TMQ7;		ENSMUST00000081214.12;
Q7TMV3	Q7TMV3;		ENSMUST00000110262.3;
Q7TMV9	Q7TMV9;		
Q7TMX5	Q7TMX5;		ENSMUST00000089245.7 [Q7TMX5-2];ENSMUST00000113312.9 [Q7TMX5-1];ENSMUST00000170667.8 [Q7TMX5-1];
Q7TMY2	Q7TMY2;		
Q7TN22	Q7TN22;		ENSMUST00000022377.11 [Q7TN22-2];ENSMUST00000123879.8 [Q7TN22-1];ENSMUST00000139526.9 [Q7TN22-1];
Q7TN74			ENSMUST00000035813.9;
Q7TN84	Q7TN84;		ENSMUST00000195354.6;
Q7TN88	Q7TN88;		
Q7TNB5			ENSMUST00000094179.11;
Q7TND5	Q7TND5;		ENSMUST00000029838.11;
Q7TNG5	Q7TNG5;		ENSMUST00000048502.10 [Q7TNG5-2];ENSMUST00000117338.8 [Q7TNG5-3];ENSMUST00000120595.8 [Q7TNG5-1];
Q7TNI2	Q7TNI2;		ENSMUST00000045286.9;
Q7TNI3			ENSMUST00000115726.9;
Q7TNP2	Q7TNP2;		ENSMUST00000114437.9;
Q7TNR9	Q7TNR9;		ENSMUST00000047664.16;
Q7TNS2	Q7TNS2;		ENSMUST00000143971.2;
Q7TNS7	Q7TNS7;		ENSMUST00000037708.10;
Q7TNU0	Q7TNU0;		
Q7TNU6	Q7TNU6;		ENSMUST00000048854.8;ENSMUST00000229055.2;
Q7TNU7	Q7TNU7;		ENSMUST00000079160.8;
Q7TNV7	Q7TNV7;		ENSMUST00000066416.4;
Q7TNV8	Q7TNV8;		ENSMUST00000064475.4;
Q7TNV9	Q7TNV9;		ENSMUST00000052601.4;
Q7TNW3			ENSMUST00000120956.8;
Q7TPB0	Q7TPB0;		
Q7TPC1	Q7TPC1;		ENSMUST00000044804.8;
Q7TPD6	Q7TPD6;		ENSMUST00000038463.15;
Q7TPG6	Q7TPG6;		ENSMUST00000139783.2;
Q7TPH7	Q7TPH7;		
Q7TPM1	Q7TPM1;		ENSMUST00000036691.14 [Q7TPM1-1];
Q7TPM6	Q7TPM6;		ENSMUST00000011733.9 [Q7TPM6-1];
Q7TPN3	Q7TPN3;		ENSMUST00000062118.11 [Q7TPN3-1];ENSMUST00000067902.13 [Q7TPN3-2];
Q7TPN9	Q7TPN9;		ENSMUST00000033095.10;ENSMUST00000106292.8;
Q7TPP4	Q7TPP4;		
Q7TPS4	Q7TPS4;		
Q7TPW1	Q7TPW1;		ENSMUST00000046045.13;
Q7TPW4	Q7TPW4;		
Q7TPY9	Q7TPY9;		ENSMUST00000075983.6;
Q7TPZ8	Q7TPZ8;		ENSMUST00000031806.10;
Q7TQ07	Q7TQ07;		
Q7TQ48	Q7TQ48;		ENSMUST00000023161.8 [Q7TQ48-1];ENSMUST00000090500.10 [Q7TQ48-2];
Q7TQ69	Q7TQ69;		
Q7TQA5	Q7TQA5;		ENSMUST00000057686.5;
Q7TQA6	Q7TQA6;		ENSMUST00000076565.3;
Q7TQA7	Q7TQA7;		
Q7TQA8	Q7TQA8;		
Q7TQA9	Q7TQA9;		
Q7TQB0	Q7TQB0;		ENSMUST00000070028.3;
Q7TQB8	Q7TQB8;		ENSMUST00000063489.4;
Q7TQB9	Q7TQB9;		ENSMUST00000057398.4;
Q7TQC7	Q7TQC7;		ENSMUST00000065573.14 [Q7TQC7-1];ENSMUST00000110943.9 [Q7TQC7-3];ENSMUST00000160471.8 [Q7TQC7-2];
Q7TQD7			ENSMUST00000018561.14;
Q7TQE7	Q7TQE7;		ENSMUST00000058868.9 [Q7TQE7-1];
Q7TQG0	Q7TQG0;		ENSMUST00000055028.9;ENSMUST00000107817.3;ENSMUST00000180217.2;
Q7TQH3	Q7TQH3;		
Q7TQI0	Q7TQI0;		ENSMUST00000024984.7;
Q7TQJ1	Q7TQJ1;		ENSMUST00000061111.10;
Q7TQK1	Q7TQK1;		
Q7TQN9	Q7TQN9;		ENSMUST00000045319.9;
Q7TQP0	Q7TQP0;		ENSMUST00000065335.3;
Q7TQP2	Q7TQP2;		ENSMUST00000050649.6;
Q7TQP4	Q7TQP4;		ENSMUST00000063119.5;
Q7TR96	Q7TR96;		ENSMUST00000065626.3;ENSMUST00000216397.3;
Q7TRF3	Q7TRF3;		ENSMUST00000060780.3;ENSMUST00000216538.2;
Q7TRM9			ENSMUST00000098138.5;ENSMUST00000210568.4;
Q7TS48	Q7TS48;		
Q7TS64			ENSMUST00000025791.12;
Q7TS68	Q7TS68;		ENSMUST00000028034.15;ENSMUST00000076435.9;ENSMUST00000195749.6;
Q7TS91			ENSMUST00000028114.13;ENSMUST00000114845.10;
Q7TSA7	Q7TSA7;		
Q7TSC1	Q7TSC1;		ENSMUST00000025253.12;
Q7TSD1			ENSMUST00000203588.2;
Q7TSH2	Q7TSH2;		ENSMUST00000053771.14;
Q7TSH7	Q7TSH7;		ENSMUST00000170580.3;
Q7TSI0	Q7TSI0;		ENSMUST00000032591.15 [Q7TSI0-1];ENSMUST00000077485.11 [Q7TSI0-2];
Q7TSI3	Q7TSI3;		ENSMUST00000064099.8;
Q7TSI4			ENSMUST00000223718.2;
Q7TSJ0			
Q7TSJ7			ENSMUST00000111944.10;
Q7TSL0	Q7TSL0;		ENSMUST00000058595.7;
Q7TSL2	Q7TSL2;		
Q7TSQ1	Q7TSQ1;		ENSMUST00000039597.14 [Q7TSQ1-1];ENSMUST00000188466.7 [Q7TSQ1-4];ENSMUST00000191030.7 [Q7TSQ1-2];ENSMUST00000191469.7 [Q7TSQ1-1];
Q7TST0	Q7TST0;		ENSMUST00000080254.7;
Q7TSV2	Q7TSV2;		
Q7TSV6	Q7TSV6;		ENSMUST00000038174.8 [Q7TSV6-1];
Q7TSV8	Q7TSV8;		
Q7TSZ3	Q7TSZ3;		
Q7TT41	Q7TT41;		ENSMUST00000031937.4;
Q7TT52	Q7TT52;		ENSMUST00000076084.6 [Q7TT52-1];ENSMUST00000110820.3 [Q7TT52-2];
Q80SU4	Q80SU4;		ENSMUST00000105149.3;
Q80SU7	Q80SU7;		ENSMUST00000106766.9;ENSMUST00000176467.8;
Q80SY3	Q80SY3;		ENSMUST00000029900.6;
Q80SY9			ENSMUST00000118370.8;
Q80T03			
Q80T19	Q80T19;		ENSMUST00000074671.9;
Q80T43	Q80T43;		
Q80T62	Q80T62;		ENSMUST00000057645.6;
Q80T82	Q80T82;		
Q80TE0	Q80TE0;		ENSMUST00000048493.12 [Q80TE0-1];ENSMUST00000099529.9 [Q80TE0-1];ENSMUST00000110793.8 [Q80TE0-1];
Q80TE2	Q80TE2;		
Q80TE4	Q80TE4;		ENSMUST00000108775.2 [Q80TE4-1];ENSMUST00000212987.2 [Q80TE4-1];
Q80TF3	Q80TF3;		ENSMUST00000149154.8;
Q80TH3	Q80TH3;		
Q80TK2	Q80TK2;		
Q80TL7	Q80TL7;		ENSMUST00000037557.9 [Q80TL7-2];ENSMUST00000073792.11 [Q80TL7-1];
Q80TM6	Q80TM6;		ENSMUST00000064793.13 [Q80TM6-4];ENSMUST00000077046.12 [Q80TM6-1];ENSMUST00000105249.9 [Q80TM6-2];ENSMUST00000105250.9 [Q80TM6-3];ENSMUST00000105251.9 [Q80TM6-3];ENSMUST00000166820.8 [Q80TM6-1];
Q80TN4	Q80TN4;	2CUG;	ENSMUST00000038014.11;
Q80TQ5	Q80TQ5;		
Q80TS8	Q80TS8;		ENSMUST00000031090.8 [Q80TS8-1];
Q80TU3	Q80TU3;		
Q80TW3	Q80TW3;		
Q80TX7	Q80TX7;		
Q80TY4	Q80TY4;		ENSMUST00000043578.13;ENSMUST00000131494.8;ENSMUST00000140079.8;ENSMUST00000150761.8;ENSMUST00000151281.8;ENSMUST00000163727.4;
Q80TY9	Q80TY9;		
Q80U11	Q80U11;		
Q80U22	Q80U22;		
Q80U35	Q80U35;		ENSMUST00000107032.3 [Q80U35-1];ENSMUST00000209041.2 [Q80U35-2];
Q80U44	Q80U44;		ENSMUST00000022217.9;
Q80U49	Q80U49;		ENSMUST00000101018.11 [Q80U49-1];ENSMUST00000222711.2 [Q80U49-1];
Q80U56	Q80U56;		ENSMUST00000031805.11;
Q80UB0	Q80UB0;		ENSMUST00000091569.7;
Q80UG6	Q80UG6;		ENSMUST00000067087.7;
Q80UI8	Q80UI8;		
Q80UI9	Q80UI9;		
Q80UJ9	Q80UJ9;		ENSMUST00000049246.7;
Q80UK0	Q80UK0;		ENSMUST00000102659.2;ENSMUST00000102660.8;
Q80UK8	Q80UK8;		ENSMUST00000018212.13 [Q80UK8-1];ENSMUST00000108039.8 [Q80UK8-1];
Q80UP5	Q80UP5;		ENSMUST00000102578.11;
Q80UQ2	Q80UQ2;		ENSMUST00000031317.10 [Q80UQ2-1];ENSMUST00000202704.4 [Q80UQ2-1];ENSMUST00000202784.4 [Q80UQ2-2];
Q80UR4			ENSMUST00000037453.5;
Q80UR8	Q80UR8;		
Q80UU2	Q80UU2;		
Q80UW8	Q80UW8;		ENSMUST00000004786.10;
Q80UX8	Q80UX8;		ENSMUST00000048216.6;ENSMUST00000139793.8;
Q80UY1	Q80UY1;		ENSMUST00000025632.11;
Q80UZ2	Q80UZ2;		
Q80V03	Q80V03;		
Q80V23	Q80V23;		ENSMUST00000112860.2 [Q80V23-2];ENSMUST00000112861.8 [Q80V23-1];ENSMUST00000164472.8 [Q80V23-1];ENSMUST00000223041.2 [Q80V23-2];
Q80V31	Q80V31;		ENSMUST00000047497.15;
Q80V47	Q80V47;		
Q80V57	Q80V57;		
Q80V86	Q80V86;		ENSMUST00000044616.10;ENSMUST00000108319.9;
Q80V94	Q80V94;		ENSMUST00000002063.15;
Q80VD1	Q80VD1;		ENSMUST00000028825.5;
Q80VF8	Q80VF8;		
Q80VJ0	Q80VJ0;		
Q80VJ2	Q80VJ2;	2YRU;	
Q80VM4	Q80VM4;		ENSMUST00000108572.2;ENSMUST00000162731.2;
Q80VN0	Q80VN0;		ENSMUST00000165673.5;
Q80VP9	Q80VP9;		ENSMUST00000031291.9;
Q80VQ1	Q80VQ1;		ENSMUST00000183734.2 [Q80VQ1-3];ENSMUST00000183873.8 [Q80VQ1-1];
Q80VY2	Q80VY2;		ENSMUST00000066610.8 [Q80VY2-1];ENSMUST00000098273.3 [Q80VY2-2];
Q80VY7	Q80VY7;		
Q80W03	Q80W03;		ENSMUST00000109621.10;
Q80W14	Q80W14;		
Q80W15	Q80W15;		ENSMUST00000044297.7;
Q80W31	Q80W31;		ENSMUST00000032797.9;ENSMUST00000108205.9;
Q80W80			ENSMUST00000086854.10;
Q80WC1	Q80WC1;		ENSMUST00000039127.15 [Q80WC1-4];ENSMUST00000160583.8 [Q80WC1-1];
Q80WC3			
Q80WC7	Q80WC7;		ENSMUST00000031736.16 [Q80WC7-1];
Q80WQ4	Q80WQ4;		ENSMUST00000147525.9 [Q80WQ4-1];ENSMUST00000152039.9 [Q80WQ4-3];ENSMUST00000171777.2 [Q80WQ4-1];
Q80WS3	Q80WS3;		ENSMUST00000160726.4;
Q80WT5	Q80WT5;		ENSMUST00000035350.12 [Q80WT5-2];ENSMUST00000146722.9 [Q80WT5-1];
Q80WU3	Q80WU3;		
Q80X29	Q80X29;		
Q80X31	Q80X31;		
Q80X33	Q80X33;		
Q80X37			ENSMUST00000060516.14;
Q80X76	Q80X76;		ENSMUST00000101080.2;ENSMUST00000121337.8;ENSMUST00000167049.8;
Q80X85	Q80X85;	7PNT;7PNU;7PNV;7PNW;	ENSMUST00000058109.9;
Q80XA6	Q80XA6;		ENSMUST00000112334.8;
Q80XB7			
Q80XD1	Q80XD1;		ENSMUST00000067741.10 [Q80XD1-1];ENSMUST00000114401.8 [Q80XD1-3];ENSMUST00000146114.8 [Q80XD1-2];
Q80XE8	Q80XE8;		
Q80XH7			
Q80XI7	Q80XI7;		ENSMUST00000088924.7 [Q80XI7-1];
Q80XK0	Q80XK0;		
Q80XM3	Q80XM3;		ENSMUST00000061828.10;
Q80XM9	Q80XM9;		ENSMUST00000070135.8 [Q80XM9-2];ENSMUST00000091798.10 [Q80XM9-1];ENSMUST00000123750.8 [Q80XM9-2];ENSMUST00000129043.8 [Q80XM9-2];ENSMUST00000131780.8 [Q80XM9-1];ENSMUST00000134545.3 [Q80XM9-4];ENSMUST00000140594.8 [Q80XM9-1];ENSMUST00000151677.9 [Q80XM9-4];
Q80XQ2	Q80XQ2;		ENSMUST00000024717.10;
Q80XS6	Q80XS6;		
Q80Y19	Q80Y19;		ENSMUST00000102545.8;
Q80Y25	Q80Y25;		
Q80Y72	Q80Y72;		ENSMUST00000109952.2 [Q80Y72-1];ENSMUST00000109955.10 [Q80Y72-1];
Q80Y89	Q80Y89;		
Q80YD3	Q80YD3;		ENSMUST00000055944.11 [Q80YD3-2];ENSMUST00000107978.2 [Q80YD3-1];
Q80YD6	Q80YD6;		ENSMUST00000033127.12;
Q80YP6	Q80YP6;		ENSMUST00000032551.8;
Q80YQ8	Q80YQ8;		ENSMUST00000002292.15;
Q80YR2	Q80YR2;		ENSMUST00000022690.10 [Q80YR2-1];
Q80YS6	Q80YS6;		ENSMUST00000064571.11;
Q80YS9	Q80YS9;		ENSMUST00000055406.9;
Q80YT5	Q80YT5;		ENSMUST00000041705.8;
Q80YU0	Q80YU0;		ENSMUST00000069649.9;
Q80YW0	Q80YW0;		ENSMUST00000043069.6;
Q80ZA1			ENSMUST00000171247.8;
Q80ZE4	Q80ZE4;		ENSMUST00000081525.4;ENSMUST00000095074.4;
Q80ZE5	Q80ZE5;		ENSMUST00000068880.14;ENSMUST00000167119.8;ENSMUST00000187651.2;ENSMUST00000189400.7;
Q80ZH7			ENSMUST00000092849.12;ENSMUST00000173722.8;
Q80ZI2	Q80ZI2;		ENSMUST00000061030.10;
Q80ZJ2			ENSMUST00000118410.8;
Q80ZJ6	Q80ZJ6;		ENSMUST00000044751.14 [Q80ZJ6-1];ENSMUST00000113677.3 [Q80ZJ6-2];
Q80ZJ8	Q80ZJ8;		ENSMUST00000053670.12;
Q80ZL7	Q80ZL7;		
Q80ZM7	Q80ZM7;		ENSMUST00000118198.8;ENSMUST00000119413.8;
Q80ZM8	Q80ZM8;		ENSMUST00000028835.13;
Q80ZN5	Q80ZN5;		ENSMUST00000046589.4;
Q80ZN9	Q80ZN9;		ENSMUST00000063324.14;ENSMUST00000182048.2;ENSMUST00000182111.8;
Q80ZU7	Q80ZU7;		ENSMUST00000088950.8;ENSMUST00000109760.2;
Q80ZU9	Q80ZU9;		ENSMUST00000166115.9;ENSMUST00000237934.2;
Q80ZZ0	Q80ZZ0;		
Q810A1	Q810A1;		ENSMUST00000018491.8;ENSMUST00000071465.9;
Q810A4	Q810A4;		
Q810E6	Q810E6;		
Q810E7	Q810E7;		
Q810F8	Q810F8;		ENSMUST00000041871.9 [Q810F8-1];
Q810I0	Q810I0;		ENSMUST00000067935.11 [Q810I0-1];ENSMUST00000076203.3 [Q810I0-2];
Q810K9	Q810K9;		ENSMUST00000032157.9;
Q810N9	Q810N9;		ENSMUST00000069419.8 [Q810N9-1];ENSMUST00000235305.2 [Q810N9-2];
Q810T2	Q810T2;		
Q810V0	Q810V0;		ENSMUST00000032735.8;
Q810W6	Q810W6;		ENSMUST00000053389.5;ENSMUST00000190313.2;
Q810Z1	Q810Z1;		ENSMUST00000058912.3;
Q811F1	Q811F1;		ENSMUST00000039867.10;
Q811M1	Q811M1;		ENSMUST00000055776.8 [Q811M1-1];ENSMUST00000112822.8 [Q811M1-4];
Q811N7	Q811N7;		
Q811N8	Q811N8;		
Q811Q3			ENSMUST00000050342.5;
Q811Q4	Q811Q4;		
Q811S6	Q811S6;		
Q811T4			ENSMUST00000203363.3;
Q811T5	Q811T5;		
Q811V7	Q811V7;		
Q812A2	Q812A2;		
Q812B2	Q812B2;		ENSMUST00000051079.4;
Q8BFQ6	Q8BFQ6;		ENSMUST00000023554.9;
Q8BFQ8	Q8BFQ8;		ENSMUST00000106008.3;
Q8BFQ9	Q8BFQ9;		ENSMUST00000036003.8;
Q8BFR6	Q8BFR6;	1WFE;1WYS;	ENSMUST00000037839.12;
Q8BFU3	Q8BFU3;		ENSMUST00000058720.13 [Q8BFU3-1];ENSMUST00000160699.9 [Q8BFU3-1];ENSMUST00000161187.8 [Q8BFU3-5];ENSMUST00000161203.8 [Q8BFU3-2];ENSMUST00000162369.8 [Q8BFU3-4];
Q8BFU7	Q8BFU7;		ENSMUST00000053375.4;ENSMUST00000118666.8;
Q8BFX6	Q8BFX6;		
Q8BFZ1	Q8BFZ1;		ENSMUST00000053543.11;
Q8BFZ3	Q8BFZ3;		ENSMUST00000054716.4;
Q8BG05	Q8BG05;		ENSMUST00000090792.11 [Q8BG05-1];ENSMUST00000111962.8 [Q8BG05-2];ENSMUST00000111964.8 [Q8BG05-1];ENSMUST00000164947.9 [Q8BG05-2];
Q8BG18	Q8BG18;		ENSMUST00000041606.14;ENSMUST00000108273.2;
Q8BG29			ENSMUST00000103209.10;
Q8BG31	Q8BG31;		ENSMUST00000088666.4;
Q8BG34	Q8BG34;		ENSMUST00000105809.2;ENSMUST00000105810.8;ENSMUST00000105811.9;ENSMUST00000146415.2;
Q8BG71	Q8BG71;		ENSMUST00000036937.9;
Q8BG81	Q8BG81;		ENSMUST00000058793.14;
Q8BG92	Q8BG92;		ENSMUST00000019920.13 [Q8BG92-1];ENSMUST00000160299.2 [Q8BG92-2];
Q8BGA2	Q8BGA2;		ENSMUST00000054274.8;ENSMUST00000118195.2;ENSMUST00000121618.2;
Q8BGA8	Q8BGA8;		ENSMUST00000066465.3 [Q8BGA8-1];ENSMUST00000207387.2 [Q8BGA8-2];ENSMUST00000207440.2 [Q8BGA8-1];
Q8BGB2	Q8BGB2;		ENSMUST00000041110.12;
Q8BGB8	Q8BGB8;		ENSMUST00000028137.10;
Q8BGD8	Q8BGD8;		ENSMUST00000059093.7;ENSMUST00000211868.2;
Q8BGD9	Q8BGD9;		ENSMUST00000169681.3;
Q8BGE4	Q8BGE4;		ENSMUST00000068519.7;
Q8BGE9	Q8BGE9;		ENSMUST00000058007.7;
Q8BGG6	Q8BGG6;		ENSMUST00000037620.14;ENSMUST00000111007.8;
Q8BGG9	Q8BGG9;		ENSMUST00000081541.9 [Q8BGG9-1];ENSMUST00000107698.8 [Q8BGG9-2];
Q8BGH2	Q8BGH2;		ENSMUST00000023071.8;
Q8BGH7	Q8BGH7;		ENSMUST00000064104.13;
Q8BGI5	Q8BGI5;		ENSMUST00000088561.10 [Q8BGI5-1];ENSMUST00000120066.8 [Q8BGI5-2];ENSMUST00000125633.2 [Q8BGI5-1];
Q8BGK2	Q8BGK2;		ENSMUST00000033825.11;
Q8BGL1	Q8BGL1;		ENSMUST00000032560.6;
Q8BGN8	Q8BGN8;		ENSMUST00000070323.12 [Q8BGN8-2];ENSMUST00000112656.4 [Q8BGN8-1];
Q8BGP5	Q8BGP5;		ENSMUST00000035871.15;
Q8BGR5	Q8BGR5;		ENSMUST00000065371.14 [Q8BGR5-1];ENSMUST00000097999.9 [Q8BGR5-1];ENSMUST00000106168.2 [Q8BGR5-2];ENSMUST00000106169.8 [Q8BGR5-1];
Q8BGS0	Q8BGS0;		ENSMUST00000033983.6 [Q8BGS0-1];
Q8BGS2	Q8BGS2;	1V9J;	ENSMUST00000106369.2 [Q8BGS2-2];ENSMUST00000130498.2 [Q8BGS2-1];
Q8BGS3	Q8BGS3;		ENSMUST00000019660.11 [Q8BGS3-1];ENSMUST00000066617.12 [Q8BGS3-2];ENSMUST00000110962.2 [Q8BGS3-2];ENSMUST00000110963.8 [Q8BGS3-2];
Q8BGT7	Q8BGT7;		ENSMUST00000025997.7;ENSMUST00000237529.2;
Q8BGV0	Q8BGV0;		ENSMUST00000044466.12;
Q8BGX3	Q8BGX3;		ENSMUST00000068351.14;ENSMUST00000112756.8;ENSMUST00000168793.8;
Q8BGY2	Q8BGY2;		ENSMUST00000060500.9;
Q8BGY4	Q8BGY4;		ENSMUST00000066597.13 [Q8BGY4-1];ENSMUST00000209567.2 [Q8BGY4-3];ENSMUST00000210250.2 [Q8BGY4-2];
Q8BGZ1	Q8BGZ1;		ENSMUST00000059667.9;ENSMUST00000106246.8;
Q8BGZ6			ENSMUST00000239113.2;
Q8BGZ8	Q8BGZ8;		ENSMUST00000036412.4;ENSMUST00000143914.8;
Q8BH01	Q8BH01;		ENSMUST00000045229.7 [Q8BH01-1];
Q8BH02	Q8BH02;		ENSMUST00000081869.7;
Q8BH10	Q8BH10;		ENSMUST00000041048.6;
Q8BH18	Q8BH18;		ENSMUST00000080141.6;
Q8BH24	Q8BH24;		ENSMUST00000089027.3;
Q8BH26	Q8BH26;		ENSMUST00000057416.8;
Q8BH27	Q8BH27;		ENSMUST00000107359.9;
Q8BH34	Q8BH34;		ENSMUST00000030868.11;
Q8BH47	Q8BH47;		ENSMUST00000043521.5;
Q8BH58	Q8BH58;	5W0W;5W0X;	ENSMUST00000043235.8;
Q8BH65	Q8BH65;		ENSMUST00000037585.9 [Q8BH65-1];ENSMUST00000203874.3 [Q8BH65-2];ENSMUST00000224111.2 [Q8BH65-3];ENSMUST00000224248.2 [Q8BH65-3];
Q8BH70	Q8BH70;		ENSMUST00000039234.10;
Q8BH80			ENSMUST00000067530.6;
Q8BH83	Q8BH83;		ENSMUST00000043459.13;ENSMUST00000128353.8;ENSMUST00000135131.2;ENSMUST00000140788.8;ENSMUST00000148765.2;
Q8BHA1	Q8BHA1;		ENSMUST00000049956.5;
Q8BHA9	Q8BHA9;		ENSMUST00000078478.8;ENSMUST00000112951.9;ENSMUST00000119141.8;ENSMUST00000120101.8;
Q8BHB4	Q8BHB4;		ENSMUST00000052120.14;
Q8BHC9	Q8BHC9;		ENSMUST00000048016.3;
Q8BHD7	Q8BHD7;		ENSMUST00000030076.12 [Q8BHD7-1];ENSMUST00000148331.9 [Q8BHD7-2];ENSMUST00000172768.8 [Q8BHD7-2];
Q8BHD8	Q8BHD8;		ENSMUST00000029116.14;
Q8BHE1	Q8BHE1;		ENSMUST00000056410.11;ENSMUST00000087169.11;ENSMUST00000130880.9;
Q8BHE8	Q8BHE8;		ENSMUST00000027114.6;
Q8BHG3	Q8BHG3;		ENSMUST00000042975.7;
Q8BHG9	Q8BHG9;		ENSMUST00000067744.8;
Q8BHH2	Q8BHH2;		ENSMUST00000058814.7;
Q8BHL3	Q8BHL3;		ENSMUST00000120705.3;
Q8BHL7	Q8BHL7;		ENSMUST00000053872.12;ENSMUST00000107201.9;
Q8BHL8	Q8BHL8;		ENSMUST00000042452.11;ENSMUST00000109869.2;
Q8BHM9	Q8BHM9;		ENSMUST00000116553.9;
Q8BHN5	Q8BHN5;		ENSMUST00000046389.5;
Q8BHN7	Q8BHN7;		ENSMUST00000054471.10 [Q8BHN7-1];
Q8BHP2	Q8BHP2;		ENSMUST00000043970.2;
Q8BHR2	Q8BHR2;		ENSMUST00000022589.9 [Q8BHR2-1];ENSMUST00000227662.2 [Q8BHR2-2];
Q8BHR8	Q8BHR8;		ENSMUST00000064652.14 [Q8BHR8-2];ENSMUST00000102594.11 [Q8BHR8-1];
Q8BHT7	Q8BHT7;		ENSMUST00000030190.9;ENSMUST00000107886.9;
Q8BHX1	Q8BHX1;		ENSMUST00000048192.9;
Q8BI08	Q8BI08;		ENSMUST00000025356.4;
Q8BI21	Q8BI21;		ENSMUST00000098098.9;
Q8BI66	Q8BI66;		ENSMUST00000055604.6 [Q8BI66-1];
Q8BI67	Q8BI67;		ENSMUST00000060270.13;ENSMUST00000120074.8;
Q8BI69	Q8BI69;		ENSMUST00000062428.5;
Q8BI99	Q8BI99;		ENSMUST00000049625.2;ENSMUST00000109134.8;
Q8BIB9			ENSMUST00000161075.8;
Q8BIF9	Q8BIF9;		ENSMUST00000094870.3;
Q8BIG4	Q8BIG4;		ENSMUST00000051431.10;
Q8BIG7	Q8BIG7;		ENSMUST00000124549.9;
Q8BIJ6	Q8BIJ6;		ENSMUST00000027921.11;
Q8BIQ3	Q8BIQ3;		ENSMUST00000077422.12;ENSMUST00000110366.8;ENSMUST00000110368.9;ENSMUST00000164551.2;
Q8BIQ8	Q8BIQ8;		ENSMUST00000050668.4;
Q8BIT2	Q8BIT2;		
Q8BIV3	Q8BIV3;		ENSMUST00000099525.5;
Q8BIV7	Q8BIV7;		ENSMUST00000037827.10;
Q8BIX3	Q8BIX3;		ENSMUST00000028536.13 [Q8BIX3-1];ENSMUST00000093883.4 [Q8BIX3-1];
Q8BIY1	Q8BIY1;		ENSMUST00000030662.3;
Q8BIZ0	Q8BIZ0;		ENSMUST00000061628.7;ENSMUST00000192557.2;
Q8BIZ8			ENSMUST00000216595.2;
Q8BJ40	Q8BJ40;		
Q8BJ51	Q8BJ51;		ENSMUST00000021173.14 [Q8BJ51-1];ENSMUST00000153084.3 [Q8BJ51-2];
Q8BJ83	Q8BJ83;		ENSMUST00000032726.14 [Q8BJ83-2];ENSMUST00000065574.9 [Q8BJ83-1];ENSMUST00000107495.5 [Q8BJ83-1];
Q8BJ90	Q8BJ90;		ENSMUST00000052509.6;
Q8BJ93	Q8BJ93;		
Q8BJD1	Q8BJD1;		ENSMUST00000026886.8;
Q8BJE2	Q8BJE2;		ENSMUST00000046522.13 [Q8BJE2-1];ENSMUST00000066531.13 [Q8BJE2-2];
Q8BJH1	Q8BJH1;		ENSMUST00000051064.9 [Q8BJH1-1];ENSMUST00000193010.2 [Q8BJH1-2];
Q8BJI4	Q8BJI4;		
Q8BJR6	Q8BJR6;		ENSMUST00000059482.6;
Q8BJS7	Q8BJS7;		ENSMUST00000053078.5;
Q8BJU9	Q8BJU9;		ENSMUST00000019908.9;
Q8BJX5	Q8BJX5;		
Q8BJY1	Q8BJY1;		ENSMUST00000028225.12;
Q8BJZ4	Q8BJZ4;	7PNT;7PNU;7PNV;7PNW;	
Q8BK00	Q8BK00;		
Q8BK20	Q8BK20;		
Q8BK26	Q8BK26;		
Q8BKC4	Q8BKC4;		
Q8BKK4	Q8BKK4;		ENSMUST00000040863.11 [Q8BKK4-2];ENSMUST00000090760.9 [Q8BKK4-1];ENSMUST00000111780.3 [Q8BKK4-3];
Q8BKK5	Q8BKK5;		ENSMUST00000053392.11;
Q8BKN5	Q8BKN5;		ENSMUST00000032627.5 [Q8BKN5-1];ENSMUST00000205796.2 [Q8BKN5-2];
Q8BKQ1	Q8BKQ1;		
Q8BKS9	Q8BKS9;		ENSMUST00000076219.7;ENSMUST00000236702.3;
Q8BKU8	Q8BKU8;		ENSMUST00000110325.8 [Q8BKU8-1];
Q8BKV0	Q8BKV0;		ENSMUST00000093480.6 [Q8BKV0-1];ENSMUST00000117377.8 [Q8BKV0-2];ENSMUST00000118003.8 [Q8BKV0-1];ENSMUST00000119068.8 [Q8BKV0-1];
Q8BKY0	Q8BKY0;		
Q8BKY8	Q8BKY8;		ENSMUST00000050813.4;
Q8BL00	Q8BL00;		ENSMUST00000095774.3;
Q8BL07	Q8BL07;		ENSMUST00000056130.8;
Q8BL63			ENSMUST00000045029.15;
Q8BL74	Q8BL74;		ENSMUST00000088010.12;
Q8BL99	Q8BL99;		
Q8BLA1	Q8BLA1;		
Q8BLB0	Q8BLB0;		ENSMUST00000060444.6;
Q8BLF7	Q8BLF7;		
Q8BLI0	Q8BLI0;		ENSMUST00000141889.8 [Q8BLI0-1];
Q8BLK3	Q8BLK3;		ENSMUST00000078873.11;
Q8BLM0	Q8BLM0;		ENSMUST00000039545.5;ENSMUST00000112574.9;
Q8BLN7	Q8BLN7;		
Q8BLR2	Q8BLR2;		ENSMUST00000057742.15;
Q8BLR5	Q8BLR5;		ENSMUST00000056641.15;ENSMUST00000102942.8;ENSMUST00000166388.2;
Q8BLS4	Q8BLS4;		
Q8BLT0	Q8BLT0;		
Q8BLT8	Q8BLT8;		
Q8BLU9	Q8BLU9;		
Q8BM14	Q8BM14;		ENSMUST00000054260.8 [Q8BM14-2];ENSMUST00000225505.2 [Q8BM14-1];
Q8BM39	Q8BM39;		ENSMUST00000035721.14 [Q8BM39-1];ENSMUST00000152362.7 [Q8BM39-1];
Q8BM48	Q8BM48;		
Q8BM55	Q8BM55;		ENSMUST00000201203.4 [Q8BM55-1];
Q8BM72	Q8BM72;		ENSMUST00000046283.16 [Q8BM72-1];
Q8BM81	Q8BM81;		ENSMUST00000030328.3;
Q8BM83	Q8BM83;		
Q8BM85	Q8BM85;		ENSMUST00000169172.5 [Q8BM85-1];
Q8BM88	Q8BM88;		ENSMUST00000029649.3;
Q8BM89	Q8BM89;		ENSMUST00000093976.4;
Q8BM92	Q8BM92;	6CGS;	ENSMUST00000027542.13;ENSMUST00000112701.8;ENSMUST00000172005.8;
Q8BMC0	Q8BMC0;		ENSMUST00000044405.8;
Q8BMC5	Q8BMC5;		
Q8BMD7	Q8BMD7;		ENSMUST00000033811.14 [Q8BMD7-2];ENSMUST00000087401.12 [Q8BMD7-1];
Q8BME1	Q8BME1;		
Q8BMJ3	Q8BMJ3;		ENSMUST00000087143.7;
Q8BMJ8	Q8BMJ8;		ENSMUST00000063918.4;
Q8BMN4	Q8BMN4;		ENSMUST00000023497.3;
Q8BMP0			ENSMUST00000177338.2;
Q8BMQ8	Q8BMQ8;		ENSMUST00000035777.10;ENSMUST00000179926.9;
Q8BMS7			ENSMUST00000163879.9;
Q8BMU0	Q8BMU0;		ENSMUST00000002318.8 [Q8BMU0-1];ENSMUST00000073534.10 [Q8BMU0-1];ENSMUST00000233613.2 [Q8BMU0-1];
Q8BMX5	Q8BMX5;		
Q8BMZ3	Q8BMZ3;		
Q8BN07	Q8BN07;		
Q8BN58	Q8BN58;		ENSMUST00000024840.12 [Q8BN58-1];ENSMUST00000163865.8 [Q8BN58-2];
Q8BN80	Q8BN80;		
Q8BN81	Q8BN81;		
Q8BNB2	Q8BNB2;		
Q8BND1	Q8BND1;		
Q8BNE1	Q8BNE1;		ENSMUST00000045054.11 [Q8BNE1-2];ENSMUST00000045140.5 [Q8BNE1-2];ENSMUST00000121083.8 [Q8BNE1-2];
Q8BNF7	Q8BNF7;		
Q8BNK4	Q8BNK4;		
Q8BNL5	Q8BNL5;		ENSMUST00000022272.14;ENSMUST00000170111.3;
Q8BNM0	Q8BNM0;		
Q8BNM6			
Q8BNP8	Q8BNP8;		
Q8BNP9	Q8BNP9;		
Q8BNS6	Q8BNS6;		
Q8BNS7	Q8BNS7;		
Q8BNU9	Q8BNU9;		
Q8BP31	Q8BP31;		ENSMUST00000217278.2;
Q8BP56	Q8BP56;		ENSMUST00000079403.11 [Q8BP56-1];ENSMUST00000164580.3 [Q8BP56-3];
Q8BP86	Q8BP86;		ENSMUST00000035427.11 [Q8BP86-2];
Q8BP92	Q8BP92;		ENSMUST00000114276.3;
Q8BPB0	Q8BPB0;	5B5V;5B5W;5B6B;	ENSMUST00000006424.8;
Q8BPC6	Q8BPC6;		ENSMUST00000119710.3;
Q8BPC7	Q8BPC7;		
Q8BPF1	Q8BPF1;		
Q8BPJ7	Q8BPJ7;		
Q8BPS3	Q8BPS3;		
Q8BPS5	Q8BPS5;		
Q8BQ02			
Q8BQ10			ENSMUST00000105510.2;
Q8BQ30	Q8BQ30;		ENSMUST00000113814.11 [Q8BQ30-1];ENSMUST00000122899.8 [Q8BQ30-1];ENSMUST00000127442.8 [Q8BQ30-2];ENSMUST00000144382.8 [Q8BQ30-1];ENSMUST00000187690.7 [Q8BQ30-1];
Q8BQ33	Q8BQ33;		ENSMUST00000035977.9;
Q8BQ46			ENSMUST00000021018.11;
Q8BQ67	Q8BQ67;		
Q8BQC3	Q8BQC3;		ENSMUST00000034961.6 [Q8BQC3-2];ENSMUST00000217371.2 [Q8BQC3-1];
Q8BQC8	Q8BQC8;		ENSMUST00000049861.11;ENSMUST00000165318.4;
Q8BQH6	Q8BQH6;		ENSMUST00000062495.3 [Q8BQH6-1];ENSMUST00000221740.2 [Q8BQH6-2];
Q8BQL3	Q8BQL3;		
Q8BQM4	Q8BQM4;		ENSMUST00000034079.14;
Q8BQM9	Q8BQM9;		ENSMUST00000029393.15 [Q8BQM9-3];ENSMUST00000040325.14 [Q8BQM9-1];ENSMUST00000040846.15 [Q8BQM9-3];ENSMUST00000164225.6 [Q8BQM9-2];
Q8BQN6	Q8BQN6;		ENSMUST00000062181.9;
Q8BQR7	Q8BQR7;		ENSMUST00000088137.3;ENSMUST00000113955.2;
Q8BQT1			ENSMUST00000105144.2;
Q8BQT2	Q8BQT2;		ENSMUST00000052501.8 [Q8BQT2-2];ENSMUST00000161429.3 [Q8BQT2-1];ENSMUST00000235504.2 [Q8BQT2-2];
Q8BQU7	Q8BQU7;		ENSMUST00000067469.6;
Q8BQZ8	Q8BQZ8;		ENSMUST00000055673.2;ENSMUST00000164495.9;ENSMUST00000217974.2;
Q8BR26	Q8BR26;		ENSMUST00000059223.15 [Q8BR26-3];ENSMUST00000084412.6 [Q8BR26-2];ENSMUST00000105988.2 [Q8BR26-1];
Q8BR27	Q8BR27;		ENSMUST00000036462.12;ENSMUST00000107956.8;ENSMUST00000107957.8;ENSMUST00000107958.8;ENSMUST00000107959.8;
Q8BR49	Q8BR49;		
Q8BR90	Q8BR90;		ENSMUST00000046633.10 [Q8BR90-1];
Q8BR93	Q8BR93;		ENSMUST00000090608.6 [Q8BR93-1];ENSMUST00000111322.2 [Q8BR93-2];ENSMUST00000142692.2 [Q8BR93-3];
Q8BRD3	Q8BRD3;		
Q8BRG8	Q8BRG8;		ENSMUST00000064330.13 [Q8BRG8-3];ENSMUST00000115157.8 [Q8BRG8-2];ENSMUST00000115160.10 [Q8BRG8-1];ENSMUST00000138823.8 [Q8BRG8-1];
Q8BRH3	Q8BRH3;		ENSMUST00000026150.15 [Q8BRH3-1];ENSMUST00000177495.2 [Q8BRH3-2];
Q8BRJ3	Q8BRJ3;		ENSMUST00000070709.9;ENSMUST00000176104.8;ENSMUST00000177058.8;
Q8BRV4	Q8BRV4;		
Q8BRX2	Q8BRX2;		
Q8BS03	Q8BS03;		ENSMUST00000088476.5;
Q8BS39	Q8BS39;		ENSMUST00000110833.2 [Q8BS39-2];ENSMUST00000110834.8 [Q8BS39-2];
Q8BS72			ENSMUST00000162273.2;
Q8BS90	Q8BS90;		ENSMUST00000022656.8 [Q8BS90-1];ENSMUST00000227744.2 [Q8BS90-2];
Q8BSA9	Q8BSA9;		ENSMUST00000052774.8;
Q8BSD4	Q8BSD4;		ENSMUST00000041007.4;
Q8BSE9	Q8BSE9;		
Q8BSF9	Q8BSF9;		
Q8BSH0	Q8BSH0;		
Q8BSI9	Q8BSI9;		
Q8BSJ2	Q8BSJ2;		
Q8BSJ3	Q8BSJ3;		
Q8BSL4	Q8BSL4;		ENSMUST00000058738.11;ENSMUST00000167191.8;ENSMUST00000168572.8;
Q8BSL7	Q8BSL7;	1J2J;	ENSMUST00000057921.10;ENSMUST00000063347.12;
Q8BSM5	Q8BSM5;		ENSMUST00000037374.11;
Q8BSN9	Q8BSN9;		ENSMUST00000051784.10 [Q8BSN9-1];ENSMUST00000223319.2 [Q8BSN9-2];
Q8BSP6	Q8BSP6;		
Q8BSR7	Q8BSR7;		
Q8BSX3	Q8BSX3;		
Q8BT06	Q8BT06;		
Q8BT20	Q8BT20;		ENSMUST00000068473.4;
Q8BT51	Q8BT51;		ENSMUST00000054310.4;ENSMUST00000120454.3;
Q8BTD1	Q8BTD1;		
Q8BTG6	Q8BTG6;		ENSMUST00000049138.8;
Q8BTH6	Q8BTH6;		ENSMUST00000064061.4;
Q8BTP3	Q8BTP3;		
Q8BTS3			ENSMUST00000031238.13;ENSMUST00000100961.5;
Q8BTU7	Q8BTU7;		ENSMUST00000047362.11 [Q8BTU7-1];ENSMUST00000121882.8 [Q8BTU7-1];
Q8BTW2	Q8BTW2;		
Q8BTW7	Q8BTW7;		
Q8BTX5	Q8BTX5;		
Q8BTY8	Q8BTY8;		ENSMUST00000072857.13 [Q8BTY8-1];ENSMUST00000075848.13 [Q8BTY8-3];ENSMUST00000113542.9 [Q8BTY8-2];ENSMUST00000151474.3 [Q8BTY8-3];
Q8BU04	Q8BU04;		ENSMUST00000046404.8;
Q8BU14	Q8BU14;		ENSMUST00000029256.9;
Q8BU22	Q8BU22;		
Q8BU25	Q8BU25;		ENSMUST00000028612.8;
Q8BU29	Q8BU29;		
Q8BU41	Q8BU41;		
Q8BUA2	Q8BUA2;		
Q8BUB6	Q8BUB6;		ENSMUST00000061601.9;
Q8BUL5	Q8BUL5;		ENSMUST00000030841.10;
Q8BUM9	Q8BUM9;		ENSMUST00000021288.10 [Q8BUM9-1];
Q8BUR9	Q8BUR9;		ENSMUST00000042662.10;
Q8BUY5	Q8BUY5;		ENSMUST00000002925.6;
Q8BUY8	Q8BUY8;		ENSMUST00000113136.8;ENSMUST00000173804.8;
Q8BUY9	Q8BUY9;		ENSMUST00000236216.2;
Q8BV30	Q8BV30;		
Q8BV42	Q8BV42;		ENSMUST00000058844.6;
Q8BV49	Q8BV49;		ENSMUST00000056071.13;
Q8BV64	Q8BV64;		
Q8BVB5	Q8BVB5;		ENSMUST00000067990.8;ENSMUST00000111203.2;
Q8BVC1	Q8BVC1;		ENSMUST00000028966.3;
Q8BVC4	Q8BVC4;		ENSMUST00000043929.11 [Q8BVC4-1];ENSMUST00000080050.6 [Q8BVC4-2];
Q8BVE3	Q8BVE3;	9BRA;9BRQ;9BRR;9BRS;9BRT;9BRU;	ENSMUST00000044369.13;
Q8BVF5	Q8BVF5;		
Q8BVF6	Q8BVF6;		
Q8BVF9	Q8BVF9;		ENSMUST00000060918.11;ENSMUST00000120630.3;
Q8BVG8	Q8BVG8;		ENSMUST00000047309.6;ENSMUST00000207687.2;
Q8BVI4	Q8BVI4;		ENSMUST00000015950.12;
Q8BVI9	Q8BVI9;		
Q8BVM1	Q8BVM1;		
Q8BVM2	Q8BVM2;		ENSMUST00000058725.5;
Q8BVQ9			ENSMUST00000030769;ENSMUST00000239497.2;
Q8BVR6	Q8BVR6;		ENSMUST00000060389.10 [Q8BVR6-1];ENSMUST00000121101.2 [Q8BVR6-2];ENSMUST00000211983.2 [Q8BVR6-1];ENSMUST00000212729.2 [Q8BVR6-3];
Q8BVU0	Q8BVU0;		ENSMUST00000023491.13;
Q8BVW0	Q8BVW0;		
Q8BVY0	Q8BVY0;		ENSMUST00000119953.2;
Q8BW00	Q8BW00;		ENSMUST00000066352.6;
Q8BW11	Q8BW11;		ENSMUST00000063523.5;
Q8BW12	Q8BW12;		
Q8BW56	Q8BW56;		ENSMUST00000100127.9 [Q8BW56-3];ENSMUST00000112810.8 [Q8BW56-1];
Q8BW74	Q8BW74;		ENSMUST00000004051.8;
Q8BW84			ENSMUST00000107674.2;
Q8BWA8	Q8BWA8;		ENSMUST00000006618.9;
Q8BWJ3	Q8BWJ3;		ENSMUST00000033652.9;ENSMUST00000112377.8;
Q8BWL5	Q8BWL5;		ENSMUST00000044901.14 [Q8BWL5-4];ENSMUST00000068962.14 [Q8BWL5-3];ENSMUST00000111772.10 [Q8BWL5-2];ENSMUST00000111773.10 [Q8BWL5-1];ENSMUST00000164018.9 [Q8BWL5-5];ENSMUST00000174868.8 [Q8BWL5-6];
Q8BWQ1	Q8BWQ1;		ENSMUST00000031195.3;
Q8BWQ4	Q8BWQ4;		ENSMUST00000056972.6;
Q8BWQ6	Q8BWQ6;		ENSMUST00000033280.14 [Q8BWQ6-3];ENSMUST00000059390.13 [Q8BWQ6-1];
Q8BWR4	Q8BWR4;		ENSMUST00000040783.11 [Q8BWR4-2];ENSMUST00000187758.7 [Q8BWR4-1];
Q8BWR8	Q8BWR8;	1VAE;	ENSMUST00000032705.13;
Q8BWS6	Q8BWS6;		
Q8BWW3			ENSMUST00000072585.8;
Q8BWW4	Q8BWW4;		
Q8BWY4	Q8BWY4;		ENSMUST00000057773.5;
Q8BWZ3	Q8BWZ3;		ENSMUST00000042163.15 [Q8BWZ3-1];
Q8BX08	Q8BX08;		
Q8BX16	Q8BX16;		
Q8BX35	Q8BX35;		ENSMUST00000037353.10;ENSMUST00000113832.2;
Q8BX37	Q8BX37;		ENSMUST00000159560.3;ENSMUST00000239470.2;
Q8BX80	Q8BX80;		ENSMUST00000043447.10 [Q8BX80-2];ENSMUST00000135383.9 [Q8BX80-1];ENSMUST00000172279.8 [Q8BX80-2];
Q8BXA5	Q8BXA5;		ENSMUST00000022102.9;
Q8BXF8	Q8BXF8;		ENSMUST00000047630.7;
Q8BXJ8	Q8BXJ8;		ENSMUST00000090766.12 [Q8BXJ8-1];ENSMUST00000111830.9 [Q8BXJ8-2];ENSMUST00000111831.8 [Q8BXJ8-1];
Q8BXK4	Q8BXK4;		ENSMUST00000045235.8;
Q8BXQ3	Q8BXQ3;		ENSMUST00000055662.4;
Q8BXS7	Q8BXS7;		ENSMUST00000096338.5;
Q8BXT1	Q8BXT1;		ENSMUST00000041776.12;ENSMUST00000111810.2;ENSMUST00000111812.8;
Q8BXT7	Q8BXT7;		
Q8BXT9	Q8BXT9;		ENSMUST00000078547.12;ENSMUST00000111560.10;
Q8BXX3			ENSMUST00000162642.8;
Q8BXX7	Q8BXX7;		
Q8BY02	Q8BY02;		ENSMUST00000057093.8;
Q8BY05			ENSMUST00000102863.3;
Q8BY46	Q8BY46;		ENSMUST00000053410.11;ENSMUST00000179556.2;
Q8BY70	Q8BY70;		
Q8BY78			ENSMUST00000092665.12;
Q8BY79	Q8BY79;		ENSMUST00000054098.4;
Q8BYC8	Q8BYC8;		
Q8BYH3	Q8BYH3;		ENSMUST00000041524.11;
Q8BYH7	Q8BYH7;		ENSMUST00000047085.16;
Q8BYI8	Q8BYI8;		ENSMUST00000111915.8 [Q8BYI8-1];ENSMUST00000111916.2 [Q8BYI8-2];
Q8BYK5	Q8BYK5;		ENSMUST00000103065.2 [Q8BYK5-4];ENSMUST00000103066.10 [Q8BYK5-1];ENSMUST00000108915.8 [Q8BYK5-2];ENSMUST00000108916.8 [Q8BYK5-3];
Q8BYK8	Q8BYK8;		ENSMUST00000110319.3 [Q8BYK8-2];
Q8BYL4	Q8BYL4;		ENSMUST00000059955.15;
Q8BYN5	Q8BYN5;		ENSMUST00000132151.8 [Q8BYN5-2];
Q8BYP3	Q8BYP3;		ENSMUST00000031401.6;ENSMUST00000160479.8;ENSMUST00000186469.7;
Q8BYW1	Q8BYW1;		ENSMUST00000071024.7 [Q8BYW1-2];ENSMUST00000101197.9 [Q8BYW1-3];ENSMUST00000113637.9 [Q8BYW1-1];
Q8BYZ2	Q8BYZ2;		
Q8BYZ7	Q8BYZ7;		ENSMUST00000109375.4 [Q8BYZ7-1];
Q8BZ05	Q8BZ05;		
Q8BZ09	Q8BZ09;		ENSMUST00000044634.12;
Q8BZ10	Q8BZ10;		ENSMUST00000134179.8;
Q8BZ33	Q8BZ33;		ENSMUST00000017751.3;
Q8BZ34	Q8BZ34;		ENSMUST00000023722.12 [Q8BZ34-2];ENSMUST00000169721.3 [Q8BZ34-1];
Q8BZ52	Q8BZ52;		ENSMUST00000042318.6;
Q8BZ65	Q8BZ65;		
Q8BZA7	Q8BZA7;		ENSMUST00000045840.5;
Q8BZB2	Q8BZB2;		ENSMUST00000085709.6;
Q8BZD0	Q8BZD0;		
Q8BZE0	Q8BZE0;		
Q8BZI0	Q8BZI0;		ENSMUST00000120472.2 [Q8BZI0-1];
Q8BZK4	Q8BZK4;		ENSMUST00000074368.11 [Q8BZK4-1];ENSMUST00000123534.2 [Q8BZK4-3];ENSMUST00000138884.8 [Q8BZK4-2];
Q8BZL4	Q8BZL4;		ENSMUST00000057783.6;ENSMUST00000176710.2;
Q8BZN2	Q8BZN2;		ENSMUST00000022967.7;
Q8BZR0	Q8BZR0;		ENSMUST00000053659.2;
Q8BZW4	Q8BZW4;		ENSMUST00000089207.13 [Q8BZW4-1];
Q8BZW8	Q8BZW8;		ENSMUST00000071423.7;
Q8BZX4	Q8BZX4;		ENSMUST00000074616.7 [Q8BZX4-2];ENSMUST00000210489.2 [Q8BZX4-1];
Q8C008	Q8C008;		ENSMUST00000081982.12;
Q8C009	Q8C009;		
Q8C027	Q8C027;		
Q8C048			ENSMUST00000033744.12;
Q8C0B6	Q8C0B6;		
Q8C0C4	Q8C0C4;		ENSMUST00000045522.13 [Q8C0C4-1];ENSMUST00000126214.8 [Q8C0C4-1];
Q8C0C7	Q8C0C7;		ENSMUST00000003906.13;
Q8C0D4	Q8C0D4;	6GVC;	ENSMUST00000182559.8;
Q8C0D5	Q8C0D5;		ENSMUST00000039881.4;ENSMUST00000179489.8;
Q8C0D9	Q8C0D9;		ENSMUST00000050611.14 [Q8C0D9-1];ENSMUST00000109596.8 [Q8C0D9-2];
Q8C0E7	Q8C0E7;		
Q8C0F9	Q8C0F9;		ENSMUST00000036426.13;
Q8C0H1	Q8C0H1;		
Q8C0I4	Q8C0I4;		ENSMUST00000092123.11;
Q8C0K5	Q8C0K5;		ENSMUST00000044977.10 [Q8C0K5-1];
Q8C0L0	Q8C0L0;		ENSMUST00000038228.11;
Q8C0L8	Q8C0L8;		ENSMUST00000036862.5;
Q8C0Q9	Q8C0Q9;		ENSMUST00000109691.4 [Q8C0Q9-1];ENSMUST00000222105.2 [Q8C0Q9-2];ENSMUST00000222185.2 [Q8C0Q9-3];
Q8C0T1	Q8C0T1;		ENSMUST00000104962.2;
Q8C0V9	Q8C0V9;		ENSMUST00000057859.9 [Q8C0V9-1];
Q8C0W0			ENSMUST00000127404.8;
Q8C0X4	Q8C0X4;		
Q8C0X6			ENSMUST00000061155.12;
Q8C0Z1	Q8C0Z1;		ENSMUST00000114988.8;ENSMUST00000118487.8;ENSMUST00000234175.2;ENSMUST00000234262.2;ENSMUST00000234554.2;ENSMUST00000234687.2;
Q8C141	Q8C141;		
Q8C152	Q8C152;		ENSMUST00000051676.7;
Q8C160	Q8C160;		ENSMUST00000047098.7;
Q8C163	Q8C163;		ENSMUST00000035094.14;
Q8C166	Q8C166;		ENSMUST00000109607.10;ENSMUST00000109608.9;
Q8C176	Q8C176;		
Q8C178			ENSMUST00000068563.12;
Q8C1A8	Q8C1A8;		
Q8C1C1	Q8C1C1;		
Q8C1F7	Q8C1F7;		
Q8C1I6	Q8C1I6;		ENSMUST00000179707.3;
Q8C1L3	Q8C1L3;		
Q8C1P2	Q8C1P2;		ENSMUST00000076754.3;
Q8C1W2	Q8C1W2;		
Q8C1W4	Q8C1W4;		
Q8C1Y6	Q8C1Y6;		
Q8C209	Q8C209;		
Q8C230	Q8C230;		
Q8C295	Q8C295;		
Q8C2A2	Q8C2A2;		ENSMUST00000021134.10 [Q8C2A2-1];ENSMUST00000106481.9 [Q8C2A2-2];
Q8C2A3	Q8C2A3;		
Q8C2D1	Q8C2D1;		
Q8C2E4	Q8C2E4;		ENSMUST00000031628.10;
Q8C2E6	Q8C2E6;		
Q8C2G0	Q8C2G0;		
Q8C2H7			ENSMUST00000113001.9;
Q8C2H9	Q8C2H9;		
Q8C2I9	Q8C2I9;		
Q8C2J1	Q8C2J1;		
Q8C2K4			ENSMUST00000071457.12;
Q8C2L6	Q8C2L6;		ENSMUST00000057495.10;
Q8C2R7	Q8C2R7;		ENSMUST00000052455.4;
Q8C2T4	Q8C2T4;		
Q8C2U3	Q8C2U3;		
Q8C2X2	Q8C2X2;		
Q8C309			ENSMUST00000193747.2;
Q8C338	Q8C338;		
Q8C398	Q8C398;		ENSMUST00000067058.3;ENSMUST00000108080.3;
Q8C3B8	Q8C3B8;		ENSMUST00000064230.16 [Q8C3B8-1];
Q8C3J3	Q8C3J3;		
Q8C3L1	Q8C3L1;		ENSMUST00000060847.6;
Q8C3S2	Q8C3S2;		ENSMUST00000048359.5 [Q8C3S2-1];
Q8C3T7	Q8C3T7;		
Q8C3X8	Q8C3X8;		ENSMUST00000023283.6;
Q8C3Y4	Q8C3Y4;		ENSMUST00000031366.12;
Q8C407	Q8C407;		ENSMUST00000024873.7 [Q8C407-1];
Q8C411	Q8C411;		
Q8C413			ENSMUST00000023578.14;
Q8C432	Q8C432;		ENSMUST00000059986.3;
Q8C476	Q8C476;		
Q8C4A5	Q8C4A5;		ENSMUST00000120223.8 [Q8C4A5-2];
Q8C4B4	Q8C4B4;		ENSMUST00000060798.6 [Q8C4B4-1];
Q8C4G9	Q8C4G9;		ENSMUST00000026548.14;
Q8C4J7	Q8C4J7;		ENSMUST00000126319.8;
Q8C4P9	Q8C4P9;		
Q8C4Z6	Q8C4Z6;		
Q8C522	Q8C522;		ENSMUST00000167549.2;
Q8C526	Q8C526;		
Q8C547	Q8C547;		ENSMUST00000097281.4 [Q8C547-1];
Q8C561	Q8C561;		ENSMUST00000090380.6 [Q8C561-2];ENSMUST00000227556.3 [Q8C561-1];
Q8C571	Q8C571;		
Q8C5C0	Q8C5C0;		
Q8C5D4	Q8C5D4;		
Q8C5F4	Q8C5F4;		
Q8C5F9	Q8C5F9;		
Q8C5K0	Q8C5K0;		
Q8C5L1	Q8C5L1;		
Q8C5L7	Q8C5L7;		ENSMUST00000045994.8;
Q8C5M2	Q8C5M2;		
Q8C5P3	Q8C5P3;		
Q8C5P5	Q8C5P5;		ENSMUST00000047885.14 [Q8C5P5-1];ENSMUST00000105512.8 [Q8C5P5-2];
Q8C5Q4	Q8C5Q4;		ENSMUST00000078945.12;
Q8C5R8			ENSMUST00000134550.3;
Q8C5T4	Q8C5T4;		ENSMUST00000031437.14 [Q8C5T4-1];ENSMUST00000045843.15 [Q8C5T4-2];ENSMUST00000132775.8 [Q8C5T4-2];
Q8C5T8	Q8C5T8;		ENSMUST00000041569.5;
Q8C5U8	Q8C5U8;		
Q8C5V0	Q8C5V0;		ENSMUST00000103076.2;
Q8C5X6	Q8C5X6;		
Q8C605			ENSMUST00000021614.14;
Q8C6D4	Q8C6D4;		ENSMUST00000030274.7 [Q8C6D4-1];
Q8C6E0	Q8C6E0;	4ZI2;4ZI3;	ENSMUST00000020754.10;
Q8C6E3	Q8C6E3;		
Q8C6G3			ENSMUST00000080126.4;
Q8C6G8	Q8C6G8;		ENSMUST00000162819.9;
Q8C6H6	Q8C6H6;		
Q8C729	Q8C729;		ENSMUST00000038372.14 [Q8C729-1];ENSMUST00000097724.10 [Q8C729-2];ENSMUST00000161600.8 [Q8C729-1];
Q8C735	Q8C735;		ENSMUST00000192561.6 [Q8C735-1];
Q8C751	Q8C751;		
Q8C769	Q8C769;		
Q8C774	Q8C774;		
Q8C788			ENSMUST00000109241.5;
Q8C7A7	Q8C7A7;		
Q8C7B6	Q8C7B6;		ENSMUST00000056890.10;
Q8C7C4	Q8C7C4;		
Q8C7H1	Q8C7H1;		ENSMUST00000048718.4;
Q8C7K6	Q8C7K6;		ENSMUST00000025472.7;
Q8C7N0			ENSMUST00000109290.2;
Q8C7U1	Q8C7U1;		ENSMUST00000001080.16;
Q8C7V3	Q8C7V3;		ENSMUST00000040972.4;
Q8C7W8	Q8C7W8;		
Q8C804	Q8C804;		ENSMUST00000050897.7;
Q8C818	Q8C818;		
Q8C850	Q8C850;		ENSMUST00000042046.5;
Q8C872			ENSMUST00000120680.2;
Q8C8J1	Q8C8J1;		
Q8C8K3	Q8C8K3;		ENSMUST00000067864.8;
Q8C8Q4			ENSMUST00000133637.8;
Q8C8T5	Q8C8T5;		
Q8C909	Q8C909;		
Q8C952	Q8C952;		
Q8C9C2	Q8C9C2;		
Q8C9D0			ENSMUST00000080664.14;
Q8C9D4			ENSMUST00000112847.9;ENSMUST00000170792.9;
Q8C9H6	Q8C9H6;		ENSMUST00000046028.12 [Q8C9H6-1];ENSMUST00000151738.4 [Q8C9H6-3];
Q8C9K1			ENSMUST00000130190.8;
Q8C9M2	Q8C9M2;		ENSMUST00000037275.6 [Q8C9M2-2];ENSMUST00000213633.2 [Q8C9M2-1];ENSMUST00000216042.2 [Q8C9M2-4];ENSMUST00000217238.3 [Q8C9M2-4];ENSMUST00000239439.2 [Q8C9M2-1];
Q8C9S4	Q8C9S4;		ENSMUST00000076085.4;ENSMUST00000118592.8;
Q8C9X1	Q8C9X1;		ENSMUST00000061045.3;
Q8C9Z9	Q8C9Z9;		
Q8CA25			ENSMUST00000066121.13;ENSMUST00000167611.8;ENSMUST00000186022.7;
Q8CA82	Q8CA82;		
Q8CA99	Q8CA99;		
Q8CAA7	Q8CAA7;		ENSMUST00000054436.9;ENSMUST00000084935.11;
Q8CAC4	Q8CAC4;		
Q8CAC8	Q8CAC8;		ENSMUST00000055725.12;
Q8CAD1			ENSMUST00000120356.8;ENSMUST00000122312.8;
Q8CAH7			ENSMUST00000222464.2;
Q8CAH8			ENSMUST00000161490.8;
Q8CAL5	Q8CAL5;		ENSMUST00000022707.7;
Q8CAV6	Q8CAV6;		
Q8CB12	Q8CB12;		ENSMUST00000089894.6;ENSMUST00000185526.7;ENSMUST00000190682.7;
Q8CB14	Q8CB14;		ENSMUST00000067556.4 [Q8CB14-1];ENSMUST00000212683.2 [Q8CB14-4];
Q8CB16	Q8CB16;		
Q8CB45	Q8CB45;		
Q8CB77	Q8CB77;		ENSMUST00000030427.6;
Q8CB87	Q8CB87;		ENSMUST00000233717.2;
Q8CB96	Q8CB96;		ENSMUST00000035842.7 [Q8CB96-1];ENSMUST00000203029.3 [Q8CB96-2];
Q8CBB7			ENSMUST00000093157.13;
Q8CBC6	Q8CBC6;		ENSMUST00000043884.6;
Q8CBE6	Q8CBE6;		
Q8CBW7	Q8CBW7;		ENSMUST00000116547.3;
Q8CBY0	Q8CBY0;		ENSMUST00000139167.3;
Q8CC36	Q8CC36;		ENSMUST00000036350.3;
Q8CCA0	Q8CCA0;		ENSMUST00000063882.12;
Q8CCE5	Q8CCE5;		
Q8CCJ4	Q8CCJ4;		ENSMUST00000022561.9 [Q8CCJ4-1];ENSMUST00000225247.3 [Q8CCJ4-2];
Q8CCM6	Q8CCM6;		ENSMUST00000025547.4 [Q8CCM6-2];
Q8CCT7	Q8CCT7;		ENSMUST00000063089.12 [Q8CCT7-1];
Q8CCZ4	Q8CCZ4;		
Q8CD14	Q8CD14;		
Q8CD39	Q8CD39;		
Q8CD51	Q8CD51;		
Q8CD76			ENSMUST00000084941.12;
Q8CDC0	Q8CDC0;		ENSMUST00000027564.8 [Q8CDC0-1];
Q8CDC7	Q8CDC7;		ENSMUST00000120016.3;ENSMUST00000133257.9;ENSMUST00000237633.2;
Q8CDG4			ENSMUST00000088291.5;
Q8CDH2	Q8CDH2;		
Q8CDL9	Q8CDL9;		ENSMUST00000088653.3;
Q8CDN6	Q8CDN6;		ENSMUST00000237004.2;
Q8CDQ9	Q8CDQ9;		
Q8CDS6	Q8CDS6;		
Q8CDT5		8IYJ;	ENSMUST00000023728.8;
Q8CDU4	Q8CDU4;		ENSMUST00000051358.11 [Q8CDU4-1];
Q8CDU6	Q8CDU6;		ENSMUST00000047247.12;
Q8CDV2			ENSMUST00000166890.8;
Q8CDV6	Q8CDV6;		
Q8CE26	Q8CE26;		
Q8CE46	Q8CE46;		ENSMUST00000049151.4;
Q8CE50	Q8CE50;		ENSMUST00000030080.7;
Q8CE87	Q8CE87;		
Q8CE93	Q8CE93;		ENSMUST00000048052.7;
Q8CE94	Q8CE94;		ENSMUST00000060010.3;
Q8CE96	Q8CE96;		ENSMUST00000039554.7 [Q8CE96-1];
Q8CEC0	Q8CEC0;		ENSMUST00000035283.11 [Q8CEC0-1];ENSMUST00000108530.2 [Q8CEC0-3];ENSMUST00000108531.8 [Q8CEC0-2];
Q8CED3	Q8CED3;		
Q8CEF1	Q8CEF1;		ENSMUST00000036226.6;
Q8CEG5	Q8CEG5;		ENSMUST00000030586.15;
Q8CEI1	Q8CEI1;		ENSMUST00000136501.2;
Q8CEI8	Q8CEI8;		
Q8CEQ0	Q8CEQ0;		ENSMUST00000021377.5;
Q8CES1	Q8CES1;		ENSMUST00000051495.7;
Q8CEV2	Q8CEV2;		
Q8CF94	Q8CF94;		
Q8CFA2	Q8CFA2;		ENSMUST00000035230.7;
Q8CFD4	Q8CFD4;		ENSMUST00000031539.12;
Q8CFE2	Q8CFE2;	6M3H;	ENSMUST00000037190.15;
Q8CFI5	Q8CFI5;		ENSMUST00000058905.8;
Q8CFJ7	Q8CFJ7;		ENSMUST00000025732.14 [Q8CFJ7-1];ENSMUST00000125114.8 [Q8CFJ7-2];ENSMUST00000155697.8 [Q8CFJ7-1];
Q8CFK2	Q8CFK2;		
Q8CFK6	Q8CFK6;		ENSMUST00000011623.9 [Q8CFK6-1];
Q8CFR8	Q8CFR8;		
Q8CFS2	Q8CFS2;		
Q8CFS6	Q8CFS6;		ENSMUST00000056708.4;
Q8CFT9	Q8CFT9;		
Q8CG27	Q8CG27;		ENSMUST00000174088.3;
Q8CG65			
Q8CG85	Q8CG85;		
Q8CGA2	Q8CGA2;		
Q8CGA4	Q8CGA4;		ENSMUST00000190641.7;
Q8CGB9			ENSMUST00000131070.3;
Q8CGC6	Q8CGC6;	1X4H;	ENSMUST00000007993.16;
Q8CGD2	Q8CGD2;		ENSMUST00000095075.5;ENSMUST00000159958.8;
Q8CGE8	Q8CGE8;		ENSMUST00000059226.7;
Q8CGF5	Q8CGF5;		ENSMUST00000029777.14 [Q8CGF5-1];ENSMUST00000128909.8 [Q8CGF5-1];ENSMUST00000135818.8 [Q8CGF5-2];ENSMUST00000155309.8 [Q8CGF5-1];
Q8CGI5	Q8CGI5;		
Q8CGK6	Q8CGK6;		ENSMUST00000078364.4;
Q8CGP4		3X1T;3X1U;	ENSMUST00000072391.2;
Q8CGQ2			ENSMUST00000085319.4;
Q8CGV5			ENSMUST00000021020.13;
Q8CGV8			ENSMUST00000108137.9;
Q8CGZ0	Q8CGZ0;		
Q8CH02	Q8CH02;	1UG0;1X4O;	ENSMUST00000011450.8;
Q8CH09	Q8CH09;		ENSMUST00000093458.11;ENSMUST00000131489.8;ENSMUST00000164403.8;
Q8CH19	Q8CH19;		ENSMUST00000209382.3;
Q8CH36	Q8CH36;		
Q8CH40	Q8CH40;		
Q8CH62	Q8CH62;		ENSMUST00000033388.13;
Q8CHH5	Q8CHH5;		ENSMUST00000040624.7;ENSMUST00000233537.2;
Q8CHK2	Q8CHK2;		ENSMUST00000061923.5;
Q8CHP4	Q8CHP4;		
Q8CHQ9	Q8CHQ9;		ENSMUST00000045008.8;
Q8CHS8	Q8CHS8;		ENSMUST00000098817.4 [Q8CHS8-1];ENSMUST00000238339.2 [Q8CHS8-3];
Q8CHT3	Q8CHT3;		ENSMUST00000096249.7;
Q8CHW1	Q8CHW1;		ENSMUST00000036807.13;
Q8CHW5	Q8CHW5;		ENSMUST00000062967.10;ENSMUST00000232760.2;
Q8CHY3	Q8CHY3;		ENSMUST00000039608.9 [Q8CHY3-1];
Q8CHY7	Q8CHY7;		ENSMUST00000032774.16 [Q8CHY7-1];
Q8CI04	Q8CI04;		
Q8CI37	Q8CI37;		
Q8CI86	Q8CI86;		
Q8CI95	Q8CI95;		
Q8CIA5	Q8CIA5;		ENSMUST00000019143.9 [Q8CIA5-1];
Q8CIA7	Q8CIA7;		
Q8CIA9	Q8CIA9;		ENSMUST00000054730.10;ENSMUST00000155487.8;
Q8CIB6	Q8CIB6;		ENSMUST00000028816.9;ENSMUST00000110163.8;ENSMUST00000110164.8;ENSMUST00000180286.2;
Q8CIF2	Q8CIF2;		
Q8CIG0	Q8CIG0;		ENSMUST00000029825.14 [Q8CIG0-1];ENSMUST00000106041.3 [Q8CIG0-2];
Q8CII2	Q8CII2;		ENSMUST00000043864.9 [Q8CII2-1];
Q8CIJ3	Q8CIJ3;		
Q8CIM1	Q8CIM1;		ENSMUST00000026139.14;
Q8CIM7	Q8CIM7;		
Q8CIM8	Q8CIM8;		ENSMUST00000026126.10 [Q8CIM8-1];
Q8CIP3	Q8CIP3;		ENSMUST00000094390.3;
Q8CIP5	Q8CIP5;		ENSMUST00000037547.9 [Q8CIP5-1];ENSMUST00000110846.8 [Q8CIP5-2];
Q8CIP9	Q8CIP9;		
Q8CIQ6	Q8CIQ6;		
Q8CIT9	Q8CIT9;		
Q8CJ61	Q8CJ61;		ENSMUST00000179802.2;
Q8CJG2	Q8CJG2;		
Q8HWA3			ENSMUST00000177585.9;
Q8HWH4	Q8HWH4;		
Q8JZN3	Q8JZN3;		ENSMUST00000071937.7;
Q8JZR7	Q8JZR7;		
Q8JZV7	Q8JZV7;		ENSMUST00000040735.12;
Q8JZW5	Q8JZW5;		ENSMUST00000105823.2;ENSMUST00000105824.8;
Q8JZZ0	Q8JZZ0;		ENSMUST00000072403.7;
Q8K006	Q8K006;		
Q8K010	Q8K010;		ENSMUST00000023222.13;ENSMUST00000171340.9;
Q8K011	Q8K011;		
Q8K013	Q8K013;		ENSMUST00000115441.9;
Q8K015	Q8K015;		ENSMUST00000111169.10 [Q8K015-2];ENSMUST00000140975.8 [Q8K015-1];
Q8K025	Q8K025;		ENSMUST00000059231.4;
Q8K031	Q8K031;		ENSMUST00000036606.14;
Q8K063	Q8K063;		
Q8K064	Q8K064;		ENSMUST00000107456.4;
Q8K072	Q8K072;		ENSMUST00000047218.5;
Q8K088	Q8K088;		ENSMUST00000053098.6;ENSMUST00000112932.2;
Q8K094			ENSMUST00000043517.8;
Q8K0C1	Q8K0C1;		ENSMUST00000036156.6 [Q8K0C1-1];
Q8K0C5	Q8K0C5;		ENSMUST00000051122.7;ENSMUST00000205424.2;
Q8K0C8	Q8K0C8;		ENSMUST00000049630.13;
Q8K0D5	Q8K0D5;		ENSMUST00000077271.9;
Q8K0E1	Q8K0E1;		ENSMUST00000032709.3;ENSMUST00000108069.8;ENSMUST00000108070.9;
Q8K0G5	Q8K0G5;		ENSMUST00000221877.2;
Q8K0I5	Q8K0I5;		
Q8K0Q7	Q8K0Q7;		
Q8K0S0	Q8K0S0;		ENSMUST00000003561.10;
Q8K0U4	Q8K0U4;		ENSMUST00000066285.6;
Q8K0V0	Q8K0V0;		
Q8K0Y1	Q8K0Y1;		
Q8K0Z9	Q8K0Z9;		ENSMUST00000055754.8;ENSMUST00000105651.8;
Q8K114	Q8K114;		ENSMUST00000043914.8 [Q8K114-1];
Q8K130			ENSMUST00000115807.9;
Q8K187	Q8K187;		
Q8K194	Q8K194;		ENSMUST00000001186.11 [Q8K194-1];ENSMUST00000113683.2 [Q8K194-2];
Q8K1C0	Q8K1C0;		ENSMUST00000027947.13 [Q8K1C0-2];ENSMUST00000066632.14 [Q8K1C0-1];ENSMUST00000110899.7 [Q8K1C0-2];ENSMUST00000123384.8 [Q8K1C0-5];
Q8K1D8	Q8K1D8;		ENSMUST00000127306.2;
Q8K1I3	Q8K1I3;		ENSMUST00000027518.12;
Q8K1K4	Q8K1K4;		ENSMUST00000081064.12;ENSMUST00000101251.8;
Q8K1L2	Q8K1L2;		ENSMUST00000096367.5;
Q8K1M3			ENSMUST00000035220.12;
Q8K1N4	Q8K1N4;		ENSMUST00000063517.6 [Q8K1N4-1];
Q8K1S9	Q8K1S9;		
Q8K1T1	Q8K1T1;		ENSMUST00000052437.6;
Q8K1T4	Q8K1T4;		ENSMUST00000062657.5 [Q8K1T4-1];ENSMUST00000172854.2 [Q8K1T4-2];
Q8K221	Q8K221;		ENSMUST00000084782.10;ENSMUST00000131446.8;
Q8K223	Q8K223;		
Q8K248	Q8K248;		ENSMUST00000055436.5;
Q8K249	Q8K249;		ENSMUST00000062787.9;
Q8K268	Q8K268;		ENSMUST00000003319.6;
Q8K274	Q8K274;		ENSMUST00000038096.8;
Q8K288	Q8K288;		ENSMUST00000077788.7;
Q8K2A6	Q8K2A6;		ENSMUST00000025685.8;
Q8K2A8	Q8K2A8;		ENSMUST00000045918.15;
Q8K2D3	Q8K2D3;		ENSMUST00000043990.14;
Q8K2F3	Q8K2F3;		ENSMUST00000067354.10;ENSMUST00000178241.4;
Q8K2I2	Q8K2I2;		ENSMUST00000045956.14;ENSMUST00000164242.9;
Q8K2J7	Q8K2J7;		ENSMUST00000154169.4 [Q8K2J7-1];
Q8K2M0	Q8K2M0;		ENSMUST00000106439.2 [Q8K2M0-1];
Q8K2P2	Q8K2P2;		ENSMUST00000050374.3 [Q8K2P2-2];ENSMUST00000160942.8 [Q8K2P2-1];
Q8K2Q0	Q8K2Q0;		ENSMUST00000028584.8;
Q8K2Q7	Q8K2Q7;		ENSMUST00000057062.12 [Q8K2Q7-1];ENSMUST00000163528.8 [Q8K2Q7-1];
Q8K2R5	Q8K2R5;		ENSMUST00000054415.12;ENSMUST00000106261.8;ENSMUST00000106262.2;ENSMUST00000106263.8;
Q8K2T1	Q8K2T1;		ENSMUST00000074970.8 [Q8K2T1-2];ENSMUST00000079130.14 [Q8K2T1-1];
Q8K2T4	Q8K2T4;		ENSMUST00000096253.7;
Q8K2U2	Q8K2U2;		ENSMUST00000060834.12;
Q8K2W3	Q8K2W3;		ENSMUST00000038424.14 [Q8K2W3-1];
Q8K2W5	Q8K2W5;		
Q8K2X2	Q8K2X2;		ENSMUST00000042753.14 [Q8K2X2-1];ENSMUST00000121877.3 [Q8K2X2-2];
Q8K2Y7	Q8K2Y7;		ENSMUST00000043966.8;
Q8K2Z2	Q8K2Z2;	6G70;	
Q8K342	Q8K342;		ENSMUST00000219445.2;
Q8K358	Q8K358;		ENSMUST00000165234.2;
Q8K370	Q8K370;		ENSMUST00000031412.12;ENSMUST00000111770.2;
Q8K386	Q8K386;		
Q8K396	Q8K396;		ENSMUST00000047368.8;
Q8K3A2	Q8K3A2;	7YW2;	ENSMUST00000088223.7;
Q8K3A4	Q8K3A4;		
Q8K3A6	Q8K3A6;		ENSMUST00000052431.12;ENSMUST00000113194.8;
Q8K3C0	Q8K3C0;	9BRA;9BRQ;9BRR;9BRS;9BRT;9BRU;9BRY;9BRZ;	ENSMUST00000040428.4;ENSMUST00000176268.2;
Q8K3D9	Q8K3D9;		
Q8K3I8	Q8K3I8;		ENSMUST00000053180.4;
Q8K3I9	Q8K3I9;		ENSMUST00000161217.8 [Q8K3I9-3];
Q8K3J9	Q8K3J9;		
Q8K3M5	Q8K3M5;		ENSMUST00000108891.2;
Q8K3P0	Q8K3P0;		ENSMUST00000047134.8;
Q8K3V1	Q8K3V1;		ENSMUST00000033917.7;
Q8K3Z9	Q8K3Z9;		ENSMUST00000111171.6;
Q8K402	Q8K402;		ENSMUST00000118986.8;
Q8K419	Q8K419;	2DYC;3I8T;	ENSMUST00000066723.15;
Q8K443	Q8K443;		ENSMUST00000052375.8;ENSMUST00000111941.2;
Q8K449	Q8K449;		ENSMUST00000044850.4;
Q8K459	Q8K459;		ENSMUST00000051526.6;
Q8K4G2	Q8K4G2;		ENSMUST00000102765.9;
Q8K4I7	Q8K4I7;		ENSMUST00000011391.12 [Q8K4I7-1];ENSMUST00000146794.4 [Q8K4I7-2];
Q8K4L4	Q8K4L4;		ENSMUST00000039887.4;
Q8K4N3	Q8K4N3;		ENSMUST00000062113.9;
Q8K4P7	Q8K4P7;		ENSMUST00000059271.13 [Q8K4P7-1];ENSMUST00000106769.8 [Q8K4P7-2];ENSMUST00000200132.5 [Q8K4P7-3];
Q8K5B2	Q8K5B2;		ENSMUST00000024963.11;ENSMUST00000129616.8;ENSMUST00000144236.9;
Q8N7N8	Q8N7N8;		
Q8N9U3	Q8N9U3;		
Q8QZR8	Q8QZR8;		ENSMUST00000059468.6;
Q8QZS1	Q8QZS1;		ENSMUST00000044478.7;
Q8QZV0	Q8QZV0;		ENSMUST00000058702.7;ENSMUST00000205271.2;
Q8QZW7	Q8QZW7;		ENSMUST00000020366.8;
Q8QZX2	Q8QZX2;		ENSMUST00000060049.8 [Q8QZX2-1];
Q8QZX5	Q8QZX5;		ENSMUST00000055575.8;ENSMUST00000179323.2;
Q8QZY2	Q8QZY2;		
Q8QZY7	Q8QZY7;		
Q8QZY9	Q8QZY9;		ENSMUST00000076372.5;
Q8QZZ7	Q8QZZ7;		ENSMUST00000067137.14;ENSMUST00000113752.8;ENSMUST00000113753.8;ENSMUST00000200680.4;
Q8R034	Q8R034;		ENSMUST00000038673.14;ENSMUST00000186693.2;ENSMUST00000188398.7;ENSMUST00000190279.7;
Q8R040	Q8R040;		ENSMUST00000025319.7;
Q8R055			ENSMUST00000098814.13;ENSMUST00000165964.10;ENSMUST00000177588.10;
Q8R069	Q8R069;		
Q8R070	Q8R070;		ENSMUST00000165149.3;ENSMUST00000171233.9;
Q8R080	Q8R080;		ENSMUST00000170629.3;ENSMUST00000231074.2;
Q8R084			ENSMUST00000031183.3;
Q8R089	Q8R089;		ENSMUST00000048896.8;
Q8R092	Q8R092;		ENSMUST00000029552.13 [Q8R092-2];ENSMUST00000159064.8 [Q8R092-3];ENSMUST00000160640.8 [Q8R092-3];ENSMUST00000162114.8 [Q8R092-1];ENSMUST00000239076.2 [Q8R092-3];
Q8R093			ENSMUST00000059102.13;
Q8R0A2	Q8R0A2;		ENSMUST00000115222.10 [Q8R0A2-1];ENSMUST00000167346.2 [Q8R0A2-2];ENSMUST00000216649.2 [Q8R0A2-2];
Q8R0C0	Q8R0C0;		ENSMUST00000091924.10;
Q8R0E5	Q8R0E5;		ENSMUST00000040177.8;ENSMUST00000173814.2;
Q8R0F1	Q8R0F1;		
Q8R0F5	Q8R0F5;		ENSMUST00000033433.3;
Q8R0J1	Q8R0J1;		ENSMUST00000042647.7;
Q8R0J4	Q8R0J4;		ENSMUST00000139987.10 [Q8R0J4-3];ENSMUST00000140267.10 [Q8R0J4-1];ENSMUST00000150627.11 [Q8R0J4-2];ENSMUST00000169055.10 [Q8R0J4-2];
Q8R0J7	Q8R0J7;		ENSMUST00000040967.9;
Q8R0M1	Q8R0M1;		
Q8R0M8	Q8R0M8;		ENSMUST00000029502.14 [Q8R0M8-1];ENSMUST00000106723.2 [Q8R0M8-2];
Q8R0T2	Q8R0T2;		ENSMUST00000060783.7;
Q8R0W5	Q8R0W5;		ENSMUST00000161289.2;
Q8R0X2	Q8R0X2;		ENSMUST00000081790.15 [Q8R0X2-1];ENSMUST00000111460.5 [Q8R0X2-2];
Q8R0X5	Q8R0X5;		
Q8R0Z5	Q8R0Z5;		ENSMUST00000046038.9 [Q8R0Z5-1];
Q8R100	Q8R100;		ENSMUST00000069125.8;
Q8R105	Q8R105;		ENSMUST00000087951.7 [Q8R105-1];ENSMUST00000235927.2 [Q8R105-1];
Q8R149	Q8R149;		ENSMUST00000074957.5 [Q8R149-1];
Q8R164	Q8R164;		ENSMUST00000040656.8;
Q8R189	Q8R189;		ENSMUST00000037048.9;
Q8R197	Q8R197;		ENSMUST00000027955.11;ENSMUST00000115087.4;ENSMUST00000194918.6;
Q8R1C3	Q8R1C3;		ENSMUST00000114297.5 [Q8R1C3-1];ENSMUST00000127485.8 [Q8R1C3-2];
Q8R1C6	Q8R1C6;		ENSMUST00000046470.16;
Q8R1C9	Q8R1C9;		ENSMUST00000001415.9;
Q8R1F6	Q8R1F6;		ENSMUST00000044152.13 [Q8R1F6-2];ENSMUST00000106542.9 [Q8R1F6-1];
Q8R1G3	Q8R1G3;		
Q8R1J1	Q8R1J1;		
Q8R1L4	Q8R1L4;		ENSMUST00000010974.9;
Q8R1M8	Q8R1M8;		
Q8R1N4	Q8R1N4;		ENSMUST00000066496.10 [Q8R1N4-1];
Q8R1Q3	Q8R1Q3;		ENSMUST00000030840.4;
Q8R1U2	Q8R1U2;		
Q8R1V2	Q8R1V2;		
Q8R1Y2	Q8R1Y2;		ENSMUST00000056521.12;
Q8R207	Q8R207;		ENSMUST00000056228.8;
Q8R218	Q8R218;		ENSMUST00000086363.5 [Q8R218-1];ENSMUST00000086364.11 [Q8R218-2];
Q8R239	Q8R239;		ENSMUST00000077709.11 [Q8R239-1];ENSMUST00000080336.4 [Q8R239-1];
Q8R242	Q8R242;		ENSMUST00000029840.4 [Q8R242-2];ENSMUST00000061937.13 [Q8R242-1];
Q8R2E6	Q8R2E6;		
Q8R2K7	Q8R2K7;		ENSMUST00000034965.8;
Q8R2K8	Q8R2K8;		ENSMUST00000036360.13 [Q8R2K8-2];ENSMUST00000090476.10 [Q8R2K8-1];ENSMUST00000171519.2 [Q8R2K8-1];
Q8R2M2	Q8R2M2;		ENSMUST00000035776.10;
Q8R2N0	Q8R2N0;		ENSMUST00000020049.9 [Q8R2N0-1];
Q8R2Q4	Q8R2Q4;		ENSMUST00000022170.8 [Q8R2Q4-2];ENSMUST00000042084.13 [Q8R2Q4-3];ENSMUST00000161639.8 [Q8R2Q4-1];
Q8R2U5	Q8R2U5;		
Q8R2V5	Q8R2V5;		ENSMUST00000021050.14;
Q8R2Y3	Q8R2Y3;		ENSMUST00000100219.5;
Q8R2Y8	Q8R2Y8;		ENSMUST00000108021.2;ENSMUST00000108022.8;
Q8R310	Q8R310;		ENSMUST00000065060.12 [Q8R310-1];ENSMUST00000117460.8 [Q8R310-2];ENSMUST00000117929.2 [Q8R310-2];ENSMUST00000121471.8 [Q8R310-2];
Q8R367	Q8R367;		ENSMUST00000032347.11;ENSMUST00000117919.8;
Q8R382	Q8R382;		
Q8R387			
Q8R390	Q8R390;		
Q8R3C0	Q8R3C0;		ENSMUST00000057557.14;
Q8R3I9	Q8R3I9;		ENSMUST00000076034.8;ENSMUST00000206940.2;
Q8R3N1	Q8R3N1;		ENSMUST00000041364.13;
Q8R3P6	Q8R3P6;		ENSMUST00000037504.7 [Q8R3P6-1];ENSMUST00000170517.9 [Q8R3P6-1];
Q8R3Q0	Q8R3Q0;		ENSMUST00000033933.9;
Q8R3Q2	Q8R3Q2;		
Q8R3V5	Q8R3V5;		ENSMUST00000028214.15 [Q8R3V5-1];ENSMUST00000100215.11 [Q8R3V5-4];ENSMUST00000163668.3 [Q8R3V5-3];
Q8R3W5	Q8R3W5;		
Q8R3W7	Q8R3W7;		ENSMUST00000042101.5;
Q8R404	Q8R404;		ENSMUST00000052832.6;
Q8R411	Q8R411;		ENSMUST00000051809.10;
Q8R412	Q8R412;		ENSMUST00000055071.9;
Q8R4C2	Q8R4C2;		ENSMUST00000119567.8;
Q8R4E4	Q8R4E4;		
Q8R4E6	Q8R4E6;		ENSMUST00000070340.6 [Q8R4E6-1];ENSMUST00000078058.5 [Q8R4E6-2];
Q8R4H4	Q8R4H4;		ENSMUST00000062758.11;ENSMUST00000115139.8;
Q8R4U6	Q8R4U6;		ENSMUST00000000958.9;
Q8R4V5	Q8R4V5;		ENSMUST00000009798.5 [Q8R4V5-1];
Q8R4W6	Q8R4W6;		ENSMUST00000015498.9;
Q8R519	Q8R519;		ENSMUST00000038006.8;
Q8R574	Q8R574;		ENSMUST00000004955.14;ENSMUST00000168115.8;
Q8R5A6	Q8R5A6;		ENSMUST00000063414.9 [Q8R5A6-1];
Q8R5F8	Q8R5F8;	2CY4;2CY5;	ENSMUST00000086372.8;ENSMUST00000163893.8;
Q8R5F9			ENSMUST00000054018.7;
Q8R5M0	Q8R5M0;		ENSMUST00000045102.7;
Q8R5M6			
Q8R5M7			
Q8VBT1	Q8VBT1;		ENSMUST00000037964.7;
Q8VBW8	Q8VBW8;		ENSMUST00000044694.8;
Q8VBW9	Q8VBW9;		ENSMUST00000067840.7;ENSMUST00000217023.3;
Q8VC26	Q8VC26;		ENSMUST00000043598.14 [Q8VC26-1];ENSMUST00000108435.2 [Q8VC26-2];
Q8VC28	Q8VC28;	3LN3;5UXF;6M7K;	ENSMUST00000021634.4;
Q8VC42	Q8VC42;		ENSMUST00000025276.15;
Q8VC48	Q8VC48;		ENSMUST00000018877.9;ENSMUST00000108146.8;ENSMUST00000175741.8;ENSMUST00000176518.2;
Q8VC52	Q8VC52;		ENSMUST00000055844.10;
Q8VC57	Q8VC57;	8JKB;	
Q8VC60	Q8VC60;		ENSMUST00000113623.8 [Q8VC60-1];ENSMUST00000155716.8 [Q8VC60-1];
Q8VC74	Q8VC74;		ENSMUST00000048363.10;
Q8VC78	Q8VC78;		
Q8VC82	Q8VC82;		ENSMUST00000026831.14;
Q8VC88	Q8VC88;		ENSMUST00000028257.3;
Q8VC98	Q8VC98;		
Q8VCA6	Q8VCA6;		ENSMUST00000002413.15 [Q8VCA6-1];ENSMUST00000182980.8 [Q8VCA6-2];
Q8VCD3	Q8VCD3;		ENSMUST00000044937.5 [Q8VCD3-2];ENSMUST00000093832.11 [Q8VCD3-1];
Q8VCE0			ENSMUST00000102858.10;
Q8VCE9	Q8VCE9;		ENSMUST00000043397.14 [Q8VCE9-1];ENSMUST00000129895.8 [Q8VCE9-4];ENSMUST00000164474.8 [Q8VCE9-2];
Q8VCG4	Q8VCG4;		ENSMUST00000040042.11;
Q8VCG9	Q8VCG9;		ENSMUST00000044373.6;
Q8VCH8	Q8VCH8;	2DZK;	
Q8VCJ6	Q8VCJ6;		ENSMUST00000033386.12;
Q8VCK7	Q8VCK7;		ENSMUST00000119180.4;
Q8VCM3	Q8VCM3;		ENSMUST00000021714.9;
Q8VCM8	Q8VCM8;		ENSMUST00000020463.14;
Q8VCN9	Q8VCN9;		
Q8VCR3	Q8VCR3;		ENSMUST00000005053.14 [Q8VCR3-1];ENSMUST00000185896.2 [Q8VCR3-2];ENSMUST00000188282.7 [Q8VCR3-3];
Q8VCR7	Q8VCR7;		
Q8VCS9			ENSMUST00000032200.16;
Q8VCU1	Q8VCU1;		ENSMUST00000074403.13 [Q8VCU1-2];ENSMUST00000093221.13 [Q8VCU1-1];
Q8VCW8	Q8VCW8;		ENSMUST00000103164.4;
Q8VCX6	Q8VCX6;		
Q8VCY6	Q8VCY6;		ENSMUST00000043152.6;ENSMUST00000108241.8;
Q8VCY8	Q8VCY8;		ENSMUST00000046371.13 [Q8VCY8-2];ENSMUST00000190387.7 [Q8VCY8-1];
Q8VCZ7	Q8VCZ7;		ENSMUST00000058997.15;ENSMUST00000167921.2;ENSMUST00000236462.2;
Q8VD31	Q8VD31;		ENSMUST00000043422.8;
Q8VD57	Q8VD57;		ENSMUST00000043338.10;
Q8VD76	Q8VD76;		ENSMUST00000031333.4;
Q8VDB2	Q8VDB2;		ENSMUST00000162183.8;
Q8VDC0	Q8VDC0;		ENSMUST00000038863.9;
Q8VDJ3	Q8VDJ3;		ENSMUST00000042498.14;ENSMUST00000170883.8;
Q8VDM1	Q8VDM1;		ENSMUST00000029105.12;ENSMUST00000108807.9;ENSMUST00000116366.9;
Q8VDM7	Q8VDM7;		
Q8VDN4	Q8VDN4;		ENSMUST00000036206.14;
Q8VDP6	Q8VDP6;		ENSMUST00000032920.5;
Q8VDS1			ENSMUST00000138559.9;
Q8VDS4	Q8VDS4;		ENSMUST00000046206.5;
Q8VDS7	Q8VDS7;		
Q8VDT1	Q8VDT1;		ENSMUST00000102719.8;ENSMUST00000102720.8;ENSMUST00000102721.8;
Q8VDU1	Q8VDU1;		ENSMUST00000037360.8;
Q8VDV0	Q8VDV0;		ENSMUST00000049681.14 [Q8VDV0-1];ENSMUST00000142161.8 [Q8VDV0-2];
Q8VDV3	Q8VDV3;		ENSMUST00000113161.10 [Q8VDV3-1];ENSMUST00000121418.8 [Q8VDV3-2];ENSMUST00000144788.8 [Q8VDV3-1];
Q8VDV8	Q8VDV8;	1WFD;	ENSMUST00000027257.10;ENSMUST00000139725.8;
Q8VDX8	Q8VDX8;		
Q8VDY9	Q8VDY9;		ENSMUST00000030313.9;
Q8VE22	Q8VE22;	7PNT;7PNU;7PNV;7PNW;	ENSMUST00000024486.14;
Q8VE42	Q8VE42;		ENSMUST00000034406.4;ENSMUST00000216037.2;ENSMUST00000216372.2;
Q8VE62	Q8VE62;		ENSMUST00000026520.14;
Q8VE80	Q8VE80;		ENSMUST00000026990.6;
Q8VE94	Q8VE94;		ENSMUST00000041133.10;
Q8VE97	Q8VE97;		
Q8VEA7	Q8VEA7;		ENSMUST00000044725.9;
Q8VED4	Q8VED4;		
Q8VED5	Q8VED5;		ENSMUST00000023799.8;
Q8VED9	Q8VED9;		ENSMUST00000047028.9;
Q8VEH2			ENSMUST00000048964.14;ENSMUST00000113334.8;ENSMUST00000113338.9;
Q8VEH5	Q8VEH5;		ENSMUST00000060711.8;ENSMUST00000135807.2;
Q8VEH8	Q8VEH8;		ENSMUST00000073192.14;
Q8VEJ1	Q8VEJ1;		ENSMUST00000030661.14;
Q8VEJ3	Q8VEJ3;		ENSMUST00000033936.8;
Q8VEK8	Q8VEK8;		
Q8VEL9	Q8VEL9;	3Q85;	
Q8VES2	Q8VES2;		ENSMUST00000055129.6;ENSMUST00000214002.2;
Q8VEW2	Q8VEW2;		ENSMUST00000217616.3;
Q8VEW5	Q8VEW5;		ENSMUST00000080106.2;
Q8VEW6	Q8VEW6;		ENSMUST00000076289.2;ENSMUST00000213979.3;ENSMUST00000216331.2;ENSMUST00000217170.2;
Q8VEX5	Q8VEX5;		ENSMUST00000062380.3;ENSMUST00000206463.3;ENSMUST00000216415.2;
Q8VEX6	Q8VEX6;		
Q8VF12	Q8VF12;		ENSMUST00000210990.2;ENSMUST00000215215.2;
Q8VF13	Q8VF13;		ENSMUST00000105211.4;ENSMUST00000217509.2;
Q8VF65	Q8VF65;		ENSMUST00000073059.5;ENSMUST00000220193.2;
Q8VF66	Q8VF66;		ENSMUST00000075704.2;ENSMUST00000213252.2;
Q8VF76	Q8VF76;		ENSMUST00000052307.5;ENSMUST00000215083.3;
Q8VFB9	Q8VFB9;		
Q8VFC9	Q8VFC9;		ENSMUST00000054434.4;
Q8VFD0	Q8VFD0;		ENSMUST00000072035.4;
Q8VFD1	Q8VFD1;		ENSMUST00000079865.5;
Q8VFD2	Q8VFD2;		ENSMUST00000210114.3;ENSMUST00000211345.3;
Q8VFD3	Q8VFD3;		ENSMUST00000210881.2;ENSMUST00000214722.2;
Q8VFK1	Q8VFK1;		ENSMUST00000055517.3;ENSMUST00000216443.3;
Q8VFK7	Q8VFK7;		ENSMUST00000055840.7;ENSMUST00000215347.3;
Q8VFL5	Q8VFL5;		ENSMUST00000056849.3;
Q8VFL9	Q8VFL9;		ENSMUST00000099878.2;ENSMUST00000213198.2;
Q8VFM9	Q8VFM9;		ENSMUST00000066997.4;ENSMUST00000216754.3;
Q8VFR8	Q8VFR8;		
Q8VG02	Q8VG02;		ENSMUST00000072968.2;ENSMUST00000211508.3;ENSMUST00000215173.2;
Q8VG03	Q8VG03;		ENSMUST00000081184.3;ENSMUST00000217304.2;
Q8VG04	Q8VG04;		ENSMUST00000049719.4;ENSMUST00000210173.3;
Q8VG05	Q8VG05;		ENSMUST00000104917.4;ENSMUST00000215159.3;
Q8VG06	Q8VG06;		ENSMUST00000053179.2;ENSMUST00000209545.3;ENSMUST00000214605.2;
Q8VG07	Q8VG07;		ENSMUST00000209743.2;ENSMUST00000210291.2;
Q8VG08	Q8VG08;		ENSMUST00000076406.2;ENSMUST00000213521.3;
Q8VG09	Q8VG09;		ENSMUST00000078933.5;ENSMUST00000216919.2;
Q8VG13	Q8VG13;		ENSMUST00000080014.2;
Q8VG42	Q8VG42;		ENSMUST00000072914.3;
Q8VG43	Q8VG43;		ENSMUST00000209670.4;ENSMUST00000210420.2;ENSMUST00000216937.3;
Q8VG44	Q8VG44;		ENSMUST00000084761.2;ENSMUST00000217618.3;
Q8VGE3			ENSMUST00000104875.2;ENSMUST00000211952.3;ENSMUST00000215727.2;
Q8VGI1	Q8VGI1;		ENSMUST00000120303.9;
Q8VGI4	Q8VGI4;		ENSMUST00000077249.3;ENSMUST00000217173.2;
Q8VGI5	Q8VGI5;		ENSMUST00000067143.7;ENSMUST00000213601.2;
Q8VGI6	Q8VGI6;		ENSMUST00000091605.3;ENSMUST00000214677.2;
Q8VGK5	Q8VGK5;		ENSMUST00000112950.3;ENSMUST00000216753.3;ENSMUST00000217041.3;
Q8VGR8	Q8VGR8;		ENSMUST00000054746.5;ENSMUST00000215090.2;ENSMUST00000217166.2;
Q8VGR9	Q8VGR9;		ENSMUST00000099906.2;ENSMUST00000215171.2;
Q8VGS1	Q8VGS1;		
Q8VH31	Q8VH31;		ENSMUST00000045215.9;ENSMUST00000179971.8;
Q8VHA6	Q8VHA6;		ENSMUST00000086882.8 [Q8VHA6-1];ENSMUST00000154228.8 [Q8VHA6-2];
Q8VHB4	Q8VHB4;		
Q8VHI7	Q8VHI7;		ENSMUST00000003444.6 [Q8VHI7-1];
Q8VHK1	Q8VHK1;		ENSMUST00000041684.11;
Q8VHK5	Q8VHK5;		ENSMUST00000042594.13;
Q8VHL5	Q8VHL5;		ENSMUST00000047119.5;
Q8VHP8	Q8VHP8;		ENSMUST00000106107.3;
Q8VHQ4	Q8VHQ4;		ENSMUST00000026826.14;ENSMUST00000167626.8;
Q8VHT7	Q8VHT7;		ENSMUST00000146511.8;
Q8VHW3	Q8VHW3;		ENSMUST00000183200.8;
Q8VHW4	Q8VHW4;		ENSMUST00000039071.3;ENSMUST00000106742.8;
Q8VHZ7	Q8VHZ7;		ENSMUST00000027303.14;
Q8VI14	Q8VI14;		
Q8VI23	Q8VI23;		ENSMUST00000059056.15 [Q8VI23-1];ENSMUST00000119173.8 [Q8VI23-3];ENSMUST00000121925.8 [Q8VI23-1];
Q8VI59	Q8VI59;		ENSMUST00000068169.12 [Q8VI59-2];ENSMUST00000113615.9 [Q8VI59-1];
Q8VI86			ENSMUST00000057843.12;
Q8VIG0	Q8VIG0;		
Q8VIH9	Q8VIH9;		ENSMUST00000039044.2;
Q8VII3	Q8VII3;		ENSMUST00000028933.3;
Q8VIL2	Q8VIL2;		
Q8VIN1	Q8VIN1;	1KN3;	
Q8VIQ4	Q8VIQ4;		
Q91V20	Q91V20;		
Q91V28	Q91V28;		
Q91V35			ENSMUST00000028769.14;
Q91V61	Q91V61;		ENSMUST00000062213.13 [Q91V61-1];ENSMUST00000111954.11 [Q91V61-2];
Q91V70	Q91V70;	1E4T;	ENSMUST00000047851.4;
Q91V77		8VK3;	ENSMUST00000060738.9;
Q91V80	Q91V80;		ENSMUST00000050901.5;
Q91V83	Q91V83;		ENSMUST00000029179.11;ENSMUST00000109522.2;
Q91V89			ENSMUST00000002839.9;
Q91V93	Q91V93;		ENSMUST00000022665.4;
Q91VB5	Q91VB5;		
Q91VB8			ENSMUST00000093207.4;ENSMUST00000093209.4;
Q91VC7	Q91VC7;		ENSMUST00000048187.6;
Q91VD1	Q91VD1;		ENSMUST00000079902.6 [Q91VD1-2];ENSMUST00000099729.10 [Q91VD1-1];ENSMUST00000159983.8 [Q91VD1-1];
Q91VD6	Q91VD6;		ENSMUST00000063112.4;
Q91VR2	Q91VR2;		ENSMUST00000114897.9;
Q91VU1	Q91VU1;		ENSMUST00000075693.12;
Q91VW3	Q91VW3;	1J0F;1T1V;	ENSMUST00000030651.9;
Q91VX2	Q91VX2;		ENSMUST00000030143.13;
Q91VX5	Q91VX5;		ENSMUST00000058866.8;
Q91VX9	Q91VX9;		ENSMUST00000031554.9;
Q91VY6	Q91VY6;		ENSMUST00000028175.7;
Q91W00			ENSMUST00000079424.11;
Q91W01			ENSMUST00000071462.7;
Q91W20	Q91W20;		ENSMUST00000028337.7;
Q91W29	Q91W29;		ENSMUST00000010020.12;ENSMUST00000109821.2;
Q91W45	Q91W45;		ENSMUST00000058383.9;
Q91W53	Q91W53;		ENSMUST00000051094.9 [Q91W53-1];ENSMUST00000121783.7 [Q91W53-1];
Q91W78	Q91W78;		
Q91WA0	Q91WA0;		
Q91WA4	Q91WA4;		ENSMUST00000060722.8;
Q91WE1	Q91WE1;		ENSMUST00000025702.14;
Q91WE2	Q91WE2;		ENSMUST00000034226.8;
Q91WE3	Q91WE3;		ENSMUST00000080514.9;
Q91WH7			ENSMUST00000170371.2;
Q91WI3	Q91WI3;		
Q91WJ6	Q91WJ6;		
Q91WJ7	Q91WJ7;		ENSMUST00000169772.3 [Q91WJ7-2];ENSMUST00000170139.8 [Q91WJ7-2];
Q91WK0	Q91WK0;		
Q91WK5	Q91WK5;	2EDG;	ENSMUST00000040484.6;
Q91WL0	Q91WL0;		ENSMUST00000037375.10;
Q91WL6	Q91WL6;		ENSMUST00000021246.9;ENSMUST00000107661.10;
Q91WL7	Q91WL7;		
Q91WN1	Q91WN1;		ENSMUST00000022345.7;
Q91WN2	Q91WN2;		ENSMUST00000069695.9;
Q91WP1	Q91WP1;		
Q91WQ9	Q91WQ9;		ENSMUST00000034777.14 [Q91WQ9-1];ENSMUST00000213643.2 [Q91WQ9-3];ENSMUST00000215870.2 [Q91WQ9-2];
Q91WT4	Q91WT4;		ENSMUST00000038439.4;
Q91WV4	Q91WV4;		
Q91WW2	Q91WW2;		ENSMUST00000087092.4;
Q91WW4	Q91WW4;		
Q91WW5	Q91WW5;		
Q91WW6	Q91WW6;		
Q91X41	Q91X41;		
Q91X45	Q91X45;		ENSMUST00000172175.3;
Q91X70			ENSMUST00000022788.15;ENSMUST00000162585.8;
Q91X91	Q91X91;		ENSMUST00000032912.6;
Q91X95	Q91X95;		
Q91X96	Q91X96;		ENSMUST00000047978.9;
Q91X97	Q91X97;		ENSMUST00000090150.11;ENSMUST00000116445.9;ENSMUST00000119730.8;ENSMUST00000120746.8;ENSMUST00000168992.8;
Q91XB7	Q91XB7;		ENSMUST00000025811.6;
Q91XC8	Q91XC8;		ENSMUST00000044524.16;
Q91XC9	Q91XC9;		ENSMUST00000028650.9;
Q91XD8	Q91XD8;		ENSMUST00000035106.12;
Q91XE7	Q91XE7;	9BRA;9BRQ;9BRR;9BRS;9BRT;9BRU;9BRY;9BRZ;	ENSMUST00000040361.8;
Q91XH6			ENSMUST00000055262.13;
Q91XH8	Q91XH8;		
Q91XI2	Q91XI2;		
Q91XK0	Q91XK0;		
Q91XW9		4ZPN;4ZPO;4ZPP;4ZPQ;	ENSMUST00000055935.11;
Q91XX1		4ZI8;	ENSMUST00000076807.7;
Q91XY4	Q91XY4;	5SZQ;	ENSMUST00000194418.2;
Q91XY5			ENSMUST00000073447.8;
Q91Y03			ENSMUST00000051442.7;
Q91Y20	Q91Y20;		ENSMUST00000115658.6;
Q91Y95	Q91Y95;		
Q91YD5	Q91YD5;		
Q91YD6	Q91YD6;		ENSMUST00000141185.8 [Q91YD6-3];
Q91YI7	Q91YI7;		
Q91YJ3	Q91YJ3;		ENSMUST00000039161.10;ENSMUST00000213683.2;
Q91YL3	Q91YL3;		ENSMUST00000057816.15;
Q91YM4	Q91YM4;		ENSMUST00000000394.14 [Q91YM4-1];ENSMUST00000156969.8 [Q91YM4-1];ENSMUST00000189268.7 [Q91YM4-1];
Q91YM7	Q91YM7;		
Q91YP1	Q91YP1;		ENSMUST00000040313.6;
Q91YP3	Q91YP3;		ENSMUST00000087675.9;
Q91YQ7	Q91YQ7;		ENSMUST00000001081.10;
Q91YS3	Q91YS3;		
Q91YS4		5OJF;6F9I;	ENSMUST00000116563.8;
Q91YS7			ENSMUST00000105331.8;
Q91YV1	Q91YV1;		
Q91YY4	Q91YY4;		ENSMUST00000108721.9;
Q91YZ5			ENSMUST00000059021.10;ENSMUST00000071280.8;ENSMUST00000164828.8;ENSMUST00000165309.8;ENSMUST00000191916.6;ENSMUST00000195855.6;
Q91YZ8			ENSMUST00000078734.12;
Q91Z22	Q91Z22;		ENSMUST00000052865.16;
Q91Z25			ENSMUST00000196111.5;
Q91Z49	Q91Z49;		ENSMUST00000023489.11 [Q91Z49-1];ENSMUST00000171325.9 [Q91Z49-2];ENSMUST00000232272.2 [Q91Z49-3];
Q91Z61	Q91Z61;		ENSMUST00000055125.5;
Q91Z87	Q91Z87;		
Q91ZA6	Q91ZA6;		ENSMUST00000065562.6;
Q91ZB5	Q91ZB5;		ENSMUST00000058092.8;
Q91ZB7	Q91ZB7;		ENSMUST00000054048.10;
Q91ZB8	Q91ZB8;		ENSMUST00000062163.8;
Q91ZJ7	Q91ZJ7;		
Q91ZM8	Q91ZM8;		ENSMUST00000009219.3;
Q91ZT9	Q91ZT9;		
Q91ZU0	Q91ZU0;		ENSMUST00000124899.8;
Q91ZU1	Q91ZU1;		ENSMUST00000041726.4;
Q91ZV3	Q91ZV3;		ENSMUST00000046663.8;
Q91ZW7	Q91ZW7;		ENSMUST00000033888.5;
Q91ZW9	Q91ZW9;		ENSMUST00000044060.14;
Q920C4	Q920C4;		ENSMUST00000112984.4;ENSMUST00000186023.7;
Q920D7	Q920D7;		ENSMUST00000043873.10;
Q920I9	Q920I9;		ENSMUST00000072726.7 [Q920I9-1];ENSMUST00000236879.2 [Q920I9-2];
Q920M7	Q920M7;		ENSMUST00000081574.8;
Q920P1	Q920P1;		
Q920P2			ENSMUST00000099838.2;ENSMUST00000129056.3;
Q920R2	Q920R2;		
Q920S3	Q920S3;		ENSMUST00000007559.15 [Q920S3-1];ENSMUST00000119783.2 [Q920S3-2];
Q920V7	Q920V7;		
Q920V8	Q920V8;		
Q920V9	Q920V9;		
Q920W0	Q920W0;		
Q920W1	Q920W1;		
Q920W5	Q920W5;		
Q921G8	Q921G8;		ENSMUST00000026547.9;
Q921H9	Q921H9;		ENSMUST00000131656.2;
Q921K8	Q921K8;		ENSMUST00000031879.5;
Q921L5	Q921L5;		ENSMUST00000034460.11;
Q921L7	Q921L7;		ENSMUST00000035196.14;
Q921M8	Q921M8;		
Q921R4	Q921R4;		ENSMUST00000026410.2;ENSMUST00000217745.2;ENSMUST00000219508.2;
Q921R7	Q921R7;		ENSMUST00000023344.10;
Q921R8	Q921R8;		ENSMUST00000032177.10 [Q921R8-2];
Q921W4	Q921W4;		ENSMUST00000073466.13 [Q921W4-1];ENSMUST00000114023.3 [Q921W4-2];
Q921X6	Q921X6;	2DK8;	ENSMUST00000028914.9;
Q921X9	Q921X9;		ENSMUST00000023550.9;
Q921Y0	Q921Y0;		ENSMUST00000038658.15 [Q921Y0-2];ENSMUST00000055261.11 [Q921Y0-1];ENSMUST00000101245.4 [Q921Y0-1];
Q921Y2	Q921Y2;		ENSMUST00000034827.10;
Q921Z5	Q921Z5;	5JXD;	ENSMUST00000179937.2 [Q921Z5-2];
Q922B8	Q922B8;		
Q922E6	Q922E6;		ENSMUST00000027103.7;
Q922H7	Q922H7;		ENSMUST00000051937.9 [Q922H7-1];
Q922H9	Q922H9;		ENSMUST00000034147.4 [Q922H9-1];
Q922L6	Q922L6;		ENSMUST00000109075.8;
Q922M5	Q922M5;		ENSMUST00000021592.16;
Q922Q4	Q922Q4;		ENSMUST00000027802.9;
Q922Q5	Q922Q5;		ENSMUST00000167513.3;ENSMUST00000225432.2;
Q922Q8	Q922Q8;		ENSMUST00000021239.7;
Q922Q9	Q922Q9;		ENSMUST00000118694.8 [Q922Q9-2];ENSMUST00000153191.8 [Q922Q9-1];
Q922T2	Q922T2;		
Q922U1	Q922U1;		ENSMUST00000015892.14;ENSMUST00000161476.8;
Q922Y8	Q922Y8;		
Q922Z1	Q922Z1;		ENSMUST00000033210.13;ENSMUST00000118737.3;
Q923B0	Q923B0;	1VKB;2KL2;	ENSMUST00000038075.12 [Q923B0-1];ENSMUST00000110679.9 [Q923B0-2];
Q923C1	Q923C1;		
Q923D3	Q923D3;		ENSMUST00000040576.10;
Q923F1			ENSMUST00000026506.5;
Q923K4	Q923K4;		ENSMUST00000007754.13 [Q923K4-1];ENSMUST00000095259.10 [Q923K4-2];ENSMUST00000150969.8 [Q923K4-1];
Q923P0	Q923P0;		ENSMUST00000228434.2 [Q923P0-1];
Q923S9	Q923S9;		ENSMUST00000032879.15;ENSMUST00000107180.8;
Q923T6	Q923T6;		
Q923Z3	Q923Z3;		
Q924B0			ENSMUST00000065938.15;
Q924H0	Q924H0;		ENSMUST00000048557.3;
Q924K4	Q924K4;		
Q924P3	Q924P3;		ENSMUST00000038482.7;
Q924S2	Q924S2;		ENSMUST00000117193.8;
Q924T2	Q924T2;	7PNT;7PNU;7PNV;7PNW;	ENSMUST00000038600.4;
Q924X4			ENSMUST00000052296.9;ENSMUST00000204197.2;
Q924Z5	Q924Z5;		ENSMUST00000037998.6;
Q925E0	Q925E0;		ENSMUST00000021004.14;
Q925E1	Q925E1;		
Q925E2	Q925E2;		
Q925I8			ENSMUST00000170695.4;
Q925N2	Q925N2;		ENSMUST00000026011.8;
Q925Q5	Q925Q5;		ENSMUST00000025698.14;ENSMUST00000113526.2;
Q925T4			ENSMUST00000056924.14;ENSMUST00000109795.2;
Q925U0	Q925U0;		ENSMUST00000048214.9 [Q925U0-1];ENSMUST00000139158.2 [Q925U0-2];
Q99J10	Q99J10;		ENSMUST00000038332.9;
Q99J23	Q99J23;		ENSMUST00000017891.14;
Q99J25	Q99J25;		ENSMUST00000018549.8;
Q99J57	Q99J57;		
Q99J59	Q99J59;		ENSMUST00000030465.10;
Q99JG3	Q99JG3;		ENSMUST00000227274.3;
Q99JI4	Q99JI4;		ENSMUST00000022256.5;
Q99JP4	Q99JP4;		ENSMUST00000084525.12;ENSMUST00000107459.2;ENSMUST00000134727.8;
Q99JS0	Q99JS0;		ENSMUST00000064481.15;ENSMUST00000105857.8;ENSMUST00000105858.8;ENSMUST00000105859.8;
Q99JT1	Q99JT1;		ENSMUST00000127348.8;
Q99JT6	Q99JT6;		ENSMUST00000092880.14 [Q99JT6-3];ENSMUST00000098545.12 [Q99JT6-2];ENSMUST00000108338.2 [Q99JT6-4];ENSMUST00000127587.8 [Q99JT6-1];
Q99JV5	Q99JV5;	1JSS;5BRL;	
Q99JX4	Q99JX4;		ENSMUST00000028592.12;
Q99JZ0	Q99JZ0;		ENSMUST00000028950.9;
Q99JZ1	Q99JZ1;		
Q99JZ4			ENSMUST00000020285.10;ENSMUST00000219506.2;
Q99JZ9	Q99JZ9;		
Q99K01	Q99K01;		ENSMUST00000115802.2 [Q99K01-5];ENSMUST00000115804.9 [Q99K01-3];
Q99K20	Q99K20;		
Q99K31	Q99K31;		
Q99K85	Q99K85;		ENSMUST00000025542.10;
Q99K95	Q99K95;		ENSMUST00000029005.4;
Q99KC7	Q99KC7;		ENSMUST00000066068.7;ENSMUST00000172334.9;
Q99KE3	Q99KE3;		ENSMUST00000046461.9;ENSMUST00000212810.2;
Q99KF0	Q99KF0;		ENSMUST00000053245.7;ENSMUST00000106250.8;
Q99KF5	Q99KF5;		
Q99KI3	Q99KI3;		ENSMUST00000032425.7;
Q99KJ5	Q99KJ5;		
Q99KK1	Q99KK1;		ENSMUST00000020023.9;
Q99KK9	Q99KK9;		ENSMUST00000152954.8;
Q99KL7	Q99KL7;		ENSMUST00000031011.12;
Q99KL8	Q99KL8;		
Q99KN2	Q99KN2;		ENSMUST00000003759.11;
Q99KR3	Q99KR3;		ENSMUST00000027071.7;
Q99KW9	Q99KW9;		ENSMUST00000034140.9;
Q99KX1	Q99KX1;		ENSMUST00000032214.14;ENSMUST00000180095.4;
Q99L13	Q99L13;		ENSMUST00000031788.9;
Q99L20	Q99L20;		ENSMUST00000001715.10;
Q99L27	Q99L27;		ENSMUST00000002397.7;
Q99L47	Q99L47;		ENSMUST00000172107.8;
Q99L48	Q99L48;		ENSMUST00000029358.15 [Q99L48-1];
Q99L60	Q99L60;		ENSMUST00000020884.16 [Q99L60-2];ENSMUST00000095820.12 [Q99L60-1];ENSMUST00000221129.2 [Q99L60-3];
Q99LA8	Q99LA8;		
Q99LB0	Q99LB0;		ENSMUST00000017443.14;
Q99LB6	Q99LB6;		ENSMUST00000040167.11 [Q99LB6-1];ENSMUST00000101347.10 [Q99LB6-2];
Q99LB7	Q99LB7;		ENSMUST00000102886.10;
Q99LC8	Q99LC8;		ENSMUST00000031334.15;
Q99LD9	Q99LD9;		ENSMUST00000004910.12;
Q99LE3	Q99LE3;		ENSMUST00000224300.2;
Q99LF8	Q99LF8;		
Q99LG2	Q99LG2;		ENSMUST00000211601.2;
Q99LH1	Q99LH1;		ENSMUST00000030684.8;
Q99LI7	Q99LI7;	2OND;2OOE;	ENSMUST00000028599.8;
Q99LJ0	Q99LJ0;		ENSMUST00000077548.12;ENSMUST00000098763.7;
Q99LJ6	Q99LJ6;		ENSMUST00000030332.7;
Q99LL3	Q99LL3;		ENSMUST00000043050.9;
Q99LM9	Q99LM9;		ENSMUST00000027846.8;
Q99LP6	Q99LP6;		ENSMUST00000031099.4;
Q99LP8	Q99LP8;		ENSMUST00000034700.15;ENSMUST00000078572.9;ENSMUST00000180365.9;
Q99LQ3	Q99LQ3;		
Q99LT0	Q99LT0;		ENSMUST00000112571.5;ENSMUST00000164832.9;ENSMUST00000232687.2;ENSMUST00000233581.2;
Q99LV7	Q99LV7;		ENSMUST00000096109.11 [Q99LV7-1];ENSMUST00000232321.2 [Q99LV7-2];
Q99LV9	Q99LV9;		
Q99M07	Q99M07;		ENSMUST00000027286.7;
Q99M08	Q99M08;		ENSMUST00000106429.6;
Q99M31	Q99M31;		ENSMUST00000027961.12 [Q99M31-1];
Q99M74	Q99M74;		ENSMUST00000023713.10;
Q99M86	Q99M86;		
Q99M96	Q99M96;		ENSMUST00000000674.13 [Q99M96-7];ENSMUST00000052113.12 [Q99M96-3];ENSMUST00000053148.14 [Q99M96-8];ENSMUST00000077080.9 [Q99M96-6];ENSMUST00000081635.13 [Q99M96-1];ENSMUST00000115417.4 [Q99M96-9];ENSMUST00000115419.8 [Q99M96-2];
Q99MD8	Q99MD8;		ENSMUST00000047502.9 [Q99MD8-2];ENSMUST00000192715.6 [Q99MD8-1];ENSMUST00000195396.6 [Q99MD8-3];ENSMUST00000195751.2 [Q99MD8-3];
Q99ME2	Q99ME2;		ENSMUST00000068700.7;
Q99ME3	Q99ME3;		
Q99MG5	Q99MG5;		
Q99MG6	Q99MG6;		
Q99ML4	Q99ML4;		ENSMUST00000074240.4;
Q99MP3	Q99MP3;		
Q99MT7	Q99MT7;		ENSMUST00000200095.2;
Q99MT8	Q99MT8;		ENSMUST00000075296.4;
Q99MU1	Q99MU1;		ENSMUST00000055022.15;ENSMUST00000203185.3;ENSMUST00000204765.3;
Q99MW3	Q99MW3;		ENSMUST00000037419.4;
Q99MW4	Q99MW4;		
Q99MX0	Q99MX0;		ENSMUST00000010127.12;
Q99N03	Q99N03;		ENSMUST00000072748.13 [Q99N03-1];ENSMUST00000191343.7 [Q99N03-2];
Q99N07	Q99N07;		
Q99N08	Q99N08;		ENSMUST00000165310.3 [Q99N08-1];
Q99N35	Q99N35;		
Q99N64	Q99N64;		ENSMUST00000178747.3;
Q99N84	Q99N84;	7PNT;7PNU;7PNV;7PNW;	ENSMUST00000025305.16 [Q99N84-1];ENSMUST00000113782.10 [Q99N84-2];
Q99N85	Q99N85;		
Q99N87	Q99N87;	7PNT;7PNU;7PNV;7PNW;	ENSMUST00000028852.13;
Q99N89	Q99N89;		
Q99N91	Q99N91;		ENSMUST00000048914.8;
Q99N92	Q99N92;		ENSMUST00000025278.8;
Q99NB5	Q99NB5;		ENSMUST00000110125.9;
Q99NF8	Q99NF8;		ENSMUST00000102815.10;
Q99NI3	Q99NI3;		ENSMUST00000016086.10;
Q99NN8	Q99NN8;		
Q99P03	Q99P03;		
Q99P25	Q99P25;		ENSMUST00000034365.5;
Q99P31	Q99P31;		ENSMUST00000079970.6;
Q99P81	Q99P81;		ENSMUST00000031239.13;
Q99PG2	Q99PG2;		ENSMUST00000029087.4 [Q99PG2-1];
Q99PG4	Q99PG4;		ENSMUST00000027603.4;
Q99PJ0	Q99PJ0;		ENSMUST00000115237.8;
Q99PR8	Q99PR8;		ENSMUST00000042790.5 [Q99PR8-1];ENSMUST00000217159.2 [Q99PR8-2];
Q99PS0	Q99PS0;		ENSMUST00000006969.8;
Q9AG15	Q9AG15;		
Q9AG16	Q9AG16;		
Q9CPP0	Q9CPP0;		ENSMUST00000070215.8;
Q9CPP7	Q9CPP7;		ENSMUST00000025680.5;
Q9CPQ3	Q9CPQ3;		ENSMUST00000023062.5;
Q9CPQ5	Q9CPQ5;		ENSMUST00000087114.5 [Q9CPQ5-1];
Q9CPQ8	Q9CPQ8;		ENSMUST00000043675.9;
Q9CPR5	Q9CPR5;		ENSMUST00000130201.8 [Q9CPR5-2];ENSMUST00000156816.7 [Q9CPR5-1];
Q9CPS7	Q9CPS7;		ENSMUST00000020317.8;
Q9CPT0	Q9CPT0;		ENSMUST00000032321.11;ENSMUST00000111960.2;ENSMUST00000163589.8;
Q9CPT1	Q9CPT1;		
Q9CPT3	Q9CPT3;	2GFH;	ENSMUST00000066640.5;
Q9CPU3			ENSMUST00000046647.3;
Q9CPV3	Q9CPV3;		ENSMUST00000075829.3;ENSMUST00000218893.2;
Q9CPW5	Q9CPW5;		ENSMUST00000035785.9;ENSMUST00000195014.6;
Q9CPW7	Q9CPW7;		ENSMUST00000001419.10;
Q9CPX3	Q9CPX3;		ENSMUST00000025076.10;
Q9CPX7	Q9CPX7;	7PNT;7PNU;7PNV;7PNW;	ENSMUST00000061444.5;
Q9CPY0	Q9CPY0;		ENSMUST00000031536.8;
Q9CPY1	Q9CPY1;		ENSMUST00000032485.7;
Q9CPZ8	Q9CPZ8;		ENSMUST00000044220.11;
Q9CQ06	Q9CQ06;		ENSMUST00000019854.13;ENSMUST00000119968.8;ENSMUST00000121048.2;ENSMUST00000121920.8;
Q9CQ07	Q9CQ07;		ENSMUST00000038956.12 [Q9CQ07-1];ENSMUST00000120866.8 [Q9CQ07-2];
Q9CQ13	Q9CQ13;		ENSMUST00000033839.9;
Q9CQ18	Q9CQ18;	3KIO;3P5J;	ENSMUST00000025864.11;
Q9CQ25	Q9CQ25;		ENSMUST00000023351.11;ENSMUST00000117136.2;
Q9CQ28	Q9CQ28;		ENSMUST00000028640.14 [Q9CQ28-3];ENSMUST00000055144.8 [Q9CQ28-2];ENSMUST00000102542.10 [Q9CQ28-1];
Q9CQ31	Q9CQ31;		ENSMUST00000033755.6 [Q9CQ31-2];ENSMUST00000036858.11 [Q9CQ31-1];
Q9CQ35	Q9CQ35;		ENSMUST00000020434.4 [Q9CQ35-1];ENSMUST00000148897.8 [Q9CQ35-2];
Q9CQ44	Q9CQ44;		ENSMUST00000034632.10;
Q9CQ46	Q9CQ46;		ENSMUST00000027775.9;
Q9CQ48	Q9CQ48;	2RH0;	ENSMUST00000020578.11;
Q9CQ58	Q9CQ58;		ENSMUST00000006662.4;
Q9CQ60	Q9CQ60;		ENSMUST00000034264.11;
Q9CQ61	Q9CQ61;		ENSMUST00000027285.13;ENSMUST00000114925.10;ENSMUST00000118059.3;
Q9CQ65	Q9CQ65;		ENSMUST00000058030.10;
Q9CQ66	Q9CQ66;		ENSMUST00000014220.15;
Q9CQ80	Q9CQ80;		ENSMUST00000007533.15 [Q9CQ80-2];ENSMUST00000042477.13 [Q9CQ80-1];
Q9CQ85	Q9CQ85;		ENSMUST00000021203.7;
Q9CQ89	Q9CQ89;		ENSMUST00000025027.10 [Q9CQ89-1];
Q9CQA0	Q9CQA0;		ENSMUST00000089155.6 [Q9CQA0-2];ENSMUST00000089157.11 [Q9CQA0-1];
Q9CQA1	Q9CQA1;		ENSMUST00000044857.4;ENSMUST00000207787.2;
Q9CQA6	Q9CQA6;	7PNW;	ENSMUST00000071215.5;
Q9CQA8	Q9CQA8;		ENSMUST00000042869.7;ENSMUST00000115168.9;ENSMUST00000169186.3;
Q9CQC2	Q9CQC2;		ENSMUST00000025062.5;
Q9CQC5	Q9CQC5;		ENSMUST00000068958.9;
Q9CQC6	Q9CQC6;		ENSMUST00000050552.15;
Q9CQD8	Q9CQD8;		ENSMUST00000015719.16;ENSMUST00000167352.2;
Q9CQE3	Q9CQE3;	7PNT;7PNU;7PNV;7PNW;	ENSMUST00000042191.12;ENSMUST00000118420.8;ENSMUST00000119576.8;ENSMUST00000119604.8;ENSMUST00000119985.2;ENSMUST00000121339.2;ENSMUST00000121813.8;
Q9CQE5	Q9CQE5;		ENSMUST00000033133.12;
Q9CQE8	Q9CQE8;		ENSMUST00000022341.7;
Q9CQF0	Q9CQF0;		ENSMUST00000025836.6;
Q9CQF4	Q9CQF4;		ENSMUST00000147196.3;
Q9CQF6	Q9CQF6;		ENSMUST00000051589.9 [Q9CQF6-1];
Q9CQF8	Q9CQF8;		ENSMUST00000022538.5;
Q9CQG1	Q9CQG1;		ENSMUST00000020553.5 [Q9CQG1-2];ENSMUST00000101394.5 [Q9CQG1-1];
Q9CQG6	Q9CQG6;		ENSMUST00000006478.10 [Q9CQG6-1];ENSMUST00000207779.2 [Q9CQG6-2];
Q9CQI1			ENSMUST00000022314.10;ENSMUST00000170719.2;
Q9CQI3	Q9CQI3;	1V6F;	ENSMUST00000111817.8;
Q9CQI7	Q9CQI7;		ENSMUST00000008477.13;
Q9CQJ1	Q9CQJ1;		ENSMUST00000026986.7;
Q9CQJ6	Q9CQJ6;		ENSMUST00000023869.15;
Q9CQK1	Q9CQK1;		ENSMUST00000103195.5;
Q9CQK3	Q9CQK3;		ENSMUST00000010506.10;
Q9CQL0	Q9CQL0;		ENSMUST00000053469.2;ENSMUST00000114079.9;
Q9CQL1	Q9CQL1;		
Q9CQL4	Q9CQL4;		ENSMUST00000030942.13;ENSMUST00000137487.9;
Q9CQL5	Q9CQL5;		ENSMUST00000079121.4;
Q9CQL7	Q9CQL7;		ENSMUST00000068795.4;
Q9CQM1	Q9CQM1;		ENSMUST00000030261.6;ENSMUST00000106367.8;
Q9CQM2	Q9CQM2;		ENSMUST00000110731.4;
Q9CQN3	Q9CQN3;		ENSMUST00000113301.2;ENSMUST00000113302.10;
Q9CQN6	Q9CQN6;		ENSMUST00000021790.7;
Q9CQN7	Q9CQN7;		ENSMUST00000045604.4;
Q9CQQ4	Q9CQQ4;		ENSMUST00000021379.8;
Q9CQQ8	Q9CQQ8;		ENSMUST00000035775.9;
Q9CQS2	Q9CQS2;		ENSMUST00000028553.4;
Q9CQS3	Q9CQS3;		ENSMUST00000099626.5;
Q9CQS6	Q9CQS6;		ENSMUST00000032128.6;
Q9CQS9	Q9CQS9;		ENSMUST00000110706.2 [Q9CQS9-2];ENSMUST00000124187.8 [Q9CQS9-1];
Q9CQT1	Q9CQT1;		ENSMUST00000126435.8;
Q9CQT5	Q9CQT5;		ENSMUST00000031654.10;
Q9CQU0	Q9CQU0;		ENSMUST00000030296.9;
Q9CQU8	Q9CQU8;		ENSMUST00000037499.6;
Q9CQV3	Q9CQV3;		ENSMUST00000027566.3;
Q9CQW0	Q9CQW0;		ENSMUST00000054952.4;ENSMUST00000108480.2;
Q9CQW5	Q9CQW5;		ENSMUST00000044584.6;
Q9CQX0	Q9CQX0;		ENSMUST00000021620.13;
Q9CQX3	Q9CQX3;		ENSMUST00000028986.3;
Q9CQX6			ENSMUST00000025463.14;ENSMUST00000125127.8;ENSMUST00000127234.8;ENSMUST00000153363.3;ENSMUST00000156400.9;
Q9CQY2	Q9CQY2;		ENSMUST00000042166.11;ENSMUST00000118190.2;
Q9CQY7	Q9CQY7;		ENSMUST00000004050.7;
Q9CQY8	Q9CQY8;		ENSMUST00000027331.3;
Q9CQZ0	Q9CQZ0;		ENSMUST00000026409.5 [Q9CQZ0-1];ENSMUST00000217685.2 [Q9CQZ0-2];ENSMUST00000219215.2 [Q9CQZ0-1];ENSMUST00000219524.2 [Q9CQZ0-1];
Q9CQZ7	Q9CQZ7;		ENSMUST00000039551.9;
Q9CR00	Q9CR00;		ENSMUST00000100729.9;
Q9CR08	Q9CR08;		ENSMUST00000032585.8;
Q9CR20	Q9CR20;		ENSMUST00000026487.6;
Q9CR27	Q9CR27;		ENSMUST00000020248.16;
Q9CR37	Q9CR37;		ENSMUST00000016488.13;ENSMUST00000108841.2;
Q9CR39	Q9CR39;		ENSMUST00000026173.13;
Q9CR41	Q9CR41;		
Q9CR47	Q9CR47;		ENSMUST00000073456.9;
Q9CR59	Q9CR59;		ENSMUST00000036734.6;
Q9CR60	Q9CR60;		ENSMUST00000032372.7;
Q9CR63	Q9CR63;		ENSMUST00000002757.11 [Q9CR63-1];ENSMUST00000110340.9 [Q9CR63-2];
Q9CR64	Q9CR64;		ENSMUST00000012566.9 [Q9CR64-2];ENSMUST00000161568.8 [Q9CR64-1];
Q9CR70	Q9CR70;		ENSMUST00000015433.4;
Q9CR80	Q9CR80;		ENSMUST00000003123.10;
Q9CR88	Q9CR88;	7PNT;7PNU;7PNV;7PNW;	ENSMUST00000135680.8;
Q9CR89	Q9CR89;		ENSMUST00000136008.8 [Q9CR89-1];
Q9CRA7	Q9CRA7;		ENSMUST00000021372.6;ENSMUST00000220916.2;
Q9CRA9	Q9CRA9;		ENSMUST00000067404.13 [Q9CRA9-2];ENSMUST00000111663.9 [Q9CRA9-1];
Q9CRB0	Q9CRB0;		ENSMUST00000025417.9;ENSMUST00000165032.9;
Q9CRB5	Q9CRB5;		ENSMUST00000072943.5;
Q9CRB8	Q9CRB8;		ENSMUST00000004868.6;
Q9CRD2	Q9CRD2;		ENSMUST00000022962.8;
Q9CRG1	Q9CRG1;		
Q9CRH8	Q9CRH8;		
Q9CRT8	Q9CRT8;		ENSMUST00000039810.8;
Q9CS15	Q9CS15;		
Q9CS23	Q9CS23;		
Q9CS87	Q9CS87;		
Q9CSI0	Q9CSI0;		
Q9CSP9	Q9CSP9;		
Q9CSV6	Q9CSV6;		ENSMUST00000054984.8;
Q9CT10	Q9CT10;		ENSMUST00000002445.10;
Q9CT19	Q9CT19;		
Q9CTH6	Q9CTH6;		ENSMUST00000021669.15;
Q9CTP3	Q9CTP3;		
Q9CTQ4	Q9CTQ4;		
Q9CU65	Q9CU65;		ENSMUST00000022511.10;
Q9CU66	Q9CU66;		
Q9CUB6	Q9CUB6;		ENSMUST00000052168.6;
Q9CUH6	Q9CUH6;		
Q9CUL0	Q9CUL0;		
Q9CUL5	Q9CUL5;		ENSMUST00000212394.2 [Q9CUL5-1];
Q9CUX1	Q9CUX1;		ENSMUST00000033009.16;
Q9CW60	Q9CW60;		
Q9CWD3	Q9CWD3;		ENSMUST00000029742.9 [Q9CWD3-2];ENSMUST00000171249.6 [Q9CWD3-1];
Q9CWD8	Q9CWD8;		ENSMUST00000040090.16;
Q9CWE0	Q9CWE0;		ENSMUST00000102550.10 [Q9CWE0-1];ENSMUST00000116279.10 [Q9CWE0-1];
Q9CWH1	Q9CWH1;		ENSMUST00000030610.3;
Q9CWH5	Q9CWH5;		
Q9CWJ3	Q9CWJ3;		ENSMUST00000028552.4;
Q9CWK3	Q9CWK3;		ENSMUST00000035771.5;ENSMUST00000166791.8;ENSMUST00000205316.2;ENSMUST00000206026.2;
Q9CWM2	Q9CWM2;		ENSMUST00000062092.7;ENSMUST00000220899.2;
Q9CWM4	Q9CWM4;		
Q9CWP8	Q9CWP8;		ENSMUST00000025773.5;
Q9CWQ2	Q9CWQ2;		ENSMUST00000072916.5;
Q9CWR1	Q9CWR1;		ENSMUST00000026816.15 [Q9CWR1-1];
Q9CWS4	Q9CWS4;		ENSMUST00000030901.9;
Q9CWU9	Q9CWU9;		ENSMUST00000052355.15;ENSMUST00000169309.3;
Q9CWX2	Q9CWX2;		
Q9CWY4	Q9CWY4;		ENSMUST00000051364.4;ENSMUST00000117222.2;ENSMUST00000119912.2;ENSMUST00000122055.2;ENSMUST00000122127.2;
Q9CWY9	Q9CWY9;		ENSMUST00000018593.10;
Q9CWZ7	Q9CWZ7;		ENSMUST00000025474.14;
Q9CX11	Q9CX11;		ENSMUST00000137116.3;
Q9CX13	Q9CX13;		ENSMUST00000134115.8;
Q9CX53	Q9CX53;		ENSMUST00000069486.13;
Q9CX56	Q9CX56;		ENSMUST00000059642.17;ENSMUST00000186182.2;
Q9CX63	Q9CX63;		ENSMUST00000106331.2;
Q9CXA2	Q9CXA2;		ENSMUST00000019862.3;
Q9CXC3	Q9CXC3;		ENSMUST00000028910.9;ENSMUST00000110027.2;ENSMUST00000110028.8;
Q9CXD9	Q9CXD9;		ENSMUST00000035651.6;
Q9CXE7	Q9CXE7;	5GU5;	ENSMUST00000002837.11;
Q9CXG3	Q9CXG3;		ENSMUST00000015901.11;
Q9CXK4	Q9CXK4;		ENSMUST00000029565.11;
Q9CXK8	Q9CXK8;		ENSMUST00000034392